OrderedDict({'rvq_quantizer.project_in.weight': tensor([[ 0.1010,  0.0052,  0.0730,  ...,  0.0575,  0.0033,  0.0839],
        [ 0.0605,  0.0390, -0.0682,  ..., -0.0010,  0.0475, -0.0697],
        [-0.0338, -0.0714,  0.0685,  ..., -0.0268, -0.0163,  0.1089],
        ...,
        [-0.0654, -0.0400,  0.0417,  ...,  0.0788,  0.1236,  0.0051],
        [-0.0431,  0.0772, -0.1079,  ...,  0.0986,  0.0439,  0.1348],
        [ 0.0540,  0.0280,  0.0130,  ...,  0.0393, -0.0960, -0.0471]]), 'rvq_quantizer.project_in.bias': tensor([ 0.0807,  0.1313, -0.0354,  0.0013, -0.0967, -0.0491,  0.1041, -0.1105,
        -0.0025,  0.0720,  0.1299,  0.0081,  0.0114,  0.1266,  0.0196,  0.1167,
         0.1050, -0.0349, -0.1107,  0.1225, -0.0675,  0.0719, -0.1099, -0.0790,
         0.0904, -0.0130,  0.1046, -0.0633, -0.1071, -0.0331, -0.1090,  0.0098]), 'rvq_quantizer.project_out.weight': tensor([[-0.0815,  0.1727, -0.0148,  ...,  0.1287, -0.0939, -0.1531],
        [ 0.0183, -0.1208,  0.1509,  ..., -0.1265,  0.0730, -0.0623],
        [-0.0936,  0.0389, -0.1234,  ...,  0.0668, -0.0210,  0.1376],
        ...,
        [ 0.0620, -0.1746,  0.0423,  ..., -0.0158,  0.1481, -0.0877],
        [-0.0183, -0.0650, -0.0248,  ...,  0.0933, -0.0601, -0.0218],
        [-0.1321, -0.1601, -0.0124,  ..., -0.0062, -0.0595, -0.1735]]), 'rvq_quantizer.project_out.bias': tensor([-0.1325, -0.1298,  0.1105, -0.0047, -0.0939, -0.0475, -0.1619,  0.1762,
        -0.0832,  0.0768,  0.0778,  0.1731, -0.0281, -0.1593, -0.0284, -0.0098,
        -0.1415, -0.0457, -0.0575, -0.1438, -0.0401,  0.1346,  0.0530,  0.1138,
        -0.1113,  0.1297,  0.1565, -0.0831,  0.0719, -0.1018,  0.0382,  0.1418,
         0.0541,  0.0914, -0.0196,  0.0149, -0.1340, -0.1024, -0.0020, -0.0946,
        -0.0163,  0.0172, -0.0827,  0.0442,  0.0316,  0.1223, -0.1414,  0.1619,
        -0.1512,  0.0501,  0.0878, -0.0692, -0.1058,  0.0113,  0.1297, -0.0977,
        -0.0705, -0.0886,  0.0652,  0.1578, -0.1560, -0.0265,  0.0297,  0.1308]), 'rvq_quantizer.layers.0._codebook.initted': tensor([1.]), 'rvq_quantizer.layers.0._codebook.cluster_size': tensor([[2., 2., 2.,  ..., 2., 2., 2.]]), 'rvq_quantizer.layers.0._codebook.embed_avg': tensor([[[-139.3479,  -94.9338,   50.3917,  ...,   98.1876,   64.5567,
           -83.2971],
         [-149.0818,  -90.2232,   52.2225,  ...,   90.0666,   65.9972,
           -78.1525],
         [ -97.3503,  -26.6041,  -40.8692,  ...,  -25.8288,   71.7422,
           -27.7806],
         ...,
         [-105.4900,  -48.9772,  -24.3978,  ...,   -9.8235,   68.7277,
           -39.8883],
         [-134.3223,  -67.0436,   16.8908,  ...,   58.8742,   74.1709,
           -55.9970],
         [-102.1947,  -55.5919,  -12.9722,  ...,   13.9015,   57.7774,
           -40.5722]]]), 'rvq_quantizer.layers.0._codebook.embed': tensor([[[-69.6740, -47.4669,  25.1959,  ...,  49.0938,  32.2784, -41.6485],
         [-74.5409, -45.1116,  26.1113,  ...,  45.0333,  32.9986, -39.0763],
         [-48.6751, -13.3021, -20.4346,  ..., -12.9144,  35.8711, -13.8903],
         ...,
         [-52.7450, -24.4886, -12.1989,  ...,  -4.9118,  34.3639, -19.9442],
         [-67.1611, -33.5218,   8.4454,  ...,  29.4371,  37.0854, -27.9985],
         [-51.0973, -27.7959,  -6.4861,  ...,   6.9507,  28.8887, -20.2861]]]), 'rvq_quantizer.layers.1._codebook.initted': tensor([1.]), 'rvq_quantizer.layers.1._codebook.cluster_size': tensor([[2., 2., 2.,  ..., 2., 2., 2.]]), 'rvq_quantizer.layers.1._codebook.embed_avg': tensor([[[ 10.7937,   4.5676,  -6.0477,  ...,  -3.8720, -16.1015,  10.7441],
         [ -1.5361,  -0.9891,   6.5740,  ...,  -6.1497, -11.9118,  22.0853],
         [ -1.5699,  -6.3794,   4.8896,  ..., -12.0425,  -4.1955,   8.4834],
         ...,
         [ 10.4810,  -5.2694,   6.1221,  ..., -21.2074,  -3.8385,  -1.7379],
         [  6.2425,  -3.5950,   7.0332,  ...,   0.2338, -17.8129,  -5.6817],
         [ -4.1726,  -8.9374,  12.0443,  ...,   7.2280, -13.8979,  -8.2990]]]), 'rvq_quantizer.layers.1._codebook.embed': tensor([[[  5.3969,   2.2838,  -3.0238,  ...,  -1.9360,  -8.0508,   5.3720],
         [ -0.7681,  -0.4946,   3.2870,  ...,  -3.0748,  -5.9559,  11.0426],
         [ -0.7849,  -3.1897,   2.4448,  ...,  -6.0212,  -2.0978,   4.2417],
         ...,
         [  5.2405,  -2.6347,   3.0611,  ..., -10.6037,  -1.9193,  -0.8690],
         [  3.1212,  -1.7975,   3.5166,  ...,   0.1169,  -8.9065,  -2.8409],
         [ -2.0863,  -4.4687,   6.0222,  ...,   3.6140,  -6.9489,  -4.1495]]]), 'rvq_quantizer.layers.2._codebook.initted': tensor([1.]), 'rvq_quantizer.layers.2._codebook.cluster_size': tensor([[2., 2., 2.,  ..., 2., 2., 2.]]), 'rvq_quantizer.layers.2._codebook.embed_avg': tensor([[[ 84.4288,  57.0992, -33.2702,  ..., -39.0511, -61.6105,  51.4588],
         [ 80.0634,  63.1990, -23.1374,  ..., -43.3536, -66.7885,  57.1583],
         [ 79.0306,  62.8856, -10.7934,  ..., -33.2711, -44.2141,  46.7728],
         ...,
         [ 54.5444,  57.1342, -53.1721,  ..., -49.8184, -45.2813,  57.0842],
         [ 91.4281,  44.1668, -17.1818,  ..., -14.9997, -63.7559,  43.8429],
         [ 45.6370,  51.0091, -43.3043,  ..., -33.5950, -27.3989,  41.0894]]]), 'rvq_quantizer.layers.2._codebook.embed': tensor([[[ 42.2144,  28.5496, -16.6351,  ..., -19.5256, -30.8052,  25.7294],
         [ 40.0317,  31.5995, -11.5687,  ..., -21.6768, -33.3942,  28.5791],
         [ 39.5153,  31.4428,  -5.3967,  ..., -16.6355, -22.1071,  23.3864],
         ...,
         [ 27.2722,  28.5671, -26.5860,  ..., -24.9092, -22.6407,  28.5421],
         [ 45.7141,  22.0834,  -8.5909,  ...,  -7.4999, -31.8779,  21.9215],
         [ 22.8185,  25.5045, -21.6522,  ..., -16.7975, -13.6994,  20.5447]]]), 'rvq_quantizer.layers.3._codebook.initted': tensor([1.]), 'rvq_quantizer.layers.3._codebook.cluster_size': tensor([[2., 2., 2.,  ..., 2., 2., 2.]]), 'rvq_quantizer.layers.3._codebook.embed_avg': tensor([[[ 194.9859,  128.0981,  -18.8951,  ...,  -31.5866, -152.4680,
           129.6708],
         [ 181.7856,   95.4986,    7.4290,  ...,  -33.4348, -146.7270,
           110.8242],
         [ 182.5443,   98.4393,  -18.9311,  ...,  -54.1871, -134.5099,
           118.0425],
         ...,
         [ 194.6693,   99.6956,    3.6608,  ...,  -41.3533, -135.7379,
           103.9638],
         [ 204.7165,   91.6527,    2.2079,  ...,  -29.0998, -144.5454,
           102.9686],
         [ 195.2786,   98.5093,   -3.8282,  ...,  -24.3377, -154.0698,
           106.6171]]]), 'rvq_quantizer.layers.3._codebook.embed': tensor([[[ 97.4930,  64.0491,  -9.4475,  ..., -15.7933, -76.2340,  64.8354],
         [ 90.8928,  47.7493,   3.7145,  ..., -16.7174, -73.3635,  55.4121],
         [ 91.2721,  49.2197,  -9.4656,  ..., -27.0936, -67.2550,  59.0213],
         ...,
         [ 97.3346,  49.8478,   1.8304,  ..., -20.6766, -67.8690,  51.9819],
         [102.3582,  45.8263,   1.1040,  ..., -14.5499, -72.2727,  51.4843],
         [ 97.6393,  49.2546,  -1.9141,  ..., -12.1688, -77.0349,  53.3085]]])})
Loss:  tensor(2071.5662, grad_fn=<MeanBackward0>)
OrderedDict({'rvq_quantizer.project_in.weight': tensor([[ 0.0982,  0.0115,  0.0716,  ...,  0.0558,  0.0015,  0.0820],
        [ 0.0540,  0.0463, -0.0696,  ..., -0.0060,  0.0425, -0.0749],
        [-0.0239, -0.0810,  0.0605,  ..., -0.0171, -0.0067,  0.1186],
        ...,
        [-0.0556, -0.0497,  0.0364,  ...,  0.0881,  0.1330,  0.0145],
        [-0.0445,  0.0712, -0.1061,  ...,  0.0976,  0.0429,  0.1336],
        [ 0.0497,  0.0333,  0.0136,  ...,  0.0369, -0.0984, -0.0497]]), 'rvq_quantizer.project_in.bias': tensor([ 0.0830,  0.1373, -0.0452, -0.0082, -0.0979, -0.0551,  0.1107, -0.1151,
        -0.0115,  0.0814,  0.1285,  0.0179,  0.0034,  0.1269,  0.0155,  0.1154,
         0.1037, -0.0329, -0.1194,  0.1294, -0.0743,  0.0638, -0.1142, -0.0702,
         0.0934, -0.0050,  0.1021, -0.0571, -0.1134, -0.0428, -0.1074,  0.0134]), 'rvq_quantizer.project_out.weight': tensor([[-0.0815,  0.1727, -0.0148,  ...,  0.1287, -0.0939, -0.1531],
        [ 0.0183, -0.1208,  0.1509,  ..., -0.1265,  0.0730, -0.0623],
        [-0.0936,  0.0389, -0.1234,  ...,  0.0668, -0.0210,  0.1376],
        ...,
        [ 0.0620, -0.1746,  0.0423,  ..., -0.0158,  0.1481, -0.0877],
        [-0.0183, -0.0650, -0.0248,  ...,  0.0933, -0.0601, -0.0218],
        [-0.1321, -0.1601, -0.0124,  ..., -0.0062, -0.0595, -0.1735]]), 'rvq_quantizer.project_out.bias': tensor([-0.1325, -0.1298,  0.1105, -0.0047, -0.0939, -0.0475, -0.1619,  0.1762,
        -0.0832,  0.0768,  0.0778,  0.1731, -0.0281, -0.1593, -0.0284, -0.0098,
        -0.1415, -0.0457, -0.0575, -0.1438, -0.0401,  0.1346,  0.0530,  0.1138,
        -0.1113,  0.1297,  0.1565, -0.0831,  0.0719, -0.1018,  0.0382,  0.1418,
         0.0541,  0.0914, -0.0196,  0.0149, -0.1340, -0.1024, -0.0020, -0.0946,
        -0.0163,  0.0172, -0.0827,  0.0442,  0.0316,  0.1223, -0.1414,  0.1619,
        -0.1512,  0.0501,  0.0878, -0.0692, -0.1058,  0.0113,  0.1297, -0.0977,
        -0.0705, -0.0886,  0.0652,  0.1578, -0.1560, -0.0265,  0.0297,  0.1308]), 'rvq_quantizer.layers.0._codebook.initted': tensor([1.]), 'rvq_quantizer.layers.0._codebook.cluster_size': tensor([[2.0000, 2.0000, 3.4000,  ..., 2.0000, 2.0000, 2.3000]]), 'rvq_quantizer.layers.0._codebook.embed_avg': tensor([[[ -76.4333,   -6.4746,  -40.4080,  ...,  -24.0353,   49.9410,
           -44.6572],
         [-132.6222,  -75.6641,   34.6099,  ...,   76.7036,   58.2725,
           -72.6908],
         [-150.9829,  -42.5113,  -72.5886,  ...,  -49.7795,  110.1152,
           -44.2900],
         ...,
         [-123.0595,  -77.4545,   32.6475,  ...,   73.0036,   54.0364,
           -62.9745],
         [-133.0890,  -66.0864,   16.6255,  ...,   58.7864,   73.0034,
           -56.2326],
         [-116.5213,  -61.4845,  -14.8621,  ...,   15.2882,   65.1644,
           -45.6112]]]), 'rvq_quantizer.layers.0._codebook.embed': tensor([[[-38.2166,  -3.2373, -20.2040,  ..., -12.0177,  24.9705, -22.3286],
         [-66.3111, -37.8320,  17.3050,  ...,  38.3518,  29.1362, -36.3454],
         [-44.4068, -12.5033, -21.3496,  ..., -14.6411,  32.3869, -13.0265],
         ...,
         [-61.5298, -38.7273,  16.3238,  ...,  36.5018,  27.0182, -31.4872],
         [-66.5444, -33.0432,   8.3127,  ...,  29.3932,  36.5017, -28.1163],
         [-50.6614, -26.7324,  -6.4618,  ...,   6.6470,  28.3324, -19.8309]]]), 'rvq_quantizer.layers.1._codebook.initted': tensor([1.]), 'rvq_quantizer.layers.1._codebook.cluster_size': tensor([[2., 2., 2.,  ..., 2., 2., 2.]]), 'rvq_quantizer.layers.1._codebook.embed_avg': tensor([[[  3.8629,   5.1698, -19.8524,  ...,   3.1269, -26.6795,  -0.2682],
         [  0.9106,  10.8659,   5.2001,  ...,  -2.7314,  -3.0475,   0.1301],
         [ -0.4661,   3.9481,  -2.0373,  ...,   4.9277,   0.8524,  -4.1836],
         ...,
         [  5.9140,   1.0008,  -2.2068,  ...,  -2.9457,  -1.2153,  -4.0915],
         [-19.8032,  -9.2211,   8.7364,  ...,  12.5715,  -5.3703,  -3.4376],
         [ -2.9566, -11.4030,  -5.5795,  ...,  11.2835,  -6.8670,  10.1391]]]), 'rvq_quantizer.layers.1._codebook.embed': tensor([[[  1.9314,   2.5849,  -9.9262,  ...,   1.5634, -13.3397,  -0.1341],
         [  0.4553,   5.4329,   2.6000,  ...,  -1.3657,  -1.5238,   0.0650],
         [ -0.2331,   1.9740,  -1.0187,  ...,   2.4639,   0.4262,  -2.0918],
         ...,
         [  2.9570,   0.5004,  -1.1034,  ...,  -1.4729,  -0.6076,  -2.0458],
         [ -9.9016,  -4.6105,   4.3682,  ...,   6.2858,  -2.6852,  -1.7188],
         [ -1.4783,  -5.7015,  -2.7898,  ...,   5.6417,  -3.4335,   5.0696]]]), 'rvq_quantizer.layers.2._codebook.initted': tensor([1.]), 'rvq_quantizer.layers.2._codebook.cluster_size': tensor([[2., 2., 2.,  ..., 2., 2., 2.]]), 'rvq_quantizer.layers.2._codebook.embed_avg': tensor([[[  9.5409,  -7.8669,  -0.2838,  ...,  -2.9402,  13.6856,  10.3108],
         [-24.2857,  -1.2536,  -4.8288,  ...,  -6.8106,   8.0271, -11.9514],
         [ -5.9269,  -0.5578, -10.1708,  ..., -14.1513,  -1.5282,   3.8118],
         ...,
         [  2.4239,  -2.7052,  -7.3579,  ...,  10.5510,  10.8972,   2.4968],
         [  6.5694,  -6.0454,  -4.8037,  ...,   1.5276,   8.7937,   6.1705],
         [ -2.5662,   1.4946,   3.4721,  ...,   2.8583,  11.9787,   2.1686]]]), 'rvq_quantizer.layers.2._codebook.embed': tensor([[[  4.7704,  -3.9334,  -0.1419,  ...,  -1.4701,   6.8428,   5.1554],
         [-12.1429,  -0.6268,  -2.4144,  ...,  -3.4053,   4.0135,  -5.9757],
         [ -2.9634,  -0.2789,  -5.0854,  ...,  -7.0757,  -0.7641,   1.9059],
         ...,
         [  1.2120,  -1.3526,  -3.6790,  ...,   5.2755,   5.4486,   1.2484],
         [  3.2847,  -3.0227,  -2.4019,  ...,   0.7638,   4.3969,   3.0852],
         [ -1.2831,   0.7473,   1.7361,  ...,   1.4291,   5.9893,   1.0843]]]), 'rvq_quantizer.layers.3._codebook.initted': tensor([1.]), 'rvq_quantizer.layers.3._codebook.cluster_size': tensor([[2., 2., 2.,  ..., 2., 2., 2.]]), 'rvq_quantizer.layers.3._codebook.embed_avg': tensor([[[ 29.8989,  -7.7649,  39.4663,  ...,  16.3932, -14.5413, -38.5364],
         [ 20.4665, -18.1715,  50.4398,  ...,  39.0509,  -2.6748, -17.1740],
         [ 20.3832,  -3.0025,  48.1145,  ...,  22.0897, -14.3574, -39.0258],
         ...,
         [ 17.1935, -10.6797,  49.6012,  ...,  26.6888, -19.8737, -22.5055],
         [ 19.9667,  -4.2386,  40.4016,  ...,  16.8380, -19.7525, -33.9094],
         [ 29.7401, -13.0730,  49.7093,  ...,  26.9870, -16.4097, -34.1320]]]), 'rvq_quantizer.layers.3._codebook.embed': tensor([[[ 14.9494,  -3.8825,  19.7332,  ...,   8.1966,  -7.2706, -19.2682],
         [ 10.2332,  -9.0857,  25.2199,  ...,  19.5254,  -1.3374,  -8.5870],
         [ 10.1916,  -1.5013,  24.0573,  ...,  11.0449,  -7.1787, -19.5129],
         ...,
         [  8.5968,  -5.3398,  24.8006,  ...,  13.3444,  -9.9368, -11.2528],
         [  9.9833,  -2.1193,  20.2008,  ...,   8.4190,  -9.8762, -16.9547],
         [ 14.8700,  -6.5365,  24.8546,  ...,  13.4935,  -8.2048, -17.0660]]])})
Loss:  tensor(220.5406, grad_fn=<MeanBackward0>)
OrderedDict({'rvq_quantizer.project_in.weight': tensor([[ 0.0975,  0.0170,  0.0724,  ...,  0.0563,  0.0019,  0.0824],
        [ 0.0482,  0.0531, -0.0687,  ..., -0.0096,  0.0387, -0.0789],
        [-0.0139, -0.0908,  0.0521,  ..., -0.0074,  0.0031,  0.1284],
        ...,
        [-0.0458, -0.0593,  0.0294,  ...,  0.0972,  0.1421,  0.0238],
        [-0.0484,  0.0661, -0.1065,  ...,  0.0942,  0.0394,  0.1300],
        [ 0.0466,  0.0377,  0.0163,  ...,  0.0361, -0.0992, -0.0507]]), 'rvq_quantizer.project_in.bias': tensor([ 0.0833,  0.1424, -0.0551, -0.0176, -0.0972, -0.0597,  0.1163, -0.1182,
        -0.0201,  0.0907,  0.1249,  0.0278, -0.0043,  0.1251,  0.0095,  0.1134,
         0.1048, -0.0288, -0.1279,  0.1356, -0.0805,  0.0552, -0.1204, -0.0616,
         0.0946,  0.0028,  0.0976, -0.0498, -0.1188, -0.0525, -0.1035,  0.0157]), 'rvq_quantizer.project_out.weight': tensor([[-0.0815,  0.1727, -0.0148,  ...,  0.1287, -0.0939, -0.1531],
        [ 0.0183, -0.1208,  0.1509,  ..., -0.1265,  0.0730, -0.0623],
        [-0.0936,  0.0389, -0.1234,  ...,  0.0668, -0.0210,  0.1376],
        ...,
        [ 0.0620, -0.1746,  0.0423,  ..., -0.0158,  0.1481, -0.0877],
        [-0.0183, -0.0650, -0.0248,  ...,  0.0933, -0.0601, -0.0218],
        [-0.1321, -0.1601, -0.0124,  ..., -0.0062, -0.0595, -0.1735]]), 'rvq_quantizer.project_out.bias': tensor([-0.1325, -0.1298,  0.1105, -0.0047, -0.0939, -0.0475, -0.1619,  0.1762,
        -0.0832,  0.0768,  0.0778,  0.1731, -0.0281, -0.1593, -0.0284, -0.0098,
        -0.1415, -0.0457, -0.0575, -0.1438, -0.0401,  0.1346,  0.0530,  0.1138,
        -0.1113,  0.1297,  0.1565, -0.0831,  0.0719, -0.1018,  0.0382,  0.1418,
         0.0541,  0.0914, -0.0196,  0.0149, -0.1340, -0.1024, -0.0020, -0.0946,
        -0.0163,  0.0172, -0.0827,  0.0442,  0.0316,  0.1223, -0.1414,  0.1619,
        -0.1512,  0.0501,  0.0878, -0.0692, -0.1058,  0.0113,  0.1297, -0.0977,
        -0.0705, -0.0886,  0.0652,  0.1578, -0.1560, -0.0265,  0.0297,  0.1308]), 'rvq_quantizer.layers.0._codebook.initted': tensor([1.]), 'rvq_quantizer.layers.0._codebook.cluster_size': tensor([[2.0000, 2.0000, 3.1600,  ..., 2.0000, 2.0000, 2.0700]]), 'rvq_quantizer.layers.0._codebook.embed_avg': tensor([[[ -76.8406,   -6.2628,  -41.8097,  ...,  -24.7529,   49.9290,
           -43.9760],
         [ -69.1643,  -12.4752,  -57.7680,  ...,  -54.5271,   32.0708,
           -16.5122],
         [-139.8522,  -39.3534,  -68.0983,  ...,  -46.3185,  102.3250,
           -41.4885],
         ...,
         [ -58.2538,  -36.2233,   -1.4245,  ...,   12.9805,   16.3016,
           -35.7959],
         [-133.5682,  -69.6266,   18.1614,  ...,   71.0201,   62.8934,
           -67.3293],
         [-104.8692,  -55.3361,  -13.3759,  ...,   13.7594,   58.6480,
           -41.0501]]]), 'rvq_quantizer.layers.0._codebook.embed': tensor([[[-38.4202,  -3.1314, -20.9048,  ..., -12.3764,  24.9645, -21.9880],
         [-34.5821,  -6.2376, -28.8840,  ..., -27.2635,  16.0354,  -8.2561],
         [-44.2571, -12.4536, -21.5501,  ..., -14.6578,  32.3814, -13.1293],
         ...,
         [-29.1269, -18.1116,  -0.7122,  ...,   6.4903,   8.1508, -17.8979],
         [-66.7841, -34.8133,   9.0807,  ...,  35.5101,  31.4467, -33.6647],
         [-50.6614, -26.7324,  -6.4618,  ...,   6.6470,  28.3323, -19.8309]]]), 'rvq_quantizer.layers.1._codebook.initted': tensor([1.]), 'rvq_quantizer.layers.1._codebook.cluster_size': tensor([[2.0000, 2.0000, 6.9000,  ..., 2.0000, 2.1000, 2.0000]]), 'rvq_quantizer.layers.1._codebook.embed_avg': tensor([[[ 2.0167e-01, -3.7723e+00,  5.4870e+00,  ..., -3.2751e+00,
          -3.5102e+00, -3.0886e+00],
         [ 4.1090e+00,  6.9262e+00, -3.2024e+00,  ..., -9.7933e+00,
           1.5073e+01, -1.3735e+00],
         [-7.6695e+00,  7.3249e+00, -8.4360e+00,  ...,  8.8415e+00,
           1.2313e+01, -1.1344e+01],
         ...,
         [-9.2637e-01,  2.1153e+00,  5.8890e+00,  ..., -4.7049e+00,
           2.9390e+00, -6.7067e+00],
         [-2.0666e+01, -1.0469e+01,  8.8191e+00,  ...,  1.2201e+01,
          -4.2902e+00, -4.3605e+00],
         [ 8.6786e+00,  1.9456e+00, -8.4955e+00,  ..., -5.0499e+00,
          -1.1124e-02,  1.8353e+00]]]), 'rvq_quantizer.layers.1._codebook.embed': tensor([[[ 1.0083e-01, -1.8861e+00,  2.7435e+00,  ..., -1.6375e+00,
          -1.7551e+00, -1.5443e+00],
         [ 2.0545e+00,  3.4631e+00, -1.6012e+00,  ..., -4.8966e+00,
           7.5366e+00, -6.8677e-01],
         [-1.1115e+00,  1.0616e+00, -1.2226e+00,  ...,  1.2814e+00,
           1.7845e+00, -1.6440e+00],
         ...,
         [-4.6318e-01,  1.0576e+00,  2.9445e+00,  ..., -2.3525e+00,
           1.4695e+00, -3.3534e+00],
         [-9.8409e+00, -4.9852e+00,  4.1995e+00,  ...,  5.8101e+00,
          -2.0430e+00, -2.0764e+00],
         [ 4.3393e+00,  9.7279e-01, -4.2477e+00,  ..., -2.5250e+00,
          -5.5618e-03,  9.1766e-01]]]), 'rvq_quantizer.layers.2._codebook.initted': tensor([1.]), 'rvq_quantizer.layers.2._codebook.cluster_size': tensor([[2.0000, 2.3000, 2.0000,  ..., 2.0000, 2.0000, 2.0000]]), 'rvq_quantizer.layers.2._codebook.embed_avg': tensor([[[ -0.1351, -10.4745,   6.1454,  ...,   0.3438,   3.8503,   5.1272],
         [-23.6588,  -2.2534,  -4.8646,  ...,  -7.1136,   7.8049, -12.0947],
         [ -6.6975,  -0.6104,  -7.2676,  ...,  -2.7301,   3.9992,   1.8644],
         ...,
         [  9.4970,   1.3098,  16.3066,  ...,  -2.0979,   6.8929,   5.9801],
         [  1.5231,  -2.2266,   0.2432,  ...,  -6.6368,  10.2531,   5.2107],
         [ -8.6267,  -3.2158,   5.5257,  ...,  -6.8719,   5.8705,  -9.3380]]]), 'rvq_quantizer.layers.2._codebook.embed': tensor([[[ -0.0676,  -5.2373,   3.0727,  ...,   0.1719,   1.9252,   2.5636],
         [-10.2864,  -0.9797,  -2.1150,  ...,  -3.0929,   3.3934,  -5.2586],
         [ -3.3488,  -0.3052,  -3.6338,  ...,  -1.3651,   1.9996,   0.9322],
         ...,
         [  4.7485,   0.6549,   8.1533,  ...,  -1.0490,   3.4464,   2.9900],
         [  0.7615,  -1.1133,   0.1216,  ...,  -3.3184,   5.1265,   2.6054],
         [ -4.3134,  -1.6079,   2.7629,  ...,  -3.4359,   2.9352,  -4.6690]]]), 'rvq_quantizer.layers.3._codebook.initted': tensor([1.]), 'rvq_quantizer.layers.3._codebook.cluster_size': tensor([[2., 2., 2.,  ..., 2., 2., 2.]]), 'rvq_quantizer.layers.3._codebook.embed_avg': tensor([[[ -1.8728, -11.8987,  -8.0996,  ...,   2.0119,  -8.4940, -11.6876],
         [ -1.9265,  -1.1612,   4.9170,  ...,  -4.2737, -11.0662,  -1.6369],
         [ 13.0706,  -6.2853,  15.8671,  ...,  -8.6774,   4.9581,   0.4672],
         ...,
         [  8.6715,   2.9393, -10.9149,  ...,  -6.6332,   1.9130,  12.4476],
         [ -0.1640,   0.2238,  -2.9259,  ...,  -1.0052,  -6.3027,  -7.7094],
         [  2.5895,   3.2184,   0.3137,  ...,  -1.1217,  13.3235, -10.8671]]]), 'rvq_quantizer.layers.3._codebook.embed': tensor([[[-0.9364, -5.9494, -4.0498,  ...,  1.0060, -4.2470, -5.8438],
         [-0.9633, -0.5806,  2.4585,  ..., -2.1369, -5.5331, -0.8185],
         [ 6.5353, -3.1427,  7.9335,  ..., -4.3387,  2.4790,  0.2336],
         ...,
         [ 4.3358,  1.4697, -5.4575,  ..., -3.3166,  0.9565,  6.2238],
         [-0.0820,  0.1119, -1.4630,  ..., -0.5026, -3.1513, -3.8547],
         [ 1.2948,  1.6092,  0.1568,  ..., -0.5608,  6.6618, -5.4335]]])})
Loss:  tensor(37.3558, grad_fn=<MeanBackward0>)
OrderedDict({'rvq_quantizer.project_in.weight': tensor([[ 0.0981,  0.0220,  0.0748,  ...,  0.0582,  0.0038,  0.0842],
        [ 0.0428,  0.0597, -0.0662,  ..., -0.0123,  0.0359, -0.0819],
        [-0.0040, -0.1005,  0.0431,  ...,  0.0024,  0.0129,  0.1382],
        ...,
        [-0.0361, -0.0689,  0.0214,  ...,  0.1063,  0.1512,  0.0330],
        [-0.0537,  0.0617, -0.1084,  ...,  0.0893,  0.0345,  0.1250],
        [ 0.0443,  0.0414,  0.0204,  ...,  0.0367, -0.0987, -0.0504]]), 'rvq_quantizer.project_in.bias': tensor([ 0.0820,  0.1468, -0.0651, -0.0270, -0.0951, -0.0633,  0.1213, -0.1202,
        -0.0286,  0.1001,  0.1200,  0.0377, -0.0118,  0.1220,  0.0025,  0.1122,
         0.1075, -0.0235, -0.1361,  0.1414, -0.0864,  0.0462, -0.1274, -0.0532,
         0.0947,  0.0105,  0.0919, -0.0420, -0.1236, -0.0621, -0.0982,  0.0170]), 'rvq_quantizer.project_out.weight': tensor([[-0.0815,  0.1727, -0.0148,  ...,  0.1287, -0.0939, -0.1531],
        [ 0.0183, -0.1208,  0.1509,  ..., -0.1265,  0.0730, -0.0623],
        [-0.0936,  0.0389, -0.1234,  ...,  0.0668, -0.0210,  0.1376],
        ...,
        [ 0.0620, -0.1746,  0.0423,  ..., -0.0158,  0.1481, -0.0877],
        [-0.0183, -0.0650, -0.0248,  ...,  0.0933, -0.0601, -0.0218],
        [-0.1321, -0.1601, -0.0124,  ..., -0.0062, -0.0595, -0.1735]]), 'rvq_quantizer.project_out.bias': tensor([-0.1325, -0.1298,  0.1105, -0.0047, -0.0939, -0.0475, -0.1619,  0.1762,
        -0.0832,  0.0768,  0.0778,  0.1731, -0.0281, -0.1593, -0.0284, -0.0098,
        -0.1415, -0.0457, -0.0575, -0.1438, -0.0401,  0.1346,  0.0530,  0.1138,
        -0.1113,  0.1297,  0.1565, -0.0831,  0.0719, -0.1018,  0.0382,  0.1418,
         0.0541,  0.0914, -0.0196,  0.0149, -0.1340, -0.1024, -0.0020, -0.0946,
        -0.0163,  0.0172, -0.0827,  0.0442,  0.0316,  0.1223, -0.1414,  0.1619,
        -0.1512,  0.0501,  0.0878, -0.0692, -0.1058,  0.0113,  0.1297, -0.0977,
        -0.0705, -0.0886,  0.0652,  0.1578, -0.1560, -0.0265,  0.0297,  0.1308]), 'rvq_quantizer.layers.0._codebook.initted': tensor([1.]), 'rvq_quantizer.layers.0._codebook.cluster_size': tensor([[2.0000, 2.0000, 2.8440,  ..., 2.0000, 2.0000, 2.0000]]), 'rvq_quantizer.layers.0._codebook.embed_avg': tensor([[[ -72.9301,   -6.6122,  -78.8360,  ...,  -67.1834,   57.2625,
            -7.3845],
         [ -69.4712,    7.9328,  -94.6793,  ...,  -64.5902,   62.0200,
           -17.8500],
         [-125.8670,  -35.4181,  -61.2884,  ...,  -41.6866,   92.0925,
           -37.3397],
         ...,
         [-117.8479,  -56.3210,   -8.6700,  ...,   35.0396,   66.9455,
           -52.8660],
         [-116.4726,  -46.0468,  -31.2415,  ...,   11.8447,   63.3976,
           -48.3637],
         [-132.7298,  -61.8098,    3.7258,  ...,   51.9900,   72.4771,
           -67.8949]]]), 'rvq_quantizer.layers.0._codebook.embed': tensor([[[-36.4651,  -3.3061, -39.4180,  ..., -33.5917,  28.6313,  -3.6922],
         [-34.7356,   3.9664, -47.3396,  ..., -32.2951,  31.0100,  -8.9250],
         [-44.2570, -12.4536, -21.5501,  ..., -14.6578,  32.3813, -13.1293],
         ...,
         [-58.9239, -28.1605,  -4.3350,  ...,  17.5198,  33.4728, -26.4330],
         [-58.2363, -23.0234, -15.6208,  ...,   5.9224,  31.6988, -24.1818],
         [-66.3649, -30.9049,   1.8629,  ...,  25.9950,  36.2386, -33.9474]]]), 'rvq_quantizer.layers.1._codebook.initted': tensor([1.]), 'rvq_quantizer.layers.1._codebook.cluster_size': tensor([[2.4000, 2.4000, 8.8100,  ..., 2.0000, 2.0000, 2.0000]]), 'rvq_quantizer.layers.1._codebook.embed_avg': tensor([[[ -0.3872,  -3.4392,   3.0073,  ...,  -1.8329,  -3.9134,  -4.3322],
         [  3.8180,   7.1852,  -6.5777,  ..., -11.8576,  16.8351,  -1.7297],
         [-11.7594,   4.4417, -14.9777,  ...,  11.4213,  20.3188, -15.1386],
         ...,
         [ -1.3661,   1.7544,   5.7290,  ...,  -4.8083,   2.4405,  -6.6074],
         [ -4.6396,   4.7379,  -6.2419,  ...,  -8.1972,   1.2295,  -3.5789],
         [  7.9532,   1.5735,  -8.7481,  ...,  -4.3632,   0.2071,   1.3689]]]), 'rvq_quantizer.layers.1._codebook.embed': tensor([[[-0.1613, -1.4330,  1.2530,  ..., -0.7637, -1.6306, -1.8051],
         [ 1.5908,  2.9938, -2.7407,  ..., -4.9407,  7.0146, -0.7207],
         [-1.3348,  0.5042, -1.7001,  ...,  1.2964,  2.3063, -1.7183],
         ...,
         [-0.6830,  0.8772,  2.8645,  ..., -2.4042,  1.2202, -3.3037],
         [-2.3198,  2.3690, -3.1209,  ..., -4.0986,  0.6147, -1.7894],
         [ 3.9766,  0.7868, -4.3740,  ..., -2.1816,  0.1035,  0.6844]]]), 'rvq_quantizer.layers.2._codebook.initted': tensor([1.]), 'rvq_quantizer.layers.2._codebook.cluster_size': tensor([[4.5000, 2.1700, 2.0000,  ..., 2.0000, 2.1000, 2.0000]]), 'rvq_quantizer.layers.2._codebook.embed_avg': tensor([[[  0.4004, -21.3478,   6.8326,  ...,   1.9580,   8.6862,   9.8658],
         [-21.8753,  -2.7387,  -3.8939,  ...,  -6.6415,   7.3573, -10.7298],
         [ -6.1225,  -0.7004,  -7.0231,  ...,  -2.8805,   3.8395,   2.3620],
         ...,
         [-12.9808, -11.6571,   5.9076,  ...,   5.1845,  11.0072,   7.5400],
         [  1.3716,  -2.5117,   0.0963,  ...,  -7.8290,   9.1683,   4.7718],
         [ -6.1122,   3.1806,  -4.3923,  ...,  11.5604,   9.2732,  -0.4804]]]), 'rvq_quantizer.layers.2._codebook.embed': tensor([[[  0.0890,  -4.7440,   1.5184,  ...,   0.4351,   1.9303,   2.1924],
         [-10.0808,  -1.2621,  -1.7944,  ...,  -3.0606,   3.3905,  -4.9446],
         [ -3.0612,  -0.3502,  -3.5115,  ...,  -1.4402,   1.9197,   1.1810],
         ...,
         [ -6.4904,  -5.8286,   2.9538,  ...,   2.5923,   5.5036,   3.7700],
         [  0.6531,  -1.1961,   0.0458,  ...,  -3.7281,   4.3659,   2.2723],
         [ -3.0561,   1.5903,  -2.1962,  ...,   5.7802,   4.6366,  -0.2402]]]), 'rvq_quantizer.layers.3._codebook.initted': tensor([1.]), 'rvq_quantizer.layers.3._codebook.cluster_size': tensor([[2., 2., 2.,  ..., 2., 2., 2.]]), 'rvq_quantizer.layers.3._codebook.embed_avg': tensor([[[  2.1185,   3.6208,  -3.7117,  ...,  -8.3618,  -4.8020,   0.4805],
         [-10.2894,  -5.7173,  -2.2665,  ...,  -6.2619,   4.9695,   1.1366],
         [  7.6027,  -7.9494,   9.6344,  ...,   6.8185,  -5.6729,  -4.7110],
         ...,
         [ -3.6728,   2.8511,   3.7745,  ...,  -1.3157,   2.8623,  -8.1625],
         [  1.6367,   6.5313,  -8.7049,  ...,   2.2348,  -1.0639,  -2.3614],
         [ -1.8092,  -7.4266,   7.2065,  ...,   9.0930,   1.0355,   0.3021]]]), 'rvq_quantizer.layers.3._codebook.embed': tensor([[[ 1.0592,  1.8104, -1.8558,  ..., -4.1809, -2.4010,  0.2403],
         [-5.1447, -2.8587, -1.1333,  ..., -3.1310,  2.4848,  0.5683],
         [ 3.8014, -3.9747,  4.8172,  ...,  3.4092, -2.8365, -2.3555],
         ...,
         [-1.8364,  1.4255,  1.8872,  ..., -0.6578,  1.4312, -4.0812],
         [ 0.8184,  3.2656, -4.3525,  ...,  1.1174, -0.5319, -1.1807],
         [-0.9046, -3.7133,  3.6032,  ...,  4.5465,  0.5177,  0.1511]]])})
Loss:  tensor(13.3062, grad_fn=<MeanBackward0>)
OrderedDict({'rvq_quantizer.project_in.weight': tensor([[ 0.0998,  0.0269,  0.0782,  ...,  0.0613,  0.0068,  0.0871],
        [ 0.0378,  0.0663, -0.0625,  ..., -0.0143,  0.0338, -0.0844],
        [ 0.0060, -0.1100,  0.0338,  ...,  0.0121,  0.0226,  0.1480],
        ...,
        [-0.0263, -0.0784,  0.0128,  ...,  0.1152,  0.1602,  0.0421],
        [-0.0599,  0.0575, -0.1113,  ...,  0.0834,  0.0287,  0.1190],
        [ 0.0427,  0.0446,  0.0254,  ...,  0.0381, -0.0973, -0.0492]]), 'rvq_quantizer.project_in.bias': tensor([ 0.0797,  0.1509, -0.0750, -0.0364, -0.0921, -0.0663,  0.1257, -0.1215,
        -0.0370,  0.1094,  0.1141,  0.0477, -0.0191,  0.1180, -0.0051,  0.1116,
         0.1112, -0.0175, -0.1441,  0.1469, -0.0919,  0.0371, -0.1351, -0.0449,
         0.0940,  0.0181,  0.0855, -0.0341, -0.1279, -0.0717, -0.0919,  0.0175]), 'rvq_quantizer.project_out.weight': tensor([[-0.0815,  0.1727, -0.0148,  ...,  0.1287, -0.0939, -0.1531],
        [ 0.0183, -0.1208,  0.1509,  ..., -0.1265,  0.0730, -0.0623],
        [-0.0936,  0.0389, -0.1234,  ...,  0.0668, -0.0210,  0.1376],
        ...,
        [ 0.0620, -0.1746,  0.0423,  ..., -0.0158,  0.1481, -0.0877],
        [-0.0183, -0.0650, -0.0248,  ...,  0.0933, -0.0601, -0.0218],
        [-0.1321, -0.1601, -0.0124,  ..., -0.0062, -0.0595, -0.1735]]), 'rvq_quantizer.project_out.bias': tensor([-0.1325, -0.1298,  0.1105, -0.0047, -0.0939, -0.0475, -0.1619,  0.1762,
        -0.0832,  0.0768,  0.0778,  0.1731, -0.0281, -0.1593, -0.0284, -0.0098,
        -0.1415, -0.0457, -0.0575, -0.1438, -0.0401,  0.1346,  0.0530,  0.1138,
        -0.1113,  0.1297,  0.1565, -0.0831,  0.0719, -0.1018,  0.0382,  0.1418,
         0.0541,  0.0914, -0.0196,  0.0149, -0.1340, -0.1024, -0.0020, -0.0946,
        -0.0163,  0.0172, -0.0827,  0.0442,  0.0316,  0.1223, -0.1414,  0.1619,
        -0.1512,  0.0501,  0.0878, -0.0692, -0.1058,  0.0113,  0.1297, -0.0977,
        -0.0705, -0.0886,  0.0652,  0.1578, -0.1560, -0.0265,  0.0297,  0.1308]), 'rvq_quantizer.layers.0._codebook.initted': tensor([1.]), 'rvq_quantizer.layers.0._codebook.cluster_size': tensor([[4.4000, 3.1000, 2.5596,  ..., 2.0000, 2.0000, 2.0000]]), 'rvq_quantizer.layers.0._codebook.embed_avg': tensor([[[-176.2436,  -13.7625, -186.3560,  ..., -145.4357,  145.3416,
           -32.2924],
         [-117.3595,    6.9919, -150.6685,  ..., -106.8383,   99.9144,
           -27.2861],
         [-113.2803,  -31.8763,  -55.1596,  ...,  -37.5180,   82.8833,
           -33.6057],
         ...,
         [ -66.6642,   -3.0182,  -91.0459,  ...,  -97.8754,   74.7043,
           -24.7305],
         [ -77.6292,   14.1255, -112.9499,  ...,  -94.2237,   60.8920,
           -10.1283],
         [ -90.3266,   -9.1979,  -96.9632,  ...,  -55.8656,   81.3593,
           -38.9881]]]), 'rvq_quantizer.layers.0._codebook.embed': tensor([[[-40.0554,  -3.1278, -42.3537,  ..., -33.0536,  33.0322,  -7.3392],
         [-37.8579,   2.2554, -48.6028,  ..., -34.4640,  32.2305,  -8.8020],
         [-44.2570, -12.4536, -21.5501,  ..., -14.6577,  32.3813, -13.1293],
         ...,
         [-33.3321,  -1.5091, -45.5229,  ..., -48.9377,  37.3522, -12.3652],
         [-38.8146,   7.0627, -56.4749,  ..., -47.1118,  30.4460,  -5.0641],
         [-45.1633,  -4.5989, -48.4816,  ..., -27.9328,  40.6797, -19.4941]]]), 'rvq_quantizer.layers.1._codebook.initted': tensor([1.]), 'rvq_quantizer.layers.1._codebook.cluster_size': tensor([[2.2600, 2.3600, 8.0290,  ..., 2.0000, 2.0000, 2.0000]]), 'rvq_quantizer.layers.1._codebook.embed_avg': tensor([[[ -0.3847,  -3.1170,   4.0336,  ...,  -1.6138,  -3.3639,  -3.7015],
         [  3.0379,   7.7392,  -7.5397,  ..., -11.1078,  16.2693,  -1.2444],
         [-10.4352,   3.8657, -13.6766,  ...,  10.4007,  18.1351, -13.4068],
         ...,
         [ -3.0989,   4.3723,  -8.7035,  ...,  -9.5877,  19.6347, -16.9245],
         [ -2.7227,   6.3095, -14.7833,  ..., -14.2551,   9.1445,   1.4562],
         [-10.0460,  -0.1943,  -4.2390,  ..., -14.5007,   6.3686,  -5.2669]]]), 'rvq_quantizer.layers.1._codebook.embed': tensor([[[-0.1702, -1.3792,  1.7848,  ..., -0.7141, -1.4884, -1.6378],
         [ 1.2872,  3.2793, -3.1948,  ..., -4.7067,  6.8938, -0.5273],
         [-1.2997,  0.4815, -1.7034,  ...,  1.2954,  2.2587, -1.6698],
         ...,
         [-1.5494,  2.1861, -4.3517,  ..., -4.7938,  9.8174, -8.4623],
         [-1.3614,  3.1547, -7.3917,  ..., -7.1275,  4.5722,  0.7281],
         [-5.0230, -0.0972, -2.1195,  ..., -7.2504,  3.1843, -2.6334]]]), 'rvq_quantizer.layers.2._codebook.initted': tensor([1.]), 'rvq_quantizer.layers.2._codebook.cluster_size': tensor([[4.9500, 2.0000, 2.0000,  ..., 2.0000, 2.0000, 2.0000]]), 'rvq_quantizer.layers.2._codebook.embed_avg': tensor([[[  0.0690, -22.5047,   7.4413,  ...,   1.7326,   8.8552,   9.9772],
         [ -1.0063,   0.9629,  -8.6096,  ...,  -5.9527,   2.5803,   1.4122],
         [ -3.5607,  -3.8693,  -2.2356,  ...,  -1.9287,   5.3713,  -2.0830],
         ...,
         [ -8.1066,   0.5304, -12.7826,  ...,  -3.1548,  -1.9759,  -4.7812],
         [ -0.4098,  -9.2181,   2.0540,  ..., -10.6222,  -3.1062,  -5.8358],
         [ -1.9547,  -0.7356,  -0.1615,  ...,  -4.2296,  -0.4059,   3.9208]]]), 'rvq_quantizer.layers.2._codebook.embed': tensor([[[ 0.0139, -4.5464,  1.5033,  ...,  0.3500,  1.7889,  2.0156],
         [-0.5032,  0.4815, -4.3048,  ..., -2.9764,  1.2901,  0.7061],
         [-1.7803, -1.9346, -1.1178,  ..., -0.9643,  2.6856, -1.0415],
         ...,
         [-4.0533,  0.2652, -6.3913,  ..., -1.5774, -0.9880, -2.3906],
         [-0.2049, -4.6090,  1.0270,  ..., -5.3111, -1.5531, -2.9179],
         [-0.9773, -0.3678, -0.0808,  ..., -2.1148, -0.2029,  1.9604]]]), 'rvq_quantizer.layers.3._codebook.initted': tensor([1.]), 'rvq_quantizer.layers.3._codebook.cluster_size': tensor([[2.1000, 2.0000, 2.0000,  ..., 2.0000, 2.0000, 2.0000]]), 'rvq_quantizer.layers.3._codebook.embed_avg': tensor([[[ 1.8583,  2.9282, -3.8456,  ..., -8.6965, -4.5037,  0.2190],
         [-1.5686,  4.1110, -5.9283,  ..., -0.2291,  3.3220,  1.5478],
         [-0.6701,  4.8913, -2.1911,  ...,  3.6039,  2.9849, -0.6816],
         ...,
         [-8.9775, 11.5496, -0.9327,  ...,  8.2873,  3.1183,  9.6815],
         [ 1.4173,  6.6806, -8.2745,  ...,  2.8853, -0.7958, -2.1543],
         [ 1.2095, -6.7092,  3.2386,  ...,  2.8816, -2.6188, -1.5424]]]), 'rvq_quantizer.layers.3._codebook.embed': tensor([[[ 0.8849,  1.3944, -1.8312,  ..., -4.1412, -2.1446,  0.1043],
         [-0.7843,  2.0555, -2.9641,  ..., -0.1145,  1.6610,  0.7739],
         [-0.3351,  2.4456, -1.0956,  ...,  1.8019,  1.4925, -0.3408],
         ...,
         [-4.4887,  5.7748, -0.4663,  ...,  4.1436,  1.5591,  4.8408],
         [ 0.7087,  3.3403, -4.1373,  ...,  1.4426, -0.3979, -1.0772],
         [ 0.6047, -3.3546,  1.6193,  ...,  1.4408, -1.3094, -0.7712]]])})
Loss:  tensor(11.9100, grad_fn=<MeanBackward0>)
OrderedDict({'rvq_quantizer.project_in.weight': tensor([[ 0.1022,  0.0318,  0.0825,  ...,  0.0651,  0.0106,  0.0908],
        [ 0.0329,  0.0728, -0.0579,  ..., -0.0158,  0.0322, -0.0863],
        [ 0.0160, -0.1193,  0.0243,  ...,  0.0218,  0.0324,  0.1578],
        ...,
        [-0.0166, -0.0877,  0.0038,  ...,  0.1240,  0.1690,  0.0511],
        [-0.0667,  0.0533, -0.1148,  ...,  0.0769,  0.0222,  0.1124],
        [ 0.0414,  0.0476,  0.0313,  ...,  0.0403, -0.0951, -0.0474]]), 'rvq_quantizer.project_in.bias': tensor([ 0.0767,  0.1546, -0.0849, -0.0458, -0.0884, -0.0687,  0.1298, -0.1223,
        -0.0451,  0.1187,  0.1077,  0.0577, -0.0263,  0.1134, -0.0132,  0.1113,
         0.1158, -0.0111, -0.1519,  0.1523, -0.0973,  0.0280, -0.1431, -0.0368,
         0.0929,  0.0257,  0.0787, -0.0262, -0.1318, -0.0813, -0.0850,  0.0175]), 'rvq_quantizer.project_out.weight': tensor([[-0.0815,  0.1727, -0.0148,  ...,  0.1287, -0.0939, -0.1531],
        [ 0.0183, -0.1208,  0.1509,  ..., -0.1265,  0.0730, -0.0623],
        [-0.0936,  0.0389, -0.1234,  ...,  0.0668, -0.0210,  0.1376],
        ...,
        [ 0.0620, -0.1746,  0.0423,  ..., -0.0158,  0.1481, -0.0877],
        [-0.0183, -0.0650, -0.0248,  ...,  0.0933, -0.0601, -0.0218],
        [-0.1321, -0.1601, -0.0124,  ..., -0.0062, -0.0595, -0.1735]]), 'rvq_quantizer.project_out.bias': tensor([-0.1325, -0.1298,  0.1105, -0.0047, -0.0939, -0.0475, -0.1619,  0.1762,
        -0.0832,  0.0768,  0.0778,  0.1731, -0.0281, -0.1593, -0.0284, -0.0098,
        -0.1415, -0.0457, -0.0575, -0.1438, -0.0401,  0.1346,  0.0530,  0.1138,
        -0.1113,  0.1297,  0.1565, -0.0831,  0.0719, -0.1018,  0.0382,  0.1418,
         0.0541,  0.0914, -0.0196,  0.0149, -0.1340, -0.1024, -0.0020, -0.0946,
        -0.0163,  0.0172, -0.0827,  0.0442,  0.0316,  0.1223, -0.1414,  0.1619,
        -0.1512,  0.0501,  0.0878, -0.0692, -0.1058,  0.0113,  0.1297, -0.0977,
        -0.0705, -0.0886,  0.0652,  0.1578, -0.1560, -0.0265,  0.0297,  0.1308]), 'rvq_quantizer.layers.0._codebook.initted': tensor([1.]), 'rvq_quantizer.layers.0._codebook.cluster_size': tensor([[3.9600, 2.7900, 2.3036,  ..., 4.1000, 2.0000, 2.0000]]), 'rvq_quantizer.layers.0._codebook.embed_avg': tensor([[[-158.6192,  -12.3862, -167.7204,  ..., -130.8921,  130.8075,
           -29.0631],
         [-105.6235,    6.2927, -135.6017,  ...,  -96.1544,   89.9230,
           -24.5575],
         [-101.9523,  -28.6886,  -49.6436,  ...,  -33.7662,   74.5949,
           -30.2451],
         ...,
         [-150.2705,   -3.2997, -201.9930,  ..., -203.0935,  165.8290,
           -57.2231],
         [ -97.5634,   -3.6093, -102.7229,  ...,  -70.4999,   83.6536,
           -19.6292],
         [ -70.8291,   24.0301, -137.7043,  ...,  -99.4026,   73.9217,
           -13.2841]]]), 'rvq_quantizer.layers.0._codebook.embed': tensor([[[-40.0554,  -3.1278, -42.3537,  ..., -33.0536,  33.0322,  -7.3392],
         [-37.8579,   2.2554, -48.6027,  ..., -34.4640,  32.2305,  -8.8020],
         [-44.2570, -12.4536, -21.5501,  ..., -14.6577,  32.3813, -13.1293],
         ...,
         [-36.6514,  -0.8048, -49.2666,  ..., -49.5351,  40.4462, -13.9569],
         [-48.7817,  -1.8047, -51.3615,  ..., -35.2500,  41.8268,  -9.8146],
         [-35.4145,  12.0151, -68.8522,  ..., -49.7013,  36.9609,  -6.6420]]]), 'rvq_quantizer.layers.1._codebook.initted': tensor([1.]), 'rvq_quantizer.layers.1._codebook.cluster_size': tensor([[2.4340, 2.1240, 7.3261,  ..., 2.0000, 2.0000, 2.0000]]), 'rvq_quantizer.layers.1._codebook.embed_avg': tensor([[[ -0.6565,  -4.0499,   3.3118,  ...,  -0.4175,  -3.6389,  -3.9876],
         [  2.7341,   6.9653,  -6.7857,  ...,  -9.9971,  14.6424,  -1.1200],
         [ -9.6583,   3.9362, -12.6992,  ...,  10.2132,  17.2089, -12.2089],
         ...,
         [ -1.4003,  -1.9677,  -7.2165,  ...,  -7.2285,  -5.8195,  -3.2696],
         [-18.1077,  -1.9048,  -2.1250,  ...,  12.1799,   1.4281,   1.4011],
         [-10.5275,  -0.1233,  -4.1935,  ..., -14.4383,   6.0430,  -4.4929]]]), 'rvq_quantizer.layers.1._codebook.embed': tensor([[[-0.2697, -1.6639,  1.3606,  ..., -0.1715, -1.4950, -1.6383],
         [ 1.2872,  3.2793, -3.1948,  ..., -4.7067,  6.8938, -0.5273],
         [-1.3183,  0.5373, -1.7334,  ...,  1.3941,  2.3490, -1.6665],
         ...,
         [-0.7001, -0.9839, -3.6083,  ..., -3.6142, -2.9097, -1.6348],
         [-9.0538, -0.9524, -1.0625,  ...,  6.0900,  0.7140,  0.7005],
         [-5.2638, -0.0616, -2.0967,  ..., -7.2191,  3.0215, -2.2465]]]), 'rvq_quantizer.layers.2._codebook.initted': tensor([1.]), 'rvq_quantizer.layers.2._codebook.cluster_size': tensor([[5.1550, 2.0000, 2.3000,  ..., 2.0000, 2.0000, 2.2000]]), 'rvq_quantizer.layers.2._codebook.embed_avg': tensor([[[  1.0513, -22.7852,   8.4228,  ...,   1.9337,   8.8135,  10.2082],
         [ -6.3591,   0.3759,  -5.5190,  ...,  -7.6992,  -2.2759,   2.5510],
         [ -3.7314,  -4.7031,  -2.8590,  ...,  -2.0270,   5.8786,  -2.8400],
         ...,
         [  2.1014,  -2.4393,   0.2732,  ...,  -9.5764,  -2.0236,   2.1671],
         [  0.5071,   4.0592,   5.1516,  ...,   5.0118,   1.2027,   0.0584],
         [ -1.5855,  -0.2883,   0.7350,  ...,  -4.1214,  -0.5761,   4.3493]]]), 'rvq_quantizer.layers.2._codebook.embed': tensor([[[ 0.2039, -4.4200,  1.6339,  ...,  0.3751,  1.7097,  1.9802],
         [-3.1795,  0.1879, -2.7595,  ..., -3.8496, -1.1379,  1.2755],
         [-1.6224, -2.0448, -1.2431,  ..., -0.8813,  2.5559, -1.2348],
         ...,
         [ 1.0507, -1.2197,  0.1366,  ..., -4.7882, -1.0118,  1.0835],
         [ 0.2536,  2.0296,  2.5758,  ...,  2.5059,  0.6013,  0.0292],
         [-0.7207, -0.1310,  0.3341,  ..., -1.8734, -0.2619,  1.9770]]]), 'rvq_quantizer.layers.3._codebook.initted': tensor([1.]), 'rvq_quantizer.layers.3._codebook.cluster_size': tensor([[2.2900, 2.0000, 2.1000,  ..., 2.0000, 2.1000, 2.0000]]), 'rvq_quantizer.layers.3._codebook.embed_avg': tensor([[[  2.3129,   3.6202,  -3.8519,  ...,  -8.9905,  -4.2479,  -0.7712],
         [ -1.4992,   4.3104,  -5.6419,  ...,  -0.3743,   3.7856,   1.5126],
         [ -0.4215,   5.2524,  -2.1365,  ...,   3.5193,   3.6830,  -1.6682],
         ...,
         [  1.6923,  -1.9592,   2.0967,  ...,  -1.0798,  -5.6354, -15.9424],
         [  0.6610,   6.4389,  -8.0844,  ...,   3.2049,  -0.6807,  -2.3177],
         [  1.5607,  -6.5899,   3.4604,  ...,   3.0512,  -2.3548,  -1.5143]]]), 'rvq_quantizer.layers.3._codebook.embed': tensor([[[ 1.0100,  1.5809, -1.6820,  ..., -3.9260, -1.8550, -0.3368],
         [-0.7496,  2.1552, -2.8209,  ..., -0.1871,  1.8928,  0.7563],
         [-0.2007,  2.5011, -1.0174,  ...,  1.6759,  1.7538, -0.7944],
         ...,
         [ 0.8462, -0.9796,  1.0483,  ..., -0.5399, -2.8177, -7.9712],
         [ 0.3148,  3.0661, -3.8497,  ...,  1.5261, -0.3241, -1.1037],
         [ 0.7804, -3.2950,  1.7302,  ...,  1.5256, -1.1774, -0.7571]]])})
Loss:  tensor(11.4668, grad_fn=<MeanBackward0>)
OrderedDict({'rvq_quantizer.project_in.weight': tensor([[ 0.1053,  0.0368,  0.0873,  ...,  0.0695,  0.0149,  0.0951],
        [ 0.0282,  0.0795, -0.0526,  ..., -0.0168,  0.0310, -0.0878],
        [ 0.0259, -0.1281,  0.0145,  ...,  0.0314,  0.0420,  0.1675],
        ...,
        [-0.0070, -0.0970, -0.0055,  ...,  0.1326,  0.1777,  0.0600],
        [-0.0740,  0.0490, -0.1188,  ...,  0.0700,  0.0152,  0.1053],
        [ 0.0405,  0.0505,  0.0376,  ...,  0.0430, -0.0925, -0.0451]]), 'rvq_quantizer.project_in.bias': tensor([ 0.0730,  0.1581, -0.0948, -0.0553, -0.0844, -0.0707,  0.1334, -0.1229,
        -0.0531,  0.1280,  0.1008,  0.0676, -0.0334,  0.1084, -0.0215,  0.1114,
         0.1209, -0.0046, -0.1595,  0.1576, -0.1026,  0.0190, -0.1513, -0.0287,
         0.0916,  0.0331,  0.0716, -0.0185, -0.1354, -0.0909, -0.0777,  0.0171]), 'rvq_quantizer.project_out.weight': tensor([[-0.0815,  0.1727, -0.0148,  ...,  0.1287, -0.0939, -0.1531],
        [ 0.0183, -0.1208,  0.1509,  ..., -0.1265,  0.0730, -0.0623],
        [-0.0936,  0.0389, -0.1234,  ...,  0.0668, -0.0210,  0.1376],
        ...,
        [ 0.0620, -0.1746,  0.0423,  ..., -0.0158,  0.1481, -0.0877],
        [-0.0183, -0.0650, -0.0248,  ...,  0.0933, -0.0601, -0.0218],
        [-0.1321, -0.1601, -0.0124,  ..., -0.0062, -0.0595, -0.1735]]), 'rvq_quantizer.project_out.bias': tensor([-0.1325, -0.1298,  0.1105, -0.0047, -0.0939, -0.0475, -0.1619,  0.1762,
        -0.0832,  0.0768,  0.0778,  0.1731, -0.0281, -0.1593, -0.0284, -0.0098,
        -0.1415, -0.0457, -0.0575, -0.1438, -0.0401,  0.1346,  0.0530,  0.1138,
        -0.1113,  0.1297,  0.1565, -0.0831,  0.0719, -0.1018,  0.0382,  0.1418,
         0.0541,  0.0914, -0.0196,  0.0149, -0.1340, -0.1024, -0.0020, -0.0946,
        -0.0163,  0.0172, -0.0827,  0.0442,  0.0316,  0.1223, -0.1414,  0.1619,
        -0.1512,  0.0501,  0.0878, -0.0692, -0.1058,  0.0113,  0.1297, -0.0977,
        -0.0705, -0.0886,  0.0652,  0.1578, -0.1560, -0.0265,  0.0297,  0.1308]), 'rvq_quantizer.layers.0._codebook.initted': tensor([1.]), 'rvq_quantizer.layers.0._codebook.cluster_size': tensor([[3.5640, 2.5110, 2.0733,  ..., 3.6900, 2.0000, 2.0000]]), 'rvq_quantizer.layers.0._codebook.embed_avg': tensor([[[-142.7573,  -11.1476, -150.9484,  ..., -117.8029,  117.7267,
           -26.1568],
         [ -95.0612,    5.6634, -122.0415,  ...,  -86.5390,   80.9307,
           -22.1017],
         [ -91.7570,  -25.8198,  -44.6793,  ...,  -30.3896,   67.1354,
           -27.2206],
         ...,
         [-135.2434,   -2.9697, -181.7937,  ..., -182.7841,  149.2461,
           -51.5008],
         [-101.4224,   14.7180, -133.6758,  ..., -112.9318,  106.1346,
           -27.0641],
         [ -71.2058,   23.5823, -139.8377,  ..., -100.3461,   75.7216,
           -13.7416]]]), 'rvq_quantizer.layers.0._codebook.embed': tensor([[[-40.0554,  -3.1278, -42.3537,  ..., -33.0536,  33.0322,  -7.3392],
         [-37.8579,   2.2554, -48.6027,  ..., -34.4639,  32.2304,  -8.8020],
         [-44.2570, -12.4536, -21.5501,  ..., -14.6577,  32.3813, -13.1293],
         ...,
         [-36.6514,  -0.8048, -49.2666,  ..., -49.5350,  40.4461, -13.9569],
         [-50.7112,   7.3590, -66.8379,  ..., -56.4659,  53.0673, -13.5321],
         [-35.6028,  11.7912, -69.9187,  ..., -50.1730,  37.8608,  -6.8708]]]), 'rvq_quantizer.layers.1._codebook.initted': tensor([1.]), 'rvq_quantizer.layers.1._codebook.cluster_size': tensor([[2.2906, 2.0000, 6.5935,  ..., 2.0000, 2.0000, 2.0000]]), 'rvq_quantizer.layers.1._codebook.embed_avg': tensor([[[ -0.6245,  -3.9440,   2.7586,  ...,  -0.7152,  -3.4836,  -3.6565],
         [ -6.8294,   3.8824,  -3.0277,  ...,  -5.7784,   5.5163,  -4.2315],
         [ -8.6925,   3.5425, -11.4293,  ...,   9.1919,  15.4880, -10.9880],
         ...,
         [ -5.5546, -16.9762,  17.7377,  ...,  19.7351, -11.2688,   6.7823],
         [-16.8235,  -1.7814,  -1.9598,  ...,  12.4513,   1.3400,   1.4286],
         [ -4.0220,  -2.6695,  -1.4465,  ...,   9.5388,   0.6482,  -5.4520]]]), 'rvq_quantizer.layers.1._codebook.embed': tensor([[[-0.2727, -1.7218,  1.2043,  ..., -0.3122, -1.5208, -1.5963],
         [-3.4147,  1.9412, -1.5138,  ..., -2.8892,  2.7582, -2.1158],
         [-1.3183,  0.5373, -1.7334,  ...,  1.3941,  2.3490, -1.6665],
         ...,
         [-2.7773, -8.4881,  8.8688,  ...,  9.8676, -5.6344,  3.3912],
         [-8.4117, -0.8907, -0.9799,  ...,  6.2256,  0.6700,  0.7143],
         [-2.0110, -1.3347, -0.7232,  ...,  4.7694,  0.3241, -2.7260]]]), 'rvq_quantizer.layers.2._codebook.initted': tensor([1.]), 'rvq_quantizer.layers.2._codebook.cluster_size': tensor([[4.7395, 2.0000, 3.1700,  ..., 2.0000, 2.0000, 2.3800]]), 'rvq_quantizer.layers.2._codebook.embed_avg': tensor([[[  1.3364, -20.6384,   7.4383,  ...,   1.4334,   7.9373,   9.2845],
         [ -2.0062,  -6.0770,  -9.1462,  ...,   0.5647,   4.5987,  -2.7503],
         [ -4.3326,  -4.6010,  -4.0636,  ...,  -3.2590,   8.6756,  -3.3529],
         ...,
         [ -6.0711,   3.4113,   8.6802,  ...,  21.0795,   1.7387,  -0.5929],
         [  3.3149,  -6.6127,  -5.3802,  ...,  14.3675,   0.6277,  -1.4658],
         [ -1.3646,  -0.1244,   0.8784,  ...,  -3.9902,  -0.3011,   3.9848]]]), 'rvq_quantizer.layers.2._codebook.embed': tensor([[[ 0.2820, -4.3546,  1.5694,  ...,  0.3024,  1.6747,  1.9590],
         [-1.0031, -3.0385, -4.5731,  ...,  0.2823,  2.2994, -1.3751],
         [-1.3667, -1.4514, -1.2819,  ..., -1.0281,  2.7368, -1.0577],
         ...,
         [-3.0356,  1.7057,  4.3401,  ..., 10.5397,  0.8693, -0.2965],
         [ 1.6574, -3.3063, -2.6901,  ...,  7.1837,  0.3139, -0.7329],
         [-0.5734, -0.0523,  0.3691,  ..., -1.6766, -0.1265,  1.6743]]]), 'rvq_quantizer.layers.3._codebook.initted': tensor([1.]), 'rvq_quantizer.layers.3._codebook.cluster_size': tensor([[2.1610, 2.0000, 2.1900,  ..., 2.0000, 2.0000, 2.0000]]), 'rvq_quantizer.layers.3._codebook.embed_avg': tensor([[[ 2.2277,  3.3841, -3.6721,  ..., -8.3438, -3.9675, -0.9660],
         [-0.8573,  4.0052, -5.4578,  ..., -0.8926,  3.5917,  1.0935],
         [-0.7261,  5.5183, -2.0195,  ...,  2.7308,  3.3608, -2.4752],
         ...,
         [ 3.4820, 10.3736,  1.9917,  ...,  8.9185,  1.9856, 11.9714],
         [-1.4819, -0.0751,  0.9518,  ...,  0.1706, -1.9747,  6.6453],
         [ 4.6749, -0.9382,  0.4504,  ...,  3.2629, -2.7932, -0.2182]]]), 'rvq_quantizer.layers.3._codebook.embed': tensor([[[ 1.0309,  1.5660, -1.6992,  ..., -3.8611, -1.8360, -0.4470],
         [-0.4287,  2.0026, -2.7289,  ..., -0.4463,  1.7958,  0.5468],
         [-0.3316,  2.5198, -0.9221,  ...,  1.2469,  1.5346, -1.1302],
         ...,
         [ 1.7410,  5.1868,  0.9958,  ...,  4.4592,  0.9928,  5.9857],
         [-0.7410, -0.0376,  0.4759,  ...,  0.0853, -0.9873,  3.3227],
         [ 2.3374, -0.4691,  0.2252,  ...,  1.6314, -1.3966, -0.1091]]])})
Loss:  tensor(11.6103, grad_fn=<MeanBackward0>)
OrderedDict({'rvq_quantizer.project_in.weight': tensor([[ 0.1087,  0.0421,  0.0926,  ...,  0.0744,  0.0197,  0.0999],
        [ 0.0235,  0.0863, -0.0468,  ..., -0.0175,  0.0301, -0.0891],
        [ 0.0358, -0.1364,  0.0046,  ...,  0.0410,  0.0516,  0.1771],
        ...,
        [ 0.0027, -0.1061, -0.0151,  ...,  0.1411,  0.1862,  0.0688],
        [-0.0816,  0.0444, -0.1232,  ...,  0.0627,  0.0079,  0.0978],
        [ 0.0397,  0.0536,  0.0442,  ...,  0.0460, -0.0895, -0.0424]]), 'rvq_quantizer.project_in.bias': tensor([ 0.0688,  0.1615, -0.1046, -0.0647, -0.0801, -0.0723,  0.1367, -0.1234,
        -0.0610,  0.1373,  0.0936,  0.0775, -0.0405,  0.1032, -0.0300,  0.1115,
         0.1264,  0.0021, -0.1670,  0.1629, -0.1078,  0.0101, -0.1597, -0.0206,
         0.0902,  0.0405,  0.0643, -0.0111, -0.1388, -0.1004, -0.0700,  0.0164]), 'rvq_quantizer.project_out.weight': tensor([[-0.0815,  0.1727, -0.0148,  ...,  0.1287, -0.0939, -0.1531],
        [ 0.0183, -0.1208,  0.1509,  ..., -0.1265,  0.0730, -0.0623],
        [-0.0936,  0.0389, -0.1234,  ...,  0.0668, -0.0210,  0.1376],
        ...,
        [ 0.0620, -0.1746,  0.0423,  ..., -0.0158,  0.1481, -0.0877],
        [-0.0183, -0.0650, -0.0248,  ...,  0.0933, -0.0601, -0.0218],
        [-0.1321, -0.1601, -0.0124,  ..., -0.0062, -0.0595, -0.1735]]), 'rvq_quantizer.project_out.bias': tensor([-0.1325, -0.1298,  0.1105, -0.0047, -0.0939, -0.0475, -0.1619,  0.1762,
        -0.0832,  0.0768,  0.0778,  0.1731, -0.0281, -0.1593, -0.0284, -0.0098,
        -0.1415, -0.0457, -0.0575, -0.1438, -0.0401,  0.1346,  0.0530,  0.1138,
        -0.1113,  0.1297,  0.1565, -0.0831,  0.0719, -0.1018,  0.0382,  0.1418,
         0.0541,  0.0914, -0.0196,  0.0149, -0.1340, -0.1024, -0.0020, -0.0946,
        -0.0163,  0.0172, -0.0827,  0.0442,  0.0316,  0.1223, -0.1414,  0.1619,
        -0.1512,  0.0501,  0.0878, -0.0692, -0.1058,  0.0113,  0.1297, -0.0977,
        -0.0705, -0.0886,  0.0652,  0.1578, -0.1560, -0.0265,  0.0297,  0.1308]), 'rvq_quantizer.layers.0._codebook.initted': tensor([1.]), 'rvq_quantizer.layers.0._codebook.cluster_size': tensor([[3.2076, 2.2599, 2.0000,  ..., 3.3210, 2.7000, 2.0000]]), 'rvq_quantizer.layers.0._codebook.embed_avg': tensor([[[-128.4816,  -10.0328, -135.8536,  ..., -106.0226,  105.9541,
           -23.5411],
         [ -85.5550,    5.0971, -109.8374,  ...,  -77.8851,   72.8376,
           -19.8915],
         [-103.3348,   34.5403, -180.8518,  ..., -170.7067,  130.8584,
           -36.8287],
         ...,
         [-121.7191,   -2.6727, -163.6143,  ..., -164.5057,  134.3215,
           -46.3507],
         [-138.6348,   16.6001, -182.7430,  ..., -154.2504,  146.3602,
           -41.8575],
         [-131.5560,   -5.4269, -129.6550,  ...,  -78.1305,  117.8166,
           -35.8410]]]), 'rvq_quantizer.layers.0._codebook.embed': tensor([[[-40.0554,  -3.1278, -42.3537,  ..., -33.0536,  33.0322,  -7.3392],
         [-37.8579,   2.2554, -48.6027,  ..., -34.4639,  32.2304,  -8.8020],
         [-51.6674,  17.2702, -90.4259,  ..., -85.3534,  65.4292, -18.4144],
         ...,
         [-36.6514,  -0.8048, -49.2666,  ..., -49.5350,  40.4461, -13.9569],
         [-51.3462,   6.1482, -67.6826,  ..., -57.1298,  54.2075, -15.5028],
         [-65.7780,  -2.7134, -64.8275,  ..., -39.0652,  58.9083, -17.9205]]]), 'rvq_quantizer.layers.1._codebook.initted': tensor([1.]), 'rvq_quantizer.layers.1._codebook.cluster_size': tensor([[2.0615, 2.9000, 5.9341,  ..., 2.0000, 2.0000, 2.2000]]), 'rvq_quantizer.layers.1._codebook.embed_avg': tensor([[[ -0.5621,  -3.5496,   2.4827,  ...,  -0.6437,  -3.1353,  -3.2908],
         [-10.9147,   4.8722,  -5.3675,  ...,  -9.0513,   7.2221,  -6.0220],
         [ -7.8232,   3.1883, -10.2864,  ...,   8.2727,  13.9392,  -9.8892],
         ...,
         [ -9.0182,  -5.0194, -10.0995,  ...,  -0.4831,   7.3224,  -1.4492],
         [ -8.5271,   3.0525, -17.8135,  ..., -18.3856,  14.4464, -11.9945],
         [ -4.9123,  -3.6967,  -0.8890,  ...,  11.3171,   1.0570,  -3.6251]]]), 'rvq_quantizer.layers.1._codebook.embed': tensor([[[-0.2727, -1.7218,  1.2043,  ..., -0.3122, -1.5208, -1.5963],
         [-3.7637,  1.6801, -1.8509,  ..., -3.1211,  2.4904, -2.0766],
         [-1.3183,  0.5373, -1.7334,  ...,  1.3941,  2.3490, -1.6665],
         ...,
         [-4.5091, -2.5097, -5.0497,  ..., -0.2416,  3.6612, -0.7246],
         [-4.2635,  1.5262, -8.9068,  ..., -9.1928,  7.2232, -5.9972],
         [-2.2329, -1.6803, -0.4041,  ...,  5.1442,  0.4804, -1.6478]]]), 'rvq_quantizer.layers.2._codebook.initted': tensor([1.]), 'rvq_quantizer.layers.2._codebook.cluster_size': tensor([[4.6655, 2.0000, 2.9530,  ..., 2.0000, 2.0000, 2.9420]]), 'rvq_quantizer.layers.2._codebook.embed_avg': tensor([[[  2.2163, -20.6290,   6.7075,  ...,   1.1432,   7.1831,   8.7490],
         [ -1.5713,   1.1518,  -6.8891,  ...,   0.1703,  -1.5154,  -1.3065],
         [ -3.9033,  -4.1655,  -4.0170,  ...,  -3.0494,   7.6296,  -3.0187],
         ...,
         [ -4.5596,   2.8993,   8.9159,  ...,  21.1052,   1.2857,  -0.7839],
         [ -2.2904,  -0.0981,  -5.7324,  ...,   4.5991,   1.5960,  -3.1620],
         [ -0.5579,  -0.1620,   0.9503,  ...,  -4.9534,  -0.5090,   5.1415]]]), 'rvq_quantizer.layers.2._codebook.embed': tensor([[[ 0.4750, -4.4216,  1.4377,  ...,  0.2450,  1.5396,  1.8752],
         [-0.7856,  0.5759, -3.4445,  ...,  0.0852, -0.7577, -0.6532],
         [-1.3218, -1.4106, -1.3603,  ..., -1.0326,  2.5837, -1.0222],
         ...,
         [-2.2798,  1.4497,  4.4580,  ..., 10.5526,  0.6429, -0.3919],
         [-1.1452, -0.0490, -2.8662,  ...,  2.2995,  0.7980, -1.5810],
         [-0.1896, -0.0551,  0.3230,  ..., -1.6837, -0.1730,  1.7476]]]), 'rvq_quantizer.layers.3._codebook.initted': tensor([1.]), 'rvq_quantizer.layers.3._codebook.cluster_size': tensor([[2.0449, 2.0000, 2.0710,  ..., 2.0000, 2.0000, 2.0000]]), 'rvq_quantizer.layers.3._codebook.embed_avg': tensor([[[ 1.9188e+00,  2.8995e+00, -3.4938e+00,  ..., -7.9284e+00,
          -3.4846e+00, -1.6580e+00],
         [ 8.8468e-01,  3.0968e+00,  8.9560e+00,  ..., -1.1264e+01,
          -9.0266e-02,  8.0855e-01],
         [-7.3311e-01,  4.9146e+00, -1.7574e+00,  ...,  2.2850e+00,
           3.4797e+00, -2.4126e+00],
         ...,
         [-2.8621e+00,  2.1991e+00, -6.9455e-01,  ...,  1.7094e+00,
           4.8415e-01, -1.4870e+00],
         [-1.1133e+00, -1.7516e+00,  5.1612e+00,  ...,  3.5563e+00,
          -1.8828e+00,  1.4998e+00],
         [-1.2019e+01,  5.4140e+00,  5.0778e-03,  ..., -5.1897e-01,
           2.3460e-03,  1.1825e+01]]]), 'rvq_quantizer.layers.3._codebook.embed': tensor([[[ 9.3834e-01,  1.4179e+00, -1.7085e+00,  ..., -3.8772e+00,
          -1.7040e+00, -8.1080e-01],
         [ 4.4234e-01,  1.5484e+00,  4.4780e+00,  ..., -5.6322e+00,
          -4.5133e-02,  4.0428e-01],
         [-3.5399e-01,  2.3730e+00, -8.4857e-01,  ...,  1.1033e+00,
           1.6802e+00, -1.1649e+00],
         ...,
         [-1.4311e+00,  1.0996e+00, -3.4728e-01,  ...,  8.5469e-01,
           2.4207e-01, -7.4349e-01],
         [-5.5664e-01, -8.7578e-01,  2.5806e+00,  ...,  1.7782e+00,
          -9.4140e-01,  7.4991e-01],
         [-6.0094e+00,  2.7070e+00,  2.5389e-03,  ..., -2.5948e-01,
           1.1730e-03,  5.9127e+00]]])})
Loss:  tensor(11.1142, grad_fn=<MeanBackward0>)
OrderedDict({'rvq_quantizer.project_in.weight': tensor([[ 0.1126,  0.0478,  0.0983,  ...,  0.0797,  0.0249,  0.1050],
        [ 0.0188,  0.0932, -0.0406,  ..., -0.0181,  0.0294, -0.0902],
        [ 0.0457, -0.1438, -0.0055,  ...,  0.0504,  0.0610,  0.1866],
        ...,
        [ 0.0123, -0.1151, -0.0248,  ...,  0.1494,  0.1945,  0.0774],
        [-0.0895,  0.0394, -0.1277,  ...,  0.0551,  0.0004,  0.0901],
        [ 0.0389,  0.0569,  0.0512,  ...,  0.0493, -0.0862, -0.0395]]), 'rvq_quantizer.project_in.bias': tensor([ 0.0643,  0.1647, -0.1145, -0.0741, -0.0758, -0.0738,  0.1398, -0.1239,
        -0.0686,  0.1465,  0.0862,  0.0873, -0.0476,  0.0979, -0.0385,  0.1112,
         0.1323,  0.0087, -0.1744,  0.1682, -0.1130,  0.0013, -0.1681, -0.0125,
         0.0889,  0.0477,  0.0570, -0.0041, -0.1420, -0.1099, -0.0621,  0.0156]), 'rvq_quantizer.project_out.weight': tensor([[-0.0815,  0.1727, -0.0148,  ...,  0.1287, -0.0939, -0.1531],
        [ 0.0183, -0.1208,  0.1509,  ..., -0.1265,  0.0730, -0.0623],
        [-0.0936,  0.0389, -0.1234,  ...,  0.0668, -0.0210,  0.1376],
        ...,
        [ 0.0620, -0.1746,  0.0423,  ..., -0.0158,  0.1481, -0.0877],
        [-0.0183, -0.0650, -0.0248,  ...,  0.0933, -0.0601, -0.0218],
        [-0.1321, -0.1601, -0.0124,  ..., -0.0062, -0.0595, -0.1735]]), 'rvq_quantizer.project_out.bias': tensor([-0.1325, -0.1298,  0.1105, -0.0047, -0.0939, -0.0475, -0.1619,  0.1762,
        -0.0832,  0.0768,  0.0778,  0.1731, -0.0281, -0.1593, -0.0284, -0.0098,
        -0.1415, -0.0457, -0.0575, -0.1438, -0.0401,  0.1346,  0.0530,  0.1138,
        -0.1113,  0.1297,  0.1565, -0.0831,  0.0719, -0.1018,  0.0382,  0.1418,
         0.0541,  0.0914, -0.0196,  0.0149, -0.1340, -0.1024, -0.0020, -0.0946,
        -0.0163,  0.0172, -0.0827,  0.0442,  0.0316,  0.1223, -0.1414,  0.1619,
        -0.1512,  0.0501,  0.0878, -0.0692, -0.1058,  0.0113,  0.1297, -0.0977,
        -0.0705, -0.0886,  0.0652,  0.1578, -0.1560, -0.0265,  0.0297,  0.1308]), 'rvq_quantizer.layers.0._codebook.initted': tensor([1.]), 'rvq_quantizer.layers.0._codebook.cluster_size': tensor([[2.8868, 2.0339, 6.7000,  ..., 2.9889, 2.4300, 2.0000]]), 'rvq_quantizer.layers.0._codebook.embed_avg': tensor([[[-115.6334,   -9.0296, -122.2682,  ...,  -95.4203,   95.3587,
           -21.1870],
         [ -76.9995,    4.5874,  -98.8536,  ...,  -70.0966,   65.5538,
           -17.9024],
         [-369.2059,  100.1229, -608.1156,  ..., -582.7696,  462.3529,
          -118.4356],
         ...,
         [-109.5472,   -2.4054, -147.2529,  ..., -148.0552,  120.8894,
           -41.7156],
         [-124.7714,   14.9401, -164.4687,  ..., -138.8253,  131.7242,
           -37.6718],
         [-145.2458,  -10.9183, -107.9154,  ...,  -58.3156,  126.2996,
           -47.7330]]]), 'rvq_quantizer.layers.0._codebook.embed': tensor([[[-40.0554,  -3.1278, -42.3536,  ..., -33.0536,  33.0322,  -7.3392],
         [-37.8578,   2.2554, -48.6027,  ..., -34.4639,  32.2304,  -8.8019],
         [-55.1055,  14.9437, -90.7637,  ..., -86.9807,  69.0080, -17.6770],
         ...,
         [-36.6513,  -0.8048, -49.2666,  ..., -49.5350,  40.4461, -13.9569],
         [-51.3462,   6.1482, -67.6825,  ..., -57.1297,  54.2075, -15.5028],
         [-72.6229,  -5.4591, -53.9577,  ..., -29.1578,  63.1498, -23.8665]]]), 'rvq_quantizer.layers.1._codebook.initted': tensor([1.]), 'rvq_quantizer.layers.1._codebook.cluster_size': tensor([[2.0000, 2.7100, 5.3407,  ..., 2.0000, 2.0000, 2.4800]]), 'rvq_quantizer.layers.1._codebook.embed_avg': tensor([[[-12.1423,   3.5200,  -4.8998,  ...,  -6.1381,   9.4642,  -1.9723],
         [-10.1761,   4.4502,  -5.1021,  ...,  -8.2984,   6.6995,  -5.7051],
         [ -7.0409,   2.8695,  -9.2577,  ...,   7.4454,  12.5453,  -8.9003],
         ...,
         [ -9.3681,   0.3090,  -2.2250,  ...,   2.8686,   4.5881,  -4.2878],
         [ -7.5392,  -9.6712,   6.5186,  ...,  10.6786,  -2.8790, -10.0210],
         [ -6.1405,  -3.8114,  -1.7051,  ...,  13.4715,   0.4886,  -3.6130]]]), 'rvq_quantizer.layers.1._codebook.embed': tensor([[[-6.0711,  1.7600, -2.4499,  ..., -3.0690,  4.7321, -0.9862],
         [-3.7550,  1.6421, -1.8827,  ..., -3.0621,  2.4722, -2.1052],
         [-1.3183,  0.5373, -1.7334,  ...,  1.3941,  2.3490, -1.6665],
         ...,
         [-4.6840,  0.1545, -1.1125,  ...,  1.4343,  2.2941, -2.1439],
         [-3.7696, -4.8356,  3.2593,  ...,  5.3393, -1.4395, -5.0105],
         [-2.4760, -1.5368, -0.6875,  ...,  5.4320,  0.1970, -1.4569]]]), 'rvq_quantizer.layers.2._codebook.initted': tensor([1.]), 'rvq_quantizer.layers.2._codebook.cluster_size': tensor([[4.7990, 2.0000, 2.7577,  ..., 2.0000, 2.0000, 2.9478]]), 'rvq_quantizer.layers.2._codebook.embed_avg': tensor([[[ 2.3034e+00, -2.1693e+01,  7.2513e+00,  ..., -2.3623e-01,
           7.5475e+00,  9.1457e+00],
         [ 6.8178e-01, -6.4416e+00,  7.6346e+00,  ...,  2.7496e+00,
           1.3274e+00,  1.2067e+00],
         [-3.2951e+00, -4.1205e+00, -3.7222e+00,  ..., -2.8433e+00,
           7.0877e+00, -3.3540e+00],
         ...,
         [-4.5267e+00,  2.3052e+00,  9.2274e+00,  ...,  2.0154e+01,
           1.3974e+00, -5.5347e-03],
         [ 3.8563e+00,  3.3222e+00, -1.9425e+01,  ..., -1.3289e+01,
           1.8073e+00, -2.3339e+00],
         [-1.2898e-01, -1.3222e+00,  1.1202e+00,  ..., -4.8661e+00,
          -5.6698e-01,  4.0896e+00]]]), 'rvq_quantizer.layers.2._codebook.embed': tensor([[[ 4.7999e-01, -4.5204e+00,  1.5110e+00,  ..., -4.9226e-02,
           1.5727e+00,  1.9058e+00],
         [ 3.4089e-01, -3.2208e+00,  3.8173e+00,  ...,  1.3748e+00,
           6.6370e-01,  6.0334e-01],
         [-1.1949e+00, -1.4942e+00, -1.3498e+00,  ..., -1.0310e+00,
           2.5702e+00, -1.2162e+00],
         ...,
         [-2.2634e+00,  1.1526e+00,  4.6137e+00,  ...,  1.0077e+01,
           6.9869e-01, -2.7674e-03],
         [ 1.9281e+00,  1.6611e+00, -9.7124e+00,  ..., -6.6445e+00,
           9.0366e-01, -1.1670e+00],
         [-4.3754e-02, -4.4852e-01,  3.8000e-01,  ..., -1.6508e+00,
          -1.9234e-01,  1.3874e+00]]]), 'rvq_quantizer.layers.3._codebook.initted': tensor([1.]), 'rvq_quantizer.layers.3._codebook.cluster_size': tensor([[2.2404, 2.0000, 2.0000,  ..., 2.2000, 2.2000, 2.0000]]), 'rvq_quantizer.layers.3._codebook.embed_avg': tensor([[[  2.4247,   3.2792,  -3.9701,  ...,  -8.9307,  -3.8040,  -1.5285],
         [ -7.6835,   5.7495,  -4.9063,  ...,  -4.9638,  -3.7751,  -5.0136],
         [  1.8793,   2.9562,   8.3532,  ...,  -8.1809,  -5.0645, -10.3475],
         ...,
         [ -2.2171,   2.6974,  -1.0359,  ...,   1.3399,   0.6667,  -1.6391],
         [ -1.1549,  -1.6988,   5.8370,  ...,   3.7569,  -1.7812,   1.8337],
         [ -4.5973,  -5.3922,  -1.1673,  ...,   5.9032,   3.2311,  -0.8662]]]), 'rvq_quantizer.layers.3._codebook.embed': tensor([[[ 1.0823,  1.4637, -1.7720,  ..., -3.9862, -1.6979, -0.6823],
         [-3.8418,  2.8747, -2.4532,  ..., -2.4819, -1.8876, -2.5068],
         [ 0.9397,  1.4781,  4.1766,  ..., -4.0904, -2.5322, -5.1738],
         ...,
         [-1.0078,  1.2261, -0.4709,  ...,  0.6090,  0.3030, -0.7451],
         [-0.5250, -0.7722,  2.6532,  ...,  1.7077, -0.8097,  0.8335],
         [-2.2986, -2.6961, -0.5837,  ...,  2.9516,  1.6155, -0.4331]]])})
Loss:  tensor(10.7767, grad_fn=<MeanBackward0>)
OrderedDict({'rvq_quantizer.project_in.weight': tensor([[ 0.1210,  0.0601,  0.1105,  ...,  0.0911,  0.0362,  0.1162],
        [ 0.0093,  0.1075, -0.0275,  ..., -0.0190,  0.0282, -0.0922],
        [ 0.0654, -0.1557, -0.0259,  ...,  0.0688,  0.0795,  0.2054],
        ...,
        [ 0.0315, -0.1326, -0.0449,  ...,  0.1652,  0.2104,  0.0941],
        [-0.1058,  0.0281, -0.1367,  ...,  0.0395, -0.0153,  0.0742],
        [ 0.0375,  0.0643,  0.0654,  ...,  0.0562, -0.0793, -0.0332]]), 'rvq_quantizer.project_in.bias': tensor([ 0.0544,  0.1714, -0.1340, -0.0930, -0.0670, -0.0762,  0.1452, -0.1249,
        -0.0834,  0.1648,  0.0711,  0.1069, -0.0617,  0.0872, -0.0559,  0.1097,
         0.1444,  0.0217, -0.1893,  0.1789, -0.1234, -0.0159, -0.1850,  0.0037,
         0.0865,  0.0622,  0.0425,  0.0089, -0.1481, -0.1287, -0.0458,  0.0137]), 'rvq_quantizer.project_out.weight': tensor([[-0.0815,  0.1727, -0.0148,  ...,  0.1287, -0.0939, -0.1531],
        [ 0.0183, -0.1208,  0.1509,  ..., -0.1265,  0.0730, -0.0623],
        [-0.0936,  0.0389, -0.1234,  ...,  0.0668, -0.0210,  0.1376],
        ...,
        [ 0.0620, -0.1746,  0.0423,  ..., -0.0158,  0.1481, -0.0877],
        [-0.0183, -0.0650, -0.0248,  ...,  0.0933, -0.0601, -0.0218],
        [-0.1321, -0.1601, -0.0124,  ..., -0.0062, -0.0595, -0.1735]]), 'rvq_quantizer.project_out.bias': tensor([-0.1325, -0.1298,  0.1105, -0.0047, -0.0939, -0.0475, -0.1619,  0.1762,
        -0.0832,  0.0768,  0.0778,  0.1731, -0.0281, -0.1593, -0.0284, -0.0098,
        -0.1415, -0.0457, -0.0575, -0.1438, -0.0401,  0.1346,  0.0530,  0.1138,
        -0.1113,  0.1297,  0.1565, -0.0831,  0.0719, -0.1018,  0.0382,  0.1418,
         0.0541,  0.0914, -0.0196,  0.0149, -0.1340, -0.1024, -0.0020, -0.0946,
        -0.0163,  0.0172, -0.0827,  0.0442,  0.0316,  0.1223, -0.1414,  0.1619,
        -0.1512,  0.0501,  0.0878, -0.0692, -0.1058,  0.0113,  0.1297, -0.0977,
        -0.0705, -0.0886,  0.0652,  0.1578, -0.1560, -0.0265,  0.0297,  0.1308]), 'rvq_quantizer.layers.0._codebook.initted': tensor([1.]), 'rvq_quantizer.layers.0._codebook.cluster_size': tensor([[2.3383, 2.0000, 5.4270,  ..., 2.4210, 2.0000, 2.0000]]), 'rvq_quantizer.layers.0._codebook.embed_avg': tensor([[[ -93.6631,   -7.3139,  -99.0372,  ...,  -77.2905,   77.2405,
           -17.1615],
         [-149.0575,   32.2477, -228.9889,  ..., -190.7510,  165.9728,
           -28.8802],
         [-299.0568,   81.0995, -492.5736,  ..., -472.0434,  374.5058,
           -95.9329],
         ...,
         [ -88.7332,   -1.9484, -119.2748,  ..., -119.9247,   97.9204,
           -33.7897],
         [-131.5285,   -8.0337, -141.7128,  ..., -108.8424,  119.4421,
           -44.2802],
         [-117.6802,   30.9257, -196.1519,  ..., -178.8827,  157.4419,
           -37.4138]]]), 'rvq_quantizer.layers.0._codebook.embed': tensor([[[ -40.0553,   -3.1278,  -42.3536,  ...,  -33.0535,   33.0322,
            -7.3392],
         [ -74.5287,   16.1239, -114.4945,  ...,  -95.3755,   82.9864,
           -14.4401],
         [ -55.1054,   14.9437,  -90.7637,  ...,  -86.9807,   69.0080,
           -17.6770],
         ...,
         [ -36.6513,   -0.8048,  -49.2665,  ...,  -49.5350,   40.4461,
           -13.9568],
         [ -65.7643,   -4.0168,  -70.8564,  ...,  -54.4212,   59.7210,
           -22.1401],
         [ -58.8401,   15.4629,  -98.0760,  ...,  -89.4414,   78.7210,
           -18.7069]]]), 'rvq_quantizer.layers.1._codebook.initted': tensor([1.]), 'rvq_quantizer.layers.1._codebook.cluster_size': tensor([[2.2000, 2.8351, 4.5160,  ..., 2.4500, 2.8000, 3.3488]]), 'rvq_quantizer.layers.1._codebook.embed_avg': tensor([[[-13.0312,   4.3212,  -5.0718,  ...,  -6.4864,  10.6964,  -2.8849],
         [-10.8022,   4.1284,  -5.0819,  ...,  -9.1205,   7.0255,  -6.4537],
         [ -6.0953,   2.5612,  -6.9435,  ...,   6.3188,  10.9127,  -7.7760],
         ...,
         [ -9.6376,  -1.6718,  -2.3319,  ...,   2.6427,   5.0402,  -5.8722],
         [-14.9087,   3.6627,   3.1780,  ...,  11.0179,  18.9159,  -3.2676],
         [ -5.1599,  -5.5846,  -1.4548,  ...,  18.0515,  -0.4207,  -3.0220]]]), 'rvq_quantizer.layers.1._codebook.embed': tensor([[[-5.9233,  1.9642, -2.3053,  ..., -2.9483,  4.8620, -1.3113],
         [-3.8102,  1.4562, -1.7925,  ..., -3.2170,  2.4780, -2.2764],
         [-1.3497,  0.5671, -1.5375,  ...,  1.3992,  2.4165, -1.7219],
         ...,
         [-3.9337, -0.6824, -0.9518,  ...,  1.0786,  2.0572, -2.3968],
         [-5.3245,  1.3081,  1.1350,  ...,  3.9350,  6.7557, -1.1670],
         [-1.5408, -1.6676, -0.4344,  ...,  5.3905, -0.1256, -0.9024]]]), 'rvq_quantizer.layers.2._codebook.initted': tensor([1.]), 'rvq_quantizer.layers.2._codebook.cluster_size': tensor([[4.3572, 2.2900, 2.5137,  ..., 2.0000, 2.0000, 3.8577]]), 'rvq_quantizer.layers.2._codebook.embed_avg': tensor([[[  2.6168, -20.2311,   7.5056,  ...,  -1.3036,   6.9540,   8.8921],
         [ -0.6356,  -7.1671,   8.7192,  ...,   4.0496,   1.3495,   1.3736],
         [ -3.0678,  -3.7601,  -3.3995,  ...,  -2.8117,   6.1323,  -3.2553],
         ...,
         [ -0.5254,   0.6074,   2.1884,  ...,   1.5885,  -0.5604,   3.8625],
         [ -3.3513,   0.7516,   0.6750,  ...,   1.6276,  -0.5963,  -2.6849],
         [  0.2841,  -2.8313,   0.8443,  ...,  -4.5830,  -1.1996,   4.6794]]]), 'rvq_quantizer.layers.2._codebook.embed': tensor([[[ 0.6006, -4.6432,  1.7226,  ..., -0.2992,  1.5960,  2.0408],
         [-0.2776, -3.1297,  3.8075,  ...,  1.7684,  0.5893,  0.5998],
         [-1.2204, -1.4958, -1.3524,  ..., -1.1185,  2.4395, -1.2950],
         ...,
         [-0.2627,  0.3037,  1.0942,  ...,  0.7942, -0.2802,  1.9312],
         [-1.6757,  0.3758,  0.3375,  ...,  0.8138, -0.2981, -1.3424],
         [ 0.0737, -0.7339,  0.2189,  ..., -1.1880, -0.3110,  1.2130]]]), 'rvq_quantizer.layers.3._codebook.initted': tensor([1.]), 'rvq_quantizer.layers.3._codebook.cluster_size': tensor([[2.8147, 2.0000, 2.1000,  ..., 2.2620, 2.5120, 2.0000]]), 'rvq_quantizer.layers.3._codebook.embed_avg': tensor([[[  6.1108,   5.6710,  -6.8983,  ..., -11.2595,  -5.2555,  -2.9700],
         [ -1.8178,   6.6934,   0.4722,  ...,  -3.6311,   1.2234,  -0.3965],
         [  4.3069,  -0.2025,  -4.4860,  ...,   0.2735,   2.5004,  -0.1277],
         ...,
         [ -2.5312,   2.7038,  -1.1614,  ...,   0.8400,   0.6475,  -1.9525],
         [ -1.7628,  -1.8155,   6.8878,  ...,   3.8183,  -1.7623,   1.6108],
         [  1.3076,  -4.0539,   5.4065,  ...,  -6.1171,  -4.2526,   0.5124]]]), 'rvq_quantizer.layers.3._codebook.embed': tensor([[[ 2.1710,  2.0147, -2.4508,  ..., -4.0002, -1.8671, -1.0551],
         [-0.9089,  3.3467,  0.2361,  ..., -1.8156,  0.6117, -0.1982],
         [ 2.0509, -0.0964, -2.1362,  ...,  0.1302,  1.1907, -0.0608],
         ...,
         [-1.1190,  1.1953, -0.5134,  ...,  0.3714,  0.2862, -0.8632],
         [-0.7018, -0.7227,  2.7420,  ...,  1.5200, -0.7015,  0.6413],
         [ 0.6538, -2.0269,  2.7032,  ..., -3.0585, -2.1263,  0.2562]]])})
Loss:  tensor(9.5170, grad_fn=<MeanBackward0>)
OrderedDict({'rvq_quantizer.project_in.weight': tensor([[ 0.1255,  0.0667,  0.1169,  ...,  0.0971,  0.0421,  0.1220],
        [ 0.0043,  0.1149, -0.0208,  ..., -0.0196,  0.0274, -0.0933],
        [ 0.0752, -0.1602, -0.0363,  ...,  0.0779,  0.0886,  0.2146],
        ...,
        [ 0.0411, -0.1413, -0.0552,  ...,  0.1727,  0.2180,  0.1022],
        [-0.1141,  0.0216, -0.1411,  ...,  0.0315, -0.0232,  0.0661],
        [ 0.0366,  0.0686,  0.0726,  ...,  0.0597, -0.0757, -0.0301]]), 'rvq_quantizer.project_in.bias': tensor([ 0.0491,  0.1748, -0.1437, -0.1025, -0.0626, -0.0773,  0.1477, -0.1256,
        -0.0906,  0.1739,  0.0634,  0.1165, -0.0688,  0.0819, -0.0645,  0.1085,
         0.1506,  0.0279, -0.1967,  0.1843, -0.1285, -0.0243, -0.1934,  0.0119,
         0.0854,  0.0693,  0.0353,  0.0149, -0.1510, -0.1380, -0.0375,  0.0128]), 'rvq_quantizer.project_out.weight': tensor([[-0.0815,  0.1727, -0.0148,  ...,  0.1287, -0.0939, -0.1531],
        [ 0.0183, -0.1208,  0.1509,  ..., -0.1265,  0.0730, -0.0623],
        [-0.0936,  0.0389, -0.1234,  ...,  0.0668, -0.0210,  0.1376],
        ...,
        [ 0.0620, -0.1746,  0.0423,  ..., -0.0158,  0.1481, -0.0877],
        [-0.0183, -0.0650, -0.0248,  ...,  0.0933, -0.0601, -0.0218],
        [-0.1321, -0.1601, -0.0124,  ..., -0.0062, -0.0595, -0.1735]]), 'rvq_quantizer.project_out.bias': tensor([-0.1325, -0.1298,  0.1105, -0.0047, -0.0939, -0.0475, -0.1619,  0.1762,
        -0.0832,  0.0768,  0.0778,  0.1731, -0.0281, -0.1593, -0.0284, -0.0098,
        -0.1415, -0.0457, -0.0575, -0.1438, -0.0401,  0.1346,  0.0530,  0.1138,
        -0.1113,  0.1297,  0.1565, -0.0831,  0.0719, -0.1018,  0.0382,  0.1418,
         0.0541,  0.0914, -0.0196,  0.0149, -0.1340, -0.1024, -0.0020, -0.0946,
        -0.0163,  0.0172, -0.0827,  0.0442,  0.0316,  0.1223, -0.1414,  0.1619,
        -0.1512,  0.0501,  0.0878, -0.0692, -0.1058,  0.0113,  0.1297, -0.0977,
        -0.0705, -0.0886,  0.0652,  0.1578, -0.1560, -0.0265,  0.0297,  0.1308]), 'rvq_quantizer.layers.0._codebook.initted': tensor([1.]), 'rvq_quantizer.layers.0._codebook.cluster_size': tensor([[2.1045, 2.0000, 4.8843,  ..., 2.1789, 3.3000, 2.0000]]), 'rvq_quantizer.layers.0._codebook.embed_avg': tensor([[[ -84.2968,   -6.5825,  -89.1335,  ...,  -69.5614,   69.5165,
           -15.4453],
         [-143.4072,   38.4936, -248.8963,  ..., -213.0085,  184.9834,
           -37.6744],
         [-269.1511,   72.9896, -443.3163,  ..., -424.8390,  337.0552,
           -86.3396],
         ...,
         [ -79.8599,   -1.7536, -107.3474,  ..., -107.9322,   88.1283,
           -30.4107],
         [-219.0430,   -9.5848, -230.5104,  ..., -183.7101,  204.0287,
           -75.0712],
         [-149.5641,   47.0417, -271.9334,  ..., -227.9027,  179.9435,
           -44.3013]]]), 'rvq_quantizer.layers.0._codebook.embed': tensor([[[ -40.0553,   -3.1278,  -42.3536,  ...,  -33.0535,   33.0321,
            -7.3392],
         [ -71.7036,   19.2468, -124.4482,  ..., -106.5042,   92.4917,
           -18.8372],
         [ -55.1054,   14.9437,  -90.7636,  ...,  -86.9807,   69.0080,
           -17.6770],
         ...,
         [ -36.6513,   -0.8048,  -49.2665,  ...,  -49.5349,   40.4461,
           -13.9568],
         [ -66.3767,   -2.9045,  -69.8517,  ...,  -55.6697,   61.8269,
           -22.7488],
         [ -74.7820,   23.5209, -135.9667,  ..., -113.9513,   89.9718,
           -22.1506]]]), 'rvq_quantizer.layers.1._codebook.initted': tensor([1.]), 'rvq_quantizer.layers.1._codebook.cluster_size': tensor([[2.6800, 2.6516, 4.1644,  ..., 3.2050, 3.6200, 3.4139]]), 'rvq_quantizer.layers.1._codebook.embed_avg': tensor([[[-14.8893,   4.4664,  -5.7183,  ...,  -7.0939,  12.8558,  -3.9215],
         [-10.0420,   3.5663,  -4.7688,  ...,  -8.4961,   6.8738,  -6.2966],
         [ -5.9084,   2.2979,  -6.7126,  ...,   5.6352,   9.6067,  -7.5484],
         ...,
         [-12.5791,  -1.4776,  -2.8235,  ...,   3.1788,   7.1870,  -6.8136],
         [-20.5606,   3.9817,   3.8272,  ...,  13.8108,  22.2604,  -4.0799],
         [ -5.4492,  -6.8169,  -1.4034,  ...,  17.7761,  -0.4230,  -2.8734]]]), 'rvq_quantizer.layers.1._codebook.embed': tensor([[[-5.5557,  1.6666, -2.1337,  ..., -2.6470,  4.7969, -1.4633],
         [-3.7872,  1.3450, -1.7985,  ..., -3.2042,  2.5923, -2.3746],
         [-1.4188,  0.5518, -1.6119,  ...,  1.3532,  2.3069, -1.8126],
         ...,
         [-3.9248, -0.4610, -0.8810,  ...,  0.9918,  2.2424, -2.1259],
         [-5.6797,  1.0999,  1.0572,  ...,  3.8152,  6.1493, -1.1270],
         [-1.5962, -1.9968, -0.4111,  ...,  5.2069, -0.1239, -0.8417]]]), 'rvq_quantizer.layers.2._codebook.initted': tensor([1.]), 'rvq_quantizer.layers.2._codebook.cluster_size': tensor([[3.9215, 2.2610, 2.2624,  ..., 2.0000, 2.2000, 3.6719]]), 'rvq_quantizer.layers.2._codebook.embed_avg': tensor([[[  2.3551, -18.2079,   6.7551,  ...,  -1.1732,   6.2586,   8.0029],
         [ -0.7594,  -6.9427,   8.7322,  ...,   3.6628,   1.1024,   1.6309],
         [ -2.7610,  -3.3841,  -3.0596,  ...,  -2.5305,   5.5191,  -2.9298],
         ...,
         [ -0.2577,   0.3705,   2.2606,  ...,   1.5536,  -0.4741,   3.4798],
         [ -3.9768,   1.4102,   0.2079,  ...,   1.8280,  -1.3270,  -3.4183],
         [  0.1690,  -2.1992,   0.3093,  ...,  -4.4835,  -0.9562,   4.1071]]]), 'rvq_quantizer.layers.2._codebook.embed': tensor([[[ 0.6006, -4.6431,  1.7226,  ..., -0.2992,  1.5960,  2.0408],
         [-0.3359, -3.0706,  3.8621,  ...,  1.6200,  0.4876,  0.7213],
         [-1.2204, -1.4958, -1.3524,  ..., -1.1185,  2.4395, -1.2950],
         ...,
         [-0.1288,  0.1853,  1.1303,  ...,  0.7768, -0.2371,  1.7399],
         [-1.8076,  0.6410,  0.0945,  ...,  0.8309, -0.6032, -1.5538],
         [ 0.0460, -0.5989,  0.0842,  ..., -1.2210, -0.2604,  1.1185]]]), 'rvq_quantizer.layers.3._codebook.initted': tensor([1.]), 'rvq_quantizer.layers.3._codebook.cluster_size': tensor([[2.7333, 2.0000, 2.0000,  ..., 2.5358, 2.3608, 2.0000]]), 'rvq_quantizer.layers.3._codebook.embed_avg': tensor([[[  6.3938,   5.7309,  -6.6626,  ..., -10.9113,  -5.0081,  -3.1004],
         [  0.7826,  -1.5129,  -3.5523,  ...,  -1.1638,  -1.1312,  -1.9772],
         [ -5.7329,  -2.1166,  -6.7480,  ...,  -2.9657,   3.7587,  -2.5070],
         ...,
         [ -3.2150,   3.4168,  -1.6716,  ...,   0.5848,   0.4494,  -2.4024],
         [ -1.7117,  -1.7089,   6.3205,  ...,   3.5418,  -1.6600,   1.8520],
         [ -0.4444,  -0.9508,   5.9103,  ...,   3.0599,  -0.3284,   4.0230]]]), 'rvq_quantizer.layers.3._codebook.embed': tensor([[[ 2.3393,  2.0967, -2.4376,  ..., -3.9920, -1.8323, -1.1343],
         [ 0.3913, -0.7565, -1.7762,  ..., -0.5819, -0.5656, -0.9886],
         [-2.8664, -1.0583, -3.3740,  ..., -1.4829,  1.8794, -1.2535],
         ...,
         [-1.2678,  1.3474, -0.6592,  ...,  0.2306,  0.1772, -0.9474],
         [-0.7251, -0.7239,  2.6773,  ...,  1.5003, -0.7032,  0.7845],
         [-0.2222, -0.4754,  2.9551,  ...,  1.5300, -0.1642,  2.0115]]])})
Loss:  tensor(8.9811, grad_fn=<MeanBackward0>)
OrderedDict({'rvq_quantizer.project_in.weight': tensor([[ 0.1301,  0.0738,  0.1234,  ...,  0.1032,  0.0482,  0.1281],
        [-0.0008,  0.1224, -0.0141,  ..., -0.0204,  0.0265, -0.0946],
        [ 0.0850, -0.1635, -0.0469,  ...,  0.0867,  0.0976,  0.2237],
        ...,
        [ 0.0507, -0.1499, -0.0656,  ...,  0.1800,  0.2254,  0.1100],
        [-0.1225,  0.0147, -0.1452,  ...,  0.0236, -0.0312,  0.0580],
        [ 0.0355,  0.0732,  0.0798,  ...,  0.0631, -0.0723, -0.0270]]), 'rvq_quantizer.project_in.bias': tensor([ 0.0437,  0.1784, -0.1534, -0.1119, -0.0583, -0.0784,  0.1501, -0.1263,
        -0.0976,  0.1830,  0.0557,  0.1261, -0.0759,  0.0768, -0.0731,  0.1068,
         0.1569,  0.0339, -0.2043,  0.1898, -0.1337, -0.0327, -0.2018,  0.0202,
         0.0845,  0.0764,  0.0284,  0.0206, -0.1540, -0.1474, -0.0291,  0.0121]), 'rvq_quantizer.project_out.weight': tensor([[-0.0815,  0.1727, -0.0148,  ...,  0.1287, -0.0939, -0.1531],
        [ 0.0183, -0.1208,  0.1509,  ..., -0.1265,  0.0730, -0.0623],
        [-0.0936,  0.0389, -0.1234,  ...,  0.0668, -0.0210,  0.1376],
        ...,
        [ 0.0620, -0.1746,  0.0423,  ..., -0.0158,  0.1481, -0.0877],
        [-0.0183, -0.0650, -0.0248,  ...,  0.0933, -0.0601, -0.0218],
        [-0.1321, -0.1601, -0.0124,  ..., -0.0062, -0.0595, -0.1735]]), 'rvq_quantizer.project_out.bias': tensor([-0.1325, -0.1298,  0.1105, -0.0047, -0.0939, -0.0475, -0.1619,  0.1762,
        -0.0832,  0.0768,  0.0778,  0.1731, -0.0281, -0.1593, -0.0284, -0.0098,
        -0.1415, -0.0457, -0.0575, -0.1438, -0.0401,  0.1346,  0.0530,  0.1138,
        -0.1113,  0.1297,  0.1565, -0.0831,  0.0719, -0.1018,  0.0382,  0.1418,
         0.0541,  0.0914, -0.0196,  0.0149, -0.1340, -0.1024, -0.0020, -0.0946,
        -0.0163,  0.0172, -0.0827,  0.0442,  0.0316,  0.1223, -0.1414,  0.1619,
        -0.1512,  0.0501,  0.0878, -0.0692, -0.1058,  0.0113,  0.1297, -0.0977,
        -0.0705, -0.0886,  0.0652,  0.1578, -0.1560, -0.0265,  0.0297,  0.1308]), 'rvq_quantizer.layers.0._codebook.initted': tensor([1.]), 'rvq_quantizer.layers.0._codebook.cluster_size': tensor([[2.0000, 2.0000, 4.3959,  ..., 2.0000, 3.0700, 2.0000]]), 'rvq_quantizer.layers.0._codebook.embed_avg': tensor([[[-151.4186,   29.3612, -229.1229,  ..., -183.0885,  179.3107,
           -45.3443],
         [-171.2251,   35.3589, -254.7054,  ..., -213.3023,  197.8286,
           -64.7190],
         [-242.2360,   65.6906, -398.9846,  ..., -382.3551,  303.3497,
           -77.7056],
         ...,
         [-164.0311,   46.8885, -258.1305,  ..., -220.4966,  207.1664,
           -52.6416],
         [-204.1076,   -8.9143, -215.1723,  ..., -170.8972,  190.3423,
           -69.7340],
         [-173.4918,   16.7493, -166.9498,  ..., -123.1818,  183.3089,
           -45.9114]]]), 'rvq_quantizer.layers.0._codebook.embed': tensor([[[ -75.7093,   14.6806, -114.5614,  ...,  -91.5442,   89.6554,
           -22.6721],
         [ -85.6125,   17.6794, -127.3527,  ..., -106.6511,   98.9143,
           -32.3595],
         [ -55.1054,   14.9437,  -90.7636,  ...,  -86.9806,   69.0080,
           -17.6770],
         ...,
         [ -82.0155,   23.4442, -129.0653,  ..., -110.2483,  103.5832,
           -26.3208],
         [ -66.4846,   -2.9037,  -70.0887,  ...,  -55.6669,   62.0008,
           -22.7147],
         [ -86.7459,    8.3747,  -83.4749,  ...,  -61.5909,   91.6544,
           -22.9557]]]), 'rvq_quantizer.layers.1._codebook.initted': tensor([1.]), 'rvq_quantizer.layers.1._codebook.cluster_size': tensor([[2.4120, 2.4864, 3.8480,  ..., 3.1845, 4.2580, 3.3725]]), 'rvq_quantizer.layers.1._codebook.embed_avg': tensor([[[-13.4003,   4.0198,  -5.1465,  ...,  -6.3845,  11.5702,  -3.5294],
         [ -9.5991,   3.6601,  -4.6012,  ...,  -8.2016,   6.5907,  -6.0144],
         [ -5.7333,   2.0315,  -6.5661,  ...,   4.9668,   8.4609,  -7.2743],
         ...,
         [-11.7972,  -1.6511,  -3.6457,  ...,   2.3785,   7.4702,  -6.3762],
         [-23.3190,   4.4990,   5.4173,  ...,  16.1402,  26.4756,  -4.0082],
         [ -5.6313,  -8.1811,  -1.4729,  ...,  16.8734,  -1.1088,  -2.9305]]]), 'rvq_quantizer.layers.1._codebook.embed': tensor([[[-5.5557,  1.6666, -2.1337,  ..., -2.6470,  4.7969, -1.4633],
         [-3.8606,  1.4720, -1.8505,  ..., -3.2986,  2.6506, -2.4189],
         [-1.4900,  0.5279, -1.7064,  ...,  1.2908,  2.1988, -1.8904],
         ...,
         [-3.7046, -0.5185, -1.1448,  ...,  0.7469,  2.3458, -2.0023],
         [-5.4765,  1.0566,  1.2723,  ...,  3.7906,  6.2179, -0.9413],
         [-1.6698, -2.4258, -0.4367,  ...,  5.0032, -0.3288, -0.8689]]]), 'rvq_quantizer.layers.2._codebook.initted': tensor([1.]), 'rvq_quantizer.layers.2._codebook.cluster_size': tensor([[3.6293, 2.2349, 2.2361,  ..., 2.0000, 2.7800, 3.7048]]), 'rvq_quantizer.layers.2._codebook.embed_avg': tensor([[[ 1.9105e+00, -1.6766e+01,  6.1506e+00,  ..., -9.6973e-01,
           5.6529e+00,  7.4752e+00],
         [-1.1341e+00, -6.7559e+00,  8.4650e+00,  ...,  3.4857e+00,
           1.1419e+00,  2.1188e+00],
         [-2.8248e+00, -3.6183e+00, -3.8191e+00,  ..., -2.6640e+00,
           5.2769e+00, -2.7138e+00],
         ...,
         [ 7.3176e-02,  3.1049e-01,  2.4066e+00,  ...,  1.3972e+00,
          -6.9015e-01,  3.1849e+00],
         [-4.8453e+00,  2.4859e+00,  8.1846e-03,  ...,  2.9629e+00,
          -1.4487e+00, -4.8574e+00],
         [ 8.0975e-01, -1.9311e+00, -1.0044e-01,  ..., -4.6744e+00,
          -1.1885e+00,  3.6110e+00]]]), 'rvq_quantizer.layers.2._codebook.embed': tensor([[[ 5.2641e-01, -4.6196e+00,  1.6947e+00,  ..., -2.6719e-01,
           1.5576e+00,  2.0597e+00],
         [-5.0745e-01, -3.0229e+00,  3.7876e+00,  ...,  1.5597e+00,
           5.1096e-01,  9.4803e-01],
         [-1.2632e+00, -1.6181e+00, -1.7079e+00,  ..., -1.1913e+00,
           2.3598e+00, -1.2136e+00],
         ...,
         [ 3.6588e-02,  1.5524e-01,  1.2033e+00,  ...,  6.9859e-01,
          -3.4508e-01,  1.5924e+00],
         [-1.7429e+00,  8.9419e-01,  2.9441e-03,  ...,  1.0658e+00,
          -5.2111e-01, -1.7473e+00],
         [ 2.1857e-01, -5.2126e-01, -2.7110e-02,  ..., -1.2617e+00,
          -3.2080e-01,  9.7469e-01]]]), 'rvq_quantizer.layers.3._codebook.initted': tensor([1.]), 'rvq_quantizer.layers.3._codebook.cluster_size': tensor([[3.0599, 2.0000, 2.0000,  ..., 2.2822, 2.1247, 2.0000]]), 'rvq_quantizer.layers.3._codebook.embed_avg': tensor([[[  7.7918,   5.6988,  -6.5234,  ..., -10.7492,  -4.5915,  -3.5844],
         [  1.9972,   3.1930,   2.1461,  ...,   0.9979,  -0.0282,   4.5626],
         [  1.6230,   0.3393,  -2.5260,  ...,  -0.0407,  -1.1265,   2.6963],
         ...,
         [ -2.8935,   3.0751,  -1.5045,  ...,   0.5263,   0.4044,  -2.1621],
         [ -1.5406,  -1.5380,   5.6884,  ...,   3.1877,  -1.4940,   1.6668],
         [ -0.6886,  -0.6377,   5.7130,  ...,   3.1193,  -0.3384,   4.1499]]]), 'rvq_quantizer.layers.3._codebook.embed': tensor([[[ 2.5464,  1.8624, -2.1319,  ..., -3.5129, -1.5005, -1.1714],
         [ 0.9986,  1.5965,  1.0730,  ...,  0.4989, -0.0141,  2.2813],
         [ 0.8115,  0.1697, -1.2630,  ..., -0.0204, -0.5633,  1.3481],
         ...,
         [-1.2678,  1.3474, -0.6592,  ...,  0.2306,  0.1772, -0.9474],
         [-0.7251, -0.7239,  2.6773,  ...,  1.5003, -0.7032,  0.7845],
         [-0.3443, -0.3188,  2.8565,  ...,  1.5596, -0.1692,  2.0750]]])})
Loss:  tensor(8.6132, grad_fn=<MeanBackward0>)
OrderedDict({'rvq_quantizer.project_in.weight': tensor([[ 0.1348,  0.0812,  0.1300,  ...,  0.1095,  0.0544,  0.1342],
        [-0.0060,  0.1300, -0.0074,  ..., -0.0214,  0.0254, -0.0960],
        [ 0.0948, -0.1655, -0.0575,  ...,  0.0954,  0.1064,  0.2327],
        ...,
        [ 0.0602, -0.1584, -0.0760,  ...,  0.1869,  0.2324,  0.1177],
        [-0.1308,  0.0072, -0.1489,  ...,  0.0156, -0.0391,  0.0498],
        [ 0.0343,  0.0782,  0.0869,  ...,  0.0664, -0.0689, -0.0240]]), 'rvq_quantizer.project_in.bias': tensor([ 0.0382,  0.1822, -0.1630, -0.1213, -0.0541, -0.0795,  0.1524, -0.1271,
        -0.1044,  0.1921,  0.0480,  0.1356, -0.0831,  0.0718, -0.0817,  0.1048,
         0.1632,  0.0397, -0.2120,  0.1953, -0.1389, -0.0410, -0.2101,  0.0285,
         0.0836,  0.0835,  0.0216,  0.0262, -0.1570, -0.1566, -0.0207,  0.0114]), 'rvq_quantizer.project_out.weight': tensor([[-0.0815,  0.1727, -0.0148,  ...,  0.1287, -0.0939, -0.1531],
        [ 0.0183, -0.1208,  0.1509,  ..., -0.1265,  0.0730, -0.0623],
        [-0.0936,  0.0389, -0.1234,  ...,  0.0668, -0.0210,  0.1376],
        ...,
        [ 0.0620, -0.1746,  0.0423,  ..., -0.0158,  0.1481, -0.0877],
        [-0.0183, -0.0650, -0.0248,  ...,  0.0933, -0.0601, -0.0218],
        [-0.1321, -0.1601, -0.0124,  ..., -0.0062, -0.0595, -0.1735]]), 'rvq_quantizer.project_out.bias': tensor([-0.1325, -0.1298,  0.1105, -0.0047, -0.0939, -0.0475, -0.1619,  0.1762,
        -0.0832,  0.0768,  0.0778,  0.1731, -0.0281, -0.1593, -0.0284, -0.0098,
        -0.1415, -0.0457, -0.0575, -0.1438, -0.0401,  0.1346,  0.0530,  0.1138,
        -0.1113,  0.1297,  0.1565, -0.0831,  0.0719, -0.1018,  0.0382,  0.1418,
         0.0541,  0.0914, -0.0196,  0.0149, -0.1340, -0.1024, -0.0020, -0.0946,
        -0.0163,  0.0172, -0.0827,  0.0442,  0.0316,  0.1223, -0.1414,  0.1619,
        -0.1512,  0.0501,  0.0878, -0.0692, -0.1058,  0.0113,  0.1297, -0.0977,
        -0.0705, -0.0886,  0.0652,  0.1578, -0.1560, -0.0265,  0.0297,  0.1308]), 'rvq_quantizer.layers.0._codebook.initted': tensor([1.]), 'rvq_quantizer.layers.0._codebook.cluster_size': tensor([[2.3000, 2.0000, 3.9563,  ..., 2.1000, 2.7630, 2.0000]]), 'rvq_quantizer.layers.0._codebook.embed_avg': tensor([[[-174.2052,   30.6845, -261.3261,  ..., -212.5669,  205.1791,
           -53.2998],
         [-170.5145,   49.3983, -287.0993,  ..., -254.3752,  221.5479,
           -63.5394],
         [-218.0124,   59.1215, -359.0862,  ..., -344.1196,  273.0147,
           -69.9351],
         ...,
         [-172.5773,   47.8197, -269.5531,  ..., -230.3401,  218.4221,
           -55.4551],
         [-183.6968,   -8.0229, -193.6550,  ..., -153.8075,  171.3081,
           -62.7606],
         [-174.4541,   16.7761, -166.4873,  ..., -122.9190,  183.9079,
           -45.9394]]]), 'rvq_quantizer.layers.0._codebook.embed': tensor([[[ -75.7413,   13.3411, -113.6199,  ...,  -92.4203,   89.2082,
           -23.1738],
         [ -85.2572,   24.6991, -143.5496,  ..., -127.1876,  110.7739,
           -31.7697],
         [ -55.1054,   14.9437,  -90.7636,  ...,  -86.9806,   69.0079,
           -17.6770],
         ...,
         [ -82.1795,   22.7712, -128.3584,  ..., -109.6856,  104.0104,
           -26.4072],
         [ -66.4845,   -2.9037,  -70.0887,  ...,  -55.6668,   62.0007,
           -22.7146],
         [ -87.2269,    8.3880,  -83.2435,  ...,  -61.4594,   91.9538,
           -22.9697]]]), 'rvq_quantizer.layers.1._codebook.initted': tensor([1.]), 'rvq_quantizer.layers.1._codebook.cluster_size': tensor([[2.2708, 2.2378, 3.4632,  ..., 3.0661, 4.4322, 3.2353]]), 'rvq_quantizer.layers.1._codebook.embed_avg': tensor([[[-12.9972,   3.9944,  -5.8283,  ...,  -5.8882,  11.0828,  -3.7436],
         [ -8.6392,   3.2941,  -4.1411,  ...,  -7.3815,   5.9316,  -5.4130],
         [ -5.1600,   1.8283,  -5.9095,  ...,   4.4701,   7.6149,  -6.5469],
         ...,
         [-10.9734,  -1.8592,  -4.0431,  ...,   2.3441,   7.2845,  -6.6013],
         [-23.3343,   4.7284,   5.3965,  ...,  17.0505,  27.4080,  -3.6246],
         [ -5.4119,  -7.6409,  -1.8599,  ...,  16.1455,  -0.6091,  -2.5526]]]), 'rvq_quantizer.layers.1._codebook.embed': tensor([[[-5.7236,  1.7590, -2.5666,  ..., -2.5930,  4.8806, -1.6486],
         [-3.8606,  1.4720, -1.8505,  ..., -3.2986,  2.6506, -2.4189],
         [-1.4900,  0.5279, -1.7064,  ...,  1.2908,  2.1988, -1.8904],
         ...,
         [-3.5790, -0.6064, -1.3187,  ...,  0.7645,  2.3759, -2.1530],
         [-5.2647,  1.0668,  1.2176,  ...,  3.8470,  6.1838, -0.8178],
         [-1.6728, -2.3617, -0.5749,  ...,  4.9905, -0.1883, -0.7890]]]), 'rvq_quantizer.layers.2._codebook.initted': tensor([1.]), 'rvq_quantizer.layers.2._codebook.cluster_size': tensor([[3.3664, 2.1114, 2.5125,  ..., 2.0000, 2.7020, 3.8343]]), 'rvq_quantizer.layers.2._codebook.embed_avg': tensor([[[  1.6555, -15.5567,   5.8351,  ...,  -1.2501,   5.5328,   7.3190],
         [ -0.9663,  -6.4903,   7.9915,  ...,   3.4362,   1.2590,   2.2158],
         [ -3.0386,  -4.0125,  -4.8809,  ...,  -3.2223,   6.9311,  -2.8374],
         ...,
         [  1.7692,   1.5765,   5.3487,  ...,   4.4100,  -1.9117,   1.3524],
         [ -4.5526,   3.0897,  -0.3174,  ...,   3.0615,  -1.0567,  -4.5882],
         [  1.5769,  -1.6797,   0.1054,  ...,  -5.8904,  -0.9707,   3.9481]]]), 'rvq_quantizer.layers.2._codebook.embed': tensor([[[ 0.4918, -4.6212,  1.7333,  ..., -0.3713,  1.6436,  2.1741],
         [-0.4577, -3.0739,  3.7849,  ...,  1.6274,  0.5963,  1.0494],
         [-1.2094, -1.5970, -1.9426,  ..., -1.2825,  2.7586, -1.1293],
         ...,
         [ 0.8846,  0.7883,  2.6744,  ...,  2.2050, -0.9559,  0.6762],
         [-1.6849,  1.1435, -0.1175,  ...,  1.1331, -0.3911, -1.6981],
         [ 0.4113, -0.4381,  0.0275,  ..., -1.5362, -0.2532,  1.0297]]]), 'rvq_quantizer.layers.3._codebook.initted': tensor([1.]), 'rvq_quantizer.layers.3._codebook.cluster_size': tensor([[3.0539, 2.1000, 2.2000,  ..., 2.2540, 2.0122, 2.0000]]), 'rvq_quantizer.layers.3._codebook.embed_avg': tensor([[[  7.0336,   6.2249,  -6.1235,  ..., -11.5274,  -3.6598,  -3.4259],
         [  1.9466,   3.1498,   2.7079,  ...,   0.7708,   0.2468,   4.6351],
         [  1.3447,  -0.0595,  -3.3904,  ...,  -0.4615,  -0.1040,   3.0495],
         ...,
         [ -3.2547,   2.8037,  -1.2114,  ...,   0.9517,   0.2645,  -2.3661],
         [ -1.8552,  -1.2739,   5.4415,  ...,   3.0862,  -1.4275,   1.7056],
         [  1.4935,   1.6886,   1.3896,  ...,  -3.3474,   0.6352,   3.1046]]]), 'rvq_quantizer.layers.3._codebook.embed': tensor([[[ 2.3031,  2.0383, -2.0051,  ..., -3.7746, -1.1984, -1.1218],
         [ 0.9269,  1.4999,  1.2895,  ...,  0.3670,  0.1175,  2.2072],
         [ 0.6112, -0.0270, -1.5411,  ..., -0.2098, -0.0473,  1.3861],
         ...,
         [-1.4440,  1.2439, -0.5375,  ...,  0.4222,  0.1174, -1.0497],
         [-0.9219, -0.6331,  2.7042,  ...,  1.5337, -0.7094,  0.8476],
         [ 0.7467,  0.8443,  0.6948,  ..., -1.6737,  0.3176,  1.5523]]])})
Loss:  tensor(8.2334, grad_fn=<MeanBackward0>)
OrderedDict({'rvq_quantizer.project_in.weight': tensor([[ 0.1395,  0.0889,  0.1366,  ...,  0.1157,  0.0606,  0.1403],
        [-0.0114,  0.1375, -0.0007,  ..., -0.0225,  0.0241, -0.0976],
        [ 0.1045, -0.1663, -0.0682,  ...,  0.1039,  0.1149,  0.2415],
        ...,
        [ 0.0697, -0.1669, -0.0866,  ...,  0.1936,  0.2392,  0.1252],
        [-0.1392, -0.0008, -0.1521,  ...,  0.0077, -0.0470,  0.0417],
        [ 0.0330,  0.0835,  0.0940,  ...,  0.0696, -0.0655, -0.0211]]), 'rvq_quantizer.project_in.bias': tensor([ 0.0327,  0.1861, -0.1726, -0.1308, -0.0500, -0.0807,  0.1548, -0.1280,
        -0.1112,  0.2011,  0.0404,  0.1450, -0.0903,  0.0670, -0.0902,  0.1025,
         0.1694,  0.0453, -0.2197,  0.2009, -0.1441, -0.0492, -0.2183,  0.0369,
         0.0830,  0.0906,  0.0150,  0.0317, -0.1601, -0.1659, -0.0124,  0.0108]), 'rvq_quantizer.project_out.weight': tensor([[-0.0815,  0.1727, -0.0148,  ...,  0.1287, -0.0939, -0.1531],
        [ 0.0183, -0.1208,  0.1509,  ..., -0.1265,  0.0730, -0.0623],
        [-0.0936,  0.0389, -0.1234,  ...,  0.0668, -0.0210,  0.1376],
        ...,
        [ 0.0620, -0.1746,  0.0423,  ..., -0.0158,  0.1481, -0.0877],
        [-0.0183, -0.0650, -0.0248,  ...,  0.0933, -0.0601, -0.0218],
        [-0.1321, -0.1601, -0.0124,  ..., -0.0062, -0.0595, -0.1735]]), 'rvq_quantizer.project_out.bias': tensor([-0.1325, -0.1298,  0.1105, -0.0047, -0.0939, -0.0475, -0.1619,  0.1762,
        -0.0832,  0.0768,  0.0778,  0.1731, -0.0281, -0.1593, -0.0284, -0.0098,
        -0.1415, -0.0457, -0.0575, -0.1438, -0.0401,  0.1346,  0.0530,  0.1138,
        -0.1113,  0.1297,  0.1565, -0.0831,  0.0719, -0.1018,  0.0382,  0.1418,
         0.0541,  0.0914, -0.0196,  0.0149, -0.1340, -0.1024, -0.0020, -0.0946,
        -0.0163,  0.0172, -0.0827,  0.0442,  0.0316,  0.1223, -0.1414,  0.1619,
        -0.1512,  0.0501,  0.0878, -0.0692, -0.1058,  0.0113,  0.1297, -0.0977,
        -0.0705, -0.0886,  0.0652,  0.1578, -0.1560, -0.0265,  0.0297,  0.1308]), 'rvq_quantizer.layers.0._codebook.initted': tensor([1.]), 'rvq_quantizer.layers.0._codebook.cluster_size': tensor([[2.3700, 2.0000, 3.5607,  ..., 2.0000, 2.4867, 2.0000]]), 'rvq_quantizer.layers.0._codebook.embed_avg': tensor([[[-181.5961,   29.8185, -267.4634,  ..., -219.0126,  212.3424,
           -55.3307],
         [-193.5491,   31.2748, -195.8992,  ..., -161.4559,  204.4697,
           -40.4049],
         [-196.2111,   53.2094, -323.1775,  ..., -309.7076,  245.7133,
           -62.9415],
         ...,
         [-165.1391,    5.6445, -185.0180,  ..., -151.5762,  172.2138,
           -51.3893],
         [-165.3271,   -7.2206, -174.2895,  ..., -138.4268,  154.1772,
           -56.4845],
         [-204.2944,   66.4906, -307.5223,  ..., -273.1211,  265.1326,
           -60.8177]]]), 'rvq_quantizer.layers.0._codebook.embed': tensor([[[ -76.6228,   12.5816, -112.8537,  ...,  -92.4103,   89.5959,
           -23.3463],
         [ -96.7745,   15.6374,  -97.9496,  ...,  -80.7279,  102.2348,
           -20.2024],
         [ -55.1054,   14.9437,  -90.7636,  ...,  -86.9806,   69.0079,
           -17.6770],
         ...,
         [ -82.5695,    2.8223,  -92.5090,  ...,  -75.7881,   86.1069,
           -25.6946],
         [ -66.4845,   -2.9037,  -70.0886,  ...,  -55.6668,   62.0007,
           -22.7146],
         [-102.1472,   33.2453, -153.7612,  ..., -136.5605,  132.5663,
           -30.4088]]]), 'rvq_quantizer.layers.1._codebook.initted': tensor([1.]), 'rvq_quantizer.layers.1._codebook.cluster_size': tensor([[2.2437, 2.3140, 3.1168,  ..., 3.0594, 4.2890, 3.0117]]), 'rvq_quantizer.layers.1._codebook.embed_avg': tensor([[[-13.5219,   4.5039,  -5.9721,  ...,  -5.9989,  11.9374,  -3.6162],
         [ -8.8404,   3.2128,  -4.2957,  ...,  -7.9321,   6.6652,  -6.2393],
         [ -4.6440,   1.6455,  -5.3186,  ...,   4.0231,   6.8534,  -5.8922],
         ...,
         [-10.9057,  -1.0263,  -4.1084,  ...,   2.4467,   7.3017,  -6.1119],
         [-22.8958,   4.3432,   5.6310,  ...,  16.4724,  26.2003,  -3.5888],
         [ -5.3083,  -7.7212,  -1.6045,  ...,  14.5798,  -0.6664,  -2.5945]]]), 'rvq_quantizer.layers.1._codebook.embed': tensor([[[-6.0265,  2.0073, -2.6617,  ..., -2.6736,  5.3203, -1.6117],
         [-3.8204,  1.3884, -1.8564,  ..., -3.4279,  2.8804, -2.6963],
         [-1.4900,  0.5279, -1.7064,  ...,  1.2908,  2.1988, -1.8904],
         ...,
         [-3.5646, -0.3355, -1.3428,  ...,  0.7997,  2.3866, -1.9977],
         [-5.3383,  1.0126,  1.3129,  ...,  3.8406,  6.1088, -0.8368],
         [-1.7625, -2.5637, -0.5328,  ...,  4.8410, -0.2213, -0.8615]]]), 'rvq_quantizer.layers.2._codebook.initted': tensor([1.]), 'rvq_quantizer.layers.2._codebook.cluster_size': tensor([[3.0297, 2.0003, 2.2613,  ..., 2.0000, 2.8318, 3.4508]]), 'rvq_quantizer.layers.2._codebook.embed_avg': tensor([[[  1.4899, -14.0010,   5.2516,  ...,  -1.1250,   4.9796,   6.5871],
         [ -1.2767,  -5.9542,   7.4802,  ...,   3.2822,   1.2966,   2.0871],
         [ -2.7347,  -3.6112,  -4.3928,  ...,  -2.9001,   6.2380,  -2.5536],
         ...,
         [  1.9095,   0.7418,   4.2406,  ...,   4.4620,   3.5395,   3.4010],
         [ -4.4854,   3.0034,  -0.2296,  ...,   3.2648,  -0.9118,  -4.8627],
         [  1.4192,  -1.5117,   0.0948,  ...,  -5.3013,  -0.8736,   3.5533]]]), 'rvq_quantizer.layers.2._codebook.embed': tensor([[[ 0.4918, -4.6212,  1.7333,  ..., -0.3713,  1.6436,  2.1741],
         [-0.6383, -2.9767,  3.7396,  ...,  1.6409,  0.6482,  1.0434],
         [-1.2094, -1.5970, -1.9426,  ..., -1.2825,  2.7586, -1.1293],
         ...,
         [ 0.9547,  0.3709,  2.1203,  ...,  2.2310,  1.7698,  1.7005],
         [-1.5840,  1.0606, -0.0811,  ...,  1.1529, -0.3220, -1.7172],
         [ 0.4113, -0.4381,  0.0275,  ..., -1.5362, -0.2532,  1.0297]]]), 'rvq_quantizer.layers.3._codebook.initted': tensor([1.]), 'rvq_quantizer.layers.3._codebook.cluster_size': tensor([[2.7485, 2.0000, 2.3800,  ..., 2.4286, 2.0000, 2.0000]]), 'rvq_quantizer.layers.3._codebook.embed_avg': tensor([[[  6.3303,   5.6024,  -5.5112,  ..., -10.3746,  -3.2938,  -3.0833],
         [ -0.2592,  -0.2885,   2.5971,  ...,   2.5243,  -2.2291,   1.9537],
         [  1.1269,  -0.0692,  -3.8724,  ...,  -0.7948,  -0.4902,   3.8215],
         ...,
         [ -3.6609,   2.7984,  -1.5494,  ...,   0.9745,   0.2400,  -2.6585],
         [  1.0837,   3.6277,  -0.1102,  ...,   2.8411,   0.0879,   1.5194],
         [  1.5970,   2.0569,   1.8653,  ...,  -2.8340,   0.4486,   3.1673]]]), 'rvq_quantizer.layers.3._codebook.embed': tensor([[[ 2.3031,  2.0383, -2.0051,  ..., -3.7746, -1.1984, -1.1218],
         [-0.1296, -0.1442,  1.2985,  ...,  1.2622, -1.1145,  0.9768],
         [ 0.4735, -0.0291, -1.6270,  ..., -0.3339, -0.2060,  1.6057],
         ...,
         [-1.5074,  1.1523, -0.6380,  ...,  0.4013,  0.0988, -1.0946],
         [ 0.5419,  1.8139, -0.0551,  ...,  1.4205,  0.0440,  0.7597],
         [ 0.7985,  1.0284,  0.9326,  ..., -1.4170,  0.2243,  1.5836]]])})
Loss:  tensor(8.1589, grad_fn=<MeanBackward0>)
OrderedDict({'rvq_quantizer.project_in.weight': tensor([[ 1.4424e-01,  9.7014e-02,  1.4310e-01,  ...,  1.2204e-01,
          6.6820e-02,  1.4651e-01],
        [-1.6826e-02,  1.4496e-01,  5.9631e-03,  ..., -2.3941e-02,
          2.2590e-02, -9.9338e-02],
        [ 1.1427e-01, -1.6604e-01, -7.9075e-02,  ...,  1.1213e-01,
          1.2333e-01,  2.5015e-01],
        ...,
        [ 7.9269e-02, -1.7529e-01, -9.7274e-02,  ...,  1.9993e-01,
          2.4561e-01,  1.3240e-01],
        [-1.4754e-01, -9.1612e-03, -1.5491e-01,  ..., -9.2575e-05,
         -5.4880e-02,  3.3658e-02],
        [ 3.1508e-02,  8.9027e-02,  1.0095e-01,  ...,  7.2738e-02,
         -6.2278e-02, -1.8264e-02]]), 'rvq_quantizer.project_in.bias': tensor([ 0.0271,  0.1902, -0.1822, -0.1402, -0.0459, -0.0819,  0.1573, -0.1289,
        -0.1180,  0.2101,  0.0328,  0.1543, -0.0976,  0.0624, -0.0986,  0.1000,
         0.1755,  0.0507, -0.2275,  0.2065, -0.1494, -0.0573, -0.2264,  0.0453,
         0.0824,  0.0977,  0.0086,  0.0371, -0.1633, -0.1751, -0.0040,  0.0104]), 'rvq_quantizer.project_out.weight': tensor([[-0.0815,  0.1727, -0.0148,  ...,  0.1287, -0.0939, -0.1531],
        [ 0.0183, -0.1208,  0.1509,  ..., -0.1265,  0.0730, -0.0623],
        [-0.0936,  0.0389, -0.1234,  ...,  0.0668, -0.0210,  0.1376],
        ...,
        [ 0.0620, -0.1746,  0.0423,  ..., -0.0158,  0.1481, -0.0877],
        [-0.0183, -0.0650, -0.0248,  ...,  0.0933, -0.0601, -0.0218],
        [-0.1321, -0.1601, -0.0124,  ..., -0.0062, -0.0595, -0.1735]]), 'rvq_quantizer.project_out.bias': tensor([-0.1325, -0.1298,  0.1105, -0.0047, -0.0939, -0.0475, -0.1619,  0.1762,
        -0.0832,  0.0768,  0.0778,  0.1731, -0.0281, -0.1593, -0.0284, -0.0098,
        -0.1415, -0.0457, -0.0575, -0.1438, -0.0401,  0.1346,  0.0530,  0.1138,
        -0.1113,  0.1297,  0.1565, -0.0831,  0.0719, -0.1018,  0.0382,  0.1418,
         0.0541,  0.0914, -0.0196,  0.0149, -0.1340, -0.1024, -0.0020, -0.0946,
        -0.0163,  0.0172, -0.0827,  0.0442,  0.0316,  0.1223, -0.1414,  0.1619,
        -0.1512,  0.0501,  0.0878, -0.0692, -0.1058,  0.0113,  0.1297, -0.0977,
        -0.0705, -0.0886,  0.0652,  0.1578, -0.1560, -0.0265,  0.0297,  0.1308]), 'rvq_quantizer.layers.0._codebook.initted': tensor([1.]), 'rvq_quantizer.layers.0._codebook.cluster_size': tensor([[2.1330, 2.0000, 3.2046,  ..., 2.0000, 2.2380, 7.6000]]), 'rvq_quantizer.layers.0._codebook.embed_avg': tensor([[[ -163.4365,    26.8367,  -240.7170,  ...,  -197.1114,
            191.1082,   -49.7976],
         [ -206.5783,    54.7417,  -322.7998,  ...,  -278.5604,
            266.9850,   -73.5655],
         [ -176.5900,    47.8885,  -290.8598,  ...,  -278.7369,
            221.1419,   -56.6474],
         ...,
         [ -193.0869,    20.7589,  -156.1786,  ...,  -107.2841,
            201.2753,   -52.4085],
         [ -148.7944,    -6.4986,  -156.8606,  ...,  -124.5841,
            138.7595,   -50.8361],
         [ -788.3979,   250.8221, -1189.9645,  ..., -1052.4727,
           1014.6960,  -241.3454]]]), 'rvq_quantizer.layers.0._codebook.embed': tensor([[[ -76.6227,   12.5816, -112.8536,  ...,  -92.4103,   89.5958,
           -23.3462],
         [-103.2891,   27.3708, -161.3999,  ..., -139.2802,  133.4925,
           -36.7827],
         [ -55.1054,   14.9437,  -90.7635,  ...,  -86.9805,   69.0079,
           -17.6770],
         ...,
         [ -96.5434,   10.3795,  -78.0893,  ...,  -53.6420,  100.6377,
           -26.2042],
         [ -66.4845,   -2.9037,  -70.0886,  ...,  -55.6668,   62.0007,
           -22.7146],
         [-103.7368,   33.0030, -156.5746,  ..., -138.4835,  133.5129,
           -31.7560]]]), 'rvq_quantizer.layers.1._codebook.initted': tensor([1.]), 'rvq_quantizer.layers.1._codebook.cluster_size': tensor([[2.3193, 2.1826, 3.0052,  ..., 2.9535, 3.9601, 2.8106]]), 'rvq_quantizer.layers.1._codebook.embed_avg': tensor([[[-13.9936,   5.1949,  -6.9410,  ...,  -6.0812,  12.6593,  -3.4542],
         [ -8.5604,   3.5769,  -4.4976,  ...,  -7.5854,   6.1494,  -6.2727],
         [ -4.3679,   1.7530,  -5.1163,  ...,   4.1789,   6.6971,  -5.3162],
         ...,
         [-10.6554,  -0.3628,  -4.2912,  ...,   1.8852,   6.4451,  -5.6647],
         [-21.3227,   3.6522,   5.5722,  ...,  15.3607,  23.9265,  -3.1052],
         [ -4.7400,  -7.7442,  -1.2929,  ...,  13.7568,  -0.7629,  -2.3613]]]), 'rvq_quantizer.layers.1._codebook.embed': tensor([[[-6.0334,  2.2398, -2.9927,  ..., -2.6220,  5.4581, -1.4893],
         [-3.9221,  1.6388, -2.0607,  ..., -3.4754,  2.8175, -2.8740],
         [-1.4535,  0.5833, -1.7025,  ...,  1.3906,  2.2286, -1.7690],
         ...,
         [-3.6077, -0.1228, -1.4529,  ...,  0.6383,  2.1822, -1.9180],
         [-5.3844,  0.9223,  1.4071,  ...,  3.8789,  6.0419, -0.7841],
         [-1.6865, -2.7554, -0.4600,  ...,  4.8946, -0.2715, -0.8402]]]), 'rvq_quantizer.layers.2._codebook.initted': tensor([1.]), 'rvq_quantizer.layers.2._codebook.cluster_size': tensor([[2.7268, 2.0000, 2.1351,  ..., 2.0000, 2.8486, 3.1058]]), 'rvq_quantizer.layers.2._codebook.embed_avg': tensor([[[ 1.3410e+00, -1.2601e+01,  4.7264e+00,  ..., -1.0125e+00,
           4.4816e+00,  5.9284e+00],
         [-6.3839e+00, -4.0612e+00, -6.9486e+00,  ...,  3.1193e+00,
           8.9690e+00,  6.3817e-01],
         [-2.4407e+00, -3.5915e+00, -4.5084e+00,  ..., -2.9414e+00,
           6.0073e+00, -2.5888e+00],
         ...,
         [ 1.3016e+00, -4.6374e+00, -8.8167e-04,  ...,  1.4761e-01,
          -1.0873e+00, -1.2324e+00],
         [-4.8531e+00,  3.3381e+00,  1.4553e-01,  ...,  3.5472e+00,
          -9.8368e-01, -5.3235e+00],
         [ 1.2773e+00, -1.3605e+00,  8.5355e-02,  ..., -4.7712e+00,
          -7.8626e-01,  3.1980e+00]]]), 'rvq_quantizer.layers.2._codebook.embed': tensor([[[ 4.9177e-01, -4.6212e+00,  1.7333e+00,  ..., -3.7133e-01,
           1.6436e+00,  2.1741e+00],
         [-3.1919e+00, -2.0306e+00, -3.4743e+00,  ...,  1.5597e+00,
           4.4845e+00,  3.1908e-01],
         [-1.1431e+00, -1.6821e+00, -2.1115e+00,  ..., -1.3776e+00,
           2.8136e+00, -1.2125e+00],
         ...,
         [ 6.5078e-01, -2.3187e+00, -4.4084e-04,  ...,  7.3806e-02,
          -5.4366e-01, -6.1622e-01],
         [-1.7037e+00,  1.1718e+00,  5.1086e-02,  ...,  1.2452e+00,
          -3.4532e-01, -1.8688e+00],
         [ 4.1126e-01, -4.3807e-01,  2.7483e-02,  ..., -1.5362e+00,
          -2.5316e-01,  1.0297e+00]]]), 'rvq_quantizer.layers.3._codebook.initted': tensor([1.]), 'rvq_quantizer.layers.3._codebook.cluster_size': tensor([[2.4737, 2.0000, 2.2420,  ..., 2.5857, 2.1000, 2.0000]]), 'rvq_quantizer.layers.3._codebook.embed_avg': tensor([[[ 5.6972,  5.0422, -4.9601,  ..., -9.3372, -2.9645, -2.7750],
         [ 0.4287,  1.0708,  0.8865,  ...,  2.2994,  6.1037, -0.7264],
         [ 0.9342, -0.3586, -3.6118,  ..., -1.0475, -0.7564,  3.6707],
         ...,
         [-3.8267,  2.4118, -1.7939,  ...,  1.0131,  0.5170, -2.9157],
         [ 1.5195,  3.6748, -0.5189,  ...,  3.3947, -0.4989,  1.5862],
         [-7.4437, -2.8017, -2.5627,  ..., -6.5227, -5.0183, -1.4722]]]), 'rvq_quantizer.layers.3._codebook.embed': tensor([[[ 2.3031,  2.0383, -2.0051,  ..., -3.7746, -1.1984, -1.1218],
         [ 0.2143,  0.5354,  0.4433,  ...,  1.1497,  3.0518, -0.3632],
         [ 0.4167, -0.1599, -1.6110,  ..., -0.4672, -0.3374,  1.6373],
         ...,
         [-1.4799,  0.9327, -0.6938,  ...,  0.3918,  0.2000, -1.1276],
         [ 0.7235,  1.7499, -0.2471,  ...,  1.6165, -0.2376,  0.7553],
         [-3.7218, -1.4008, -1.2813,  ..., -3.2614, -2.5091, -0.7361]]])})
Loss:  tensor(7.9197, grad_fn=<MeanBackward0>)
OrderedDict({'rvq_quantizer.project_in.weight': tensor([[ 0.1489,  0.1054,  0.1496,  ...,  0.1283,  0.0730,  0.1526],
        [-0.0224,  0.1524,  0.0125,  ..., -0.0256,  0.0208, -0.1013],
        [ 0.1240, -0.1647, -0.0900,  ...,  0.1202,  0.1315,  0.2586],
        ...,
        [ 0.0888, -0.1837, -0.1080,  ...,  0.2060,  0.2518,  0.1394],
        [-0.1558, -0.0180, -0.1571,  ..., -0.0078, -0.0626,  0.0257],
        [ 0.0299,  0.0947,  0.1078,  ...,  0.0757, -0.0591, -0.0156]]), 'rvq_quantizer.project_in.bias': tensor([ 0.0216,  0.1945, -0.1917, -0.1497, -0.0420, -0.0833,  0.1598, -0.1300,
        -0.1247,  0.2191,  0.0254,  0.1635, -0.1049,  0.0581, -0.1069,  0.0974,
         0.1816,  0.0559, -0.2353,  0.2122, -0.1547, -0.0652, -0.2345,  0.0538,
         0.0818,  0.1048,  0.0025,  0.0424, -0.1667, -0.1843,  0.0042,  0.0101]), 'rvq_quantizer.project_out.weight': tensor([[-0.0815,  0.1727, -0.0148,  ...,  0.1287, -0.0939, -0.1531],
        [ 0.0183, -0.1208,  0.1509,  ..., -0.1265,  0.0730, -0.0623],
        [-0.0936,  0.0389, -0.1234,  ...,  0.0668, -0.0210,  0.1376],
        ...,
        [ 0.0620, -0.1746,  0.0423,  ..., -0.0158,  0.1481, -0.0877],
        [-0.0183, -0.0650, -0.0248,  ...,  0.0933, -0.0601, -0.0218],
        [-0.1321, -0.1601, -0.0124,  ..., -0.0062, -0.0595, -0.1735]]), 'rvq_quantizer.project_out.bias': tensor([-0.1325, -0.1298,  0.1105, -0.0047, -0.0939, -0.0475, -0.1619,  0.1762,
        -0.0832,  0.0768,  0.0778,  0.1731, -0.0281, -0.1593, -0.0284, -0.0098,
        -0.1415, -0.0457, -0.0575, -0.1438, -0.0401,  0.1346,  0.0530,  0.1138,
        -0.1113,  0.1297,  0.1565, -0.0831,  0.0719, -0.1018,  0.0382,  0.1418,
         0.0541,  0.0914, -0.0196,  0.0149, -0.1340, -0.1024, -0.0020, -0.0946,
        -0.0163,  0.0172, -0.0827,  0.0442,  0.0316,  0.1223, -0.1414,  0.1619,
        -0.1512,  0.0501,  0.0878, -0.0692, -0.1058,  0.0113,  0.1297, -0.0977,
        -0.0705, -0.0886,  0.0652,  0.1578, -0.1560, -0.0265,  0.0297,  0.1308]), 'rvq_quantizer.layers.0._codebook.initted': tensor([1.]), 'rvq_quantizer.layers.0._codebook.cluster_size': tensor([[2.0000, 2.3000, 2.8841,  ..., 2.0000, 2.0142, 7.6400]]), 'rvq_quantizer.layers.0._codebook.embed_avg': tensor([[[ -218.7387,    70.1640,  -311.4731,  ...,  -266.8708,
            271.8041,   -43.1142],
         [ -239.0468,    62.8156,  -372.4811,  ...,  -320.8597,
            308.9335,   -84.8654],
         [ -158.9310,    43.0996,  -261.7738,  ...,  -250.8632,
            199.0277,   -50.9827],
         ...,
         [ -211.9624,    55.0386,  -341.1880,  ...,  -293.6522,
            278.9597,   -62.2078],
         [ -133.9150,    -5.8487,  -141.1745,  ...,  -112.1257,
            124.8836,   -45.7525],
         [ -793.9789,   247.6796, -1198.5160,  ..., -1059.1851,
           1021.0380,  -244.0963]]]), 'rvq_quantizer.layers.0._codebook.embed': tensor([[[-109.3694,   35.0820, -155.7366,  ..., -133.4354,  135.9021,
           -21.5571],
         [-103.9333,   27.3111, -161.9482,  ..., -139.5041,  134.3188,
           -36.8979],
         [ -55.1054,   14.9437,  -90.7635,  ...,  -86.9805,   69.0079,
           -17.6770],
         ...,
         [-105.9812,   27.5193, -170.5940,  ..., -146.8261,  139.4798,
           -31.1039],
         [ -66.4844,   -2.9037,  -70.0886,  ...,  -55.6668,   62.0006,
           -22.7146],
         [-103.9242,   32.4189, -156.8741,  ..., -138.6371,  133.6440,
           -31.9498]]]), 'rvq_quantizer.layers.1._codebook.initted': tensor([1.]), 'rvq_quantizer.layers.1._codebook.cluster_size': tensor([[2.5874, 2.0000, 2.7046,  ..., 2.6582, 3.5641, 2.5295]]), 'rvq_quantizer.layers.1._codebook.embed_avg': tensor([[[-15.7470,   7.1636,  -7.4348,  ...,  -7.9160,  14.3570,  -3.1086],
         [ -5.7897,   5.1734,   5.5928,  ...,   7.6897,   9.8924,  -0.1400],
         [ -3.9312,   1.5777,  -4.6046,  ...,   3.7610,   6.0274,  -4.7845],
         ...,
         [ -9.5898,  -0.3265,  -3.8620,  ...,   1.6967,   5.8006,  -5.0982],
         [-19.1904,   3.2870,   5.0150,  ...,  13.8246,  21.5339,  -2.7946],
         [ -4.2660,  -6.9698,  -1.1636,  ...,  12.3811,  -0.6867,  -2.1252]]]), 'rvq_quantizer.layers.1._codebook.embed': tensor([[[-6.0860,  2.7686, -2.8735,  ..., -3.0594,  5.5488, -1.2014],
         [-2.8949,  2.5867,  2.7964,  ...,  3.8449,  4.9462, -0.0700],
         [-1.4535,  0.5833, -1.7025,  ...,  1.3906,  2.2286, -1.7690],
         ...,
         [-3.6077, -0.1228, -1.4529,  ...,  0.6383,  2.1822, -1.9180],
         [-5.3844,  0.9223,  1.4071,  ...,  3.8789,  6.0419, -0.7841],
         [-1.6865, -2.7554, -0.4600,  ...,  4.8946, -0.2715, -0.8402]]]), 'rvq_quantizer.layers.2._codebook.initted': tensor([1.]), 'rvq_quantizer.layers.2._codebook.cluster_size': tensor([[2.4541, 2.1000, 2.0216,  ..., 2.0000, 2.9638, 3.2952]]), 'rvq_quantizer.layers.2._codebook.embed_avg': tensor([[[  1.2069, -11.3408,   4.2538,  ...,  -0.9113,   4.0334,   5.3356],
         [ -5.7943,  -5.2125,  -6.9681,  ...,   3.0636,   8.4184,  -0.7813],
         [ -2.3891,  -3.1931,  -4.0770,  ...,  -2.5954,   5.9923,  -2.2190],
         ...,
         [  1.4308,  -4.4966,   0.3615,  ...,   1.0927,  -1.1314,  -1.1427],
         [ -6.1730,   3.4575,  -0.2469,  ...,   4.2180,  -1.0294,  -5.3103],
         [  0.9443,  -1.4594,   0.4362,  ...,  -4.9200,  -0.4835,   3.3677]]]), 'rvq_quantizer.layers.2._codebook.embed': tensor([[[ 0.4918, -4.6212,  1.7333,  ..., -0.3713,  1.6436,  2.1741],
         [-2.7592, -2.4821, -3.3181,  ...,  1.4589,  4.0088, -0.3721],
         [-1.1818, -1.5795, -2.0167,  ..., -1.2838,  2.9641, -1.0976],
         ...,
         [ 0.7154, -2.2483,  0.1807,  ...,  0.5464, -0.5657, -0.5714],
         [-2.0828,  1.1666, -0.0833,  ...,  1.4232, -0.3473, -1.7917],
         [ 0.2866, -0.4429,  0.1324,  ..., -1.4931, -0.1467,  1.0220]]]), 'rvq_quantizer.layers.3._codebook.initted': tensor([1.]), 'rvq_quantizer.layers.3._codebook.cluster_size': tensor([[2.4263, 2.0000, 2.0178,  ..., 2.7272, 2.0900, 2.0000]]), 'rvq_quantizer.layers.3._codebook.embed_avg': tensor([[[ 5.7352,  4.4154, -5.2830,  ..., -9.1479, -2.4534, -2.6154],
         [-0.8149, -1.7939, -0.1648,  ...,  1.7538,  1.4752,  3.1371],
         [ 0.8408, -0.3227, -3.2507,  ..., -0.9427, -0.6808,  3.3037],
         ...,
         [-3.3231,  1.7854, -2.0363,  ...,  1.7227,  0.0540, -3.2919],
         [ 1.7026,  3.9980, -0.3690,  ...,  3.7157, -0.2827,  1.5712],
         [-7.3617, -3.2000, -2.3208,  ..., -6.2242, -5.0919, -1.2717]]]), 'rvq_quantizer.layers.3._codebook.embed': tensor([[[ 2.3637,  1.8198, -2.1774,  ..., -3.7703, -1.0112, -1.0779],
         [-0.4075, -0.8970, -0.0824,  ...,  0.8769,  0.7376,  1.5686],
         [ 0.4167, -0.1599, -1.6110,  ..., -0.4672, -0.3374,  1.6373],
         ...,
         [-1.2185,  0.6547, -0.7467,  ...,  0.6317,  0.0198, -1.2071],
         [ 0.8147,  1.9129, -0.1766,  ...,  1.7779, -0.1353,  0.7518],
         [-3.6809, -1.6000, -1.1604,  ..., -3.1121, -2.5459, -0.6358]]])})
Loss:  tensor(7.6203, grad_fn=<MeanBackward0>)
OrderedDict({'rvq_quantizer.project_in.weight': tensor([[ 0.1534,  0.1141,  0.1559,  ...,  0.1345,  0.0791,  0.1587],
        [-0.0281,  0.1596,  0.0188,  ..., -0.0276,  0.0188, -0.1035],
        [ 0.1337, -0.1626, -0.1010,  ...,  0.1280,  0.1395,  0.2670],
        ...,
        [ 0.0983, -0.1921, -0.1188,  ...,  0.2118,  0.2577,  0.1463],
        [-0.1640, -0.0271, -0.1585,  ..., -0.0154, -0.0702,  0.0178],
        [ 0.0281,  0.1006,  0.1146,  ...,  0.0785, -0.0561, -0.0130]]), 'rvq_quantizer.project_in.bias': tensor([ 0.0162,  0.1989, -0.2012, -0.1591, -0.0382, -0.0848,  0.1625, -0.1310,
        -0.1314,  0.2281,  0.0181,  0.1727, -0.1122,  0.0539, -0.1151,  0.0946,
         0.1876,  0.0608, -0.2431,  0.2180, -0.1599, -0.0731, -0.2424,  0.0623,
         0.0812,  0.1119, -0.0034,  0.0477, -0.1703, -0.1935,  0.0124,  0.0100]), 'rvq_quantizer.project_out.weight': tensor([[-0.0815,  0.1727, -0.0148,  ...,  0.1287, -0.0939, -0.1531],
        [ 0.0183, -0.1208,  0.1509,  ..., -0.1265,  0.0730, -0.0623],
        [-0.0936,  0.0389, -0.1234,  ...,  0.0668, -0.0210,  0.1376],
        ...,
        [ 0.0620, -0.1746,  0.0423,  ..., -0.0158,  0.1481, -0.0877],
        [-0.0183, -0.0650, -0.0248,  ...,  0.0933, -0.0601, -0.0218],
        [-0.1321, -0.1601, -0.0124,  ..., -0.0062, -0.0595, -0.1735]]), 'rvq_quantizer.project_out.bias': tensor([-0.1325, -0.1298,  0.1105, -0.0047, -0.0939, -0.0475, -0.1619,  0.1762,
        -0.0832,  0.0768,  0.0778,  0.1731, -0.0281, -0.1593, -0.0284, -0.0098,
        -0.1415, -0.0457, -0.0575, -0.1438, -0.0401,  0.1346,  0.0530,  0.1138,
        -0.1113,  0.1297,  0.1565, -0.0831,  0.0719, -0.1018,  0.0382,  0.1418,
         0.0541,  0.0914, -0.0196,  0.0149, -0.1340, -0.1024, -0.0020, -0.0946,
        -0.0163,  0.0172, -0.0827,  0.0442,  0.0316,  0.1223, -0.1414,  0.1619,
        -0.1512,  0.0501,  0.0878, -0.0692, -0.1058,  0.0113,  0.1297, -0.0977,
        -0.0705, -0.0886,  0.0652,  0.1578, -0.1560, -0.0265,  0.0297,  0.1308]), 'rvq_quantizer.layers.0._codebook.initted': tensor([1.]), 'rvq_quantizer.layers.0._codebook.cluster_size': tensor([[2.9000, 2.0700, 2.5957,  ..., 2.0000, 2.0000, 6.8760]]), 'rvq_quantizer.layers.0._codebook.embed_avg': tensor([[[ -323.8507,   104.2414,  -451.5901,  ...,  -386.4766,
            397.6478,   -62.5613],
         [ -215.1421,    56.5341,  -335.2330,  ...,  -288.7737,
            278.0401,   -76.3788],
         [ -143.0379,    38.7896,  -235.5964,  ...,  -225.7769,
            179.1250,   -45.8844],
         ...,
         [ -219.4872,    56.4681,  -245.1125,  ...,  -198.1554,
            244.2496,   -36.3086],
         [ -242.3341,    80.3162,  -356.1155,  ...,  -306.6902,
            311.9143,   -67.2870],
         [ -714.5811,   222.9116, -1078.6644,  ...,  -953.2665,
            918.9342,  -219.6866]]]), 'rvq_quantizer.layers.0._codebook.embed': tensor([[[-111.6726,   35.9453, -155.7207,  ..., -133.2678,  137.1199,
           -21.5729],
         [-103.9332,   27.3111, -161.9481,  ..., -139.5040,  134.3187,
           -36.8979],
         [ -55.1053,   14.9437,  -90.7635,  ...,  -86.9805,   69.0079,
           -17.6770],
         ...,
         [-109.7436,   28.2340, -122.5563,  ...,  -99.0777,  122.1248,
           -18.1543],
         [-121.1670,   40.1581, -178.0578,  ..., -153.3451,  155.9571,
           -33.6435],
         [-103.9241,   32.4189, -156.8741,  ..., -138.6371,  133.6440,
           -31.9498]]]), 'rvq_quantizer.layers.1._codebook.initted': tensor([1.]), 'rvq_quantizer.layers.1._codebook.cluster_size': tensor([[2.7287, 2.3000, 2.5342,  ..., 2.4923, 3.3077, 2.2766]]), 'rvq_quantizer.layers.1._codebook.embed_avg': tensor([[[-15.9042,   7.9661,  -8.5121,  ...,  -8.1154,  14.9028,  -3.3301],
         [ -6.6780,   5.3823,   6.2332,  ...,   8.0904,  10.6679,  -0.1199],
         [ -3.5427,   1.2944,  -4.6146,  ...,   3.0344,   5.2408,  -4.4249],
         ...,
         [ -8.9766,  -0.1495,  -3.8049,  ...,   1.3579,   5.3126,  -4.8443],
         [-17.7754,   3.2054,   4.7143,  ...,  12.7907,  20.0326,  -2.5982],
         [ -3.8394,  -6.2728,  -1.0472,  ...,  11.1430,  -0.6180,  -1.9127]]]), 'rvq_quantizer.layers.1._codebook.embed': tensor([[[-5.8286,  2.9194, -3.1195,  ..., -2.9741,  5.4615, -1.2204],
         [-2.9035,  2.3401,  2.7101,  ...,  3.5176,  4.6382, -0.0521],
         [-1.3980,  0.5108, -1.8209,  ...,  1.1974,  2.0680, -1.7461],
         ...,
         [-3.6017, -0.0600, -1.5267,  ...,  0.5448,  2.1316, -1.9437],
         [-5.3740,  0.9691,  1.4253,  ...,  3.8670,  6.0564, -0.7855],
         [-1.6865, -2.7554, -0.4600,  ...,  4.8946, -0.2715, -0.8402]]]), 'rvq_quantizer.layers.2._codebook.initted': tensor([1.]), 'rvq_quantizer.layers.2._codebook.cluster_size': tensor([[2.2087, 2.0000, 2.0000,  ..., 2.2000, 3.0674, 3.0657]]), 'rvq_quantizer.layers.2._codebook.embed_avg': tensor([[[  1.0862, -10.2067,   3.8284,  ...,  -0.8202,   3.6301,   4.8020],
         [ -5.8238,   9.1537,  -3.9218,  ...,  -2.9845,  -2.5130,   0.5884],
         [ -0.3078,   0.0375,  -6.0958,  ...,  -8.5271,   6.9453,   0.5746],
         ...,
         [  0.8645,  -5.4967,  -0.9167,  ...,   0.3511,  -1.2277,  -1.1767],
         [ -6.5408,   3.5798,   0.5313,  ...,   4.9079,  -0.8302,  -5.6005],
         [  1.1506,  -1.3163,   0.4261,  ...,  -4.4099,  -0.4152,   3.2889]]]), 'rvq_quantizer.layers.2._codebook.embed': tensor([[[ 0.4918, -4.6212,  1.7333,  ..., -0.3713,  1.6436,  2.1741],
         [-2.9119,  4.5769, -1.9609,  ..., -1.4923, -1.2565,  0.2942],
         [-0.1539,  0.0188, -3.0479,  ..., -4.2635,  3.4727,  0.2873],
         ...,
         [ 0.3929, -2.4985, -0.4167,  ...,  0.1596, -0.5580, -0.5349],
         [-2.1324,  1.1671,  0.1732,  ...,  1.6000, -0.2707, -1.8258],
         [ 0.3753, -0.4294,  0.1390,  ..., -1.4385, -0.1354,  1.0728]]]), 'rvq_quantizer.layers.3._codebook.initted': tensor([1.]), 'rvq_quantizer.layers.3._codebook.cluster_size': tensor([[2.1837, 2.3000, 2.0160,  ..., 2.9544, 2.1810, 2.1000]]), 'rvq_quantizer.layers.3._codebook.embed_avg': tensor([[[ 5.1616e+00,  3.9738e+00, -4.7547e+00,  ..., -8.2332e+00,
          -2.2081e+00, -2.3539e+00],
         [-5.3545e-01, -1.5399e+00, -2.9446e-01,  ...,  1.4760e+00,
           1.8599e+00,  3.6942e+00],
         [ 8.0328e-01, -3.7274e-01, -2.6203e+00,  ..., -9.7965e-01,
          -5.7543e-01,  3.0209e+00],
         ...,
         [-4.3591e+00,  1.2437e+00, -1.2747e+00,  ...,  2.0404e+00,
          -5.6264e-01, -3.0715e+00],
         [ 1.5037e+00,  4.0562e+00, -7.0458e-03,  ...,  3.7346e+00,
          -3.9889e-01,  1.9645e+00],
         [-7.7691e+00, -3.0808e+00, -1.8239e+00,  ..., -6.2894e+00,
          -4.8341e+00, -1.6708e+00]]]), 'rvq_quantizer.layers.3._codebook.embed': tensor([[[ 2.3637e+00,  1.8198e+00, -2.1774e+00,  ..., -3.7703e+00,
          -1.0112e+00, -1.0779e+00],
         [-2.3280e-01, -6.6953e-01, -1.2803e-01,  ...,  6.4175e-01,
           8.0864e-01,  1.6062e+00],
         [ 3.9845e-01, -1.8489e-01, -1.2998e+00,  ..., -4.8593e-01,
          -2.8543e-01,  1.4984e+00],
         ...,
         [-1.4754e+00,  4.2097e-01, -4.3144e-01,  ...,  6.9061e-01,
          -1.9044e-01, -1.0396e+00],
         [ 6.8947e-01,  1.8598e+00, -3.2305e-03,  ...,  1.7123e+00,
          -1.8289e-01,  9.0072e-01],
         [-3.6996e+00, -1.4671e+00, -8.6854e-01,  ..., -2.9949e+00,
          -2.3020e+00, -7.9562e-01]]])})
Loss:  tensor(7.3749, grad_fn=<MeanBackward0>)
OrderedDict({'rvq_quantizer.project_in.weight': tensor([[ 0.1578,  0.1230,  0.1621,  ...,  0.1405,  0.0851,  0.1646],
        [-0.0340,  0.1668,  0.0250,  ..., -0.0298,  0.0165, -0.1059],
        [ 0.1434, -0.1598, -0.1121,  ...,  0.1356,  0.1473,  0.2752],
        ...,
        [ 0.1079, -0.2005, -0.1296,  ...,  0.2174,  0.2634,  0.1531],
        [-0.1721, -0.0366, -0.1592,  ..., -0.0227, -0.0776,  0.0101],
        [ 0.0261,  0.1066,  0.1213,  ...,  0.0812, -0.0533, -0.0106]]), 'rvq_quantizer.project_in.bias': tensor([ 0.0109,  0.2035, -0.2107, -0.1685, -0.0344, -0.0864,  0.1652, -0.1321,
        -0.1381,  0.2371,  0.0110,  0.1817, -0.1196,  0.0501, -0.1232,  0.0917,
         0.1935,  0.0656, -0.2509,  0.2238, -0.1653, -0.0810, -0.2503,  0.0709,
         0.0806,  0.1189, -0.0091,  0.0529, -0.1741, -0.2027,  0.0204,  0.0100]), 'rvq_quantizer.project_out.weight': tensor([[-0.0815,  0.1727, -0.0148,  ...,  0.1287, -0.0939, -0.1531],
        [ 0.0183, -0.1208,  0.1509,  ..., -0.1265,  0.0730, -0.0623],
        [-0.0936,  0.0389, -0.1234,  ...,  0.0668, -0.0210,  0.1376],
        ...,
        [ 0.0620, -0.1746,  0.0423,  ..., -0.0158,  0.1481, -0.0877],
        [-0.0183, -0.0650, -0.0248,  ...,  0.0933, -0.0601, -0.0218],
        [-0.1321, -0.1601, -0.0124,  ..., -0.0062, -0.0595, -0.1735]]), 'rvq_quantizer.project_out.bias': tensor([-0.1325, -0.1298,  0.1105, -0.0047, -0.0939, -0.0475, -0.1619,  0.1762,
        -0.0832,  0.0768,  0.0778,  0.1731, -0.0281, -0.1593, -0.0284, -0.0098,
        -0.1415, -0.0457, -0.0575, -0.1438, -0.0401,  0.1346,  0.0530,  0.1138,
        -0.1113,  0.1297,  0.1565, -0.0831,  0.0719, -0.1018,  0.0382,  0.1418,
         0.0541,  0.0914, -0.0196,  0.0149, -0.1340, -0.1024, -0.0020, -0.0946,
        -0.0163,  0.0172, -0.0827,  0.0442,  0.0316,  0.1223, -0.1414,  0.1619,
        -0.1512,  0.0501,  0.0878, -0.0692, -0.1058,  0.0113,  0.1297, -0.0977,
        -0.0705, -0.0886,  0.0652,  0.1578, -0.1560, -0.0265,  0.0297,  0.1308]), 'rvq_quantizer.layers.0._codebook.initted': tensor([1.]), 'rvq_quantizer.layers.0._codebook.cluster_size': tensor([[2.6100, 2.0000, 2.3361,  ..., 3.0000, 2.9000, 6.1884]]), 'rvq_quantizer.layers.0._codebook.embed_avg': tensor([[[-291.4656,   93.8173, -406.4311,  ..., -347.8289,  357.8830,
           -56.3052],
         [-203.3826,   15.5690, -237.4409,  ..., -180.5526,  228.3925,
           -46.9638],
         [-128.7341,   34.9107, -212.0368,  ..., -203.1992,  161.2125,
           -41.2959],
         ...,
         [-331.3552,   86.1297, -366.5096,  ..., -295.4082,  370.2026,
           -54.5008],
         [-351.9430,  114.3115, -518.0212,  ..., -448.3706,  453.6010,
          -101.4155],
         [-643.1229,  200.6205, -970.7980,  ..., -857.9399,  827.0408,
          -197.7180]]]), 'rvq_quantizer.layers.0._codebook.embed': tensor([[[-111.6726,   35.9453, -155.7206,  ..., -133.2677,  137.1199,
           -21.5729],
         [-101.6913,    7.7845, -118.7205,  ...,  -90.2763,  114.1963,
           -23.4819],
         [ -55.1053,   14.9437,  -90.7634,  ...,  -86.9805,   69.0078,
           -17.6769],
         ...,
         [-110.4517,   28.7099, -122.1699,  ...,  -98.4694,  123.4009,
           -18.1669],
         [-121.3596,   39.4177, -178.6280,  ..., -154.6105,  156.4141,
           -34.9708],
         [-103.9241,   32.4189, -156.8741,  ..., -138.6370,  133.6440,
           -31.9498]]]), 'rvq_quantizer.layers.1._codebook.initted': tensor([1.]), 'rvq_quantizer.layers.1._codebook.cluster_size': tensor([[2.8558, 2.1700, 2.2808,  ..., 2.3431, 2.9769, 2.0489]]), 'rvq_quantizer.layers.1._codebook.embed_avg': tensor([[[-16.0017,   9.4769,  -8.8747,  ...,  -7.7277,  16.2785,  -3.1420],
         [ -6.2285,   4.9688,   6.3136,  ...,   7.5435,   9.8207,  -0.2648],
         [ -3.1884,   1.1650,  -4.1531,  ...,   2.7310,   4.7167,  -3.9824],
         ...,
         [ -8.0979,   0.0193,  -3.5486,  ...,   1.1679,   4.7772,  -5.1196],
         [-15.9979,   2.8849,   4.2429,  ...,  11.5117,  18.0294,  -2.3384],
         [ -3.4554,  -5.6455,  -0.9425,  ...,  10.0287,  -0.5562,  -1.7214]]]), 'rvq_quantizer.layers.1._codebook.embed': tensor([[[-5.6032,  3.3185, -3.1076,  ..., -2.7060,  5.7002, -1.1002],
         [-2.8703,  2.2898,  2.9095,  ...,  3.4763,  4.5257, -0.1220],
         [-1.3979,  0.5108, -1.8209,  ...,  1.1974,  2.0680, -1.7461],
         ...,
         [-3.4560,  0.0083, -1.5145,  ...,  0.4984,  2.0388, -2.1850],
         [-5.3740,  0.9691,  1.4253,  ...,  3.8670,  6.0564, -0.7855],
         [-1.6865, -2.7554, -0.4600,  ...,  4.8946, -0.2715, -0.8402]]]), 'rvq_quantizer.layers.2._codebook.initted': tensor([1.]), 'rvq_quantizer.layers.2._codebook.cluster_size': tensor([[2.0878, 2.0000, 2.0000,  ..., 2.1800, 2.9606, 2.9591]]), 'rvq_quantizer.layers.2._codebook.embed_avg': tensor([[[ 1.1484, -9.4396,  3.2720,  ..., -0.4297,  3.7297,  4.2415],
         [ 0.8262,  0.6052,  0.5690,  ...,  1.0698,  2.3042,  4.5133],
         [ 1.4223, -1.5877,  4.9397,  ...,  0.8740,  5.3245, -0.3293],
         ...,
         [ 0.2998, -5.4920, -1.5121,  ...,  0.4621, -0.6030, -1.2936],
         [-6.7283,  3.3955,  0.2575,  ...,  4.5999, -1.4937, -5.5717],
         [ 1.1334, -1.5789,  0.7232,  ..., -4.3946, -0.5747,  2.9239]]]), 'rvq_quantizer.layers.2._codebook.embed': tensor([[[ 0.5501, -4.5212,  1.5672,  ..., -0.2058,  1.7864,  2.0316],
         [ 0.4131,  0.3026,  0.2845,  ...,  0.5349,  1.1521,  2.2566],
         [ 0.7111, -0.7939,  2.4699,  ...,  0.4370,  2.6623, -0.1646],
         ...,
         [ 0.1375, -2.5193, -0.6936,  ...,  0.2120, -0.2766, -0.5934],
         [-2.2726,  1.1469,  0.0870,  ...,  1.5537, -0.5045, -1.8819],
         [ 0.3830, -0.5336,  0.2444,  ..., -1.4851, -0.1942,  0.9881]]]), 'rvq_quantizer.layers.3._codebook.initted': tensor([1.]), 'rvq_quantizer.layers.3._codebook.cluster_size': tensor([[2.0000, 2.2700, 2.0000,  ..., 2.8590, 2.4629, 2.0000]]), 'rvq_quantizer.layers.3._codebook.embed_avg': tensor([[[17.8219,  3.9098,  7.5441,  ..., -4.8860, -0.7610,  7.8325],
         [-0.4135, -1.1712, -0.2355,  ...,  1.3602,  1.6561,  3.4699],
         [ 1.6726,  0.9468, -0.9288,  ..., -2.9388,  0.2349, -1.5570],
         ...,
         [-4.3492,  0.9513, -1.4197,  ...,  1.8591, -0.2770, -2.3750],
         [ 1.7639,  5.0237, -0.3409,  ...,  4.0312, -0.0772,  2.5278],
         [-1.9522, 15.7453,  3.0601,  ...,  0.3486, -0.6396, 11.0772]]]), 'rvq_quantizer.layers.3._codebook.embed': tensor([[[ 8.9109,  1.9549,  3.7721,  ..., -2.4430, -0.3805,  3.9163],
         [-0.1822, -0.5159, -0.1037,  ...,  0.5992,  0.7296,  1.5286],
         [ 0.8363,  0.4734, -0.4644,  ..., -1.4694,  0.1175, -0.7785],
         ...,
         [-1.5212,  0.3327, -0.4966,  ...,  0.6503, -0.0969, -0.8307],
         [ 0.7162,  2.0398, -0.1384,  ...,  1.6368, -0.0313,  1.0263],
         [-0.9761,  7.8726,  1.5301,  ...,  0.1743, -0.3198,  5.5386]]])})
Loss:  tensor(7.0538, grad_fn=<MeanBackward0>)
OrderedDict({'rvq_quantizer.project_in.weight': tensor([[ 0.1659,  0.1415,  0.1738,  ...,  0.1521,  0.0966,  0.1760],
        [-0.0458,  0.1806,  0.0371,  ..., -0.0350,  0.0113, -0.1113],
        [ 0.1628, -0.1528, -0.1344,  ...,  0.1502,  0.1624,  0.2911],
        ...,
        [ 0.1270, -0.2172, -0.1513,  ...,  0.2279,  0.2741,  0.1661],
        [-0.1878, -0.0564, -0.1580,  ..., -0.0369, -0.0918, -0.0048],
        [ 0.0218,  0.1189,  0.1341,  ...,  0.0861, -0.0480, -0.0062]]), 'rvq_quantizer.project_in.bias': tensor([ 0.0007,  0.2131, -0.2295, -0.1873, -0.0273, -0.0901,  0.1712, -0.1344,
        -0.1515,  0.2550, -0.0027,  0.1997, -0.1346,  0.0430, -0.1388,  0.0854,
         0.2048,  0.0746, -0.2663,  0.2357, -0.1760, -0.0964, -0.2657,  0.0880,
         0.0790,  0.1331, -0.0198,  0.0630, -0.1822, -0.2211,  0.0361,  0.0104]), 'rvq_quantizer.project_out.weight': tensor([[-0.0815,  0.1727, -0.0148,  ...,  0.1287, -0.0939, -0.1531],
        [ 0.0183, -0.1208,  0.1509,  ..., -0.1265,  0.0730, -0.0623],
        [-0.0936,  0.0389, -0.1234,  ...,  0.0668, -0.0210,  0.1376],
        ...,
        [ 0.0620, -0.1746,  0.0423,  ..., -0.0158,  0.1481, -0.0877],
        [-0.0183, -0.0650, -0.0248,  ...,  0.0933, -0.0601, -0.0218],
        [-0.1321, -0.1601, -0.0124,  ..., -0.0062, -0.0595, -0.1735]]), 'rvq_quantizer.project_out.bias': tensor([-0.1325, -0.1298,  0.1105, -0.0047, -0.0939, -0.0475, -0.1619,  0.1762,
        -0.0832,  0.0768,  0.0778,  0.1731, -0.0281, -0.1593, -0.0284, -0.0098,
        -0.1415, -0.0457, -0.0575, -0.1438, -0.0401,  0.1346,  0.0530,  0.1138,
        -0.1113,  0.1297,  0.1565, -0.0831,  0.0719, -0.1018,  0.0382,  0.1418,
         0.0541,  0.0914, -0.0196,  0.0149, -0.1340, -0.1024, -0.0020, -0.0946,
        -0.0163,  0.0172, -0.0827,  0.0442,  0.0316,  0.1223, -0.1414,  0.1619,
        -0.1512,  0.0501,  0.0878, -0.0692, -0.1058,  0.0113,  0.1297, -0.0977,
        -0.0705, -0.0886,  0.0652,  0.1578, -0.1560, -0.0265,  0.0297,  0.1308]), 'rvq_quantizer.layers.0._codebook.initted': tensor([1.]), 'rvq_quantizer.layers.0._codebook.cluster_size': tensor([[2.1141, 2.0000, 2.0000,  ..., 2.4300, 2.5390, 5.0126]]), 'rvq_quantizer.layers.0._codebook.embed_avg': tensor([[[-236.0871,   75.9920, -329.2092,  ..., -281.7415,  289.8853,
           -45.6072],
         [-231.7915,   40.9726, -294.6201,  ..., -239.0586,  289.2414,
           -66.7028],
         [-229.3191,   28.2311, -266.6469,  ..., -216.4843,  268.6800,
           -58.6422],
         ...,
         [-268.3977,   69.7650, -296.8728,  ..., -239.2806,  299.8641,
           -44.1456],
         [-307.8838,   99.2954, -452.8132,  ..., -392.1442,  397.7757,
           -89.4792],
         [-520.9296,  162.5026, -786.3464,  ..., -694.9313,  669.9030,
          -160.1516]]]), 'rvq_quantizer.layers.0._codebook.embed': tensor([[[-111.6725,   35.9453, -155.7205,  ..., -133.2676,  137.1197,
           -21.5728],
         [-115.8958,   20.4863, -147.3101,  ..., -119.5293,  144.6207,
           -33.3514],
         [-114.6596,   14.1156, -133.3234,  ..., -108.2422,  134.3400,
           -29.3211],
         ...,
         [-110.4517,   28.7099, -122.1698,  ...,  -98.4693,  123.4008,
           -18.1669],
         [-121.2618,   39.1081, -178.3430,  ..., -154.4482,  156.6662,
           -35.2419],
         [-103.9241,   32.4188, -156.8741,  ..., -138.6370,  133.6439,
           -31.9498]]]), 'rvq_quantizer.layers.1._codebook.initted': tensor([1.]), 'rvq_quantizer.layers.1._codebook.cluster_size': tensor([[2.7932, 2.2000, 2.0374,  ..., 2.0879, 2.5913, 2.0000]]), 'rvq_quantizer.layers.1._codebook.embed_avg': tensor([[[-16.6079,  10.5255, -11.0320,  ...,  -7.1918,  16.3418,  -2.9763],
         [ -8.1483,   3.5132,   0.8327,  ...,  -2.3276,  13.8174,   1.8536],
         [ -2.4543,   0.0676,  -4.0650,  ...,   1.9297,   4.7588,  -4.2542],
         ...,
         [ -7.5021,  -0.1982,  -3.5468,  ...,   1.5731,   4.0007,  -4.4818],
         [-13.8938,   3.1427,   4.0921,  ...,  10.3552,  15.8284,  -1.7602],
         [ -8.2545,   1.0457,  -1.3907,  ...,  -0.9124,   7.8208,   0.4677]]]), 'rvq_quantizer.layers.1._codebook.embed': tensor([[[-5.9458,  3.7682, -3.9496,  ..., -2.5747,  5.8506, -1.0655],
         [-3.7038,  1.5969,  0.3785,  ..., -1.0580,  6.2806,  0.8425],
         [-1.2046,  0.0332, -1.9952,  ...,  0.9471,  2.3357, -2.0880],
         ...,
         [-3.5931, -0.0949, -1.6987,  ...,  0.7534,  1.9161, -2.1465],
         [-5.3617,  1.2128,  1.5792,  ...,  3.9961,  6.1083, -0.6793],
         [-4.1272,  0.5228, -0.6953,  ..., -0.4562,  3.9104,  0.2338]]]), 'rvq_quantizer.layers.2._codebook.initted': tensor([1.]), 'rvq_quantizer.layers.2._codebook.cluster_size': tensor([[2.0000, 2.0000, 2.0000,  ..., 2.1458, 2.6881, 2.6769]]), 'rvq_quantizer.layers.2._codebook.embed_avg': tensor([[[ -0.1573,  11.0582,  15.3257,  ...,   4.3134,   5.9916,  -2.3175],
         [ -7.7506, -14.5823,  -9.7512,  ...,   2.1125,   0.8991, -11.3922],
         [ -1.2667,   1.6100,  -5.4141,  ...,   0.3260,   2.5342,  -0.9907],
         ...,
         [ -0.7468,  -5.8630,  -1.9500,  ...,   0.3145,  -1.0000,  -1.4958],
         [ -7.1303,   3.3523,   0.0395,  ...,   4.1620,  -1.9142,  -5.1541],
         [  0.9366,  -1.4406,   0.3106,  ...,  -4.0860,  -1.2273,   3.2154]]]), 'rvq_quantizer.layers.2._codebook.embed': tensor([[[-0.0787,  5.5291,  7.6629,  ...,  2.1567,  2.9958, -1.1588],
         [-3.8753, -7.2911, -4.8756,  ...,  1.0562,  0.4495, -5.6961],
         [-0.6334,  0.8050, -2.7070,  ...,  0.1630,  1.2671, -0.4954],
         ...,
         [-0.3480, -2.7323, -0.9088,  ...,  0.1466, -0.4660, -0.6971],
         [-2.6525,  1.2471,  0.0147,  ...,  1.5483, -0.7121, -1.9174],
         [ 0.3499, -0.5382,  0.1160,  ..., -1.5264, -0.4585,  1.2012]]]), 'rvq_quantizer.layers.3._codebook.initted': tensor([1.]), 'rvq_quantizer.layers.3._codebook.cluster_size': tensor([[2.0000, 2.7087, 2.7200,  ..., 2.5058, 2.8349, 2.0000]]), 'rvq_quantizer.layers.3._codebook.embed_avg': tensor([[[-1.2968,  2.0684,  0.1300,  ..., -0.8148,  0.7265,  3.2302],
         [ 0.2760, -1.6557,  0.5707,  ...,  1.4928,  2.9477,  3.4687],
         [ 3.0225,  1.8646, -1.2451,  ..., -3.8857,  0.8824, -2.1450],
         ...,
         [-4.3768,  0.8686, -1.6860,  ...,  1.2121, -0.2735, -1.8818],
         [ 3.5334,  6.1783, -0.8103,  ...,  4.8811, -0.1913,  2.7637],
         [ 0.4861, -1.0844, -1.7007,  ..., -2.4050, -4.4905, -7.6716]]]), 'rvq_quantizer.layers.3._codebook.embed': tensor([[[-0.6484,  1.0342,  0.0650,  ..., -0.4074,  0.3632,  1.6151],
         [ 0.1019, -0.6112,  0.2107,  ...,  0.5511,  1.0882,  1.2806],
         [ 1.1112,  0.6855, -0.4578,  ..., -1.4286,  0.3244, -0.7886],
         ...,
         [-1.7467,  0.3466, -0.6728,  ...,  0.4837, -0.1092, -0.7510],
         [ 1.2464,  2.1793, -0.2858,  ...,  1.7218, -0.0675,  0.9749],
         [ 0.2430, -0.5422, -0.8504,  ..., -1.2025, -2.2452, -3.8358]]])})
Loss:  tensor(7.3356, grad_fn=<MeanBackward0>)
OrderedDict({'rvq_quantizer.project_in.weight': tensor([[ 0.1697,  0.1511,  0.1793,  ...,  0.1576,  0.1020,  0.1814],
        [-0.0518,  0.1872,  0.0431,  ..., -0.0378,  0.0084, -0.1141],
        [ 0.1725, -0.1488, -0.1457,  ...,  0.1572,  0.1696,  0.2988],
        ...,
        [ 0.1365, -0.2255, -0.1622,  ...,  0.2328,  0.2791,  0.1724],
        [-0.1955, -0.0667, -0.1561,  ..., -0.0436, -0.0985, -0.0119],
        [ 0.0194,  0.1252,  0.1401,  ...,  0.0882, -0.0456, -0.0043]]), 'rvq_quantizer.project_in.bias': tensor([-0.0041,  0.2181, -0.2389, -0.1967, -0.0240, -0.0922,  0.1743, -0.1356,
        -0.1583,  0.2640, -0.0092,  0.2087, -0.1421,  0.0398, -0.1464,  0.0823,
         0.2102,  0.0788, -0.2738,  0.2418, -0.1814, -0.1040, -0.2732,  0.0966,
         0.0781,  0.1403, -0.0248,  0.0680, -0.1866, -0.2303,  0.0437,  0.0109]), 'rvq_quantizer.project_out.weight': tensor([[-0.0815,  0.1727, -0.0148,  ...,  0.1287, -0.0939, -0.1531],
        [ 0.0183, -0.1208,  0.1509,  ..., -0.1265,  0.0730, -0.0623],
        [-0.0936,  0.0389, -0.1234,  ...,  0.0668, -0.0210,  0.1376],
        ...,
        [ 0.0620, -0.1746,  0.0423,  ..., -0.0158,  0.1481, -0.0877],
        [-0.0183, -0.0650, -0.0248,  ...,  0.0933, -0.0601, -0.0218],
        [-0.1321, -0.1601, -0.0124,  ..., -0.0062, -0.0595, -0.1735]]), 'rvq_quantizer.project_out.bias': tensor([-0.1325, -0.1298,  0.1105, -0.0047, -0.0939, -0.0475, -0.1619,  0.1762,
        -0.0832,  0.0768,  0.0778,  0.1731, -0.0281, -0.1593, -0.0284, -0.0098,
        -0.1415, -0.0457, -0.0575, -0.1438, -0.0401,  0.1346,  0.0530,  0.1138,
        -0.1113,  0.1297,  0.1565, -0.0831,  0.0719, -0.1018,  0.0382,  0.1418,
         0.0541,  0.0914, -0.0196,  0.0149, -0.1340, -0.1024, -0.0020, -0.0946,
        -0.0163,  0.0172, -0.0827,  0.0442,  0.0316,  0.1223, -0.1414,  0.1619,
        -0.1512,  0.0501,  0.0878, -0.0692, -0.1058,  0.0113,  0.1297, -0.0977,
        -0.0705, -0.0886,  0.0652,  0.1578, -0.1560, -0.0265,  0.0297,  0.1308]), 'rvq_quantizer.layers.0._codebook.initted': tensor([1.]), 'rvq_quantizer.layers.0._codebook.cluster_size': tensor([[2.0000, 4.3000, 2.5000,  ..., 2.1870, 2.2851, 4.5113]]), 'rvq_quantizer.layers.0._codebook.embed_avg': tensor([[[-276.0979,  100.6391, -388.7704,  ..., -338.4165,  353.0351,
          -101.5122],
         [-513.6779,   88.6888, -638.0283,  ..., -520.7923,  629.4785,
          -141.2252],
         [-288.8603,   36.9987, -333.9987,  ..., -268.7704,  337.8821,
           -72.1672],
         ...,
         [-241.5579,   62.7885, -267.1855,  ..., -215.3526,  269.8777,
           -39.7311],
         [-277.0954,   89.3659, -407.5319,  ..., -352.9297,  357.9981,
           -80.5313],
         [-468.8366,  146.2523, -707.7117,  ..., -625.4382,  602.9127,
          -144.1364]]]), 'rvq_quantizer.layers.0._codebook.embed': tensor([[[-138.0490,   50.3196, -194.3852,  ..., -169.2083,  176.5175,
           -50.7561],
         [-119.4601,   20.6253, -148.3788,  ..., -121.1146,  146.3905,
           -32.8431],
         [-115.5441,   14.7995, -133.5994,  ..., -107.5081,  135.1528,
           -28.8669],
         ...,
         [-110.4516,   28.7099, -122.1697,  ...,  -98.4693,  123.4007,
           -18.1669],
         [-121.2617,   39.1081, -178.3430,  ..., -154.4481,  156.6661,
           -35.2419],
         [-103.9241,   32.4188, -156.8740,  ..., -138.6369,  133.6439,
           -31.9498]]]), 'rvq_quantizer.layers.1._codebook.initted': tensor([1.]), 'rvq_quantizer.layers.1._codebook.cluster_size': tensor([[2.7139, 2.0800, 2.0000,  ..., 2.0000, 2.4322, 2.1000]]), 'rvq_quantizer.layers.1._codebook.embed_avg': tensor([[[-15.6325,  10.7173, -10.8667,  ...,  -6.7605,  16.2156,  -2.5478],
         [ -7.7170,   3.7511,   0.6467,  ...,  -2.0799,  13.5304,   1.9548],
         [ -7.7057,   3.8371,   2.6952,  ...,   1.5900,  -1.9388,   5.6419],
         ...,
         [  0.0309,  -2.0592,  -6.9692,  ...,  -0.2219,  -8.1440,   0.6504],
         [-13.1215,   2.4693,   3.6234,  ...,   9.5547,  14.7511,  -1.8642],
         [ -8.6245,   0.2011,  -1.0498,  ...,  -1.5484,   8.0068,   0.4777]]]), 'rvq_quantizer.layers.1._codebook.embed': tensor([[[-5.7602,  3.9491, -4.0041,  ..., -2.4911,  5.9751, -0.9388],
         [-3.7101,  1.8034,  0.3109,  ..., -0.9999,  6.5050,  0.9398],
         [-3.8528,  1.9185,  1.3476,  ...,  0.7950, -0.9694,  2.8209],
         ...,
         [ 0.0154, -1.0296, -3.4846,  ..., -0.1109, -4.0720,  0.3252],
         [-5.3950,  1.0153,  1.4898,  ...,  3.9285,  6.0650, -0.7665],
         [-4.1069,  0.0958, -0.4999,  ..., -0.7373,  3.8127,  0.2275]]]), 'rvq_quantizer.layers.2._codebook.initted': tensor([1.]), 'rvq_quantizer.layers.2._codebook.cluster_size': tensor([[2.0000, 2.0000, 2.0000,  ..., 2.0312, 2.5193, 2.6092]]), 'rvq_quantizer.layers.2._codebook.embed_avg': tensor([[[-5.6659,  2.2400, -3.9710,  ...,  2.7896,  7.6363, -0.8286],
         [-7.4683, -3.4777, -4.4618,  ...,  0.9138, -1.2176,  1.8701],
         [ 9.9624, -8.9032,  6.8516,  ..., -1.3184,  3.7891, -7.3205],
         ...,
         [-0.6873, -5.2330, -1.9902,  ...,  0.6995, -1.2340, -1.5104],
         [-6.7645,  3.4439, -0.2241,  ...,  3.9994, -1.8262, -4.7652],
         [ 1.0089, -1.3913, -0.2834,  ..., -3.5834, -1.2389,  3.3347]]]), 'rvq_quantizer.layers.2._codebook.embed': tensor([[[-2.8329,  1.1200, -1.9855,  ...,  1.3948,  3.8181, -0.4143],
         [-3.7341, -1.7388, -2.2309,  ...,  0.4569, -0.6088,  0.9351],
         [ 4.9812, -4.4516,  3.4258,  ..., -0.6592,  1.8945, -3.6602],
         ...,
         [-0.3384, -2.5763, -0.9798,  ...,  0.3444, -0.6075, -0.7436],
         [-2.6851,  1.3670, -0.0889,  ...,  1.5875, -0.7249, -1.8915],
         [ 0.3867, -0.5332, -0.1086,  ..., -1.3734, -0.4748,  1.2781]]]), 'rvq_quantizer.layers.3._codebook.initted': tensor([1.]), 'rvq_quantizer.layers.3._codebook.cluster_size': tensor([[2.0000, 3.3378, 2.8480,  ..., 2.6552, 2.6515, 2.2000]]), 'rvq_quantizer.layers.3._codebook.embed_avg': tensor([[[ 4.5525, -0.9571, -0.7784,  ..., -4.6780,  3.5921, -4.7710],
         [ 0.5874, -2.0927,  0.5301,  ...,  1.9994,  4.1168,  3.0826],
         [ 2.8530,  1.8582, -1.3662,  ..., -4.1330,  1.0051, -2.2081],
         ...,
         [-5.4665,  2.0964, -1.5572,  ...,  1.5787, -0.8465, -2.4825],
         [ 3.3359,  5.5115, -0.5987,  ...,  4.3702, -0.4047,  2.3737],
         [ 0.5964, -1.6585, -2.2628,  ..., -3.0485, -5.6877, -8.7351]]]), 'rvq_quantizer.layers.3._codebook.embed': tensor([[[ 2.2763, -0.4786, -0.3892,  ..., -2.3390,  1.7961, -2.3855],
         [ 0.1760, -0.6270,  0.1588,  ...,  0.5990,  1.2334,  0.9235],
         [ 1.0018,  0.6525, -0.4797,  ..., -1.4512,  0.3529, -0.7753],
         ...,
         [-2.0588,  0.7895, -0.5865,  ...,  0.5946, -0.3188, -0.9349],
         [ 1.2581,  2.0787, -0.2258,  ...,  1.6482, -0.1526,  0.8953],
         [ 0.2711, -0.7539, -1.0285,  ..., -1.3857, -2.5853, -3.9705]]])})
Loss:  tensor(7.3214, grad_fn=<MeanBackward0>)
OrderedDict({'rvq_quantizer.project_in.weight': tensor([[ 0.1731,  0.1608,  0.1844,  ...,  0.1629,  0.1072,  0.1865],
        [-0.0578,  0.1936,  0.0492,  ..., -0.0408,  0.0054, -0.1170],
        [ 0.1822, -0.1445, -0.1570,  ...,  0.1639,  0.1765,  0.3063],
        ...,
        [ 0.1461, -0.2338, -0.1731,  ...,  0.2374,  0.2838,  0.1786],
        [-0.2030, -0.0771, -0.1533,  ..., -0.0500, -0.1049, -0.0188],
        [ 0.0169,  0.1315,  0.1459,  ...,  0.0901, -0.0433, -0.0025]]), 'rvq_quantizer.project_in.bias': tensor([-0.0086,  0.2231, -0.2483, -0.2060, -0.0208, -0.0944,  0.1776, -0.1369,
        -0.1652,  0.2730, -0.0156,  0.2176, -0.1497,  0.0368, -0.1538,  0.0792,
         0.2154,  0.0828, -0.2812,  0.2479, -0.1868, -0.1115, -0.2806,  0.1052,
         0.0771,  0.1475, -0.0295,  0.0729, -0.1912, -0.2395,  0.0511,  0.0115]), 'rvq_quantizer.project_out.weight': tensor([[-0.0815,  0.1727, -0.0148,  ...,  0.1287, -0.0939, -0.1531],
        [ 0.0183, -0.1208,  0.1509,  ..., -0.1265,  0.0730, -0.0623],
        [-0.0936,  0.0389, -0.1234,  ...,  0.0668, -0.0210,  0.1376],
        ...,
        [ 0.0620, -0.1746,  0.0423,  ..., -0.0158,  0.1481, -0.0877],
        [-0.0183, -0.0650, -0.0248,  ...,  0.0933, -0.0601, -0.0218],
        [-0.1321, -0.1601, -0.0124,  ..., -0.0062, -0.0595, -0.1735]]), 'rvq_quantizer.project_out.bias': tensor([-0.1325, -0.1298,  0.1105, -0.0047, -0.0939, -0.0475, -0.1619,  0.1762,
        -0.0832,  0.0768,  0.0778,  0.1731, -0.0281, -0.1593, -0.0284, -0.0098,
        -0.1415, -0.0457, -0.0575, -0.1438, -0.0401,  0.1346,  0.0530,  0.1138,
        -0.1113,  0.1297,  0.1565, -0.0831,  0.0719, -0.1018,  0.0382,  0.1418,
         0.0541,  0.0914, -0.0196,  0.0149, -0.1340, -0.1024, -0.0020, -0.0946,
        -0.0163,  0.0172, -0.0827,  0.0442,  0.0316,  0.1223, -0.1414,  0.1619,
        -0.1512,  0.0501,  0.0878, -0.0692, -0.1058,  0.0113,  0.1297, -0.0977,
        -0.0705, -0.0886,  0.0652,  0.1578, -0.1560, -0.0265,  0.0297,  0.1308]), 'rvq_quantizer.layers.0._codebook.initted': tensor([1.]), 'rvq_quantizer.layers.0._codebook.cluster_size': tensor([[2.0000, 7.4700, 2.5500,  ..., 2.0000, 2.0566, 4.0602]]), 'rvq_quantizer.layers.0._codebook.embed_avg': tensor([[[ -306.6663,   106.3878,  -452.3173,  ...,  -384.8530,
            393.3392,   -63.3368],
         [ -914.3971,   156.3208, -1116.1189,  ...,  -907.9657,
           1109.4091,  -245.2974],
         [ -296.9748,    37.6454,  -342.1392,  ...,  -275.3867,
            346.6785,   -74.1013],
         ...,
         [ -312.9371,   100.7701,  -390.7367,  ...,  -338.1241,
            364.1438,   -94.9557],
         [ -249.3859,    80.4293,  -366.7787,  ...,  -317.6368,
            322.1983,   -72.4782],
         [ -421.9529,   131.6271,  -636.9406,  ...,  -562.8943,
            542.6215,  -129.7228]]]), 'rvq_quantizer.layers.0._codebook.embed': tensor([[[-153.3331,   53.1939, -226.1586,  ..., -192.4265,  196.6696,
           -31.6684],
         [-122.4095,   20.9265, -149.4138,  ..., -121.5485,  148.5156,
           -32.8377],
         [-116.4606,   14.7629, -134.1722,  ..., -107.9947,  135.9523,
           -29.0593],
         ...,
         [-156.4685,   50.3851, -195.3683,  ..., -169.0620,  182.0719,
           -47.4779],
         [-121.2617,   39.1080, -178.3429,  ..., -154.4481,  156.6661,
           -35.2419],
         [-103.9240,   32.4188, -156.8740,  ..., -138.6369,  133.6438,
           -31.9498]]]), 'rvq_quantizer.layers.1._codebook.initted': tensor([1.]), 'rvq_quantizer.layers.1._codebook.cluster_size': tensor([[2.7425, 2.2720, 2.4000,  ..., 2.0000, 2.2889, 2.0000]]), 'rvq_quantizer.layers.1._codebook.embed_avg': tensor([[[-15.7176,  11.1603, -11.7993,  ...,  -7.1444,  15.9495,  -2.0656],
         [ -7.7801,   4.1776,   1.0796,  ...,  -2.4056,  14.8050,   2.2549],
         [ -7.2612,   4.9626,   3.6452,  ...,   4.3858,  -1.4751,   7.5894],
         ...,
         [-17.5391,  -5.4646, -12.4154,  ...,  -8.0737,  15.2376,  -0.9285],
         [-12.5708,   2.3593,   2.7350,  ...,   9.0203,  13.9833,  -1.6922],
         [  3.6139,   4.4156,  -3.4755,  ...,  -0.5560,   5.0671,  11.3577]]]), 'rvq_quantizer.layers.1._codebook.embed': tensor([[[-5.7312,  4.0694, -4.3024,  ..., -2.6051,  5.8157, -0.7532],
         [-3.4243,  1.8387,  0.4752,  ..., -1.0588,  6.5163,  0.9925],
         [-3.0255,  2.0678,  1.5188,  ...,  1.8274, -0.6146,  3.1623],
         ...,
         [-8.7696, -2.7323, -6.2077,  ..., -4.0369,  7.6188, -0.4642],
         [-5.4920,  1.0307,  1.1949,  ...,  3.9408,  6.1090, -0.7393],
         [ 1.8070,  2.2078, -1.7377,  ..., -0.2780,  2.5336,  5.6788]]]), 'rvq_quantizer.layers.2._codebook.initted': tensor([1.]), 'rvq_quantizer.layers.2._codebook.cluster_size': tensor([[2.0000, 2.3000, 2.0000,  ..., 2.0000, 2.4674, 2.5483]]), 'rvq_quantizer.layers.2._codebook.embed_avg': tensor([[[ 5.2116,  4.1639,  1.1088,  ...,  4.6647,  4.1095, 10.0315],
         [-9.3122, -4.1384, -5.8589,  ...,  0.7582, -0.4394,  1.9659],
         [-1.1414, -4.7931, -3.7060,  ..., -6.3997, -6.8829, -6.8116],
         ...,
         [ 7.2127, -2.0651,  3.8031,  ..., -2.3734,  9.6632, -5.3999],
         [-6.6871,  2.9788, -0.3032,  ...,  3.9830, -1.8458, -4.9000],
         [ 1.0939, -1.0137, -0.4232,  ..., -3.4001, -1.1975,  3.4559]]]), 'rvq_quantizer.layers.2._codebook.embed': tensor([[[ 2.6058,  2.0819,  0.5544,  ...,  2.3323,  2.0547,  5.0158],
         [-4.0488, -1.7993, -2.5474,  ...,  0.3296, -0.1910,  0.8547],
         [-0.5707, -2.3966, -1.8530,  ..., -3.1998, -3.4414, -3.4058],
         ...,
         [ 3.6063, -1.0325,  1.9016,  ..., -1.1867,  4.8316, -2.6999],
         [-2.7102,  1.2073, -0.1229,  ...,  1.6143, -0.7481, -1.9859],
         [ 0.4293, -0.3978, -0.1661,  ..., -1.3343, -0.4699,  1.3562]]]), 'rvq_quantizer.layers.3._codebook.initted': tensor([1.]), 'rvq_quantizer.layers.3._codebook.cluster_size': tensor([[2.0000, 3.2040, 2.7632,  ..., 2.5897, 2.6863, 2.3800]]), 'rvq_quantizer.layers.3._codebook.embed_avg': tensor([[[ 2.7090,  3.6554, -1.8630,  ..., -6.5079,  0.4992,  0.1208],
         [ 0.2267, -1.7541,  0.6381,  ...,  1.5798,  4.1915,  2.8998],
         [ 2.4014,  1.6619, -0.9671,  ..., -4.3830,  1.1543, -2.1707],
         ...,
         [-5.5703,  2.2083, -1.3859,  ...,  1.3321, -1.2975, -2.3549],
         [ 2.5644,  4.8930, -0.6354,  ...,  4.4598, -0.3130,  2.0811],
         [ 1.2595, -2.6504, -3.0161,  ..., -2.9466, -5.6149, -9.4983]]]), 'rvq_quantizer.layers.3._codebook.embed': tensor([[[ 1.3545,  1.8277, -0.9315,  ..., -3.2539,  0.2496,  0.0604],
         [ 0.0708, -0.5475,  0.1992,  ...,  0.4931,  1.3082,  0.9050],
         [ 0.8691,  0.6014, -0.3500,  ..., -1.5862,  0.4178, -0.7856],
         ...,
         [-2.1509,  0.8527, -0.5351,  ...,  0.5144, -0.5010, -0.9093],
         [ 0.9546,  1.8215, -0.2365,  ...,  1.6602, -0.1165,  0.7747],
         [ 0.5292, -1.1136, -1.2673,  ..., -1.2381, -2.3592, -3.9909]]])})
Loss:  tensor(7.5391, grad_fn=<MeanBackward0>)
OrderedDict({'rvq_quantizer.project_in.weight': tensor([[ 0.1763,  0.1707,  0.1892,  ...,  0.1679,  0.1121,  0.1914],
        [-0.0639,  0.1997,  0.0553,  ..., -0.0438,  0.0024, -0.1199],
        [ 0.1919, -0.1401, -0.1683,  ...,  0.1703,  0.1832,  0.3136],
        ...,
        [ 0.1557, -0.2419, -0.1841,  ...,  0.2419,  0.2883,  0.1846],
        [-0.2103, -0.0878, -0.1496,  ..., -0.0561, -0.1111, -0.0255],
        [ 0.0143,  0.1380,  0.1514,  ...,  0.0919, -0.0413, -0.0009]]), 'rvq_quantizer.project_in.bias': tensor([-0.0129,  0.2282, -0.2576, -0.2154, -0.0177, -0.0968,  0.1810, -0.1384,
        -0.1721,  0.2819, -0.0217,  0.2265, -0.1574,  0.0339, -0.1610,  0.0760,
         0.2205,  0.0866, -0.2884,  0.2540, -0.1921, -0.1189, -0.2879,  0.1138,
         0.0759,  0.1548, -0.0341,  0.0777, -0.1959, -0.2487,  0.0583,  0.0123]), 'rvq_quantizer.project_out.weight': tensor([[-0.0815,  0.1727, -0.0148,  ...,  0.1287, -0.0939, -0.1531],
        [ 0.0183, -0.1208,  0.1509,  ..., -0.1265,  0.0730, -0.0623],
        [-0.0936,  0.0389, -0.1234,  ...,  0.0668, -0.0210,  0.1376],
        ...,
        [ 0.0620, -0.1746,  0.0423,  ..., -0.0158,  0.1481, -0.0877],
        [-0.0183, -0.0650, -0.0248,  ...,  0.0933, -0.0601, -0.0218],
        [-0.1321, -0.1601, -0.0124,  ..., -0.0062, -0.0595, -0.1735]]), 'rvq_quantizer.project_out.bias': tensor([-0.1325, -0.1298,  0.1105, -0.0047, -0.0939, -0.0475, -0.1619,  0.1762,
        -0.0832,  0.0768,  0.0778,  0.1731, -0.0281, -0.1593, -0.0284, -0.0098,
        -0.1415, -0.0457, -0.0575, -0.1438, -0.0401,  0.1346,  0.0530,  0.1138,
        -0.1113,  0.1297,  0.1565, -0.0831,  0.0719, -0.1018,  0.0382,  0.1418,
         0.0541,  0.0914, -0.0196,  0.0149, -0.1340, -0.1024, -0.0020, -0.0946,
        -0.0163,  0.0172, -0.0827,  0.0442,  0.0316,  0.1223, -0.1414,  0.1619,
        -0.1512,  0.0501,  0.0878, -0.0692, -0.1058,  0.0113,  0.1297, -0.0977,
        -0.0705, -0.0886,  0.0652,  0.1578, -0.1560, -0.0265,  0.0297,  0.1308]), 'rvq_quantizer.layers.0._codebook.initted': tensor([1.]), 'rvq_quantizer.layers.0._codebook.cluster_size': tensor([[2.5000, 7.5230, 2.2950,  ..., 2.1000, 2.0000, 3.6542]]), 'rvq_quantizer.layers.0._codebook.embed_avg': tensor([[[ -382.1124,   135.0438,  -565.3844,  ...,  -482.3703,
            491.3893,   -79.9728],
         [ -924.5723,   157.5434, -1123.1827,  ...,  -911.7344,
           1119.9265,  -246.5186],
         [ -267.2773,    33.8808,  -307.9252,  ...,  -247.8480,
            312.0107,   -66.6912],
         ...,
         [ -327.7236,   104.8704,  -410.0797,  ...,  -354.0467,
            382.7047,  -100.7908],
         [ -285.3838,   157.8265,  -469.3726,  ...,  -432.5695,
            377.1708,   -32.5768],
         [ -379.7577,   118.4644,  -573.2465,  ...,  -506.6049,
            488.3593,  -116.7505]]]), 'rvq_quantizer.layers.0._codebook.embed': tensor([[[-152.8449,   54.0175, -226.1536,  ..., -192.9480,  196.5556,
           -31.9891],
         [-122.8997,   20.9416, -149.3002,  ..., -121.1932,  148.8673,
           -32.7687],
         [-116.4606,   14.7629, -134.1721,  ..., -107.9947,  135.9523,
           -29.0593],
         ...,
         [-156.0587,   49.9382, -195.2758,  ..., -168.5935,  182.2401,
           -47.9956],
         [-142.6919,   78.9132, -234.6863,  ..., -216.2847,  188.5854,
           -16.2884],
         [-103.9240,   32.4188, -156.8739,  ..., -138.6369,  133.6438,
           -31.9498]]]), 'rvq_quantizer.layers.1._codebook.initted': tensor([1.]), 'rvq_quantizer.layers.1._codebook.cluster_size': tensor([[2.8682, 2.6448, 2.4600,  ..., 2.0000, 2.0600, 2.0000]]), 'rvq_quantizer.layers.1._codebook.embed_avg': tensor([[[-16.1303,  12.1153, -12.8311,  ...,  -7.7504,  16.7779,  -1.2034],
         [ -9.3461,   5.3762,   0.4715,  ...,  -2.9173,  17.7859,   2.7563],
         [ -7.5783,   4.9859,   3.5506,  ...,   4.7037,  -1.0750,   7.5388],
         ...,
         [  1.6818,   6.8616, -11.0739,  ..., -15.6717,  10.7992,   4.2943],
         [-11.3137,   2.1233,   2.4615,  ...,   8.1183,  12.5850,  -1.5229],
         [ -2.1763,   0.5768,  -2.9277,  ...,  -1.6575,   9.7570,  -0.0616]]]), 'rvq_quantizer.layers.1._codebook.embed': tensor([[[-5.6238,  4.2240, -4.4735,  ..., -2.7021,  5.8495, -0.4195],
         [-3.5338,  2.0327,  0.1783,  ..., -1.1030,  6.7248,  1.0421],
         [-3.0806,  2.0268,  1.4433,  ...,  1.9121, -0.4370,  3.0645],
         ...,
         [ 0.8409,  3.4308, -5.5369,  ..., -7.8358,  5.3996,  2.1472],
         [-5.4920,  1.0307,  1.1949,  ...,  3.9408,  6.1090, -0.7393],
         [-1.0881,  0.2884, -1.4639,  ..., -0.8287,  4.8785, -0.0308]]]), 'rvq_quantizer.layers.2._codebook.initted': tensor([1.]), 'rvq_quantizer.layers.2._codebook.cluster_size': tensor([[2.0000, 2.4700, 2.0000,  ..., 2.0000, 2.2206, 2.2934]]), 'rvq_quantizer.layers.2._codebook.embed_avg': tensor([[[  5.3384,   4.0816,   2.3940,  ...,   4.6397,   4.0862,  10.6748],
         [-10.0148,  -4.9896,  -6.2884,  ...,   0.6413,  -0.1988,   2.5668],
         [ -5.6782,   5.5349,   3.3915,  ..., -18.1194,  -1.2428,  -3.8784],
         ...,
         [ -4.8937,  -4.0084,   0.9111,  ...,  -3.4351,  -2.1564,  -1.5167],
         [ -6.0184,   2.6809,  -0.2729,  ...,   3.5847,  -1.6612,  -4.4100],
         [  0.9845,  -0.9123,  -0.3809,  ...,  -3.0601,  -1.0778,   3.1103]]]), 'rvq_quantizer.layers.2._codebook.embed': tensor([[[ 2.6692,  2.0408,  1.1970,  ...,  2.3198,  2.0431,  5.3374],
         [-4.0546, -2.0201, -2.5459,  ...,  0.2596, -0.0805,  1.0392],
         [-2.8391,  2.7675,  1.6958,  ..., -9.0597, -0.6214, -1.9392],
         ...,
         [-2.4468, -2.0042,  0.4555,  ..., -1.7175, -1.0782, -0.7584],
         [-2.7102,  1.2073, -0.1229,  ...,  1.6143, -0.7481, -1.9859],
         [ 0.4293, -0.3978, -0.1661,  ..., -1.3343, -0.4699,  1.3562]]]), 'rvq_quantizer.layers.3._codebook.initted': tensor([1.]), 'rvq_quantizer.layers.3._codebook.cluster_size': tensor([[2.0000, 2.9836, 2.9869,  ..., 2.5307, 2.8177, 2.4420]]), 'rvq_quantizer.layers.3._codebook.embed_avg': tensor([[[-3.0397e+00,  1.9932e+00, -3.2241e+00,  ...,  4.1118e+00,
          -4.6326e+00,  3.5688e+00],
         [ 7.5611e-03, -1.7328e+00,  1.6269e-01,  ...,  1.1379e+00,
           4.2618e+00,  2.7148e+00],
         [ 2.4308e+00,  1.2875e+00, -6.1509e-01,  ..., -4.0223e+00,
           1.1487e+00, -2.4306e+00],
         ...,
         [-5.3756e+00,  1.7310e+00, -1.4568e+00,  ...,  1.4460e+00,
          -1.5427e+00, -1.9981e+00],
         [ 2.5454e+00,  5.4648e+00, -4.9350e-01,  ...,  4.4500e+00,
          -4.3692e-01,  1.0673e+00],
         [ 1.2311e+00, -3.2789e+00, -3.5746e+00,  ..., -3.0554e+00,
          -5.5999e+00, -9.3314e+00]]]), 'rvq_quantizer.layers.3._codebook.embed': tensor([[[-1.5198e+00,  9.9661e-01, -1.6121e+00,  ...,  2.0559e+00,
          -2.3163e+00,  1.7844e+00],
         [ 2.5342e-03, -5.8078e-01,  5.4526e-02,  ...,  3.8137e-01,
           1.4284e+00,  9.0989e-01],
         [ 8.1382e-01,  4.3104e-01, -2.0593e-01,  ..., -1.3466e+00,
           3.8457e-01, -8.1376e-01],
         ...,
         [-2.1241e+00,  6.8399e-01, -5.7563e-01,  ...,  5.7140e-01,
          -6.0960e-01, -7.8953e-01],
         [ 9.0336e-01,  1.9395e+00, -1.7514e-01,  ...,  1.5793e+00,
          -1.5506e-01,  3.7880e-01],
         [ 5.0415e-01, -1.3427e+00, -1.4638e+00,  ..., -1.2512e+00,
          -2.2932e+00, -3.8212e+00]]])})
Loss:  tensor(7.2831, grad_fn=<MeanBackward0>)
OrderedDict({'rvq_quantizer.project_in.weight': tensor([[ 0.1792,  0.1808,  0.1937,  ...,  0.1727,  0.1168,  0.1960],
        [-0.0698,  0.2056,  0.0614,  ..., -0.0469, -0.0006, -0.1227],
        [ 0.2016, -0.1357, -0.1797,  ...,  0.1766,  0.1898,  0.3207],
        ...,
        [ 0.1653, -0.2500, -0.1950,  ...,  0.2461,  0.2925,  0.1905],
        [-0.2174, -0.0986, -0.1451,  ..., -0.0619, -0.1169, -0.0319],
        [ 0.0116,  0.1444,  0.1566,  ...,  0.0935, -0.0393,  0.0005]]), 'rvq_quantizer.project_in.bias': tensor([-0.0169,  0.2333, -0.2669, -0.2246, -0.0147, -0.0992,  0.1845, -0.1399,
        -0.1790,  0.2909, -0.0276,  0.2354, -0.1651,  0.0312, -0.1680,  0.0729,
         0.2253,  0.0902, -0.2954,  0.2601, -0.1975, -0.1263, -0.2950,  0.1224,
         0.0747,  0.1621, -0.0385,  0.0822, -0.2008, -0.2579,  0.0653,  0.0132]), 'rvq_quantizer.project_out.weight': tensor([[-0.0815,  0.1727, -0.0148,  ...,  0.1287, -0.0939, -0.1531],
        [ 0.0183, -0.1208,  0.1509,  ..., -0.1265,  0.0730, -0.0623],
        [-0.0936,  0.0389, -0.1234,  ...,  0.0668, -0.0210,  0.1376],
        ...,
        [ 0.0620, -0.1746,  0.0423,  ..., -0.0158,  0.1481, -0.0877],
        [-0.0183, -0.0650, -0.0248,  ...,  0.0933, -0.0601, -0.0218],
        [-0.1321, -0.1601, -0.0124,  ..., -0.0062, -0.0595, -0.1735]]), 'rvq_quantizer.project_out.bias': tensor([-0.1325, -0.1298,  0.1105, -0.0047, -0.0939, -0.0475, -0.1619,  0.1762,
        -0.0832,  0.0768,  0.0778,  0.1731, -0.0281, -0.1593, -0.0284, -0.0098,
        -0.1415, -0.0457, -0.0575, -0.1438, -0.0401,  0.1346,  0.0530,  0.1138,
        -0.1113,  0.1297,  0.1565, -0.0831,  0.0719, -0.1018,  0.0382,  0.1418,
         0.0541,  0.0914, -0.0196,  0.0149, -0.1340, -0.1024, -0.0020, -0.0946,
        -0.0163,  0.0172, -0.0827,  0.0442,  0.0316,  0.1223, -0.1414,  0.1619,
        -0.1512,  0.0501,  0.0878, -0.0692, -0.1058,  0.0113,  0.1297, -0.0977,
        -0.0705, -0.0886,  0.0652,  0.1578, -0.1560, -0.0265,  0.0297,  0.1308]), 'rvq_quantizer.layers.0._codebook.initted': tensor([1.]), 'rvq_quantizer.layers.0._codebook.cluster_size': tensor([[2.7500, 6.7707, 2.0655,  ..., 2.0000, 3.0000, 3.2888]]), 'rvq_quantizer.layers.0._codebook.embed_avg': tensor([[[ -421.3100,   150.7856,  -621.1373,  ...,  -531.4163,
            542.5964,   -88.5646],
         [ -832.1151,   141.7891, -1010.8644,  ...,  -820.5610,
           1007.9338,  -221.8667],
         [ -240.5496,    30.4927,  -277.1327,  ...,  -223.0632,
            280.8096,   -60.0220],
         ...,
         [ -317.8540,   172.5172,  -494.6018,  ...,  -463.7263,
            412.4403,   -84.4323],
         [ -427.2066,   236.2139,  -700.6693,  ...,  -644.0074,
            571.6042,   -45.4519],
         [ -341.7819,   106.6179,  -515.9219,  ...,  -455.9444,
            439.5234,  -105.0754]]]), 'rvq_quantizer.layers.0._codebook.embed': tensor([[[-153.2036,   54.8311, -225.8681,  ..., -193.2422,  197.3077,
           -32.2053],
         [-122.8997,   20.9416, -149.3001,  ..., -121.1932,  148.8673,
           -32.7687],
         [-116.4605,   14.7629, -134.1720,  ..., -107.9946,  135.9522,
           -29.0593],
         ...,
         [-158.9270,   86.2586, -247.3009,  ..., -231.8632,  206.2201,
           -42.2162],
         [-142.4022,   78.7380, -233.5564,  ..., -214.6691,  190.5348,
           -15.1506],
         [-103.9240,   32.4188, -156.8739,  ..., -138.6368,  133.6438,
           -31.9498]]]), 'rvq_quantizer.layers.1._codebook.initted': tensor([1.]), 'rvq_quantizer.layers.1._codebook.cluster_size': tensor([[2.8814, 2.4803, 3.0140,  ..., 2.2000, 2.0000, 2.0000]]), 'rvq_quantizer.layers.1._codebook.embed_avg': tensor([[[-15.1862,  12.8808, -12.9780,  ...,  -8.3204,  16.5413,  -1.8285],
         [ -8.8083,   5.1962,   0.5391,  ...,  -2.5584,  16.7577,   2.5383],
         [ -9.3974,   6.5700,   2.9268,  ...,   8.0815,  -1.6244,  10.3733],
         ...,
         [  2.1853,   7.6872, -12.1921,  ..., -14.7165,  11.6238,   5.5530],
         [-10.1195,   1.2121,   6.9611,  ...,  -0.3572,  17.9102,  -1.9458],
         [ -2.3548,   7.7647,   1.7640,  ...,   3.8240,   5.4258,   3.4264]]]), 'rvq_quantizer.layers.1._codebook.embed': tensor([[[-5.2704,  4.4703, -4.5040,  ..., -2.8876,  5.7407, -0.6346],
         [-3.5513,  2.0950,  0.2173,  ..., -1.0315,  6.7563,  1.0234],
         [-3.1179,  2.1798,  0.9711,  ...,  2.6813, -0.5389,  3.4417],
         ...,
         [ 0.9933,  3.4942, -5.5419,  ..., -6.6893,  5.2835,  2.5241],
         [-5.0598,  0.6061,  3.4806,  ..., -0.1786,  8.9551, -0.9729],
         [-1.1774,  3.8823,  0.8820,  ...,  1.9120,  2.7129,  1.7132]]]), 'rvq_quantizer.layers.2._codebook.initted': tensor([1.]), 'rvq_quantizer.layers.2._codebook.cluster_size': tensor([[2.1000, 2.6230, 2.0000,  ..., 2.0000, 2.0986, 2.2641]]), 'rvq_quantizer.layers.2._codebook.embed_avg': tensor([[[ 6.1609,  4.3853,  2.4188,  ...,  5.0470,  3.7022, 11.0718],
         [-9.9754, -6.1072, -7.2327,  ...,  1.3245, -0.1067,  2.6485],
         [-0.0250, -4.8907, -4.7805,  ..., -3.5555,  5.0626, -1.2494],
         ...,
         [ 0.9250,  5.7467, -4.5810,  ..., -9.7057,  3.5642, -5.5829],
         [-5.8929,  2.3619, -0.3320,  ...,  3.0832, -1.6105, -4.1007],
         [ 1.4963, -0.6172, -0.4275,  ..., -2.4141, -1.1613,  3.4078]]]), 'rvq_quantizer.layers.2._codebook.embed': tensor([[[ 2.9337,  2.0882,  1.1518,  ...,  2.4033,  1.7629,  5.2723],
         [-3.8030, -2.3283, -2.7574,  ...,  0.5050, -0.0407,  1.0097],
         [-0.0125, -2.4454, -2.3903,  ..., -1.7777,  2.5313, -0.6247],
         ...,
         [ 0.4625,  2.8734, -2.2905,  ..., -4.8529,  1.7821, -2.7915],
         [-2.8080,  1.1255, -0.1582,  ...,  1.4692, -0.7674, -1.9540],
         [ 0.6609, -0.2726, -0.1888,  ..., -1.0663, -0.5129,  1.5052]]]), 'rvq_quantizer.layers.3._codebook.initted': tensor([1.]), 'rvq_quantizer.layers.3._codebook.cluster_size': tensor([[2.0000, 2.9853, 2.8882,  ..., 2.5777, 2.8359, 2.4978]]), 'rvq_quantizer.layers.3._codebook.embed_avg': tensor([[[ 0.1199,  0.6624, -1.0191,  ..., -1.5800, -0.1433, -0.6618],
         [ 0.1132, -1.2689,  0.0443,  ...,  1.0851,  4.3197,  2.5264],
         [ 2.3280,  0.8027, -0.7168,  ..., -3.8041,  0.9571, -2.6972],
         ...,
         [-4.8999,  1.8946, -1.4906,  ...,  1.7378, -2.1380, -1.9777],
         [ 2.9813,  5.3763, -0.4046,  ...,  4.6613, -0.7723,  0.6207],
         [ 1.0990, -3.9173, -3.1691,  ..., -2.8546, -5.2166, -9.4707]]]), 'rvq_quantizer.layers.3._codebook.embed': tensor([[[ 0.0600,  0.3312, -0.5096,  ..., -0.7900, -0.0716, -0.3309],
         [ 0.0379, -0.4250,  0.0148,  ...,  0.3635,  1.4470,  0.8463],
         [ 0.8060,  0.2779, -0.2482,  ..., -1.3171,  0.3314, -0.9339],
         ...,
         [-1.9009,  0.7350, -0.5783,  ...,  0.6742, -0.8294, -0.7673],
         [ 1.0513,  1.8958, -0.1427,  ...,  1.6437, -0.2723,  0.2189],
         [ 0.4400, -1.5683, -1.2688,  ..., -1.1429, -2.0885, -3.7916]]])})
Loss:  tensor(7.4682, grad_fn=<MeanBackward0>)
OrderedDict({'rvq_quantizer.project_in.weight': tensor([[ 0.1818,  0.1909,  0.1978,  ...,  0.1772,  0.1212,  0.2004],
        [-0.0758,  0.2113,  0.0677,  ..., -0.0500, -0.0037, -0.1255],
        [ 0.2113, -0.1316, -0.1912,  ...,  0.1826,  0.1961,  0.3277],
        ...,
        [ 0.1749, -0.2579, -0.2060,  ...,  0.2501,  0.2966,  0.1963],
        [-0.2243, -0.1095, -0.1398,  ..., -0.0673, -0.1223, -0.0380],
        [ 0.0088,  0.1510,  0.1616,  ...,  0.0950, -0.0375,  0.0019]]), 'rvq_quantizer.project_in.bias': tensor([-0.0207,  0.2383, -0.2762, -0.2339, -0.0119, -0.1017,  0.1880, -0.1415,
        -0.1861,  0.2999, -0.0333,  0.2442, -0.1728,  0.0286, -0.1748,  0.0699,
         0.2299,  0.0936, -0.3021,  0.2663, -0.2028, -0.1337, -0.3021,  0.1309,
         0.0735,  0.1694, -0.0427,  0.0867, -0.2059, -0.2672,  0.0721,  0.0142]), 'rvq_quantizer.project_out.weight': tensor([[-0.0815,  0.1727, -0.0148,  ...,  0.1287, -0.0939, -0.1531],
        [ 0.0183, -0.1208,  0.1509,  ..., -0.1265,  0.0730, -0.0623],
        [-0.0936,  0.0389, -0.1234,  ...,  0.0668, -0.0210,  0.1376],
        ...,
        [ 0.0620, -0.1746,  0.0423,  ..., -0.0158,  0.1481, -0.0877],
        [-0.0183, -0.0650, -0.0248,  ...,  0.0933, -0.0601, -0.0218],
        [-0.1321, -0.1601, -0.0124,  ..., -0.0062, -0.0595, -0.1735]]), 'rvq_quantizer.project_out.bias': tensor([-0.1325, -0.1298,  0.1105, -0.0047, -0.0939, -0.0475, -0.1619,  0.1762,
        -0.0832,  0.0768,  0.0778,  0.1731, -0.0281, -0.1593, -0.0284, -0.0098,
        -0.1415, -0.0457, -0.0575, -0.1438, -0.0401,  0.1346,  0.0530,  0.1138,
        -0.1113,  0.1297,  0.1565, -0.0831,  0.0719, -0.1018,  0.0382,  0.1418,
         0.0541,  0.0914, -0.0196,  0.0149, -0.1340, -0.1024, -0.0020, -0.0946,
        -0.0163,  0.0172, -0.0827,  0.0442,  0.0316,  0.1223, -0.1414,  0.1619,
        -0.1512,  0.0501,  0.0878, -0.0692, -0.1058,  0.0113,  0.1297, -0.0977,
        -0.0705, -0.0886,  0.0652,  0.1578, -0.1560, -0.0265,  0.0297,  0.1308]), 'rvq_quantizer.layers.0._codebook.initted': tensor([1.]), 'rvq_quantizer.layers.0._codebook.cluster_size': tensor([[2.9750, 6.0936, 2.0000,  ..., 2.4000, 4.1000, 2.9599]]), 'rvq_quantizer.layers.0._codebook.embed_avg': tensor([[[-457.1183,  164.1192, -670.4564,  ..., -573.4999,  589.4896,
           -97.1873],
         [-748.9036,  127.6102, -909.7780,  ..., -738.5049,  907.1404,
          -199.6801],
         [-310.8865,  133.9965, -454.9390,  ..., -427.9045,  408.9468,
           -87.2501],
         ...,
         [-381.2123,  207.6652, -596.2687,  ..., -557.0430,  499.0140,
          -100.3025],
         [-588.0463,  323.6001, -951.0812,  ..., -873.6134,  789.3878,
           -58.0349],
         [-307.6037,   95.9561, -464.3297,  ..., -410.3500,  395.5710,
           -94.5679]]]), 'rvq_quantizer.layers.0._codebook.embed': tensor([[[-153.6532,   55.1661, -225.3635,  ..., -192.7731,  198.1478,
           -32.6680],
         [-122.8997,   20.9416, -149.3001,  ..., -121.1932,  148.8673,
           -32.7687],
         [-155.4433,   66.9982, -227.4695,  ..., -213.9522,  204.4734,
           -43.6250],
         ...,
         [-158.8383,   86.5271, -248.4451,  ..., -232.1011,  207.9223,
           -41.7927],
         [-143.4261,   78.9269, -231.9713,  ..., -213.0767,  192.5338,
           -14.1549],
         [-103.9240,   32.4188, -156.8738,  ..., -138.6368,  133.6437,
           -31.9498]]]), 'rvq_quantizer.layers.1._codebook.initted': tensor([1.]), 'rvq_quantizer.layers.1._codebook.cluster_size': tensor([[2.9933, 2.3323, 3.1126,  ..., 2.0000, 2.0000, 2.0000]]), 'rvq_quantizer.layers.1._codebook.embed_avg': tensor([[[-15.2115,  13.8390, -13.5961,  ...,  -8.1664,  16.8179,  -1.8312],
         [ -8.1006,   4.4722,   0.4456,  ...,  -2.5133,  15.9331,   2.0458],
         [ -9.5883,   6.8027,   3.3653,  ...,   9.0480,  -1.4683,  10.8002],
         ...,
         [ -6.4508,   6.0064,  -4.2787,  ...,  -0.8819,  -2.2923,   4.6160],
         [-10.1733,   1.7548,   8.2408,  ...,   0.6691,  17.5312,  -1.7613],
         [ -4.2550,   3.7407,   0.7390,  ...,   0.7409,   5.9556,  -3.5856]]]), 'rvq_quantizer.layers.1._codebook.embed': tensor([[[-5.0819,  4.6234, -4.5422,  ..., -2.7283,  5.6186, -0.6118],
         [-3.4732,  1.9175,  0.1910,  ..., -1.0776,  6.8315,  0.8772],
         [-3.0805,  2.1855,  1.0812,  ...,  2.9069, -0.4717,  3.4698],
         ...,
         [-3.2254,  3.0032, -2.1393,  ..., -0.4409, -1.1462,  2.3080],
         [-5.0866,  0.8774,  4.1204,  ...,  0.3346,  8.7656, -0.8807],
         [-2.1275,  1.8703,  0.3695,  ...,  0.3705,  2.9778, -1.7928]]]), 'rvq_quantizer.layers.2._codebook.initted': tensor([1.]), 'rvq_quantizer.layers.2._codebook.cluster_size': tensor([[2.1900, 2.6607, 2.6000,  ..., 2.0000, 2.0000, 2.1377]]), 'rvq_quantizer.layers.2._codebook.embed_avg': tensor([[[ 6.0435,  5.3129,  2.7623,  ...,  5.1303,  3.6018, 11.5270],
         [-9.9062, -5.9777, -7.9971,  ...,  1.1318, -0.2816,  2.6866],
         [-0.0939, -5.9549, -4.7607,  ..., -4.9929,  5.7793, -2.1495],
         ...,
         [ 2.5450,  3.4923,  5.7400,  ..., 11.0901, -3.5659,  2.5873],
         [ 4.8268,  6.8388,  7.1979,  ...,  9.1084, -4.2711, 14.2420],
         [ 1.7394, -0.5426, -1.1230,  ..., -1.6999, -1.2558,  3.5135]]]), 'rvq_quantizer.layers.2._codebook.embed': tensor([[[ 2.7596,  2.4260,  1.2613,  ...,  2.3426,  1.6447,  5.2635],
         [-3.7232, -2.2467, -3.0056,  ...,  0.4254, -0.1058,  1.0097],
         [-0.0361, -2.2903, -1.8310,  ..., -1.9204,  2.2228, -0.8267],
         ...,
         [ 1.2725,  1.7461,  2.8700,  ...,  5.5450, -1.7829,  1.2937],
         [ 2.4134,  3.4194,  3.5989,  ...,  4.5542, -2.1356,  7.1210],
         [ 0.8137, -0.2538, -0.5254,  ..., -0.7952, -0.5874,  1.6436]]]), 'rvq_quantizer.layers.3._codebook.initted': tensor([1.]), 'rvq_quantizer.layers.3._codebook.cluster_size': tensor([[2.3000, 2.8867, 2.7994,  ..., 2.4199, 2.9523, 3.0480]]), 'rvq_quantizer.layers.3._codebook.embed_avg': tensor([[[  0.2496,   0.8631,  -1.4463,  ...,  -1.2298,  -0.1432,  -0.6465],
         [  0.3283,  -1.3763,  -0.0371,  ...,   1.0277,   3.8592,   2.5700],
         [  2.1116,   1.0245,  -0.5914,  ...,  -3.9858,   0.8181,  -2.6164],
         ...,
         [ -4.5605,   2.3227,  -1.4435,  ...,   1.2932,  -2.0424,  -2.0138],
         [  3.4922,   5.1791,  -0.1200,  ...,   4.7964,  -1.1939,   0.5581],
         [  1.8458,  -5.2940,  -4.6662,  ...,  -4.4356,  -6.1376, -11.4628]]]), 'rvq_quantizer.layers.3._codebook.embed': tensor([[[ 0.1085,  0.3752, -0.6288,  ..., -0.5347, -0.0623, -0.2811],
         [ 0.1137, -0.4768, -0.0129,  ...,  0.3560,  1.3369,  0.8903],
         [ 0.7543,  0.3660, -0.2113,  ..., -1.4238,  0.2923, -0.9346],
         ...,
         [-1.8846,  0.9599, -0.5965,  ...,  0.5344, -0.8440, -0.8322],
         [ 1.1829,  1.7543, -0.0407,  ...,  1.6246, -0.4044,  0.1891],
         [ 0.6056, -1.7369, -1.5309,  ..., -1.4552, -2.0136, -3.7607]]])})
Loss:  tensor(7.4538, grad_fn=<MeanBackward0>)
OrderedDict({'rvq_quantizer.project_in.weight': tensor([[ 0.1841,  0.2011,  0.2015,  ...,  0.1814,  0.1253,  0.2044],
        [-0.0817,  0.2167,  0.0741,  ..., -0.0531, -0.0067, -0.1283],
        [ 0.2210, -0.1277, -0.2026,  ...,  0.1884,  0.2022,  0.3345],
        ...,
        [ 0.1845, -0.2656, -0.2171,  ...,  0.2538,  0.3004,  0.2020],
        [-0.2309, -0.1206, -0.1337,  ..., -0.0723, -0.1274, -0.0438],
        [ 0.0059,  0.1575,  0.1663,  ...,  0.0963, -0.0358,  0.0031]]), 'rvq_quantizer.project_in.bias': tensor([-0.0241,  0.2433, -0.2855, -0.2430, -0.0092, -0.1043,  0.1915, -0.1433,
        -0.1932,  0.3089, -0.0388,  0.2531, -0.1806,  0.0261, -0.1814,  0.0669,
         0.2343,  0.0968, -0.3086,  0.2724, -0.2080, -0.1410, -0.3090,  0.1395,
         0.0722,  0.1768, -0.0467,  0.0909, -0.2111, -0.2764,  0.0785,  0.0153]), 'rvq_quantizer.project_out.weight': tensor([[-0.0815,  0.1727, -0.0148,  ...,  0.1287, -0.0939, -0.1531],
        [ 0.0183, -0.1208,  0.1509,  ..., -0.1265,  0.0730, -0.0623],
        [-0.0936,  0.0389, -0.1234,  ...,  0.0668, -0.0210,  0.1376],
        ...,
        [ 0.0620, -0.1746,  0.0423,  ..., -0.0158,  0.1481, -0.0877],
        [-0.0183, -0.0650, -0.0248,  ...,  0.0933, -0.0601, -0.0218],
        [-0.1321, -0.1601, -0.0124,  ..., -0.0062, -0.0595, -0.1735]]), 'rvq_quantizer.project_out.bias': tensor([-0.1325, -0.1298,  0.1105, -0.0047, -0.0939, -0.0475, -0.1619,  0.1762,
        -0.0832,  0.0768,  0.0778,  0.1731, -0.0281, -0.1593, -0.0284, -0.0098,
        -0.1415, -0.0457, -0.0575, -0.1438, -0.0401,  0.1346,  0.0530,  0.1138,
        -0.1113,  0.1297,  0.1565, -0.0831,  0.0719, -0.1018,  0.0382,  0.1418,
         0.0541,  0.0914, -0.0196,  0.0149, -0.1340, -0.1024, -0.0020, -0.0946,
        -0.0163,  0.0172, -0.0827,  0.0442,  0.0316,  0.1223, -0.1414,  0.1619,
        -0.1512,  0.0501,  0.0878, -0.0692, -0.1058,  0.0113,  0.1297, -0.0977,
        -0.0705, -0.0886,  0.0652,  0.1578, -0.1560, -0.0265,  0.0297,  0.1308]), 'rvq_quantizer.layers.0._codebook.initted': tensor([1.]), 'rvq_quantizer.layers.0._codebook.cluster_size': tensor([[3.0775, 5.4843, 2.1000,  ..., 2.3600, 3.8900, 2.6639]]), 'rvq_quantizer.layers.0._codebook.embed_avg': tensor([[[-474.1426,  170.7082, -692.8610,  ..., -592.5529,  612.9005,
          -101.4055],
         [-674.0132,  114.8491, -818.8002,  ..., -664.6544,  816.4264,
          -179.7121],
         [-327.3627,  138.7138, -477.0339,  ..., -448.1870,  430.5473,
           -92.9141],
         ...,
         [-374.9651,  204.6028, -586.6796,  ..., -547.2036,  492.0094,
           -98.4594],
         [-558.1296,  307.0306, -901.0550,  ..., -828.1176,  749.8778,
           -54.8777],
         [-276.8433,   86.3605, -417.8967,  ..., -369.3150,  356.0139,
           -85.1111]]]), 'rvq_quantizer.layers.0._codebook.embed': tensor([[[-154.0675,   55.4698, -225.1377,  ..., -192.5436,  199.1553,
           -32.9506],
         [-122.8996,   20.9416, -149.3001,  ..., -121.1931,  148.8672,
           -32.7687],
         [-155.8868,   66.0541, -227.1587,  ..., -213.4221,  205.0222,
           -44.2448],
         ...,
         [-158.8834,   86.6960, -248.5928,  ..., -231.8657,  208.4784,
           -41.7200],
         [-143.4782,   78.9283, -231.6339,  ..., -212.8839,  192.7708,
           -14.1074],
         [-103.9239,   32.4188, -156.8738,  ..., -138.6367,  133.6437,
           -31.9498]]]), 'rvq_quantizer.layers.1._codebook.initted': tensor([1.]), 'rvq_quantizer.layers.1._codebook.cluster_size': tensor([[2.6939, 2.7991, 2.9013,  ..., 2.3000, 2.0000, 2.6000]]), 'rvq_quantizer.layers.1._codebook.embed_avg': tensor([[[-13.6903,  12.4551, -12.2365,  ...,  -7.3498,  15.1361,  -1.6481],
         [-10.9181,   5.7189,  -0.8742,  ...,  -2.5177,  19.0954,   3.2575],
         [ -8.7030,   6.3091,   3.0477,  ...,   8.5244,  -1.0393,   9.9616],
         ...,
         [ -7.2610,   7.7210,  -6.0968,  ...,  -1.5722,  -3.3111,   4.9080],
         [  4.5578,  12.1913,  21.3768,  ...,   3.2589,  -1.4177,  -1.1229],
         [ -4.4559,   4.3841,   0.5227,  ...,  -0.2308,   7.2145,  -4.3513]]]), 'rvq_quantizer.layers.1._codebook.embed': tensor([[[-5.0819,  4.6234, -4.5422,  ..., -2.7283,  5.6186, -0.6118],
         [-3.9006,  2.0431, -0.3123,  ..., -0.8995,  6.8221,  1.1638],
         [-2.9996,  2.1746,  1.0505,  ...,  2.9381, -0.3582,  3.4334],
         ...,
         [-3.1569,  3.3570, -2.6508,  ..., -0.6836, -1.4396,  2.1339],
         [ 2.2789,  6.0956, 10.6884,  ...,  1.6294, -0.7088, -0.5614],
         [-1.7138,  1.6862,  0.2010,  ..., -0.0888,  2.7748, -1.6736]]]), 'rvq_quantizer.layers.2._codebook.initted': tensor([1.]), 'rvq_quantizer.layers.2._codebook.cluster_size': tensor([[2.2710, 3.0946, 3.3400,  ..., 2.0000, 2.0000, 2.3239]]), 'rvq_quantizer.layers.2._codebook.embed_avg': tensor([[[  5.9095,   5.3274,   2.9235,  ...,   4.5645,   3.5829,  11.5917],
         [-11.4358,  -7.2810,  -9.8699,  ...,   1.7084,   0.0941,   3.0924],
         [ -1.5118,  -7.9993,  -7.6030,  ...,  -7.3689,   7.3825,  -2.5769],
         ...,
         [  3.7405,   3.4536,   4.4306,  ...,   3.2483,   0.1978,  -1.6591],
         [ -3.2357,  13.2144, -18.9523,  ...,   1.6119,  -8.9312,  -2.8001],
         [  1.8388,  -0.6425,  -1.3802,  ...,  -0.8321,  -1.7725,   4.3623]]]), 'rvq_quantizer.layers.2._codebook.embed': tensor([[[ 2.6022,  2.3458,  1.2873,  ...,  2.0099,  1.5777,  5.1042],
         [-3.6954, -2.3528, -3.1894,  ...,  0.5520,  0.0304,  0.9993],
         [-0.4526, -2.3950, -2.2763,  ..., -2.2063,  2.2103, -0.7715],
         ...,
         [ 1.8702,  1.7268,  2.2153,  ...,  1.6242,  0.0989, -0.8296],
         [-1.6179,  6.6072, -9.4762,  ...,  0.8059, -4.4656, -1.4000],
         [ 0.7913, -0.2765, -0.5939,  ..., -0.3580, -0.7627,  1.8771]]]), 'rvq_quantizer.layers.3._codebook.initted': tensor([1.]), 'rvq_quantizer.layers.3._codebook.cluster_size': tensor([[2.2700, 2.6981, 3.2194,  ..., 2.2779, 2.8571, 3.3432]]), 'rvq_quantizer.layers.3._codebook.embed_avg': tensor([[[ 1.5934e-01,  6.8612e-01, -1.5674e+00,  ..., -1.6549e+00,
          -3.3344e-01, -6.3649e-01],
         [ 5.5871e-01, -1.5074e+00,  4.9146e-04,  ...,  9.7434e-01,
           3.4362e+00,  2.1876e+00],
         [ 2.9597e+00,  1.1360e+00, -9.8410e-01,  ..., -4.2472e+00,
           1.4806e+00, -2.9316e+00],
         ...,
         [-4.2919e+00,  2.0952e+00, -1.3196e+00,  ...,  1.1357e+00,
          -2.0581e+00, -2.1325e+00],
         [ 2.9007e+00,  4.7650e+00,  1.2167e-01,  ...,  4.5298e+00,
          -1.1050e+00,  1.0943e-01],
         [ 1.9650e+00, -6.9272e+00, -5.3170e+00,  ..., -5.5678e+00,
          -6.7399e+00, -1.2610e+01]]]), 'rvq_quantizer.layers.3._codebook.embed': tensor([[[ 7.0195e-02,  3.0226e-01, -6.9047e-01,  ..., -7.2903e-01,
          -1.4689e-01, -2.8039e-01],
         [ 2.0708e-01, -5.5871e-01,  1.8215e-04,  ...,  3.6113e-01,
           1.2736e+00,  8.1081e-01],
         [ 9.1932e-01,  3.5286e-01, -3.0567e-01,  ..., -1.3192e+00,
           4.5988e-01, -9.1060e-01],
         ...,
         [-1.8842e+00,  9.1977e-01, -5.7930e-01,  ...,  4.9859e-01,
          -9.0350e-01, -9.3617e-01],
         [ 1.0153e+00,  1.6678e+00,  4.2586e-02,  ...,  1.5855e+00,
          -3.8675e-01,  3.8303e-02],
         [ 5.8777e-01, -2.0720e+00, -1.5904e+00,  ..., -1.6654e+00,
          -2.0160e+00, -3.7719e+00]]])})
Loss:  tensor(7.9416, grad_fn=<MeanBackward0>)
OrderedDict({'rvq_quantizer.project_in.weight': tensor([[ 0.1861,  0.2115,  0.2049,  ...,  0.1853,  0.1291,  0.2082],
        [-0.0875,  0.2219,  0.0807,  ..., -0.0561, -0.0096, -0.1309],
        [ 0.2307, -0.1243, -0.2141,  ...,  0.1940,  0.2082,  0.3412],
        ...,
        [ 0.1942, -0.2730, -0.2281,  ...,  0.2574,  0.3040,  0.2076],
        [-0.2373, -0.1318, -0.1269,  ..., -0.0769, -0.1320, -0.0492],
        [ 0.0030,  0.1641,  0.1707,  ...,  0.0975, -0.0342,  0.0041]]), 'rvq_quantizer.project_in.bias': tensor([-0.0273,  0.2482, -0.2947, -0.2522, -0.0068, -0.1068,  0.1950, -0.1451,
        -0.2004,  0.3179, -0.0441,  0.2620, -0.1884,  0.0238, -0.1877,  0.0639,
         0.2384,  0.0999, -0.3149,  0.2786, -0.2131, -0.1483, -0.3158,  0.1481,
         0.0709,  0.1842, -0.0506,  0.0950, -0.2164, -0.2856,  0.0847,  0.0164]), 'rvq_quantizer.project_out.weight': tensor([[-0.0815,  0.1727, -0.0148,  ...,  0.1287, -0.0939, -0.1531],
        [ 0.0183, -0.1208,  0.1509,  ..., -0.1265,  0.0730, -0.0623],
        [-0.0936,  0.0389, -0.1234,  ...,  0.0668, -0.0210,  0.1376],
        ...,
        [ 0.0620, -0.1746,  0.0423,  ..., -0.0158,  0.1481, -0.0877],
        [-0.0183, -0.0650, -0.0248,  ...,  0.0933, -0.0601, -0.0218],
        [-0.1321, -0.1601, -0.0124,  ..., -0.0062, -0.0595, -0.1735]]), 'rvq_quantizer.project_out.bias': tensor([-0.1325, -0.1298,  0.1105, -0.0047, -0.0939, -0.0475, -0.1619,  0.1762,
        -0.0832,  0.0768,  0.0778,  0.1731, -0.0281, -0.1593, -0.0284, -0.0098,
        -0.1415, -0.0457, -0.0575, -0.1438, -0.0401,  0.1346,  0.0530,  0.1138,
        -0.1113,  0.1297,  0.1565, -0.0831,  0.0719, -0.1018,  0.0382,  0.1418,
         0.0541,  0.0914, -0.0196,  0.0149, -0.1340, -0.1024, -0.0020, -0.0946,
        -0.0163,  0.0172, -0.0827,  0.0442,  0.0316,  0.1223, -0.1414,  0.1619,
        -0.1512,  0.0501,  0.0878, -0.0692, -0.1058,  0.0113,  0.1297, -0.0977,
        -0.0705, -0.0886,  0.0652,  0.1578, -0.1560, -0.0265,  0.0297,  0.1308]), 'rvq_quantizer.layers.0._codebook.initted': tensor([1.]), 'rvq_quantizer.layers.0._codebook.cluster_size': tensor([[2.8697, 4.9358, 2.0000,  ..., 2.1240, 3.6010, 2.3975]]), 'rvq_quantizer.layers.0._codebook.embed_avg': tensor([[[-443.4676,  158.6886, -646.9698,  ..., -552.1812,  572.4169,
           -95.0923],
         [-606.6119,  103.3642, -736.9202,  ..., -598.1890,  734.7838,
          -161.7409],
         [-281.5505,  157.0012, -419.0513,  ..., -369.4807,  370.1053,
            -6.1587],
         ...,
         [-337.4686,  184.1425, -528.0116,  ..., -492.4832,  442.8085,
           -88.6134],
         [-517.6047,  284.2094, -833.5995,  ..., -766.3546,  694.5643,
           -50.7815],
         [-249.1590,   77.7245, -376.1070,  ..., -332.3835,  320.4125,
           -76.6000]]]), 'rvq_quantizer.layers.0._codebook.embed': tensor([[[-154.5318,   55.2970, -225.4447,  ..., -192.4144,  199.4658,
           -33.1361],
         [-122.8996,   20.9416, -149.3001,  ..., -121.1931,  148.8672,
           -32.7687],
         [-140.7753,   78.5006, -209.5257,  ..., -184.7404,  185.0527,
            -3.0794],
         ...,
         [-158.8833,   86.6960, -248.5927,  ..., -231.8656,  208.4783,
           -41.7200],
         [-143.7393,   78.9252, -231.4913,  ..., -212.8173,  192.8811,
           -14.1021],
         [-103.9239,   32.4188, -156.8737,  ..., -138.6367,  133.6436,
           -31.9498]]]), 'rvq_quantizer.layers.1._codebook.initted': tensor([1.]), 'rvq_quantizer.layers.1._codebook.cluster_size': tensor([[2.5246, 3.0192, 2.7112,  ..., 2.7700, 2.0000, 3.0400]]), 'rvq_quantizer.layers.1._codebook.embed_avg': tensor([[[-13.0469,  11.4899, -11.5302,  ...,  -6.8497,  14.4012,  -1.2814],
         [-12.6765,   5.4867,  -0.5036,  ...,  -1.7540,  21.0186,   3.1367],
         [ -8.5666,   5.5179,   2.7982,  ...,   8.7189,  -0.8859,   9.3159],
         ...,
         [ -8.1436,   8.5417,  -6.8753,  ...,  -1.8405,  -3.9798,   5.3189],
         [-10.7015,   1.0189,   8.7701,  ...,   0.1640,  16.5798, -10.7184],
         [ -5.4679,   4.6590,   0.6760,  ...,  -0.1018,   7.8400,  -4.9727]]]), 'rvq_quantizer.layers.1._codebook.embed': tensor([[[-5.1680,  4.5512, -4.5672,  ..., -2.7132,  5.7045, -0.5076],
         [-4.1987,  1.8173, -0.1668,  ..., -0.5810,  6.9617,  1.0389],
         [-3.1597,  2.0352,  1.0321,  ...,  3.2159, -0.3268,  3.4361],
         ...,
         [-2.9399,  3.0836, -2.4821,  ..., -0.6644, -1.4367,  1.9202],
         [-5.3508,  0.5094,  4.3851,  ...,  0.0820,  8.2899, -5.3592],
         [-1.7987,  1.5326,  0.2224,  ..., -0.0335,  2.5789, -1.6358]]]), 'rvq_quantizer.layers.2._codebook.initted': tensor([1.]), 'rvq_quantizer.layers.2._codebook.cluster_size': tensor([[2.3439, 3.1852, 3.3060,  ..., 2.0000, 2.0000, 2.4915]]), 'rvq_quantizer.layers.2._codebook.embed_avg': tensor([[[  5.7889,   5.5278,   2.7813,  ...,   4.8726,   2.5867,  12.3469],
         [-12.0757,  -7.2838, -10.6152,  ...,   2.7439,   0.3220,   3.5581],
         [ -1.2695,  -8.8134,  -7.9705,  ...,  -8.4101,   8.0447,  -2.0200],
         ...,
         [  0.9504,   1.2686,  -3.7892,  ...,  -1.0157,   4.1753,  -0.3296],
         [  9.8835,   3.5570,   3.5078,  ...,   3.3496,   9.7480,  11.9329],
         [  2.6792,  -0.3401,  -1.5911,  ...,   0.0484,  -1.7298,   4.8466]]]), 'rvq_quantizer.layers.2._codebook.embed': tensor([[[ 2.4698,  2.3584,  1.1866,  ...,  2.0788,  1.1036,  5.2677],
         [-3.7912, -2.2868, -3.3327,  ...,  0.8615,  0.1011,  1.1171],
         [-0.3840, -2.6659, -2.4109,  ..., -2.5439,  2.4334, -0.6110],
         ...,
         [ 0.4752,  0.6343, -1.8946,  ..., -0.5078,  2.0876, -0.1648],
         [ 4.9417,  1.7785,  1.7539,  ...,  1.6748,  4.8740,  5.9664],
         [ 1.0753, -0.1365, -0.6386,  ...,  0.0194, -0.6943,  1.9452]]]), 'rvq_quantizer.layers.3._codebook.initted': tensor([1.]), 'rvq_quantizer.layers.3._codebook.cluster_size': tensor([[2.2430, 2.6283, 3.0975,  ..., 2.1501, 2.6714, 3.5089]]), 'rvq_quantizer.layers.3._codebook.embed_avg': tensor([[[  0.1260,   0.6802,  -1.6409,  ...,  -1.6026,  -0.2432,  -0.7951],
         [  0.5216,  -1.4143,   0.3914,  ...,   0.8798,   3.2152,   2.0335],
         [  2.9784,   0.8389,  -0.5733,  ...,  -4.1313,   1.4506,  -3.1514],
         ...,
         [ -3.9487,   1.7329,  -1.0562,  ...,   0.8943,  -2.0080,  -1.9293],
         [  2.3966,   4.2534,   0.1268,  ...,   3.9895,  -0.8820,   0.3039],
         [  2.3455,  -7.3385,  -5.2528,  ...,  -6.3289,  -6.9203, -13.5274]]]), 'rvq_quantizer.layers.3._codebook.embed': tensor([[[ 0.0562,  0.3033, -0.7316,  ..., -0.7145, -0.1084, -0.3545],
         [ 0.1985, -0.5381,  0.1489,  ...,  0.3347,  1.2233,  0.7737],
         [ 0.9616,  0.2708, -0.1851,  ..., -1.3338,  0.4683, -1.0174],
         ...,
         [-1.8365,  0.8060, -0.4912,  ...,  0.4159, -0.9339, -0.8973],
         [ 0.8971,  1.5922,  0.0475,  ...,  1.4934, -0.3302,  0.1138],
         [ 0.6685, -2.0914, -1.4970,  ..., -1.8037, -1.9722, -3.8552]]])})
Loss:  tensor(7.8580, grad_fn=<MeanBackward0>)
OrderedDict({'rvq_quantizer.project_in.weight': tensor([[ 1.8777e-01,  2.2185e-01,  2.0776e-01,  ...,  1.8883e-01,
          1.3261e-01,  2.1161e-01],
        [-9.3210e-02,  2.2688e-01,  8.7341e-02,  ..., -5.8984e-02,
         -1.2412e-02, -1.3331e-01],
        [ 2.4049e-01, -1.2141e-01, -2.2551e-01,  ...,  1.9955e-01,
          2.1403e-01,  3.4774e-01],
        ...,
        [ 2.0386e-01, -2.8007e-01, -2.3921e-01,  ...,  2.6067e-01,
          3.0734e-01,  2.1305e-01],
        [-2.4347e-01, -1.4302e-01, -1.1945e-01,  ..., -8.1033e-02,
         -1.3621e-01, -5.4307e-02],
        [ 1.0107e-04,  1.7080e-01,  1.7481e-01,  ...,  9.8540e-02,
         -3.2766e-02,  5.0578e-03]]), 'rvq_quantizer.project_in.bias': tensor([-0.0302,  0.2531, -0.3040, -0.2612, -0.0045, -0.1094,  0.1985, -0.1470,
        -0.2077,  0.3269, -0.0492,  0.2708, -0.1962,  0.0216, -0.1938,  0.0608,
         0.2423,  0.1028, -0.3209,  0.2847, -0.2181, -0.1555, -0.3224,  0.1567,
         0.0695,  0.1916, -0.0544,  0.0990, -0.2218, -0.2949,  0.0907,  0.0177]), 'rvq_quantizer.project_out.weight': tensor([[-0.0815,  0.1727, -0.0148,  ...,  0.1287, -0.0939, -0.1531],
        [ 0.0183, -0.1208,  0.1509,  ..., -0.1265,  0.0730, -0.0623],
        [-0.0936,  0.0389, -0.1234,  ...,  0.0668, -0.0210,  0.1376],
        ...,
        [ 0.0620, -0.1746,  0.0423,  ..., -0.0158,  0.1481, -0.0877],
        [-0.0183, -0.0650, -0.0248,  ...,  0.0933, -0.0601, -0.0218],
        [-0.1321, -0.1601, -0.0124,  ..., -0.0062, -0.0595, -0.1735]]), 'rvq_quantizer.project_out.bias': tensor([-0.1325, -0.1298,  0.1105, -0.0047, -0.0939, -0.0475, -0.1619,  0.1762,
        -0.0832,  0.0768,  0.0778,  0.1731, -0.0281, -0.1593, -0.0284, -0.0098,
        -0.1415, -0.0457, -0.0575, -0.1438, -0.0401,  0.1346,  0.0530,  0.1138,
        -0.1113,  0.1297,  0.1565, -0.0831,  0.0719, -0.1018,  0.0382,  0.1418,
         0.0541,  0.0914, -0.0196,  0.0149, -0.1340, -0.1024, -0.0020, -0.0946,
        -0.0163,  0.0172, -0.0827,  0.0442,  0.0316,  0.1223, -0.1414,  0.1619,
        -0.1512,  0.0501,  0.0878, -0.0692, -0.1058,  0.0113,  0.1297, -0.0977,
        -0.0705, -0.0886,  0.0652,  0.1578, -0.1560, -0.0265,  0.0297,  0.1308]), 'rvq_quantizer.layers.0._codebook.initted': tensor([1.]), 'rvq_quantizer.layers.0._codebook.cluster_size': tensor([[2.7828, 4.4423, 2.0000,  ..., 2.0000, 3.2409, 2.1578]]), 'rvq_quantizer.layers.0._codebook.embed_avg': tensor([[[-432.0046,  153.4485, -629.4654,  ..., -534.8369,  557.4861,
           -92.1254],
         [-545.9507,   93.0278, -663.2282,  ..., -538.3701,  661.3054,
          -145.5668],
         [-295.9659,  177.5175, -464.0534,  ..., -416.5400,  401.1681,
           -15.3040],
         ...,
         [-276.6880,  151.0396, -404.0314,  ..., -354.8534,  374.8954,
            -5.5408],
         [-465.8442,  255.7884, -750.2396,  ..., -689.7192,  625.1079,
           -45.7034],
         [-224.2431,   69.9520, -338.4963,  ..., -299.1451,  288.3713,
           -68.9400]]]), 'rvq_quantizer.layers.0._codebook.embed': tensor([[[-155.2424,   55.1423, -226.2006,  ..., -192.1955,  200.3346,
           -33.1056],
         [-122.8996,   20.9416, -149.3000,  ..., -121.1931,  148.8672,
           -32.7687],
         [-147.9829,   88.7587, -232.0267,  ..., -208.2700,  200.5840,
            -7.6520],
         ...,
         [-138.3440,   75.5198, -202.0157,  ..., -177.4267,  187.4477,
            -2.7704],
         [-143.7392,   78.9252, -231.4912,  ..., -212.8173,  192.8810,
           -14.1021],
         [-103.9238,   32.4188, -156.8737,  ..., -138.6366,  133.6436,
           -31.9497]]]), 'rvq_quantizer.layers.1._codebook.initted': tensor([1.]), 'rvq_quantizer.layers.1._codebook.cluster_size': tensor([[2.3721, 3.2172, 2.7401,  ..., 2.8930, 2.1000, 2.8360]]), 'rvq_quantizer.layers.1._codebook.embed_avg': tensor([[[-12.7372,  10.2832, -11.8580,  ...,  -6.9217,  14.1178,  -1.3218],
         [-14.0798,   6.3940,  -0.0669,  ...,  -0.7683,  22.7711,   3.9505],
         [ -8.7159,   5.4840,   3.1269,  ...,   9.4681,  -1.1624,   9.2088],
         ...,
         [ -8.2803,   8.8948,  -7.0115,  ...,  -1.4937,  -4.4070,   5.9912],
         [-11.0242,   1.2907,   9.0572,  ...,  -0.8147,  18.2273, -11.9056],
         [ -5.3651,   4.0354,   0.7849,  ...,  -0.2963,   7.4538,  -4.9776]]]), 'rvq_quantizer.layers.1._codebook.embed': tensor([[[-5.3696,  4.3351, -4.9989,  ..., -2.9180,  5.9516, -0.5572],
         [-4.3764,  1.9874, -0.0208,  ..., -0.2388,  7.0778,  1.2279],
         [-3.1809,  2.0014,  1.1412,  ...,  3.4554, -0.4242,  3.3608],
         ...,
         [-2.8622,  3.0746, -2.4236,  ..., -0.5163, -1.5233,  2.0709],
         [-5.2496,  0.6146,  4.3130,  ..., -0.3880,  8.6797, -5.6693],
         [-1.8918,  1.4229,  0.2768,  ..., -0.1045,  2.6283, -1.7551]]]), 'rvq_quantizer.layers.2._codebook.initted': tensor([1.]), 'rvq_quantizer.layers.2._codebook.cluster_size': tensor([[2.7095, 3.2667, 3.6754,  ..., 2.0000, 2.0000, 2.7424]]), 'rvq_quantizer.layers.2._codebook.embed_avg': tensor([[[  6.1365,   4.6787,   3.2475,  ...,   4.5364,   1.6759,  14.3723],
         [-13.2943,  -7.4454, -10.9774,  ...,   3.3484,  -0.2750,   3.4839],
         [ -2.0617,  -9.5869,  -8.4609,  ..., -10.5761,   9.4376,  -2.0445],
         ...,
         [  1.3531,   1.2916,  -4.2220,  ...,  -0.6524,   4.2695,   0.3023],
         [  1.7434,   6.0381,  -3.3525,  ..., -10.3159,   2.8293,  -4.4631],
         [  2.9326,   0.4301,  -3.0444,  ...,   1.0630,  -2.3412,   6.7497]]]), 'rvq_quantizer.layers.2._codebook.embed': tensor([[[ 2.2648,  1.7268,  1.1986,  ...,  1.6742,  0.6185,  5.3044],
         [-4.0697, -2.2792, -3.3605,  ...,  1.0250, -0.0842,  1.0665],
         [-0.5609, -2.6084, -2.3020,  ..., -2.8775,  2.5678, -0.5563],
         ...,
         [ 0.6766,  0.6458, -2.1110,  ..., -0.3262,  2.1348,  0.1511],
         [ 0.8717,  3.0190, -1.6762,  ..., -5.1579,  1.4147, -2.2316],
         [ 1.0694,  0.1568, -1.1101,  ...,  0.3876, -0.8537,  2.4613]]]), 'rvq_quantizer.layers.3._codebook.initted': tensor([1.]), 'rvq_quantizer.layers.3._codebook.cluster_size': tensor([[2.3187, 2.6654, 2.7877,  ..., 2.0000, 3.3042, 3.5580]]), 'rvq_quantizer.layers.3._codebook.embed_avg': tensor([[[  0.1336,   0.8379,  -1.5865,  ...,  -1.6974,  -0.2314,  -0.5339],
         [  1.0290,  -1.4613,   0.1752,  ...,   0.7074,   3.3701,   2.2526],
         [  2.6806,   0.7550,  -0.5160,  ...,  -3.7182,   1.3056,  -2.8363],
         ...,
         [ -0.3346,   3.0576,  -6.3108,  ...,   2.3082,  -3.2096,   1.2699],
         [  3.5951,   5.9005,  -0.2943,  ...,   4.5584,   0.1159,   1.1733],
         [  2.7540,  -8.2682,  -5.3055,  ...,  -6.1746,  -7.2630, -13.1492]]]), 'rvq_quantizer.layers.3._codebook.embed': tensor([[[ 0.0576,  0.3614, -0.6842,  ..., -0.7321, -0.0998, -0.2303],
         [ 0.3861, -0.5483,  0.0657,  ...,  0.2654,  1.2644,  0.8451],
         [ 0.9616,  0.2708, -0.1851,  ..., -1.3338,  0.4683, -1.0174],
         ...,
         [-0.1673,  1.5288, -3.1554,  ...,  1.1541, -1.6048,  0.6350],
         [ 1.0880,  1.7857, -0.0891,  ...,  1.3796,  0.0351,  0.3551],
         [ 0.7740, -2.3238, -1.4911,  ..., -1.7354, -2.0413, -3.6957]]])})
Loss:  tensor(8.1903, grad_fn=<MeanBackward0>)
OrderedDict({'rvq_quantizer.project_in.weight': tensor([[ 0.1902,  0.2428,  0.2122,  ...,  0.1950,  0.1386,  0.2175],
        [-0.1044,  0.2361,  0.1013,  ..., -0.0644, -0.0177, -0.1377],
        [ 0.2601, -0.1173, -0.2484,  ...,  0.2102,  0.2253,  0.3605],
        ...,
        [ 0.2232, -0.2931, -0.2615,  ...,  0.2665,  0.3132,  0.2236],
        [-0.2550, -0.1658, -0.1029,  ..., -0.0881, -0.1434, -0.0634],
        [-0.0058,  0.1841,  0.1822,  ...,  0.1004, -0.0300,  0.0066]]), 'rvq_quantizer.project_in.bias': tensor([-0.0351,  0.2625, -0.3226, -0.2791, -0.0005, -0.1142,  0.2053, -0.1508,
        -0.2224,  0.3450, -0.0587,  0.2886, -0.2118,  0.0175, -0.2054,  0.0547,
         0.2494,  0.1080, -0.3322,  0.2968, -0.2280, -0.1695, -0.3352,  0.1739,
         0.0670,  0.2064, -0.0615,  0.1068, -0.2327, -0.3134,  0.1017,  0.0204]), 'rvq_quantizer.project_out.weight': tensor([[-0.0815,  0.1727, -0.0148,  ...,  0.1287, -0.0939, -0.1531],
        [ 0.0183, -0.1208,  0.1509,  ..., -0.1265,  0.0730, -0.0623],
        [-0.0936,  0.0389, -0.1234,  ...,  0.0668, -0.0210,  0.1376],
        ...,
        [ 0.0620, -0.1746,  0.0423,  ..., -0.0158,  0.1481, -0.0877],
        [-0.0183, -0.0650, -0.0248,  ...,  0.0933, -0.0601, -0.0218],
        [-0.1321, -0.1601, -0.0124,  ..., -0.0062, -0.0595, -0.1735]]), 'rvq_quantizer.project_out.bias': tensor([-0.1325, -0.1298,  0.1105, -0.0047, -0.0939, -0.0475, -0.1619,  0.1762,
        -0.0832,  0.0768,  0.0778,  0.1731, -0.0281, -0.1593, -0.0284, -0.0098,
        -0.1415, -0.0457, -0.0575, -0.1438, -0.0401,  0.1346,  0.0530,  0.1138,
        -0.1113,  0.1297,  0.1565, -0.0831,  0.0719, -0.1018,  0.0382,  0.1418,
         0.0541,  0.0914, -0.0196,  0.0149, -0.1340, -0.1024, -0.0020, -0.0946,
        -0.0163,  0.0172, -0.0827,  0.0442,  0.0316,  0.1223, -0.1414,  0.1619,
        -0.1512,  0.0501,  0.0878, -0.0692, -0.1058,  0.0113,  0.1297, -0.0977,
        -0.0705, -0.0886,  0.0652,  0.1578, -0.1560, -0.0265,  0.0297,  0.1308]), 'rvq_quantizer.layers.0._codebook.initted': tensor([1.]), 'rvq_quantizer.layers.0._codebook.cluster_size': tensor([[2.4440, 3.5982, 2.1000,  ..., 2.0000, 2.6251, 2.0000]]), 'rvq_quantizer.layers.0._codebook.embed_avg': tensor([[[-380.1955,  135.8186, -551.8858,  ..., -468.9104,  491.1324,
           -81.5530],
         [-442.2201,   75.3525, -537.2148,  ..., -436.0797,  535.6573,
          -117.9091],
         [-331.9997,   96.3735, -403.9845,  ..., -295.7309,  398.3056,
           -57.2885],
         ...,
         [-326.8889,  230.1578, -577.0899,  ..., -546.7150,  471.7113,
           -12.2441],
         [-377.3338,  207.1886, -607.6940,  ..., -558.6725,  506.3374,
           -37.0197],
         [-282.0565,  149.6051, -394.7285,  ..., -342.9849,  369.4216,
            -0.7411]]]), 'rvq_quantizer.layers.0._codebook.embed': tensor([[[-155.5597,   55.5712, -225.8080,  ..., -191.8580,  200.9503,
           -33.3680],
         [-122.8995,   20.9416, -149.3000,  ..., -121.1930,  148.8671,
           -32.7687],
         [-158.0949,   45.8921, -192.3733,  ..., -140.8241,  189.6691,
           -27.2802],
         ...,
         [-163.4444,  115.0789, -288.5450,  ..., -273.3575,  235.8557,
            -6.1220],
         [-143.7391,   78.9251, -231.4910,  ..., -212.8171,  192.8809,
           -14.1021],
         [-141.0282,   74.8025, -197.3642,  ..., -171.4924,  184.7108,
            -0.3706]]]), 'rvq_quantizer.layers.1._codebook.initted': tensor([1.]), 'rvq_quantizer.layers.1._codebook.cluster_size': tensor([[2.0000, 3.6560, 2.8995,  ..., 2.6433, 2.0000, 2.8672]]), 'rvq_quantizer.layers.1._codebook.embed_avg': tensor([[[ -7.7021,   7.8582,   9.8007,  ...,   4.6602,  15.7333,  -6.6867],
         [-15.8311,   6.9070,  -0.0745,  ...,  -1.1018,  25.6515,   5.0913],
         [ -9.3828,   5.8569,   1.5005,  ...,  11.2975,  -0.6989,   9.7603],
         ...,
         [ -7.6920,   9.3124,  -7.2437,  ...,  -1.1172,  -4.1255,   6.2580],
         [ -8.1597,   3.0158, -19.0656,  ...,  -2.4496,  36.2066, -12.7484],
         [ -5.1574,   3.1777,   0.8225,  ...,  -0.0635,   7.2440,  -5.0188]]]), 'rvq_quantizer.layers.1._codebook.embed': tensor([[[-3.8511,  3.9291,  4.9003,  ...,  2.3301,  7.8666, -3.3433],
         [-4.3302,  1.8892, -0.0204,  ..., -0.3014,  7.0163,  1.3926],
         [-3.2360,  2.0200,  0.5175,  ...,  3.8964, -0.2411,  3.3662],
         ...,
         [-2.9100,  3.5230, -2.7404,  ..., -0.4226, -1.5607,  2.3675],
         [-4.0798,  1.5079, -9.5328,  ..., -1.2248, 18.1033, -6.3742],
         [-1.7988,  1.1083,  0.2869,  ..., -0.0221,  2.5265, -1.7504]]]), 'rvq_quantizer.layers.2._codebook.initted': tensor([1.]), 'rvq_quantizer.layers.2._codebook.cluster_size': tensor([[2.9247, 3.2160, 4.1171,  ..., 2.0000, 2.0000, 3.2613]]), 'rvq_quantizer.layers.2._codebook.embed_avg': tensor([[[  6.4490,   5.1811,   3.5937,  ...,   5.9268,   0.4681,  16.6950],
         [-13.8083,  -8.8091, -11.6011,  ...,   3.8561,   1.7815,   3.1659],
         [ -3.4839, -12.0088,  -8.6230,  ..., -14.3012,  10.3611,  -3.5527],
         ...,
         [  3.2662,  -4.4866,  -3.0887,  ...,   3.1576,  -1.2373,   1.3186],
         [  4.7564,   0.6713,   8.8180,  ...,  -0.1886,   3.6218,  -3.9560],
         [  4.8843,   1.2066,  -2.9747,  ...,   1.1830,  -3.0171,   8.7645]]]), 'rvq_quantizer.layers.2._codebook.embed': tensor([[[ 2.2050,  1.7715,  1.2287,  ...,  2.0265,  0.1600,  5.7083],
         [-4.2937, -2.7392, -3.6073,  ...,  1.1990,  0.5539,  0.9844],
         [-0.8462, -2.9168, -2.0944,  ..., -3.4736,  2.5166, -0.8629],
         ...,
         [ 1.6331, -2.2433, -1.5443,  ...,  1.5788, -0.6186,  0.6593],
         [ 2.3782,  0.3357,  4.4090,  ..., -0.0943,  1.8109, -1.9780],
         [ 1.4976,  0.3700, -0.9121,  ...,  0.3627, -0.9251,  2.6874]]]), 'rvq_quantizer.layers.3._codebook.initted': tensor([1.]), 'rvq_quantizer.layers.3._codebook.cluster_size': tensor([[2.9481, 2.4490, 2.3481,  ..., 2.0000, 3.5264, 3.7220]]), 'rvq_quantizer.layers.3._codebook.embed_avg': tensor([[[  0.5662,   1.2806,  -2.3291,  ...,  -2.0653,  -0.2697,  -0.4760],
         [  1.2862,  -1.3344,   0.4346,  ...,   1.0062,   2.9653,   1.8163],
         [  2.4294,   0.7576,  -0.4128,  ...,  -3.1905,   1.0924,  -2.5759],
         ...,
         [  2.4065,  -3.7355,  -5.8684,  ...,  12.9475,  -3.9997,   4.2457],
         [  4.3204,   7.4524,   0.0364,  ...,   5.5191,  -1.0664,   1.1246],
         [  2.3424,  -7.9700,  -5.6600,  ...,  -6.7756,  -8.1874, -14.2346]]]), 'rvq_quantizer.layers.3._codebook.embed': tensor([[[ 0.1921,  0.4344, -0.7900,  ..., -0.7005, -0.0915, -0.1615],
         [ 0.5252, -0.5449,  0.1774,  ...,  0.4108,  1.2108,  0.7416],
         [ 1.0346,  0.3226, -0.1758,  ..., -1.3588,  0.4652, -1.0970],
         ...,
         [ 1.2033, -1.8677, -2.9342,  ...,  6.4737, -1.9999,  2.1228],
         [ 1.2251,  2.1133,  0.0103,  ...,  1.5651, -0.3024,  0.3189],
         [ 0.6293, -2.1413, -1.5207,  ..., -1.8204, -2.1997, -3.8245]]])})
Loss:  tensor(8.6623, grad_fn=<MeanBackward0>)
OrderedDict({'rvq_quantizer.project_in.weight': tensor([[ 0.1909,  0.2533,  0.2136,  ...,  0.1975,  0.1410,  0.2199],
        [-0.1098,  0.2402,  0.1086,  ..., -0.0668, -0.0200, -0.1395],
        [ 0.2699, -0.1161, -0.2597,  ...,  0.2153,  0.2308,  0.3667],
        ...,
        [ 0.2329, -0.2988, -0.2728,  ...,  0.2690,  0.3157,  0.2286],
        [-0.2605, -0.1772, -0.0940,  ..., -0.0910, -0.1463, -0.0675],
        [-0.0087,  0.1906,  0.1855,  ...,  0.1013, -0.0287,  0.0073]]), 'rvq_quantizer.project_in.bias': tensor([-0.0370,  0.2670, -0.3319, -0.2879,  0.0011, -0.1166,  0.2086, -0.1527,
        -0.2298,  0.3540, -0.0632,  0.2975, -0.2196,  0.0157, -0.2108,  0.0519,
         0.2525,  0.1105, -0.3375,  0.3027, -0.2328, -0.1764, -0.3414,  0.1824,
         0.0659,  0.2137, -0.0649,  0.1106, -0.2381, -0.3227,  0.1068,  0.0218]), 'rvq_quantizer.project_out.weight': tensor([[-0.0815,  0.1727, -0.0148,  ...,  0.1287, -0.0939, -0.1531],
        [ 0.0183, -0.1208,  0.1509,  ..., -0.1265,  0.0730, -0.0623],
        [-0.0936,  0.0389, -0.1234,  ...,  0.0668, -0.0210,  0.1376],
        ...,
        [ 0.0620, -0.1746,  0.0423,  ..., -0.0158,  0.1481, -0.0877],
        [-0.0183, -0.0650, -0.0248,  ...,  0.0933, -0.0601, -0.0218],
        [-0.1321, -0.1601, -0.0124,  ..., -0.0062, -0.0595, -0.1735]]), 'rvq_quantizer.project_out.bias': tensor([-0.1325, -0.1298,  0.1105, -0.0047, -0.0939, -0.0475, -0.1619,  0.1762,
        -0.0832,  0.0768,  0.0778,  0.1731, -0.0281, -0.1593, -0.0284, -0.0098,
        -0.1415, -0.0457, -0.0575, -0.1438, -0.0401,  0.1346,  0.0530,  0.1138,
        -0.1113,  0.1297,  0.1565, -0.0831,  0.0719, -0.1018,  0.0382,  0.1418,
         0.0541,  0.0914, -0.0196,  0.0149, -0.1340, -0.1024, -0.0020, -0.0946,
        -0.0163,  0.0172, -0.0827,  0.0442,  0.0316,  0.1223, -0.1414,  0.1619,
        -0.1512,  0.0501,  0.0878, -0.0692, -0.1058,  0.0113,  0.1297, -0.0977,
        -0.0705, -0.0886,  0.0652,  0.1578, -0.1560, -0.0265,  0.0297,  0.1308]), 'rvq_quantizer.layers.0._codebook.initted': tensor([1.]), 'rvq_quantizer.layers.0._codebook.cluster_size': tensor([[2.1996, 3.2384, 2.0000,  ..., 2.1000, 2.3626, 2.0000]]), 'rvq_quantizer.layers.0._codebook.embed_avg': tensor([[[-342.1759,  122.2368, -496.6972,  ..., -422.0194,  442.0191,
           -73.3977],
         [-397.9981,   67.8173, -483.4933,  ..., -392.4718,  482.0916,
          -106.1182],
         [-353.0005,  168.3378, -474.6866,  ..., -448.2429,  444.7739,
           -96.5862],
         ...,
         [-342.4096,  240.1237, -603.3749,  ..., -573.4761,  494.8102,
           -12.7043],
         [-339.6004,  186.4698, -546.9246,  ..., -502.8053,  455.7037,
           -33.3178],
         [-328.6800,  232.2011, -575.6395,  ..., -526.7438,  463.6635,
           -25.7314]]]), 'rvq_quantizer.layers.0._codebook.embed': tensor([[[-155.5596,   55.5711, -225.8079,  ..., -191.8579,  200.9502,
           -33.3680],
         [-122.8995,   20.9416, -149.2999,  ..., -121.1930,  148.8671,
           -32.7687],
         [-176.5002,   84.1689, -237.3433,  ..., -224.1214,  222.3870,
           -48.2931],
         ...,
         [-163.0520,  114.3445, -287.3210,  ..., -273.0836,  235.6236,
            -6.0497],
         [-143.7391,   78.9251, -231.4910,  ..., -212.8171,  192.8808,
           -14.1021],
         [-164.3400,  116.1005, -287.8198,  ..., -263.3719,  231.8318,
           -12.8657]]]), 'rvq_quantizer.layers.1._codebook.initted': tensor([1.]), 'rvq_quantizer.layers.1._codebook.cluster_size': tensor([[2.0000, 3.9904, 2.9095,  ..., 2.6790, 2.0000, 2.6804]]), 'rvq_quantizer.layers.1._codebook.embed_avg': tensor([[[ -0.1832,  -1.0161,   4.4919,  ...,  -0.6388,   6.3281,  -1.6049],
         [-18.7352,   8.4194,   0.4034,  ...,  -0.3257,  28.2560,   5.5464],
         [ -9.5422,   4.8842,   0.9639,  ...,  12.6518,  -0.4034,  10.6875],
         ...,
         [ -7.5166,   8.5157,  -7.7703,  ...,  -0.9659,  -4.0431,   5.5664],
         [ -6.9316,   4.4704, -24.4485,  ..., -14.0809,   8.7377,   3.4026],
         [ -4.6052,   2.9095,   0.9190,  ...,   0.3572,   6.7994,  -4.3998]]]), 'rvq_quantizer.layers.1._codebook.embed': tensor([[[ -0.0916,  -0.5080,   2.2459,  ...,  -0.3194,   3.1640,  -0.8024],
         [ -4.6951,   2.1099,   0.1011,  ...,  -0.0816,   7.0811,   1.3900],
         [ -3.2796,   1.6787,   0.3313,  ...,   4.3484,  -0.1386,   3.6733],
         ...,
         [ -2.8057,   3.1787,  -2.9005,  ...,  -0.3606,  -1.5092,   2.0778],
         [ -3.4658,   2.2352, -12.2243,  ...,  -7.0404,   4.3689,   1.7013],
         [ -1.7181,   1.0854,   0.3429,  ...,   0.1333,   2.5367,  -1.6414]]]), 'rvq_quantizer.layers.2._codebook.initted': tensor([1.]), 'rvq_quantizer.layers.2._codebook.cluster_size': tensor([[2.8322, 2.8944, 4.1054,  ..., 2.0000, 2.0000, 3.3352]]), 'rvq_quantizer.layers.2._codebook.embed_avg': tensor([[[  6.4093,   5.0089,   3.0682,  ...,   5.0217,  -0.0970,  16.1775],
         [-12.4275,  -7.9282, -10.4410,  ...,   3.4705,   1.6033,   2.8493],
         [ -3.6491, -13.3759,  -8.7921,  ..., -14.6351,   9.3162,  -3.3089],
         ...,
         [ -0.3677,  -0.0521,  -0.9648,  ...,  -6.0891,  -2.8149,  -5.3954],
         [  4.2803,   0.1107,   9.1169,  ...,  -0.1114,   3.1631,  -3.6847],
         [  5.0048,   1.2935,  -2.9637,  ...,   2.1625,  -2.5945,   9.2766]]]), 'rvq_quantizer.layers.2._codebook.embed': tensor([[[ 2.2630,  1.7685,  1.0833,  ...,  1.7730, -0.0342,  5.7119],
         [-4.2937, -2.7392, -3.6073,  ...,  1.1990,  0.5539,  0.9844],
         [-0.8889, -3.2581, -2.1416,  ..., -3.5649,  2.2693, -0.8060],
         ...,
         [-0.1839, -0.0260, -0.4824,  ..., -3.0445, -1.4074, -2.6977],
         [ 2.1401,  0.0553,  4.5584,  ..., -0.0557,  1.5815, -1.8423],
         [ 1.5006,  0.3878, -0.8886,  ...,  0.6484, -0.7779,  2.7814]]]), 'rvq_quantizer.layers.3._codebook.initted': tensor([1.]), 'rvq_quantizer.layers.3._codebook.cluster_size': tensor([[3.2533, 2.5041, 2.2133,  ..., 2.0000, 3.8738, 3.5498]]), 'rvq_quantizer.layers.3._codebook.embed_avg': tensor([[[  0.9498,   1.8878,  -2.8013,  ...,  -2.2933,  -0.7084,  -0.6508],
         [  1.5503,  -0.6061,   0.2309,  ...,   1.2010,   3.1908,   1.8757],
         [  2.3164,   0.4800,  -0.3054,  ...,  -2.9925,   1.1175,  -2.5229],
         ...,
         [  3.0382,  -3.7338,  -6.5299,  ...,  13.3269,  -4.4080,   5.3294],
         [  5.1945,  10.0905,  -0.6903,  ...,   6.7304,  -1.9270,  -0.0295],
         [  2.2494,  -8.1350,  -5.5815,  ...,  -6.3199,  -7.2837, -13.7325]]]), 'rvq_quantizer.layers.3._codebook.embed': tensor([[[ 0.2920,  0.5803, -0.8610,  ..., -0.7049, -0.2178, -0.2000],
         [ 0.6191, -0.2420,  0.0922,  ...,  0.4796,  1.2742,  0.7491],
         [ 1.0466,  0.2169, -0.1380,  ..., -1.3521,  0.5049, -1.1399],
         ...,
         [ 1.5191, -1.8669, -3.2650,  ...,  6.6635, -2.2040,  2.6647],
         [ 1.3409,  2.6048, -0.1782,  ...,  1.7374, -0.4975, -0.0076],
         [ 0.6337, -2.2917, -1.5724,  ..., -1.7804, -2.0519, -3.8686]]])})
Loss:  tensor(8.8946, grad_fn=<MeanBackward0>)
OrderedDict({'rvq_quantizer.project_in.weight': tensor([[ 0.1913,  0.2638,  0.2146,  ...,  0.1998,  0.1432,  0.2220],
        [-0.1150,  0.2441,  0.1163,  ..., -0.0690, -0.0221, -0.1410],
        [ 0.2797, -0.1154, -0.2711,  ...,  0.2202,  0.2360,  0.3728],
        ...,
        [ 0.2427, -0.3041, -0.2840,  ...,  0.2712,  0.3179,  0.2335],
        [-0.2656, -0.1886, -0.0847,  ..., -0.0935, -0.1488, -0.0712],
        [-0.0117,  0.1969,  0.1886,  ...,  0.1021, -0.0275,  0.0079]]), 'rvq_quantizer.project_in.bias': tensor([-0.0387,  0.2714, -0.3412, -0.2966,  0.0026, -0.1188,  0.2118, -0.1547,
        -0.2373,  0.3630, -0.0675,  0.3065, -0.2273,  0.0140, -0.2160,  0.0493,
         0.2554,  0.1127, -0.3427,  0.3087, -0.2374, -0.1832, -0.3474,  0.1909,
         0.0648,  0.2210, -0.0681,  0.1143, -0.2435, -0.3320,  0.1116,  0.0232]), 'rvq_quantizer.project_out.weight': tensor([[-0.0815,  0.1727, -0.0148,  ...,  0.1287, -0.0939, -0.1531],
        [ 0.0183, -0.1208,  0.1509,  ..., -0.1265,  0.0730, -0.0623],
        [-0.0936,  0.0389, -0.1234,  ...,  0.0668, -0.0210,  0.1376],
        ...,
        [ 0.0620, -0.1746,  0.0423,  ..., -0.0158,  0.1481, -0.0877],
        [-0.0183, -0.0650, -0.0248,  ...,  0.0933, -0.0601, -0.0218],
        [-0.1321, -0.1601, -0.0124,  ..., -0.0062, -0.0595, -0.1735]]), 'rvq_quantizer.project_out.bias': tensor([-0.1325, -0.1298,  0.1105, -0.0047, -0.0939, -0.0475, -0.1619,  0.1762,
        -0.0832,  0.0768,  0.0778,  0.1731, -0.0281, -0.1593, -0.0284, -0.0098,
        -0.1415, -0.0457, -0.0575, -0.1438, -0.0401,  0.1346,  0.0530,  0.1138,
        -0.1113,  0.1297,  0.1565, -0.0831,  0.0719, -0.1018,  0.0382,  0.1418,
         0.0541,  0.0914, -0.0196,  0.0149, -0.1340, -0.1024, -0.0020, -0.0946,
        -0.0163,  0.0172, -0.0827,  0.0442,  0.0316,  0.1223, -0.1414,  0.1619,
        -0.1512,  0.0501,  0.0878, -0.0692, -0.1058,  0.0113,  0.1297, -0.0977,
        -0.0705, -0.0886,  0.0652,  0.1578, -0.1560, -0.0265,  0.0297,  0.1308]), 'rvq_quantizer.layers.0._codebook.initted': tensor([1.]), 'rvq_quantizer.layers.0._codebook.cluster_size': tensor([[2.0000, 2.9146, 2.1000,  ..., 2.0000, 2.1264, 2.3000]]), 'rvq_quantizer.layers.0._codebook.embed_avg': tensor([[[-287.4538,  193.4331, -470.4040,  ..., -429.2235,  409.5678,
            12.0087],
         [-358.1983,   61.0355, -435.1440,  ..., -353.2246,  433.8824,
           -95.5064],
         [-371.5367,  177.5175, -499.2880,  ..., -470.8000,  467.2661,
          -101.0140],
         ...,
         [-380.2653,  259.7337, -631.3247,  ..., -573.3546,  514.7363,
            -6.7248],
         [-305.6404,  167.8228, -492.2321,  ..., -452.5248,  410.1333,
           -29.9860],
         [-379.4335,  267.2181, -663.8094,  ..., -606.7511,  535.0344,
           -29.4654]]]), 'rvq_quantizer.layers.0._codebook.embed': tensor([[[-143.7269,   96.7165, -235.2020,  ..., -214.6118,  204.7839,
             6.0044],
         [-122.8995,   20.9416, -149.2999,  ..., -121.1930,  148.8670,
           -32.7687],
         [-176.9220,   84.5320, -237.7559,  ..., -224.1902,  222.5074,
           -48.1019],
         ...,
         [-190.1326,  129.8668, -315.6624,  ..., -286.6773,  257.3682,
            -3.3624],
         [-143.7390,   78.9250, -231.4909,  ..., -212.8170,  192.8808,
           -14.1020],
         [-164.9709,  116.1817, -288.6125,  ..., -263.8046,  232.6234,
           -12.8110]]]), 'rvq_quantizer.layers.1._codebook.initted': tensor([1.]), 'rvq_quantizer.layers.1._codebook.cluster_size': tensor([[2.0000, 3.7913, 2.9186,  ..., 2.7111, 2.4000, 2.7124]]), 'rvq_quantizer.layers.1._codebook.embed_avg': tensor([[[ -0.4238,  -0.9911,   4.8012,  ...,  -0.1669,   5.7124,  -1.8569],
         [-17.7990,   8.0293,   1.0407,  ...,  -0.1823,  26.7382,   5.4418],
         [ -9.0694,   5.0858,   1.7185,  ...,  12.9006,  -0.8820,  10.8177],
         ...,
         [ -6.5516,   8.3224,  -7.9224,  ...,  -0.4249,  -3.9458,   5.5175],
         [ -7.1240,   5.5959, -28.5813,  ..., -18.0540,   9.6083,   4.1930],
         [ -3.2247,   3.5081,   1.0266,  ...,  -0.5634,   6.7604,  -4.7835]]]), 'rvq_quantizer.layers.1._codebook.embed': tensor([[[ -0.2119,  -0.4955,   2.4006,  ...,  -0.0834,   2.8562,  -0.9285],
         [ -4.6947,   2.1178,   0.2745,  ...,  -0.0481,   7.0525,   1.4353],
         [ -3.1075,   1.7426,   0.5888,  ...,   4.4202,  -0.3022,   3.7065],
         ...,
         [ -2.4166,   3.0698,  -2.9222,  ...,  -0.1567,  -1.4554,   2.0352],
         [ -2.9683,   2.3316, -11.9089,  ...,  -7.5225,   4.0035,   1.7471],
         [ -1.1889,   1.2934,   0.3785,  ...,  -0.2077,   2.4924,  -1.7636]]]), 'rvq_quantizer.layers.2._codebook.initted': tensor([1.]), 'rvq_quantizer.layers.2._codebook.cluster_size': tensor([[2.7490, 2.6049, 4.0948,  ..., 2.0000, 2.2000, 3.4017]]), 'rvq_quantizer.layers.2._codebook.embed_avg': tensor([[[ 5.4168e+00,  4.9831e+00,  2.3593e+00,  ...,  5.2964e+00,
           4.6238e-01,  1.6288e+01],
         [-1.1185e+01, -7.1354e+00, -9.3969e+00,  ...,  3.1235e+00,
           1.4430e+00,  2.5644e+00],
         [-3.7362e+00, -1.4072e+01, -1.0323e+01,  ..., -1.5958e+01,
           8.9459e+00, -2.9120e+00],
         ...,
         [-2.1928e+01, -2.0811e+00, -1.1519e+01,  ...,  1.3256e+01,
           6.8968e+00,  2.4640e+00],
         [ 4.2404e+00, -2.1693e-02,  1.0369e+01,  ..., -7.2303e-01,
           3.3697e+00, -4.7466e+00],
         [ 5.4936e+00,  2.0348e-01, -4.0889e+00,  ...,  3.1376e+00,
          -3.6528e+00,  1.0799e+01]]]), 'rvq_quantizer.layers.2._codebook.embed': tensor([[[ 1.9705e+00,  1.8127e+00,  8.5825e-01,  ...,  1.9267e+00,
           1.6820e-01,  5.9250e+00],
         [-4.2937e+00, -2.7392e+00, -3.6073e+00,  ...,  1.1990e+00,
           5.5394e-01,  9.8442e-01],
         [-9.1243e-01, -3.4364e+00, -2.5211e+00,  ..., -3.8971e+00,
           2.1847e+00, -7.1115e-01],
         ...,
         [-1.0964e+01, -1.0406e+00, -5.7595e+00,  ...,  6.6278e+00,
           3.4484e+00,  1.2320e+00],
         [ 1.9274e+00, -9.8604e-03,  4.7131e+00,  ..., -3.2865e-01,
           1.5317e+00, -2.1576e+00],
         [ 1.6150e+00,  5.9819e-02, -1.2020e+00,  ...,  9.2237e-01,
          -1.0738e+00,  3.1745e+00]]]), 'rvq_quantizer.layers.3._codebook.initted': tensor([1.]), 'rvq_quantizer.layers.3._codebook.cluster_size': tensor([[3.7280, 2.4537, 2.0000,  ..., 2.1000, 3.6864, 3.2948]]), 'rvq_quantizer.layers.3._codebook.embed_avg': tensor([[[  0.6482,   2.7022,  -3.5380,  ...,  -2.4913,  -0.4447,  -0.9035],
         [  1.2872,  -0.9610,   0.2077,  ...,   1.2854,   2.8871,   1.7996],
         [ -2.5168,   0.6476,  -0.0163,  ...,  -2.1175,  -2.0709,  -2.7938],
         ...,
         [  3.9571,  -4.4395,  -7.6285,  ...,  13.9062,  -5.4397,   5.4862],
         [  4.7365,   9.4581,  -0.1648,  ...,   6.1041,  -1.6458,  -0.0392],
         [  2.2107,  -7.4354,  -5.2662,  ...,  -5.7455,  -6.9104, -12.5611]]]), 'rvq_quantizer.layers.3._codebook.embed': tensor([[[ 0.1739,  0.7248, -0.9490,  ..., -0.6683, -0.1193, -0.2424],
         [ 0.5246, -0.3917,  0.0847,  ...,  0.5239,  1.1766,  0.7334],
         [-1.2584,  0.3238, -0.0081,  ..., -1.0587, -1.0355, -1.3969],
         ...,
         [ 1.8843, -2.1140, -3.6326,  ...,  6.6220, -2.5903,  2.6125],
         [ 1.2849,  2.5657, -0.0447,  ...,  1.6558, -0.4465, -0.0106],
         [ 0.6710, -2.2567, -1.5983,  ..., -1.7438, -2.0974, -3.8124]]])})
Loss:  tensor(9.0482, grad_fn=<MeanBackward0>)
OrderedDict({'rvq_quantizer.project_in.weight': tensor([[ 0.1915,  0.2743,  0.2150,  ...,  0.2017,  0.1450,  0.2238],
        [-0.1202,  0.2476,  0.1242,  ..., -0.0710, -0.0239, -0.1424],
        [ 0.2895, -0.1153, -0.2824,  ...,  0.2250,  0.2411,  0.3787],
        ...,
        [ 0.2524, -0.3087, -0.2954,  ...,  0.2730,  0.3198,  0.2382],
        [-0.2706, -0.2000, -0.0750,  ..., -0.0956, -0.1510, -0.0746],
        [-0.0146,  0.2031,  0.1915,  ...,  0.1028, -0.0263,  0.0084]]), 'rvq_quantizer.project_in.bias': tensor([-0.0401,  0.2757, -0.3506, -0.3052,  0.0039, -0.1210,  0.2149, -0.1565,
        -0.2447,  0.3720, -0.0717,  0.3154, -0.2350,  0.0125, -0.2210,  0.0469,
         0.2581,  0.1148, -0.3476,  0.3145, -0.2421, -0.1898, -0.3532,  0.1993,
         0.0639,  0.2282, -0.0713,  0.1180, -0.2488, -0.3413,  0.1161,  0.0246]), 'rvq_quantizer.project_out.weight': tensor([[-0.0815,  0.1727, -0.0148,  ...,  0.1287, -0.0939, -0.1531],
        [ 0.0183, -0.1208,  0.1509,  ..., -0.1265,  0.0730, -0.0623],
        [-0.0936,  0.0389, -0.1234,  ...,  0.0668, -0.0210,  0.1376],
        ...,
        [ 0.0620, -0.1746,  0.0423,  ..., -0.0158,  0.1481, -0.0877],
        [-0.0183, -0.0650, -0.0248,  ...,  0.0933, -0.0601, -0.0218],
        [-0.1321, -0.1601, -0.0124,  ..., -0.0062, -0.0595, -0.1735]]), 'rvq_quantizer.project_out.bias': tensor([-0.1325, -0.1298,  0.1105, -0.0047, -0.0939, -0.0475, -0.1619,  0.1762,
        -0.0832,  0.0768,  0.0778,  0.1731, -0.0281, -0.1593, -0.0284, -0.0098,
        -0.1415, -0.0457, -0.0575, -0.1438, -0.0401,  0.1346,  0.0530,  0.1138,
        -0.1113,  0.1297,  0.1565, -0.0831,  0.0719, -0.1018,  0.0382,  0.1418,
         0.0541,  0.0914, -0.0196,  0.0149, -0.1340, -0.1024, -0.0020, -0.0946,
        -0.0163,  0.0172, -0.0827,  0.0442,  0.0316,  0.1223, -0.1414,  0.1619,
        -0.1512,  0.0501,  0.0878, -0.0692, -0.1058,  0.0113,  0.1297, -0.0977,
        -0.0705, -0.0886,  0.0652,  0.1578, -0.1560, -0.0265,  0.0297,  0.1308]), 'rvq_quantizer.layers.0._codebook.initted': tensor([1.]), 'rvq_quantizer.layers.0._codebook.cluster_size': tensor([[2.0000, 2.6231, 2.0000,  ..., 3.0000, 2.0000, 2.3700]]), 'rvq_quantizer.layers.0._codebook.embed_avg': tensor([[[-347.8269,  266.4331, -643.7621,  ..., -592.0457,  498.4395,
           -29.3756],
         [-322.3785,   54.9320, -391.6296,  ..., -317.9021,  390.4942,
           -85.9557],
         [-362.6376,  197.8082, -552.0941,  ..., -491.0450,  476.9225,
           -63.6464],
         ...,
         [-567.6566,  388.9673, -957.2380,  ..., -858.7327,  771.0189,
            -7.4793],
         [-342.2556,  212.7105, -588.4122,  ..., -525.0234,  474.4695,
           -66.0926],
         [-392.2857,  275.1622, -684.3164,  ..., -624.9961,  552.3443,
           -29.2562]]]), 'rvq_quantizer.layers.0._codebook.embed': tensor([[[-173.9135,  133.2165, -321.8811,  ..., -296.0228,  249.2197,
           -14.6878],
         [-122.8994,   20.9416, -149.2998,  ..., -121.1929,  148.8670,
           -32.7687],
         [-181.3188,   98.9041, -276.0471,  ..., -245.5225,  238.4613,
           -31.8232],
         ...,
         [-189.2189,  129.6558, -319.0794,  ..., -286.2443,  257.0063,
            -2.4931],
         [-171.1278,  106.3552, -294.2061,  ..., -262.5117,  237.2348,
           -33.0463],
         [-165.5213,  116.1021, -288.7409,  ..., -263.7113,  233.0565,
           -12.3444]]]), 'rvq_quantizer.layers.1._codebook.initted': tensor([1.]), 'rvq_quantizer.layers.1._codebook.cluster_size': tensor([[2.1000, 3.6122, 2.8267,  ..., 2.4400, 2.4600, 2.6412]]), 'rvq_quantizer.layers.1._codebook.embed_avg': tensor([[[  0.3107,  -0.9499,   5.0931,  ...,  -0.3450,   5.2495,  -2.5427],
         [-16.6530,   7.9739,   0.6514,  ...,  -0.2591,  25.7644,   5.1231],
         [ -8.2777,   4.5361,   2.0238,  ...,  12.6424,  -0.8771,  10.2830],
         ...,
         [ -5.8964,   7.4902,  -7.1301,  ...,  -0.3824,  -3.5512,   4.9658],
         [ -7.5328,   6.2259, -30.0399,  ..., -18.2428,   8.9156,   3.7334],
         [ -3.2644,   3.2520,   0.9430,  ...,  -1.8055,   6.8211,  -5.2253]]]), 'rvq_quantizer.layers.1._codebook.embed': tensor([[[  0.1480,  -0.4524,   2.4253,  ...,  -0.1643,   2.4997,  -1.2108],
         [ -4.6102,   2.2075,   0.1803,  ...,  -0.0717,   7.1326,   1.4183],
         [ -2.9284,   1.6047,   0.7159,  ...,   4.4725,  -0.3103,   3.6378],
         ...,
         [ -2.4166,   3.0698,  -2.9222,  ...,  -0.1567,  -1.4554,   2.0352],
         [ -3.0621,   2.5309, -12.2113,  ...,  -7.4158,   3.6242,   1.5177],
         [ -1.2360,   1.2313,   0.3570,  ...,  -0.6836,   2.5826,  -1.9784]]]), 'rvq_quantizer.layers.2._codebook.initted': tensor([1.]), 'rvq_quantizer.layers.2._codebook.cluster_size': tensor([[3.0741, 2.4445, 4.0853,  ..., 2.0000, 2.0800, 3.4615]]), 'rvq_quantizer.layers.2._codebook.embed_avg': tensor([[[  4.7975,   4.6988,   2.3554,  ...,   5.8046,  -0.3204,  19.7710],
         [-10.7473,  -6.4765,  -8.6882,  ...,   2.8539,   1.4416,   2.5665],
         [ -4.1184, -14.4791, -10.7573,  ..., -17.3988,   8.5558,  -1.8410],
         ...,
         [  8.3536,   8.6516,  22.3485,  ...,   9.0868,  -9.7466,  -8.3425],
         [  3.8754,  -0.1510,   9.3015,  ...,  -1.0319,   3.2172,  -4.4899],
         [  5.2141,  -0.7573,  -4.3739,  ...,   3.8625,  -4.2667,  10.1968]]]), 'rvq_quantizer.layers.2._codebook.embed': tensor([[[ 1.5606,  1.5285,  0.7662,  ...,  1.8882, -0.1042,  6.4315],
         [-4.3966, -2.6495, -3.5542,  ...,  1.1675,  0.5898,  1.0499],
         [-1.0081, -3.5442, -2.6332,  ..., -4.2588,  2.0943, -0.4506],
         ...,
         [ 4.1768,  4.3258, 11.1743,  ...,  4.5434, -4.8733, -4.1712],
         [ 1.8631, -0.0726,  4.4719,  ..., -0.4961,  1.5467, -2.1586],
         [ 1.5063, -0.2188, -1.2636,  ...,  1.1158, -1.2326,  2.9458]]]), 'rvq_quantizer.layers.3._codebook.initted': tensor([1.]), 'rvq_quantizer.layers.3._codebook.cluster_size': tensor([[3.8552, 2.2083, 2.0000,  ..., 2.0900, 3.5178, 3.6653]]), 'rvq_quantizer.layers.3._codebook.embed_avg': tensor([[[ 9.6855e-01,  2.9919e+00, -3.3536e+00,  ..., -2.5053e+00,
          -4.4357e-01, -9.9905e-01],
         [ 1.1585e+00, -8.6493e-01,  1.8695e-01,  ...,  1.1569e+00,
           2.5984e+00,  1.6196e+00],
         [-2.6860e+00,  1.0230e+00,  1.2318e-02,  ..., -2.3203e+00,
          -2.5111e+00, -3.5846e+00],
         ...,
         [ 3.9443e+00, -4.3394e+00, -7.3756e+00,  ...,  1.3262e+01,
          -5.8605e+00,  5.9672e+00],
         [ 4.1380e+00,  9.4640e+00, -2.5872e-01,  ...,  6.0017e+00,
          -1.1889e+00, -7.3466e-01],
         [ 2.5341e+00, -8.7355e+00, -6.1718e+00,  ..., -5.7932e+00,
          -7.6335e+00, -1.3989e+01]]]), 'rvq_quantizer.layers.3._codebook.embed': tensor([[[ 2.5123e-01,  7.7607e-01, -8.6988e-01,  ..., -6.4985e-01,
          -1.1506e-01, -2.5914e-01],
         [ 5.2461e-01, -3.9167e-01,  8.4659e-02,  ...,  5.2386e-01,
           1.1766e+00,  7.3341e-01],
         [-1.3430e+00,  5.1152e-01,  6.1592e-03,  ..., -1.1601e+00,
          -1.2556e+00, -1.7923e+00],
         ...,
         [ 1.8872e+00, -2.0763e+00, -3.5290e+00,  ...,  6.3456e+00,
          -2.8041e+00,  2.8551e+00],
         [ 1.1763e+00,  2.6903e+00, -7.3547e-02,  ...,  1.7061e+00,
          -3.3796e-01, -2.0884e-01],
         [ 6.9138e-01, -2.3833e+00, -1.6838e+00,  ..., -1.5806e+00,
          -2.0826e+00, -3.8167e+00]]])})
Loss:  tensor(9.1047, grad_fn=<MeanBackward0>)
OrderedDict({'rvq_quantizer.project_in.weight': tensor([[ 0.1914,  0.2849,  0.2149,  ...,  0.2033,  0.1465,  0.2252],
        [-0.1253,  0.2509,  0.1324,  ..., -0.0727, -0.0256, -0.1434],
        [ 0.2994, -0.1157, -0.2937,  ...,  0.2296,  0.2459,  0.3843],
        ...,
        [ 0.2621, -0.3126, -0.3067,  ...,  0.2745,  0.3213,  0.2427],
        [-0.2753, -0.2114, -0.0651,  ..., -0.0973, -0.1527, -0.0776],
        [-0.0175,  0.2092,  0.1942,  ...,  0.1035, -0.0252,  0.0088]]), 'rvq_quantizer.project_in.bias': tensor([-0.0412,  0.2798, -0.3599, -0.3137,  0.0049, -0.1230,  0.2178, -0.1582,
        -0.2520,  0.3810, -0.0757,  0.3243, -0.2426,  0.0110, -0.2257,  0.0447,
         0.2606,  0.1168, -0.3524,  0.3203, -0.2466, -0.1964, -0.3588,  0.2077,
         0.0630,  0.2353, -0.0743,  0.1216, -0.2540, -0.3506,  0.1204,  0.0261]), 'rvq_quantizer.project_out.weight': tensor([[-0.0815,  0.1727, -0.0148,  ...,  0.1287, -0.0939, -0.1531],
        [ 0.0183, -0.1208,  0.1509,  ..., -0.1265,  0.0730, -0.0623],
        [-0.0936,  0.0389, -0.1234,  ...,  0.0668, -0.0210,  0.1376],
        ...,
        [ 0.0620, -0.1746,  0.0423,  ..., -0.0158,  0.1481, -0.0877],
        [-0.0183, -0.0650, -0.0248,  ...,  0.0933, -0.0601, -0.0218],
        [-0.1321, -0.1601, -0.0124,  ..., -0.0062, -0.0595, -0.1735]]), 'rvq_quantizer.project_out.bias': tensor([-0.1325, -0.1298,  0.1105, -0.0047, -0.0939, -0.0475, -0.1619,  0.1762,
        -0.0832,  0.0768,  0.0778,  0.1731, -0.0281, -0.1593, -0.0284, -0.0098,
        -0.1415, -0.0457, -0.0575, -0.1438, -0.0401,  0.1346,  0.0530,  0.1138,
        -0.1113,  0.1297,  0.1565, -0.0831,  0.0719, -0.1018,  0.0382,  0.1418,
         0.0541,  0.0914, -0.0196,  0.0149, -0.1340, -0.1024, -0.0020, -0.0946,
        -0.0163,  0.0172, -0.0827,  0.0442,  0.0316,  0.1223, -0.1414,  0.1619,
        -0.1512,  0.0501,  0.0878, -0.0692, -0.1058,  0.0113,  0.1297, -0.0977,
        -0.0705, -0.0886,  0.0652,  0.1578, -0.1560, -0.0265,  0.0297,  0.1308]), 'rvq_quantizer.layers.0._codebook.initted': tensor([1.]), 'rvq_quantizer.layers.0._codebook.cluster_size': tensor([[2.3000, 2.3608, 2.5000,  ..., 4.2000, 2.0000, 2.6330]]), 'rvq_quantizer.layers.0._codebook.embed_avg': tensor([[[ -400.1781,   306.3371,  -742.4581,  ...,  -682.6790,
            573.4564,   -31.6257],
         [ -290.1406,    49.4388,  -352.4666,  ...,  -286.1119,
            351.4448,   -77.3602],
         [ -453.3639,   245.4695,  -691.2491,  ...,  -613.4553,
            597.1819,   -82.3619],
         ...,
         [ -793.4214,   548.2853, -1353.3022,  ..., -1205.7721,
           1081.0421,    -4.0064],
         [ -342.2480,   213.0231,  -588.6703,  ...,  -526.1051,
            475.4887,   -66.3114],
         [ -437.6407,   304.9538,  -760.5991,  ...,  -693.1632,
            615.9450,   -31.4273]]]), 'rvq_quantizer.layers.0._codebook.embed': tensor([[[-173.9903,  133.1899, -322.8076,  ..., -296.8167,  249.3287,
           -13.7503],
         [-122.8994,   20.9415, -149.2998,  ..., -121.1928,  148.8669,
           -32.7686],
         [-181.3455,   98.1878, -276.4995,  ..., -245.3820,  238.8727,
           -32.9448],
         ...,
         [-188.9101,  130.5443, -322.2152,  ..., -287.0889,  257.3913,
            -0.9539],
         [-171.1238,  106.5114, -294.3347,  ..., -263.0522,  237.7440,
           -33.1557],
         [-166.2137,  115.8199, -288.8716,  ..., -263.2598,  233.9327,
           -11.9359]]]), 'rvq_quantizer.layers.1._codebook.initted': tensor([1.]), 'rvq_quantizer.layers.1._codebook.cluster_size': tensor([[2.7900, 3.4510, 2.7440,  ..., 2.2960, 2.6140, 2.4770]]), 'rvq_quantizer.layers.1._codebook.embed_avg': tensor([[[ 1.3251e+00, -1.2000e+00,  6.2991e+00,  ...,  6.9967e-01,
           2.7190e+00, -4.2984e+00],
         [-1.5803e+01,  7.8070e+00,  1.4285e+00,  ...,  2.1590e-02,
           2.3975e+01,  4.7758e+00],
         [-7.9256e+00,  4.4407e+00,  1.2522e+00,  ...,  1.2327e+01,
          -1.8588e-01,  1.0045e+01],
         ...,
         [-5.2650e+00,  6.9264e+00, -6.8771e+00,  ..., -1.7145e-01,
          -3.3370e+00,  4.7914e+00],
         [-7.5826e+00,  7.5241e+00, -3.2936e+01,  ..., -1.8490e+01,
           8.5354e+00,  4.6971e+00],
         [-3.0037e+00,  3.4170e+00,  7.8008e-01,  ..., -1.6295e+00,
           6.5271e+00, -5.7887e+00]]]), 'rvq_quantizer.layers.1._codebook.embed': tensor([[[ 4.7493e-01, -4.3009e-01,  2.2577e+00,  ...,  2.5078e-01,
           9.7454e-01, -1.5407e+00],
         [-4.5793e+00,  2.2623e+00,  4.1394e-01,  ...,  6.2561e-03,
           6.9474e+00,  1.3839e+00],
         [-2.8883e+00,  1.6183e+00,  4.5634e-01,  ...,  4.4922e+00,
          -6.7739e-02,  3.6607e+00],
         ...,
         [-2.2931e+00,  3.0168e+00, -2.9953e+00,  ..., -7.4674e-02,
          -1.4534e+00,  2.0868e+00],
         [-2.9008e+00,  2.8784e+00, -1.2600e+01,  ..., -7.0736e+00,
           3.2653e+00,  1.7969e+00],
         [-1.2126e+00,  1.3795e+00,  3.1492e-01,  ..., -6.5782e-01,
           2.6350e+00, -2.3369e+00]]]), 'rvq_quantizer.layers.2._codebook.initted': tensor([1.]), 'rvq_quantizer.layers.2._codebook.cluster_size': tensor([[2.9667, 2.3000, 3.8768,  ..., 2.0000, 2.0000, 3.6154]]), 'rvq_quantizer.layers.2._codebook.embed_avg': tensor([[[  4.0317,   4.5970,   3.2454,  ...,   5.1237,  -0.2206,  19.1287],
         [-10.1006,  -6.1707,  -8.2751,  ...,   3.1124,   1.1171,   1.8395],
         [ -3.8861, -14.3816, -10.4103,  ..., -16.7840,   9.3231,  -2.0527],
         ...,
         [  4.7150,   1.6452,   5.9703,  ...,  10.8887,  -0.4945,   2.1388],
         [  2.0493,   2.3935,   1.5389,  ...,  -0.1930,   0.2125,   2.0820],
         [  6.2386,  -0.7598,  -5.5022,  ...,   5.7365,  -5.1274,  11.1897]]]), 'rvq_quantizer.layers.2._codebook.embed': tensor([[[ 1.3590,  1.5495,  1.0939,  ...,  1.7271, -0.0744,  6.4478],
         [-4.3915, -2.6829, -3.5978,  ...,  1.3532,  0.4857,  0.7998],
         [-1.0024, -3.7096, -2.6853,  ..., -4.3293,  2.4048, -0.5295],
         ...,
         [ 2.3575,  0.8226,  2.9852,  ...,  5.4444, -0.2472,  1.0694],
         [ 1.0247,  1.1967,  0.7695,  ..., -0.0965,  0.1062,  1.0410],
         [ 1.7256, -0.2101, -1.5219,  ...,  1.5867, -1.4182,  3.0951]]]), 'rvq_quantizer.layers.3._codebook.initted': tensor([1.]), 'rvq_quantizer.layers.3._codebook.cluster_size': tensor([[4.2697, 2.0875, 2.0000,  ..., 2.1810, 3.5660, 3.4988]]), 'rvq_quantizer.layers.3._codebook.embed_avg': tensor([[[  1.2010,   2.8430,  -4.4815,  ...,  -2.6045,  -0.2382,  -1.0408],
         [  1.2957,  -0.6281,   0.3212,  ...,   0.8967,   2.4795,   1.3845],
         [ -2.1294,   6.1233,   2.7947,  ...,   1.9026,  -3.0612,   4.2023],
         ...,
         [  4.7105,  -3.8546,  -7.4491,  ...,  13.4460,  -6.0782,   7.1963],
         [  4.4334,   9.7920,  -0.4365,  ...,   6.2255,  -1.1276,  -0.8611],
         [  3.1223,  -8.3389,  -5.5314,  ...,  -5.3747,  -7.1653, -13.2988]]]), 'rvq_quantizer.layers.3._codebook.embed': tensor([[[ 0.2813,  0.6659, -1.0496,  ..., -0.6100, -0.0558, -0.2438],
         [ 0.6207, -0.3009,  0.1539,  ...,  0.4295,  1.1878,  0.6632],
         [-1.0647,  3.0616,  1.3973,  ...,  0.9513, -1.5306,  2.1012],
         ...,
         [ 2.1598, -1.7673, -3.4154,  ...,  6.1651, -2.7869,  3.2996],
         [ 1.2432,  2.7459, -0.1224,  ...,  1.7458, -0.3162, -0.2415],
         [ 0.8924, -2.3834, -1.5809,  ..., -1.5362, -2.0479, -3.8010]]])})
Loss:  tensor(9.1374, grad_fn=<MeanBackward0>)
OrderedDict({'rvq_quantizer.project_in.weight': tensor([[ 0.1911,  0.2953,  0.2144,  ...,  0.2046,  0.1477,  0.2265],
        [-0.1303,  0.2538,  0.1410,  ..., -0.0743, -0.0271, -0.1443],
        [ 0.3092, -0.1165, -0.3050,  ...,  0.2339,  0.2506,  0.3898],
        ...,
        [ 0.2718, -0.3158, -0.3181,  ...,  0.2757,  0.3224,  0.2470],
        [-0.2798, -0.2227, -0.0551,  ..., -0.0987, -0.1541, -0.0804],
        [-0.0205,  0.2150,  0.1966,  ...,  0.1040, -0.0241,  0.0090]]), 'rvq_quantizer.project_in.bias': tensor([-0.0422,  0.2839, -0.3692, -0.3220,  0.0059, -0.1250,  0.2206, -0.1598,
        -0.2593,  0.3899, -0.0795,  0.3332, -0.2502,  0.0096, -0.2304,  0.0426,
         0.2630,  0.1186, -0.3570,  0.3260, -0.2511, -0.2028, -0.3643,  0.2161,
         0.0622,  0.2423, -0.0773,  0.1252, -0.2591, -0.3599,  0.1244,  0.0277]), 'rvq_quantizer.project_out.weight': tensor([[-0.0815,  0.1727, -0.0148,  ...,  0.1287, -0.0939, -0.1531],
        [ 0.0183, -0.1208,  0.1509,  ..., -0.1265,  0.0730, -0.0623],
        [-0.0936,  0.0389, -0.1234,  ...,  0.0668, -0.0210,  0.1376],
        ...,
        [ 0.0620, -0.1746,  0.0423,  ..., -0.0158,  0.1481, -0.0877],
        [-0.0183, -0.0650, -0.0248,  ...,  0.0933, -0.0601, -0.0218],
        [-0.1321, -0.1601, -0.0124,  ..., -0.0062, -0.0595, -0.1735]]), 'rvq_quantizer.project_out.bias': tensor([-0.1325, -0.1298,  0.1105, -0.0047, -0.0939, -0.0475, -0.1619,  0.1762,
        -0.0832,  0.0768,  0.0778,  0.1731, -0.0281, -0.1593, -0.0284, -0.0098,
        -0.1415, -0.0457, -0.0575, -0.1438, -0.0401,  0.1346,  0.0530,  0.1138,
        -0.1113,  0.1297,  0.1565, -0.0831,  0.0719, -0.1018,  0.0382,  0.1418,
         0.0541,  0.0914, -0.0196,  0.0149, -0.1340, -0.1024, -0.0020, -0.0946,
        -0.0163,  0.0172, -0.0827,  0.0442,  0.0316,  0.1223, -0.1414,  0.1619,
        -0.1512,  0.0501,  0.0878, -0.0692, -0.1058,  0.0113,  0.1297, -0.0977,
        -0.0705, -0.0886,  0.0652,  0.1578, -0.1560, -0.0265,  0.0297,  0.1308]), 'rvq_quantizer.layers.0._codebook.initted': tensor([1.]), 'rvq_quantizer.layers.0._codebook.cluster_size': tensor([[2.6700, 2.1247, 2.7500,  ..., 4.4800, 2.1000, 2.5697]]), 'rvq_quantizer.layers.0._codebook.embed_avg': tensor([[[ -462.7625,   355.0009,  -861.1190,  ...,  -792.0535,
            663.9966,   -36.6873],
         [ -261.1266,    44.4949,  -317.2200,  ...,  -257.5007,
            316.3003,   -69.6241],
         [ -499.0655,   269.2083,  -759.4402,  ...,  -674.5782,
            656.7373,   -93.3803],
         ...,
         [ -843.7212,   582.9257, -1445.4321,  ..., -1286.2494,
           1152.9744,    -5.9960],
         [ -360.8329,   223.5317,  -617.1161,  ...,  -552.9896,
            501.1284,   -69.0520],
         [ -427.5395,   297.4455,  -744.7494,  ...,  -676.4840,
            602.1703,   -29.7567]]]), 'rvq_quantizer.layers.0._codebook.embed': tensor([[[-173.3193,  132.9591, -322.5164,  ..., -296.6492,  248.6878,
           -13.7406],
         [-122.8993,   20.9415, -149.2997,  ..., -121.1928,  148.8669,
           -32.7686],
         [-181.4783,   97.8939, -276.1601,  ..., -245.3012,  238.8135,
           -33.9565],
         ...,
         [-188.3309,  130.1175, -322.6415,  ..., -287.1096,  257.3607,
            -1.3384],
         [-171.8250,  106.4435, -293.8644,  ..., -263.3281,  238.6323,
           -32.8819],
         [-166.3772,  115.7510, -289.8195,  ..., -263.2540,  234.3348,
           -11.5798]]]), 'rvq_quantizer.layers.1._codebook.initted': tensor([1.]), 'rvq_quantizer.layers.1._codebook.cluster_size': tensor([[3.0110, 3.2059, 2.7696,  ..., 2.0664, 2.4526, 2.4293]]), 'rvq_quantizer.layers.1._codebook.embed_avg': tensor([[[ 2.1345e+00, -1.7727e+00,  7.5086e+00,  ...,  1.8314e-01,
           2.3625e+00, -6.0663e+00],
         [-1.4185e+01,  7.0044e+00,  1.6802e+00,  ..., -2.1116e-02,
           2.1998e+01,  4.3938e+00],
         [-7.9263e+00,  4.7724e+00,  8.8502e-01,  ...,  1.3205e+01,
          -6.2210e-01,  1.0633e+01],
         ...,
         [-4.7385e+00,  6.2338e+00, -6.1894e+00,  ..., -1.5431e-01,
          -3.0033e+00,  4.3122e+00],
         [-7.1709e+00,  7.0416e+00, -3.0882e+01,  ..., -1.6825e+01,
           7.9555e+00,  4.3213e+00],
         [-1.9739e+00,  3.1274e+00,  4.3423e-01,  ..., -1.6456e+00,
           6.4742e+00, -6.2910e+00]]]), 'rvq_quantizer.layers.1._codebook.embed': tensor([[[ 7.0891e-01, -5.8874e-01,  2.4937e+00,  ...,  6.0823e-02,
           7.8461e-01, -2.0147e+00],
         [-4.4246e+00,  2.1849e+00,  5.2410e-01,  ..., -6.5868e-03,
           6.8617e+00,  1.3705e+00],
         [-2.8619e+00,  1.7231e+00,  3.1954e-01,  ...,  4.7677e+00,
          -2.2461e-01,  3.8392e+00],
         ...,
         [-2.2931e+00,  3.0168e+00, -2.9953e+00,  ..., -7.4674e-02,
          -1.4534e+00,  2.0868e+00],
         [-2.9238e+00,  2.8711e+00, -1.2592e+01,  ..., -6.8600e+00,
           3.2437e+00,  1.7619e+00],
         [-8.1252e-01,  1.2874e+00,  1.7874e-01,  ..., -6.7739e-01,
           2.6650e+00, -2.5896e+00]]]), 'rvq_quantizer.layers.2._codebook.initted': tensor([1.]), 'rvq_quantizer.layers.2._codebook.cluster_size': tensor([[2.8700, 2.0700, 3.7891,  ..., 2.0000, 2.0000, 4.0538]]), 'rvq_quantizer.layers.2._codebook.embed_avg': tensor([[[  4.4688,   3.6136,   2.8746,  ...,   4.5614,  -1.4622,  18.5031],
         [ -9.0905,  -5.5536,  -7.4476,  ...,   2.8012,   1.0054,   1.6556],
         [ -3.4482, -15.1169, -10.5227,  ..., -17.2889,   8.6270,  -2.7128],
         ...,
         [ -2.9663,   4.5238,   9.6804,  ...,  -1.1628,  -1.3222, -14.2408],
         [  0.7595,  -2.0438,   0.1773,  ...,   0.4163,  -0.9178,  -0.8430],
         [  6.3069,  -0.3093,  -6.9448,  ...,   6.9852,  -5.1780,  12.7993]]]), 'rvq_quantizer.layers.2._codebook.embed': tensor([[[ 1.5571,  1.2591,  1.0016,  ...,  1.5893, -0.5095,  6.4470],
         [-4.3915, -2.6829, -3.5978,  ...,  1.3532,  0.4857,  0.7998],
         [-0.9100, -3.9896, -2.7771,  ..., -4.5628,  2.2768, -0.7159],
         ...,
         [-1.4831,  2.2619,  4.8402,  ..., -0.5814, -0.6611, -7.1204],
         [ 0.3798, -1.0219,  0.0887,  ...,  0.2082, -0.4589, -0.4215],
         [ 1.5558, -0.0763, -1.7131,  ...,  1.7231, -1.2773,  3.1573]]]), 'rvq_quantizer.layers.3._codebook.initted': tensor([1.]), 'rvq_quantizer.layers.3._codebook.cluster_size': tensor([[4.3427, 2.0000, 2.0000,  ..., 2.3629, 3.4094, 3.2489]]), 'rvq_quantizer.layers.3._codebook.embed_avg': tensor([[[  1.5207,   2.5638,  -4.8305,  ...,  -3.0022,  -0.1808,  -1.7154],
         [ -3.9238,  -1.3246,   1.3422,  ...,   3.6856,   1.1466,  -1.0303],
         [  2.0586,   0.8111,   1.4212,  ...,   3.0839,   0.7502,  -0.2693],
         ...,
         [  5.5576,  -4.0081,  -7.7910,  ...,  13.9540,  -7.0480,   7.5096],
         [  4.2576,   8.3757,  -0.5738,  ...,   5.5509,  -1.3442,  -0.8533],
         [  2.5159,  -7.5751,  -4.9091,  ...,  -4.6679,  -6.7184, -12.2971]]]), 'rvq_quantizer.layers.3._codebook.embed': tensor([[[ 0.3502,  0.5904, -1.1123,  ..., -0.6913, -0.0416, -0.3950],
         [-1.9619, -0.6623,  0.6711,  ...,  1.8428,  0.5733, -0.5151],
         [ 1.0293,  0.4056,  0.7106,  ...,  1.5420,  0.3751, -0.1347],
         ...,
         [ 2.3520, -1.6962, -3.2972,  ...,  5.9054, -2.9828,  3.1781],
         [ 1.2488,  2.4567, -0.1683,  ...,  1.6281, -0.3943, -0.2503],
         [ 0.7744, -2.3316, -1.5110,  ..., -1.4367, -2.0679, -3.7850]]])})
Loss:  tensor(9.2738, grad_fn=<MeanBackward0>)
OrderedDict({'rvq_quantizer.project_in.weight': tensor([[ 0.1907,  0.3057,  0.2134,  ...,  0.2057,  0.1488,  0.2274],
        [-0.1353,  0.2563,  0.1497,  ..., -0.0756, -0.0284, -0.1449],
        [ 0.3191, -0.1176, -0.3163,  ...,  0.2380,  0.2549,  0.3951],
        ...,
        [ 0.2815, -0.3181, -0.3296,  ...,  0.2764,  0.3232,  0.2511],
        [-0.2842, -0.2339, -0.0448,  ..., -0.0997, -0.1552, -0.0830],
        [-0.0235,  0.2206,  0.1990,  ...,  0.1046, -0.0232,  0.0092]]), 'rvq_quantizer.project_in.bias': tensor([-0.0429,  0.2878, -0.3784, -0.3303,  0.0066, -0.1268,  0.2233, -0.1614,
        -0.2666,  0.3988, -0.0832,  0.3421, -0.2576,  0.0082, -0.2348,  0.0406,
         0.2653,  0.1203, -0.3615,  0.3317, -0.2556, -0.2092, -0.3696,  0.2243,
         0.0615,  0.2492, -0.0801,  0.1287, -0.2641, -0.3691,  0.1282,  0.0294]), 'rvq_quantizer.project_out.weight': tensor([[-0.0815,  0.1727, -0.0148,  ...,  0.1287, -0.0939, -0.1531],
        [ 0.0183, -0.1208,  0.1509,  ..., -0.1265,  0.0730, -0.0623],
        [-0.0936,  0.0389, -0.1234,  ...,  0.0668, -0.0210,  0.1376],
        ...,
        [ 0.0620, -0.1746,  0.0423,  ..., -0.0158,  0.1481, -0.0877],
        [-0.0183, -0.0650, -0.0248,  ...,  0.0933, -0.0601, -0.0218],
        [-0.1321, -0.1601, -0.0124,  ..., -0.0062, -0.0595, -0.1735]]), 'rvq_quantizer.project_out.bias': tensor([-0.1325, -0.1298,  0.1105, -0.0047, -0.0939, -0.0475, -0.1619,  0.1762,
        -0.0832,  0.0768,  0.0778,  0.1731, -0.0281, -0.1593, -0.0284, -0.0098,
        -0.1415, -0.0457, -0.0575, -0.1438, -0.0401,  0.1346,  0.0530,  0.1138,
        -0.1113,  0.1297,  0.1565, -0.0831,  0.0719, -0.1018,  0.0382,  0.1418,
         0.0541,  0.0914, -0.0196,  0.0149, -0.1340, -0.1024, -0.0020, -0.0946,
        -0.0163,  0.0172, -0.0827,  0.0442,  0.0316,  0.1223, -0.1414,  0.1619,
        -0.1512,  0.0501,  0.0878, -0.0692, -0.1058,  0.0113,  0.1297, -0.0977,
        -0.0705, -0.0886,  0.0652,  0.1578, -0.1560, -0.0265,  0.0297,  0.1308]), 'rvq_quantizer.layers.0._codebook.initted': tensor([1.]), 'rvq_quantizer.layers.0._codebook.cluster_size': tensor([[3.0030, 2.0000, 2.6750,  ..., 4.7320, 2.0000, 2.4127]]), 'rvq_quantizer.layers.0._codebook.embed_avg': tensor([[[-5.1903e+02,  4.0110e+02, -9.7072e+02,  ..., -8.9243e+02,
           7.4557e+02, -3.9445e+01],
         [-3.4761e+02,  2.4960e+02, -6.0570e+02,  ..., -5.5198e+02,
           4.9706e+02, -5.5615e-02],
         [-4.8598e+02,  2.6138e+02, -7.3882e+02,  ..., -6.5600e+02,
           6.3897e+02, -9.2181e+01],
         ...,
         [-8.8908e+02,  6.1505e+02, -1.5292e+03,  ..., -1.3601e+03,
           1.2179e+03, -4.6213e+00],
         [-2.9568e+02,  2.3742e+02, -5.5325e+02,  ..., -5.0857e+02,
           4.5684e+02,  2.4833e+01],
         [-4.0125e+02,  2.7852e+02, -6.9906e+02,  ..., -6.3627e+02,
           5.6631e+02, -2.8244e+01]]]), 'rvq_quantizer.layers.0._codebook.embed': tensor([[[-1.7284e+02,  1.3357e+02, -3.2325e+02,  ..., -2.9718e+02,
           2.4828e+02, -1.3135e+01],
         [-1.7381e+02,  1.2480e+02, -3.0285e+02,  ..., -2.7599e+02,
           2.4853e+02, -2.7807e-02],
         [-1.8167e+02,  9.7714e+01, -2.7619e+02,  ..., -2.4523e+02,
           2.3887e+02, -3.4460e+01],
         ...,
         [-1.8789e+02,  1.2998e+02, -3.2316e+02,  ..., -2.8743e+02,
           2.5739e+02, -9.7660e-01],
         [-1.4784e+02,  1.1871e+02, -2.7662e+02,  ..., -2.5428e+02,
           2.2842e+02,  1.2417e+01],
         [-1.6631e+02,  1.1544e+02, -2.8974e+02,  ..., -2.6371e+02,
           2.3472e+02, -1.1706e+01]]]), 'rvq_quantizer.layers.1._codebook.initted': tensor([1.]), 'rvq_quantizer.layers.1._codebook.cluster_size': tensor([[3.0099, 2.9853, 2.5927,  ..., 2.0598, 2.5073, 2.2864]]), 'rvq_quantizer.layers.1._codebook.embed_avg': tensor([[[ 2.4084e+00, -1.8137e+00,  6.8317e+00,  ...,  1.8179e-01,
           1.6389e+00, -5.6671e+00],
         [-1.3172e+01,  6.6936e+00,  1.8990e+00,  ...,  4.6647e-01,
           2.0485e+01,  4.1286e+00],
         [-7.3505e+00,  4.5815e+00,  1.0027e+00,  ...,  1.2427e+01,
          -4.7827e-01,  1.0171e+01],
         ...,
         [-4.4028e+00,  6.2001e+00, -6.3483e+00,  ..., -2.6886e-02,
          -2.7243e+00,  4.2733e+00],
         [-7.3331e+00,  7.3835e+00, -3.1777e+01,  ..., -1.7102e+01,
           7.5491e+00,  4.7952e+00],
         [-1.7905e+00,  2.8155e+00,  3.9151e-01,  ..., -1.4098e+00,
           6.0576e+00, -6.2563e+00]]]), 'rvq_quantizer.layers.1._codebook.embed': tensor([[[  0.8001,  -0.6026,   2.2697,  ...,   0.0604,   0.5445,  -1.8828],
         [ -4.4124,   2.2422,   0.6361,  ...,   0.1563,   6.8619,   1.3830],
         [ -2.8351,   1.7671,   0.3867,  ...,   4.7931,  -0.1845,   3.9229],
         ...,
         [ -2.1375,   3.0101,  -3.0821,  ...,  -0.0131,  -1.3227,   2.0747],
         [ -2.9247,   2.9448, -12.6737,  ...,  -6.8206,   3.0108,   1.9125],
         [ -0.7831,   1.2314,   0.1712,  ...,  -0.6166,   2.6494,  -2.7363]]]), 'rvq_quantizer.layers.2._codebook.initted': tensor([1.]), 'rvq_quantizer.layers.2._codebook.cluster_size': tensor([[3.0830, 2.0000, 3.5102,  ..., 2.0000, 2.1000, 4.7484]]), 'rvq_quantizer.layers.2._codebook.embed_avg': tensor([[[  5.0198,   3.4560,   2.7315,  ...,   5.1445,  -2.1997,  20.3162],
         [  4.3331,   0.2594,  -2.6026,  ...,  -6.1102,  -6.4947,   7.1868],
         [ -3.2248, -14.8258,  -9.9681,  ..., -16.6741,   7.7237,  -2.7132],
         ...,
         [ -2.6098,   5.0928,  11.0041,  ...,  -2.1843,  -1.6542, -14.5181],
         [  0.6804,  -2.1542,   0.2048,  ...,   0.4626,  -0.9942,  -1.1372],
         [  7.7957,   0.7692,  -8.1659,  ...,  10.6973,  -6.0303,  15.4322]]]), 'rvq_quantizer.layers.2._codebook.embed': tensor([[[ 1.6282,  1.1210,  0.8860,  ...,  1.6686, -0.7135,  6.5897],
         [ 2.1666,  0.1297, -1.3013,  ..., -3.0551, -3.2473,  3.5934],
         [-0.9187, -4.2236, -2.8397,  ..., -4.7502,  2.2004, -0.7729],
         ...,
         [-1.3049,  2.5464,  5.5020,  ..., -1.0921, -0.8271, -7.2590],
         [ 0.3240, -1.0258,  0.0975,  ...,  0.2203, -0.4734, -0.5415],
         [ 1.6417,  0.1620, -1.7197,  ...,  2.2528, -1.2700,  3.2500]]]), 'rvq_quantizer.layers.3._codebook.initted': tensor([1.]), 'rvq_quantizer.layers.3._codebook.cluster_size': tensor([[4.4084, 2.0000, 2.0000,  ..., 2.4266, 3.0685, 3.3240]]), 'rvq_quantizer.layers.3._codebook.embed_avg': tensor([[[  1.4304,   2.1698,  -5.0085,  ...,  -2.9048,   0.1369,  -1.8824],
         [  0.0660,  -0.4003,  -1.1127,  ...,   1.0947,  -1.5081,   0.0424],
         [ -1.0407,  12.5407,  -1.9410,  ...,  -3.1914,  -6.2197,  11.9283],
         ...,
         [  5.8961,  -3.5001,  -7.3893,  ...,  14.1134,  -7.2259,   7.8467],
         [  3.8318,   7.5381,  -0.5164,  ...,   4.9958,  -1.2098,  -0.7680],
         [  2.6167,  -7.4249,  -4.3346,  ...,  -4.3578,  -6.4721, -12.5308]]]), 'rvq_quantizer.layers.3._codebook.embed': tensor([[[ 0.3245,  0.4922, -1.1361,  ..., -0.6589,  0.0311, -0.4270],
         [ 0.0330, -0.2002, -0.5563,  ...,  0.5473, -0.7540,  0.0212],
         [-0.5204,  6.2704, -0.9705,  ..., -1.5957, -3.1099,  5.9642],
         ...,
         [ 2.4298, -1.4424, -3.0451,  ...,  5.8161, -2.9778,  3.2336],
         [ 1.2488,  2.4567, -0.1683,  ...,  1.6281, -0.3943, -0.2503],
         [ 0.7872, -2.2337, -1.3040,  ..., -1.3110, -1.9471, -3.7698]]])})
Loss:  tensor(9.5183, grad_fn=<MeanBackward0>)
OrderedDict({'rvq_quantizer.project_in.weight': tensor([[ 0.1902,  0.3161,  0.2119,  ...,  0.2066,  0.1496,  0.2282],
        [-0.1401,  0.2584,  0.1588,  ..., -0.0767, -0.0295, -0.1453],
        [ 0.3289, -0.1188, -0.3275,  ...,  0.2418,  0.2590,  0.4000],
        ...,
        [ 0.2912, -0.3195, -0.3411,  ...,  0.2767,  0.3234,  0.2549],
        [-0.2884, -0.2449, -0.0345,  ..., -0.1006, -0.1561, -0.0853],
        [-0.0266,  0.2259,  0.2013,  ...,  0.1051, -0.0222,  0.0092]]), 'rvq_quantizer.project_in.bias': tensor([-0.0435,  0.2917, -0.3877, -0.3383,  0.0073, -0.1286,  0.2259, -0.1629,
        -0.2737,  0.4076, -0.0867,  0.3509, -0.2650,  0.0069, -0.2391,  0.0387,
         0.2674,  0.1219, -0.3658,  0.3372, -0.2601, -0.2154, -0.3748,  0.2325,
         0.0609,  0.2560, -0.0828,  0.1322, -0.2689, -0.3784,  0.1319,  0.0311]), 'rvq_quantizer.project_out.weight': tensor([[-0.0815,  0.1727, -0.0148,  ...,  0.1287, -0.0939, -0.1531],
        [ 0.0183, -0.1208,  0.1509,  ..., -0.1265,  0.0730, -0.0623],
        [-0.0936,  0.0389, -0.1234,  ...,  0.0668, -0.0210,  0.1376],
        ...,
        [ 0.0620, -0.1746,  0.0423,  ..., -0.0158,  0.1481, -0.0877],
        [-0.0183, -0.0650, -0.0248,  ...,  0.0933, -0.0601, -0.0218],
        [-0.1321, -0.1601, -0.0124,  ..., -0.0062, -0.0595, -0.1735]]), 'rvq_quantizer.project_out.bias': tensor([-0.1325, -0.1298,  0.1105, -0.0047, -0.0939, -0.0475, -0.1619,  0.1762,
        -0.0832,  0.0768,  0.0778,  0.1731, -0.0281, -0.1593, -0.0284, -0.0098,
        -0.1415, -0.0457, -0.0575, -0.1438, -0.0401,  0.1346,  0.0530,  0.1138,
        -0.1113,  0.1297,  0.1565, -0.0831,  0.0719, -0.1018,  0.0382,  0.1418,
         0.0541,  0.0914, -0.0196,  0.0149, -0.1340, -0.1024, -0.0020, -0.0946,
        -0.0163,  0.0172, -0.0827,  0.0442,  0.0316,  0.1223, -0.1414,  0.1619,
        -0.1512,  0.0501,  0.0878, -0.0692, -0.1058,  0.0113,  0.1297, -0.0977,
        -0.0705, -0.0886,  0.0652,  0.1578, -0.1560, -0.0265,  0.0297,  0.1308]), 'rvq_quantizer.layers.0._codebook.initted': tensor([1.]), 'rvq_quantizer.layers.0._codebook.cluster_size': tensor([[3.0027, 2.1000, 2.6075,  ..., 4.2588, 2.1000, 2.3715]]), 'rvq_quantizer.layers.0._codebook.embed_avg': tensor([[[-5.1923e+02,  4.0187e+02, -9.7203e+02,  ..., -8.9343e+02,
           7.4635e+02, -3.8901e+01],
         [-3.6534e+02,  2.6044e+02, -6.3903e+02,  ..., -5.8003e+02,
           5.2311e+02, -3.3285e-01],
         [-4.7489e+02,  2.5384e+02, -7.2217e+02,  ..., -6.3992e+02,
           6.2381e+02, -9.0416e+01],
         ...,
         [-8.0017e+02,  5.5355e+02, -1.3763e+03,  ..., -1.2241e+03,
           1.0962e+03, -4.1592e+00],
         [-3.1099e+02,  2.4841e+02, -5.8013e+02,  ..., -5.3471e+02,
           4.7931e+02,  2.5599e+01],
         [-3.9344e+02,  2.7408e+02, -6.8516e+02,  ..., -6.2594e+02,
           5.5581e+02, -2.7155e+01]]]), 'rvq_quantizer.layers.0._codebook.embed': tensor([[[-1.7292e+02,  1.3384e+02, -3.2372e+02,  ..., -2.9754e+02,
           2.4856e+02, -1.2955e+01],
         [-1.7397e+02,  1.2402e+02, -3.0430e+02,  ..., -2.7620e+02,
           2.4910e+02, -1.5850e-01],
         [-1.8213e+02,  9.7350e+01, -2.7696e+02,  ..., -2.4542e+02,
           2.3924e+02, -3.4675e+01],
         ...,
         [-1.8789e+02,  1.2998e+02, -3.2316e+02,  ..., -2.8743e+02,
           2.5739e+02, -9.7660e-01],
         [-1.4809e+02,  1.1829e+02, -2.7625e+02,  ..., -2.5462e+02,
           2.2824e+02,  1.2190e+01],
         [-1.6591e+02,  1.1558e+02, -2.8892e+02,  ..., -2.6395e+02,
           2.3437e+02, -1.1451e+01]]]), 'rvq_quantizer.layers.1._codebook.initted': tensor([1.]), 'rvq_quantizer.layers.1._codebook.cluster_size': tensor([[3.1089, 2.6868, 2.6334,  ..., 2.0000, 2.7566, 2.0578]]), 'rvq_quantizer.layers.1._codebook.embed_avg': tensor([[[  3.0650,  -1.4673,   7.3484,  ...,   1.3295,   0.8103,  -5.1035],
         [-11.8551,   6.0243,   1.7091,  ...,   0.4198,  18.4363,   3.7158],
         [ -7.3650,   4.3678,   2.1905,  ...,  12.9773,  -0.3889,  11.2565],
         ...,
         [ -2.8978,  -9.6455,  -4.6583,  ...,  -1.8990,   6.3864,  10.0875],
         [ -7.5791,   6.6909, -35.3828,  ..., -17.1629,   6.8825,   6.8861],
         [ -1.6114,   2.5339,   0.3524,  ...,  -1.2688,   5.4519,  -5.6307]]]), 'rvq_quantizer.layers.1._codebook.embed': tensor([[[  0.9859,  -0.4720,   2.3637,  ...,   0.4276,   0.2606,  -1.6416],
         [ -4.4124,   2.2422,   0.6361,  ...,   0.1563,   6.8619,   1.3830],
         [ -2.7968,   1.6586,   0.8318,  ...,   4.9279,  -0.1477,   4.2745],
         ...,
         [ -1.4489,  -4.8227,  -2.3292,  ...,  -0.9495,   3.1932,   5.0437],
         [ -2.7494,   2.4272, -12.8356,  ...,  -6.2261,   2.4967,   2.4980],
         [ -0.7831,   1.2314,   0.1712,  ...,  -0.6166,   2.6494,  -2.7363]]]), 'rvq_quantizer.layers.2._codebook.initted': tensor([1.]), 'rvq_quantizer.layers.2._codebook.cluster_size': tensor([[3.2747, 2.0000, 3.2592,  ..., 2.0000, 2.3900, 4.6736]]), 'rvq_quantizer.layers.2._codebook.embed_avg': tensor([[[  5.9267,   4.5371,   2.6945,  ...,   4.9267,  -2.6227,  21.9811],
         [ -0.6292,  -5.1001, -12.6376,  ...,  -6.6110,  10.0379,   3.3015],
         [ -2.6458, -13.9164,  -9.2481,  ..., -15.9431,   7.1319,  -3.0933],
         ...,
         [ -2.5857,   5.1950,  11.6768,  ...,  -1.4412,  -1.3864, -14.2241],
         [  0.8777,  -2.6702,   0.0965,  ...,   0.9384,  -1.1796,  -1.3582],
         [  6.5263,   0.5136,  -8.7705,  ...,  10.7533,  -5.5291,  15.1306]]]), 'rvq_quantizer.layers.2._codebook.embed': tensor([[[ 1.8098,  1.3855,  0.8228,  ...,  1.5045, -0.8009,  6.7123],
         [-0.3146, -2.5501, -6.3188,  ..., -3.3055,  5.0190,  1.6507],
         [-0.8118, -4.2699, -2.8375,  ..., -4.8917,  2.1882, -0.9491],
         ...,
         [-1.2929,  2.5975,  5.8384,  ..., -0.7206, -0.6932, -7.1120],
         [ 0.3673, -1.1172,  0.0404,  ...,  0.3926, -0.4936, -0.5683],
         [ 1.3964,  0.1099, -1.8766,  ...,  2.3009, -1.1830,  3.2375]]]), 'rvq_quantizer.layers.3._codebook.initted': tensor([1.]), 'rvq_quantizer.layers.3._codebook.cluster_size': tensor([[4.6676, 2.3000, 2.0000,  ..., 2.2839, 2.8616, 3.2916]]), 'rvq_quantizer.layers.3._codebook.embed_avg': tensor([[[  0.9756,   2.1045,  -5.3051,  ...,  -2.7582,   0.2302,  -2.0579],
         [ -0.1459,  -0.3120,  -1.8422,  ...,   0.9124,  -2.2566,   0.2115],
         [  5.2326,  -3.1539,   2.8627,  ...,   8.9143,  -2.5439,   2.0516],
         ...,
         [  5.6344,  -3.4372,  -6.6571,  ...,  13.3622,  -6.6971,   6.8192],
         [  3.8513,   6.8754,  -0.6545,  ...,   4.4421,  -1.2902,  -0.5119],
         [  2.0152,  -7.2235,  -4.0128,  ...,  -4.0130,  -6.2049, -12.1416]]]), 'rvq_quantizer.layers.3._codebook.embed': tensor([[[ 0.2090,  0.4509, -1.1366,  ..., -0.5909,  0.0493, -0.4409],
         [-0.0634, -0.1357, -0.8009,  ...,  0.3967, -0.9811,  0.0920],
         [ 2.6163, -1.5769,  1.4314,  ...,  4.4571, -1.2719,  1.0258],
         ...,
         [ 2.4669, -1.5050, -2.9147,  ...,  5.8505, -2.9323,  2.9857],
         [ 1.3459,  2.4026, -0.2287,  ...,  1.5523, -0.4509, -0.1789],
         [ 0.6122, -2.1945, -1.2191,  ..., -1.2191, -1.8851, -3.6886]]])})
Loss:  tensor(9.9996, grad_fn=<MeanBackward0>)
OrderedDict({'rvq_quantizer.project_in.weight': tensor([[ 0.1896,  0.3263,  0.2101,  ...,  0.2074,  0.1502,  0.2289],
        [-0.1449,  0.2600,  0.1681,  ..., -0.0775, -0.0303, -0.1455],
        [ 0.3387, -0.1201, -0.3388,  ...,  0.2453,  0.2627,  0.4047],
        ...,
        [ 0.3009, -0.3200, -0.3527,  ...,  0.2765,  0.3232,  0.2584],
        [-0.2924, -0.2557, -0.0242,  ..., -0.1012, -0.1567, -0.0875],
        [-0.0296,  0.2309,  0.2036,  ...,  0.1056, -0.0212,  0.0092]]), 'rvq_quantizer.project_in.bias': tensor([-0.0440,  0.2954, -0.3969, -0.3463,  0.0078, -0.1303,  0.2284, -0.1644,
        -0.2807,  0.4163, -0.0901,  0.3596, -0.2723,  0.0056, -0.2432,  0.0368,
         0.2695,  0.1235, -0.3699,  0.3427, -0.2645, -0.2215, -0.3797,  0.2406,
         0.0602,  0.2627, -0.0854,  0.1355, -0.2736, -0.3875,  0.1354,  0.0328]), 'rvq_quantizer.project_out.weight': tensor([[-0.0815,  0.1727, -0.0148,  ...,  0.1287, -0.0939, -0.1531],
        [ 0.0183, -0.1208,  0.1509,  ..., -0.1265,  0.0730, -0.0623],
        [-0.0936,  0.0389, -0.1234,  ...,  0.0668, -0.0210,  0.1376],
        ...,
        [ 0.0620, -0.1746,  0.0423,  ..., -0.0158,  0.1481, -0.0877],
        [-0.0183, -0.0650, -0.0248,  ...,  0.0933, -0.0601, -0.0218],
        [-0.1321, -0.1601, -0.0124,  ..., -0.0062, -0.0595, -0.1735]]), 'rvq_quantizer.project_out.bias': tensor([-0.1325, -0.1298,  0.1105, -0.0047, -0.0939, -0.0475, -0.1619,  0.1762,
        -0.0832,  0.0768,  0.0778,  0.1731, -0.0281, -0.1593, -0.0284, -0.0098,
        -0.1415, -0.0457, -0.0575, -0.1438, -0.0401,  0.1346,  0.0530,  0.1138,
        -0.1113,  0.1297,  0.1565, -0.0831,  0.0719, -0.1018,  0.0382,  0.1418,
         0.0541,  0.0914, -0.0196,  0.0149, -0.1340, -0.1024, -0.0020, -0.0946,
        -0.0163,  0.0172, -0.0827,  0.0442,  0.0316,  0.1223, -0.1414,  0.1619,
        -0.1512,  0.0501,  0.0878, -0.0692, -0.1058,  0.0113,  0.1297, -0.0977,
        -0.0705, -0.0886,  0.0652,  0.1578, -0.1560, -0.0265,  0.0297,  0.1308]), 'rvq_quantizer.layers.0._codebook.initted': tensor([1.]), 'rvq_quantizer.layers.0._codebook.cluster_size': tensor([[3.0024, 2.0000, 2.3467,  ..., 4.2329, 2.0000, 2.3343]]), 'rvq_quantizer.layers.0._codebook.embed_avg': tensor([[[ -519.5385,   401.8686,  -970.3384,  ...,  -893.8644,
            747.2057,   -37.1038],
         [ -300.5850,   257.9552,  -590.8622,  ...,  -539.4535,
            462.3363,    38.6843],
         [ -427.4039,   228.4553,  -649.9514,  ...,  -575.9318,
            561.4305,   -81.3746],
         ...,
         [ -794.1577,   550.3462, -1365.7028,  ..., -1219.0985,
           1088.7440,    -5.8855],
         [ -292.3844,   242.6792,  -574.2190,  ...,  -529.6266,
            461.2503,    42.1118],
         [ -386.6974,   268.5323,  -673.3082,  ...,  -616.4017,
            545.7449,   -26.0114]]]), 'rvq_quantizer.layers.0._codebook.embed': tensor([[[-173.0394,  133.8478, -323.1844,  ..., -297.7137,  248.8671,
           -12.3579],
         [-150.2925,  128.9776, -295.4311,  ..., -269.7267,  231.1682,
            19.3421],
         [-182.1258,   97.3496, -276.9579,  ..., -245.4166,  239.2373,
           -34.6754],
         ...,
         [-187.6149,  130.0159, -322.6388,  ..., -288.0045,  257.2090,
            -1.3904],
         [-146.1922,  121.3396, -287.1095,  ..., -264.8133,  230.6251,
            21.0559],
         [-165.6579,  115.0370, -288.4395,  ..., -264.0613,  233.7925,
           -11.1431]]]), 'rvq_quantizer.layers.1._codebook.initted': tensor([1.]), 'rvq_quantizer.layers.1._codebook.cluster_size': tensor([[2.9980, 2.5181, 2.5701,  ..., 2.0000, 2.6809, 2.0000]]), 'rvq_quantizer.layers.1._codebook.embed_avg': tensor([[[  3.3226,  -1.9587,   6.0921,  ...,   1.1606,   1.0198,  -4.6686],
         [-10.5546,   5.4079,   1.9993,  ...,   0.3889,  16.9716,   3.4428],
         [ -6.8896,   3.2509,   2.1745,  ...,  12.3845,  -0.0866,  11.1976],
         ...,
         [ -1.6701,   4.6860,  -4.7027,  ...,  -9.4804,   2.8685,  -5.3151],
         [ -7.2032,   3.8611, -34.9136,  ..., -15.4557,   6.9619,   6.4391],
         [ -3.4603,  -2.9055,  -0.9357,  ...,   5.7568,   0.2870,  -3.5304]]]), 'rvq_quantizer.layers.1._codebook.embed': tensor([[[  1.1083,  -0.6533,   2.0320,  ...,   0.3871,   0.3401,  -1.5572],
         [ -4.1915,   2.1476,   0.7940,  ...,   0.1545,   6.7399,   1.3672],
         [ -2.6807,   1.2649,   0.8461,  ...,   4.8187,  -0.0337,   4.3569],
         ...,
         [ -0.8350,   2.3430,  -2.3513,  ...,  -4.7402,   1.4342,  -2.6575],
         [ -2.6868,   1.4402, -13.0229,  ...,  -5.7650,   2.5968,   2.4018],
         [ -1.7302,  -1.4528,  -0.4678,  ...,   2.8784,   0.1435,  -1.7652]]]), 'rvq_quantizer.layers.2._codebook.initted': tensor([1.]), 'rvq_quantizer.layers.2._codebook.cluster_size': tensor([[3.4473, 2.0000, 2.9333,  ..., 2.0000, 2.2510, 4.9062]]), 'rvq_quantizer.layers.2._codebook.embed_avg': tensor([[[  6.1249,   4.2769,   2.9346,  ...,   4.5216,  -3.3573,  22.9274],
         [  7.4319,  -2.0270,   8.0911,  ...,  -1.6715, -12.9953,  19.1192],
         [ -2.3813, -12.5248,  -8.3233,  ..., -14.3488,   6.4187,  -2.7840],
         ...,
         [ -2.1452,   4.5709,  10.8036,  ...,  -0.8209,  -2.2166, -14.1222],
         [  0.8333,  -2.4526,   0.1523,  ...,   0.8864,  -1.0698,  -1.2729],
         [  7.2521,   0.2497, -10.1950,  ...,  11.2239,  -5.9784,  16.3958]]]), 'rvq_quantizer.layers.2._codebook.embed': tensor([[[ 1.7767,  1.2407,  0.8513,  ...,  1.3117, -0.9739,  6.6509],
         [ 3.7159, -1.0135,  4.0456,  ..., -0.8357, -6.4976,  9.5596],
         [-0.8118, -4.2699, -2.8375,  ..., -4.8917,  2.1882, -0.9491],
         ...,
         [-1.0726,  2.2854,  5.4018,  ..., -0.4105, -1.1083, -7.0611],
         [ 0.3702, -1.0896,  0.0676,  ...,  0.3938, -0.4752, -0.5655],
         [ 1.4782,  0.0509, -2.0780,  ...,  2.2877, -1.2185,  3.3418]]]), 'rvq_quantizer.layers.3._codebook.initted': tensor([1.]), 'rvq_quantizer.layers.3._codebook.cluster_size': tensor([[4.4008, 2.2700, 2.0000,  ..., 2.5556, 2.7754, 3.0625]]), 'rvq_quantizer.layers.3._codebook.embed_avg': tensor([[[ 8.9813e-01,  1.8088e+00, -5.0303e+00,  ..., -2.6382e+00,
           6.1199e-02, -2.0951e+00],
         [-1.7981e-03, -2.9561e-01, -1.8168e+00,  ...,  8.4312e-01,
          -2.0159e+00,  3.1960e-01],
         [-4.8886e-01, -5.1935e+00,  8.4960e+00,  ..., -2.5002e+00,
          -1.1568e+00, -3.7536e+00],
         ...,
         [ 7.2608e+00, -4.4818e+00, -6.9315e+00,  ...,  1.4491e+01,
          -8.6064e+00,  7.6609e+00],
         [ 3.9747e+00,  6.5473e+00, -4.2676e-01,  ...,  3.8049e+00,
          -1.4542e+00, -5.8366e-01],
         [ 1.9755e+00, -6.6793e+00, -3.7978e+00,  ..., -3.6573e+00,
          -5.9554e+00, -1.1056e+01]]]), 'rvq_quantizer.layers.3._codebook.embed': tensor([[[ 2.0408e-01,  4.1101e-01, -1.1430e+00,  ..., -5.9948e-01,
           1.3906e-02, -4.7608e-01],
         [-7.9212e-04, -1.3022e-01, -8.0036e-01,  ...,  3.7142e-01,
          -8.8807e-01,  1.4079e-01],
         [-2.4443e-01, -2.5968e+00,  4.2480e+00,  ..., -1.2501e+00,
          -5.7840e-01, -1.8768e+00],
         ...,
         [ 2.8412e+00, -1.7537e+00, -2.7123e+00,  ...,  5.6702e+00,
          -3.3677e+00,  2.9977e+00],
         [ 1.4321e+00,  2.3590e+00, -1.5376e-01,  ...,  1.3709e+00,
          -5.2395e-01, -2.1030e-01],
         [ 6.4506e-01, -2.1810e+00, -1.2401e+00,  ..., -1.1942e+00,
          -1.9446e+00, -3.6102e+00]]])})
Loss:  tensor(9.9518, grad_fn=<MeanBackward0>)
OrderedDict({'rvq_quantizer.project_in.weight': tensor([[ 0.1884,  0.3464,  0.2055,  ...,  0.2086,  0.1513,  0.2299],
        [-0.1543,  0.2616,  0.1874,  ..., -0.0785, -0.0314, -0.1452],
        [ 0.3582, -0.1223, -0.3612,  ...,  0.2512,  0.2690,  0.4130],
        ...,
        [ 0.3201, -0.3180, -0.3760,  ...,  0.2743,  0.3211,  0.2643],
        [-0.3003, -0.2768, -0.0038,  ..., -0.1020, -0.1575, -0.0916],
        [-0.0355,  0.2397,  0.2085,  ...,  0.1069, -0.0190,  0.0093]]), 'rvq_quantizer.project_in.bias': tensor([-0.0450,  0.3026, -0.4152, -0.3616,  0.0088, -0.1335,  0.2332, -0.1673,
        -0.2945,  0.4335, -0.0965,  0.3769, -0.2866,  0.0029, -0.2512,  0.0331,
         0.2737,  0.1266, -0.3772,  0.3533, -0.2734, -0.2332, -0.3891,  0.2565,
         0.0588,  0.2756, -0.0902,  0.1416, -0.2824, -0.4058,  0.1421,  0.0362]), 'rvq_quantizer.project_out.weight': tensor([[-0.0815,  0.1727, -0.0148,  ...,  0.1287, -0.0939, -0.1531],
        [ 0.0183, -0.1208,  0.1509,  ..., -0.1265,  0.0730, -0.0623],
        [-0.0936,  0.0389, -0.1234,  ...,  0.0668, -0.0210,  0.1376],
        ...,
        [ 0.0620, -0.1746,  0.0423,  ..., -0.0158,  0.1481, -0.0877],
        [-0.0183, -0.0650, -0.0248,  ...,  0.0933, -0.0601, -0.0218],
        [-0.1321, -0.1601, -0.0124,  ..., -0.0062, -0.0595, -0.1735]]), 'rvq_quantizer.project_out.bias': tensor([-0.1325, -0.1298,  0.1105, -0.0047, -0.0939, -0.0475, -0.1619,  0.1762,
        -0.0832,  0.0768,  0.0778,  0.1731, -0.0281, -0.1593, -0.0284, -0.0098,
        -0.1415, -0.0457, -0.0575, -0.1438, -0.0401,  0.1346,  0.0530,  0.1138,
        -0.1113,  0.1297,  0.1565, -0.0831,  0.0719, -0.1018,  0.0382,  0.1418,
         0.0541,  0.0914, -0.0196,  0.0149, -0.1340, -0.1024, -0.0020, -0.0946,
        -0.0163,  0.0172, -0.0827,  0.0442,  0.0316,  0.1223, -0.1414,  0.1619,
        -0.1512,  0.0501,  0.0878, -0.0692, -0.1058,  0.0113,  0.1297, -0.0977,
        -0.0705, -0.0886,  0.0652,  0.1578, -0.1560, -0.0265,  0.0297,  0.1308]), 'rvq_quantizer.layers.0._codebook.initted': tensor([1.]), 'rvq_quantizer.layers.0._codebook.cluster_size': tensor([[2.8120, 6.5000, 2.1009,  ..., 3.6987, 2.4000, 2.7408]]), 'rvq_quantizer.layers.0._codebook.embed_avg': tensor([[[ -485.6778,   377.4285,  -906.1572,  ...,  -840.5341,
            698.6105,   -33.0095],
         [ -974.3414,   923.3010, -2108.3796,  ..., -1950.7557,
           1593.6522,   184.3454],
         [ -382.5565,   203.6207,  -580.7788,  ...,  -514.5619,
            502.7304,   -72.4294],
         ...,
         [ -693.3284,   481.9323, -1193.0929,  ..., -1067.7603,
            951.0742,    -5.5370],
         [ -375.9722,   368.0154,  -834.5674,  ...,  -799.6187,
            627.9552,    58.9046],
         [ -454.5124,   315.0089,  -791.0905,  ...,  -725.8781,
            640.1172,   -25.5189]]]), 'rvq_quantizer.layers.0._codebook.embed': tensor([[[-172.7181,  134.2222, -322.2502,  ..., -298.9131,  248.4418,
           -11.7389],
         [-149.8990,  142.0466, -324.3667,  ..., -300.1169,  245.1777,
            28.3609],
         [-182.0943,   96.9221, -276.4469,  ..., -244.9280,  239.2963,
           -34.4759],
         ...,
         [-187.4538,  130.2991, -322.5742,  ..., -288.6882,  257.1400,
            -1.4970],
         [-156.6550,  153.3396, -347.7362,  ..., -333.1743,  261.6478,
            24.5436],
         [-165.8325,  114.9335, -288.6357,  ..., -264.8424,  233.5519,
            -9.3108]]]), 'rvq_quantizer.layers.1._codebook.initted': tensor([1.]), 'rvq_quantizer.layers.1._codebook.cluster_size': tensor([[2.7084, 2.1396, 2.5618,  ..., 2.0000, 2.9516, 2.0000]]), 'rvq_quantizer.layers.1._codebook.embed_avg': tensor([[[  3.6616,  -2.5507,   5.3177,  ...,   0.5573,   0.1179,  -4.0676],
         [ -9.1365,   4.7389,   1.6749,  ...,  -0.1675,  14.1902,   2.7194],
         [ -5.9640,   2.9732,   1.0735,  ...,  11.8538,  -1.5288,  11.1132],
         ...,
         [  8.7959,   1.2097,  22.9536,  ...,  -9.6236,  -6.7636,  -8.0457],
         [ -9.0143,   2.2099, -38.2141,  ..., -15.0442,   6.9657,   8.8939],
         [  7.6737,  -2.5404,   0.6121,  ...,   0.3078,   3.1656,   6.7200]]]), 'rvq_quantizer.layers.1._codebook.embed': tensor([[[  1.3519,  -0.9418,   1.9634,  ...,   0.2058,   0.0435,  -1.5018],
         [ -4.2701,   2.2148,   0.7828,  ...,  -0.0783,   6.6320,   1.2709],
         [ -2.3281,   1.1606,   0.4190,  ...,   4.6272,  -0.5968,   4.3381],
         ...,
         [  4.3980,   0.6048,  11.4768,  ...,  -4.8118,  -3.3818,  -4.0228],
         [ -3.0541,   0.7487, -12.9471,  ...,  -5.0970,   2.3600,   3.0133],
         [  3.8368,  -1.2702,   0.3060,  ...,   0.1539,   1.5828,   3.3600]]]), 'rvq_quantizer.layers.2._codebook.initted': tensor([1.]), 'rvq_quantizer.layers.2._codebook.cluster_size': tensor([[3.1623, 2.1000, 2.7560,  ..., 2.1000, 2.3133, 4.8340]]), 'rvq_quantizer.layers.2._codebook.embed_avg': tensor([[[  5.7574,   4.3767,   2.1627,  ...,   4.4825,  -3.2654,  21.2546],
         [  5.3985,  -2.6906,  -4.9776,  ...,  -3.5916,  -1.1763,   1.1672],
         [ -1.7748, -11.8610,  -7.1462,  ..., -15.0326,   5.5471,  -3.0083],
         ...,
         [  0.0705,  -1.2642,  10.8344,  ...,  -2.7335, -10.0430,  14.0365],
         [  0.9996,  -2.6001,   0.5148,  ...,   1.1009,  -1.0358,  -1.4218],
         [  7.5704,  -0.6498,  -9.8872,  ...,   9.9207,  -7.4337,  16.6948]]]), 'rvq_quantizer.layers.2._codebook.embed': tensor([[[ 1.8206,  1.3840,  0.6839,  ...,  1.4175, -1.0326,  6.7213],
         [ 2.5707, -1.2812, -2.3703,  ..., -1.7103, -0.5601,  0.5558],
         [-0.6440, -4.3038, -2.5930,  ..., -5.4546,  2.0128, -1.0916],
         ...,
         [ 0.0336, -0.6020,  5.1592,  ..., -1.3017, -4.7824,  6.6840],
         [ 0.4321, -1.1240,  0.2225,  ...,  0.4759, -0.4478, -0.6146],
         [ 1.5661, -0.1344, -2.0453,  ...,  2.0523, -1.5378,  3.4536]]]), 'rvq_quantizer.layers.3._codebook.initted': tensor([1.]), 'rvq_quantizer.layers.3._codebook.cluster_size': tensor([[4.6047, 2.2087, 2.0000,  ..., 2.4500, 2.5381, 2.6706]]), 'rvq_quantizer.layers.3._codebook.embed_avg': tensor([[[ 1.1060,  1.7305, -5.7897,  ..., -3.0510,  0.3047, -1.7318],
         [ 0.0205,  0.4445, -1.3029,  ...,  0.6734, -1.7900,  0.2280],
         [-6.8398, -7.8855, -6.4420,  ..., -0.3701,  5.2460,  8.6335],
         ...,
         [ 6.7216, -4.9819, -6.9363,  ..., 14.5766, -8.0789,  7.0206],
         [ 3.7719,  7.6881, -1.1724,  ...,  3.6829, -1.0852,  0.5345],
         [ 1.9665, -6.0562, -3.3465,  ..., -3.5422, -5.0890, -9.5697]]]), 'rvq_quantizer.layers.3._codebook.embed': tensor([[[ 0.2402,  0.3758, -1.2574,  ..., -0.6626,  0.0662, -0.3761],
         [ 0.0093,  0.2012, -0.5899,  ...,  0.3049, -0.8105,  0.1032],
         [-3.4199, -3.9427, -3.2210,  ..., -0.1851,  2.6230,  4.3168],
         ...,
         [ 2.7435, -2.0334, -2.8311,  ...,  5.9496, -3.2975,  2.8655],
         [ 1.4861,  3.0291, -0.4619,  ...,  1.4510, -0.4276,  0.2106],
         [ 0.7363, -2.2677, -1.2531,  ..., -1.3264, -1.9056, -3.5834]]])})
Loss:  tensor(10.1928, grad_fn=<MeanBackward0>)
OrderedDict({'rvq_quantizer.project_in.weight': tensor([[ 0.1879,  0.3563,  0.2028,  ...,  0.2092,  0.1518,  0.2304],
        [-0.1588,  0.2616,  0.1974,  ..., -0.0785, -0.0315, -0.1446],
        [ 0.3679, -0.1230, -0.3724,  ...,  0.2535,  0.2716,  0.4165],
        ...,
        [ 0.3297, -0.3155, -0.3877,  ...,  0.2724,  0.3191,  0.2665],
        [-0.3042, -0.2869,  0.0063,  ..., -0.1023, -0.1577, -0.0936],
        [-0.0384,  0.2434,  0.2111,  ...,  0.1079, -0.0176,  0.0094]]), 'rvq_quantizer.project_in.bias': tensor([-0.0455,  0.3060, -0.4242, -0.3691,  0.0092, -0.1350,  0.2354, -0.1688,
        -0.3012,  0.4419, -0.0996,  0.3854, -0.2937,  0.0016, -0.2551,  0.0314,
         0.2757,  0.1280, -0.3804,  0.3585, -0.2777, -0.2387, -0.3936,  0.2644,
         0.0580,  0.2818, -0.0925,  0.1443, -0.2865, -0.4148,  0.1453,  0.0378]), 'rvq_quantizer.project_out.weight': tensor([[-0.0815,  0.1727, -0.0148,  ...,  0.1287, -0.0939, -0.1531],
        [ 0.0183, -0.1208,  0.1509,  ..., -0.1265,  0.0730, -0.0623],
        [-0.0936,  0.0389, -0.1234,  ...,  0.0668, -0.0210,  0.1376],
        ...,
        [ 0.0620, -0.1746,  0.0423,  ..., -0.0158,  0.1481, -0.0877],
        [-0.0183, -0.0650, -0.0248,  ...,  0.0933, -0.0601, -0.0218],
        [-0.1321, -0.1601, -0.0124,  ..., -0.0062, -0.0595, -0.1735]]), 'rvq_quantizer.project_out.bias': tensor([-0.1325, -0.1298,  0.1105, -0.0047, -0.0939, -0.0475, -0.1619,  0.1762,
        -0.0832,  0.0768,  0.0778,  0.1731, -0.0281, -0.1593, -0.0284, -0.0098,
        -0.1415, -0.0457, -0.0575, -0.1438, -0.0401,  0.1346,  0.0530,  0.1138,
        -0.1113,  0.1297,  0.1565, -0.0831,  0.0719, -0.1018,  0.0382,  0.1418,
         0.0541,  0.0914, -0.0196,  0.0149, -0.1340, -0.1024, -0.0020, -0.0946,
        -0.0163,  0.0172, -0.0827,  0.0442,  0.0316,  0.1223, -0.1414,  0.1619,
        -0.1512,  0.0501,  0.0878, -0.0692, -0.1058,  0.0113,  0.1297, -0.0977,
        -0.0705, -0.0886,  0.0652,  0.1578, -0.1560, -0.0265,  0.0297,  0.1308]), 'rvq_quantizer.layers.0._codebook.initted': tensor([1.]), 'rvq_quantizer.layers.0._codebook.cluster_size': tensor([[ 2.5308, 11.4500,  2.0000,  ...,  3.4288,  2.7600,  2.5667]]), 'rvq_quantizer.layers.0._codebook.embed_avg': tensor([[[ -437.1100,   339.6856,  -815.5414,  ...,  -756.4807,
            628.7495,   -29.7085],
         [-1708.5410,  1631.6062, -3724.7808,  ..., -3450.1228,
           2810.2351,   329.1025],
         [ -294.8418,   273.3230,  -631.6546,  ...,  -578.1981,
            480.3947,    63.9246],
         ...,
         [ -642.2787,   446.4341, -1105.5056,  ...,  -989.4972,
            881.2138,    -5.0917],
         [ -430.5712,   420.8282,  -961.4443,  ...,  -919.3250,
            720.2640,    68.0224],
         [ -426.3107,   295.4277,  -741.4438,  ...,  -679.0414,
            600.2583,   -22.1238]]]), 'rvq_quantizer.layers.0._codebook.embed': tensor([[[-172.7180,  134.2221, -322.2500,  ..., -298.9130,  248.4417,
           -11.7389],
         [-149.2180,  142.4987, -325.3093,  ..., -301.3216,  245.4361,
            28.7427],
         [-147.4209,  136.6615, -315.8273,  ..., -289.0991,  240.1973,
            31.9623],
         ...,
         [-187.3190,  130.2014, -322.4180,  ..., -288.5844,  257.0038,
            -1.4850],
         [-156.0040,  152.4740, -348.3494,  ..., -333.0887,  260.9652,
            24.6458],
         [-166.0920,  115.0996, -288.8689,  ..., -264.5567,  233.8626,
            -8.6195]]]), 'rvq_quantizer.layers.1._codebook.initted': tensor([1.]), 'rvq_quantizer.layers.1._codebook.cluster_size': tensor([[2.6376, 2.1257, 2.6056,  ..., 2.0000, 3.0564, 2.1000]]), 'rvq_quantizer.layers.1._codebook.embed_avg': tensor([[[  3.5379,  -2.0493,   5.6698,  ...,   0.7490,   0.4568,  -3.8855],
         [ -9.1102,   4.9962,   0.9511,  ...,  -0.5297,  13.9427,   2.5312],
         [ -5.5562,   2.1935,   1.6563,  ...,  12.2013,  -2.0649,  11.5847],
         ...,
         [  8.2914,   4.7852,  -0.5665,  ...,   0.1261, -12.4469,  34.2905],
         [ -8.6293,   0.7238, -39.7554,  ..., -13.8995,   7.3542,   9.3825],
         [  8.0601,  -2.8135,   1.3679,  ...,   1.1963,   2.8553,   6.9537]]]), 'rvq_quantizer.layers.1._codebook.embed': tensor([[[  1.3413,  -0.7770,   2.1496,  ...,   0.2840,   0.1732,  -1.4731],
         [ -4.2858,   2.3504,   0.4474,  ...,  -0.2492,   6.5592,   1.1908],
         [ -2.1324,   0.8419,   0.6357,  ...,   4.6828,  -0.7925,   4.4461],
         ...,
         [  4.1457,   2.3926,  -0.2832,  ...,   0.0630,  -6.2234,  17.1453],
         [ -2.8233,   0.2368, -13.0072,  ...,  -4.5477,   2.4062,   3.0698],
         [  3.8381,  -1.3398,   0.6514,  ...,   0.5696,   1.3597,   3.3113]]]), 'rvq_quantizer.layers.2._codebook.initted': tensor([1.]), 'rvq_quantizer.layers.2._codebook.cluster_size': tensor([[3.0460, 2.4900, 2.4804,  ..., 2.0000, 2.3820, 4.7506]]), 'rvq_quantizer.layers.2._codebook.embed_avg': tensor([[[  5.9259,   4.0208,   1.5842,  ...,   4.2445,  -3.5355,  20.0712],
         [  6.9129,  -3.5430,  -7.9757,  ...,  -3.2619,  -2.1619,   0.5841],
         [ -1.5973, -10.6749,  -6.4315,  ..., -13.5293,   4.9924,  -2.7075],
         ...,
         [ -3.0450,  -1.1705,  -0.8704,  ...,   0.3029,  -8.9307,   2.1849],
         [  1.0616,  -2.6900,   0.6775,  ...,   1.0258,  -1.1506,  -1.3684],
         [  7.1352,  -0.6047, -10.0872,  ...,   9.7774,  -6.9498,  14.9587]]]), 'rvq_quantizer.layers.2._codebook.embed': tensor([[[ 1.9454,  1.3200,  0.5201,  ...,  1.3934, -1.1607,  6.5893],
         [ 2.7763, -1.4229, -3.2031,  ..., -1.3100, -0.8682,  0.2346],
         [-0.6440, -4.3038, -2.5930,  ..., -5.4546,  2.0128, -1.0916],
         ...,
         [-1.5225, -0.5852, -0.4352,  ...,  0.1515, -4.4653,  1.0925],
         [ 0.4457, -1.1293,  0.2844,  ...,  0.4307, -0.4831, -0.5745],
         [ 1.5019, -0.1273, -2.1233,  ...,  2.0581, -1.4629,  3.1488]]]), 'rvq_quantizer.layers.3._codebook.initted': tensor([1.]), 'rvq_quantizer.layers.3._codebook.cluster_size': tensor([[4.1442, 2.0878, 2.0000,  ..., 2.4050, 2.3843, 2.6035]]), 'rvq_quantizer.layers.3._codebook.embed_avg': tensor([[[ 9.9539e-01,  1.5575e+00, -5.2107e+00,  ..., -2.7459e+00,
           2.7419e-01, -1.5587e+00],
         [-2.6820e-01, -4.5133e-02, -1.0593e+00,  ...,  4.7775e-01,
          -1.9260e+00, -4.5710e-03],
         [-9.2066e-01, -4.9070e+00, -1.0690e+01,  ..., -3.7426e+00,
          -6.3254e-01, -8.4869e-01],
         ...,
         [ 6.7070e+00, -5.0388e+00, -6.5753e+00,  ...,  1.3490e+01,
          -7.1485e+00,  7.0971e+00],
         [ 3.5199e+00,  7.2200e+00, -1.3077e+00,  ...,  2.9307e+00,
          -1.1845e+00,  7.8755e-01],
         [ 2.9018e+00, -6.1351e+00, -3.6731e+00,  ..., -3.4091e+00,
          -5.3382e+00, -9.2317e+00]]]), 'rvq_quantizer.layers.3._codebook.embed': tensor([[[ 2.4019e-01,  3.7582e-01, -1.2574e+00,  ..., -6.6259e-01,
           6.6161e-02, -3.7610e-01],
         [-1.2846e-01, -2.1617e-02, -5.0735e-01,  ...,  2.2882e-01,
          -9.2248e-01, -2.1893e-03],
         [-4.6033e-01, -2.4535e+00, -5.3449e+00,  ..., -1.8713e+00,
          -3.1627e-01, -4.2435e-01],
         ...,
         [ 2.7888e+00, -2.0951e+00, -2.7340e+00,  ...,  5.6093e+00,
          -2.9723e+00,  2.9510e+00],
         [ 1.4763e+00,  3.0281e+00, -5.4845e-01,  ...,  1.2291e+00,
          -4.9679e-01,  3.3031e-01],
         [ 1.1146e+00, -2.3565e+00, -1.4108e+00,  ..., -1.3094e+00,
          -2.0504e+00, -3.5458e+00]]])})
Loss:  tensor(10.2496, grad_fn=<MeanBackward0>)
OrderedDict({'rvq_quantizer.project_in.weight': tensor([[ 0.1875,  0.3660,  0.1999,  ...,  0.2098,  0.1523,  0.2309],
        [-0.1632,  0.2609,  0.2076,  ..., -0.0782, -0.0314, -0.1438],
        [ 0.3776, -0.1231, -0.3837,  ...,  0.2553,  0.2736,  0.4197],
        ...,
        [ 0.3392, -0.3121, -0.3995,  ...,  0.2698,  0.3165,  0.2684],
        [-0.3081, -0.2967,  0.0161,  ..., -0.1026, -0.1580, -0.0955],
        [-0.0411,  0.2466,  0.2140,  ...,  0.1090, -0.0161,  0.0097]]), 'rvq_quantizer.project_in.bias': tensor([-4.6153e-02,  3.0927e-01, -4.3317e-01, -3.7632e-01,  9.7556e-03,
        -1.3657e-01,  2.3756e-01, -1.7029e-01, -3.0782e-01,  4.5011e-01,
        -1.0260e-01,  3.9384e-01, -3.0056e-01,  2.1429e-04, -2.5884e-01,
         2.9842e-02,  2.7775e-01,  1.2942e-01, -3.8319e-01,  3.6364e-01,
        -2.8204e-01, -2.4401e-01, -3.9792e-01,  2.7216e-01,  5.6936e-02,
         2.8791e-01, -9.4705e-02,  1.4701e-01, -2.9042e-01, -4.2373e-01,
         1.4849e-01,  3.9204e-02]), 'rvq_quantizer.project_out.weight': tensor([[-0.0815,  0.1727, -0.0148,  ...,  0.1287, -0.0939, -0.1531],
        [ 0.0183, -0.1208,  0.1509,  ..., -0.1265,  0.0730, -0.0623],
        [-0.0936,  0.0389, -0.1234,  ...,  0.0668, -0.0210,  0.1376],
        ...,
        [ 0.0620, -0.1746,  0.0423,  ..., -0.0158,  0.1481, -0.0877],
        [-0.0183, -0.0650, -0.0248,  ...,  0.0933, -0.0601, -0.0218],
        [-0.1321, -0.1601, -0.0124,  ..., -0.0062, -0.0595, -0.1735]]), 'rvq_quantizer.project_out.bias': tensor([-0.1325, -0.1298,  0.1105, -0.0047, -0.0939, -0.0475, -0.1619,  0.1762,
        -0.0832,  0.0768,  0.0778,  0.1731, -0.0281, -0.1593, -0.0284, -0.0098,
        -0.1415, -0.0457, -0.0575, -0.1438, -0.0401,  0.1346,  0.0530,  0.1138,
        -0.1113,  0.1297,  0.1565, -0.0831,  0.0719, -0.1018,  0.0382,  0.1418,
         0.0541,  0.0914, -0.0196,  0.0149, -0.1340, -0.1024, -0.0020, -0.0946,
        -0.0163,  0.0172, -0.0827,  0.0442,  0.0316,  0.1223, -0.1414,  0.1619,
        -0.1512,  0.0501,  0.0878, -0.0692, -0.1058,  0.0113,  0.1297, -0.0977,
        -0.0705, -0.0886,  0.0652,  0.1578, -0.1560, -0.0265,  0.0297,  0.1308]), 'rvq_quantizer.layers.0._codebook.initted': tensor([1.]), 'rvq_quantizer.layers.0._codebook.cluster_size': tensor([[ 2.3777, 11.4050,  3.2000,  ...,  3.1859,  2.8840,  2.4100]]), 'rvq_quantizer.layers.0._codebook.embed_avg': tensor([[[ -409.9379,   319.2946,  -766.0493,  ...,  -711.8359,
            589.9196,   -28.1457],
         [-1698.7034,  1624.0057, -3712.2263,  ..., -3436.8674,
           2798.6375,   327.2096],
         [ -469.4472,   437.2783, -1008.1382,  ...,  -922.3578,
            769.3943,   102.0316],
         ...,
         [ -596.3068,   414.7148, -1027.0841,  ...,  -919.4595,
            818.4450,    -4.5128],
         [ -450.3669,   436.8411, -1005.4628,  ...,  -960.4485,
            754.8159,    69.6739],
         [ -400.3197,   277.7055,  -695.6750,  ...,  -637.2601,
            564.6011,   -21.0043]]]), 'rvq_quantizer.layers.0._codebook.embed': tensor([[[-172.4097,  134.2874, -322.1814,  ..., -299.3806,  248.1056,
           -11.8374],
         [-148.9442,  142.3946, -325.4920,  ..., -301.3483,  245.3876,
            28.6901],
         [-146.7023,  136.6495, -315.0433,  ..., -288.2369,  240.4358,
            31.8849],
         ...,
         [-187.1696,  130.1712, -322.3825,  ..., -288.6012,  256.8946,
            -1.4165],
         [-156.1605,  151.4706, -348.6348,  ..., -333.0266,  261.7253,
            24.1588],
         [-166.1048,  115.2284, -288.6567,  ..., -264.4185,  234.2702,
            -8.7153]]]), 'rvq_quantizer.layers.1._codebook.initted': tensor([1.]), 'rvq_quantizer.layers.1._codebook.cluster_size': tensor([[2.5738, 2.0131, 2.8450,  ..., 2.0000, 3.3508, 2.2900]]), 'rvq_quantizer.layers.1._codebook.embed_avg': tensor([[[ 4.2909e+00, -2.5357e+00,  6.2444e+00,  ...,  1.2491e+00,
          -5.1283e-01, -2.3521e+00],
         [-8.7045e+00,  4.5618e+00,  2.4836e-01,  ..., -5.8560e-01,
           1.3229e+01,  2.1341e+00],
         [-4.4793e+00,  1.5856e+00,  8.3270e-01,  ...,  1.3928e+01,
          -3.8587e+00,  1.3168e+01],
         ...,
         [-5.7144e+00, -5.6954e+00, -3.5175e-01,  ...,  3.5311e+00,
           1.2841e+01,  3.4838e+00],
         [-9.4431e+00,  2.0592e-02, -4.4808e+01,  ..., -1.5764e+01,
           7.6271e+00,  9.7537e+00],
         [ 8.3265e+00, -3.7131e+00,  1.0056e+00,  ...,  8.6090e-01,
           3.3844e+00,  7.0261e+00]]]), 'rvq_quantizer.layers.1._codebook.embed': tensor([[[ 1.6672e+00, -9.8521e-01,  2.4261e+00,  ...,  4.8530e-01,
          -1.9925e-01, -9.1386e-01],
         [-4.3239e+00,  2.2660e+00,  1.2337e-01,  ..., -2.9089e-01,
           6.5714e+00,  1.0601e+00],
         [-1.5744e+00,  5.5732e-01,  2.9269e-01,  ...,  4.8954e+00,
          -1.3563e+00,  4.6286e+00],
         ...,
         [-2.8572e+00, -2.8477e+00, -1.7587e-01,  ...,  1.7655e+00,
           6.4205e+00,  1.7419e+00],
         [-2.8182e+00,  6.1455e-03, -1.3372e+01,  ..., -4.7045e+00,
           2.2762e+00,  2.9109e+00],
         [ 3.6360e+00, -1.6215e+00,  4.3913e-01,  ...,  3.7594e-01,
           1.4779e+00,  3.0681e+00]]]), 'rvq_quantizer.layers.2._codebook.initted': tensor([1.]), 'rvq_quantizer.layers.2._codebook.cluster_size': tensor([[3.1414, 2.7410, 2.3323,  ..., 2.0000, 2.5438, 4.7756]]), 'rvq_quantizer.layers.2._codebook.embed_avg': tensor([[[  5.5835,   4.3601,   0.9741,  ...,   3.8872,  -3.4864,  21.2432],
         [  7.8725,  -3.0760,  -9.0124,  ...,  -4.2601,  -3.0570,   0.3177],
         [ -1.8389,  -9.9179,  -5.7238,  ..., -12.8219,   4.6463,  -2.8301],
         ...,
         [  2.8339,  -1.0711,  -3.6030,  ...,   2.5505,  -0.3145,   1.5265],
         [  1.3940,  -2.8193,   0.9057,  ...,   1.2304,  -1.1536,  -1.5991],
         [  7.1529,  -0.8436,  -8.4456,  ...,  10.3429,  -8.1537,  14.8612]]]), 'rvq_quantizer.layers.2._codebook.embed': tensor([[[ 1.7774,  1.3879,  0.3101,  ...,  1.2374, -1.1098,  6.7623],
         [ 2.8721, -1.1222, -3.2880,  ..., -1.5542, -1.1153,  0.1159],
         [-0.7885, -4.2524, -2.4541,  ..., -5.4975,  1.9921, -1.2134],
         ...,
         [ 1.4170, -0.5356, -1.8015,  ...,  1.2753, -0.1573,  0.7632],
         [ 0.5480, -1.1083,  0.3561,  ...,  0.4837, -0.4535, -0.6287],
         [ 1.4978, -0.1766, -1.7685,  ...,  2.1658, -1.7074,  3.1119]]]), 'rvq_quantizer.layers.3._codebook.initted': tensor([1.]), 'rvq_quantizer.layers.3._codebook.cluster_size': tensor([[4.2298, 2.0790, 2.0000,  ..., 2.1645, 2.2459, 2.3432]]), 'rvq_quantizer.layers.3._codebook.embed_avg': tensor([[[  1.0381,   1.5494,  -5.1164,  ...,  -3.1347,   0.3605,  -1.6573],
         [ -0.2891,  -0.3072,  -1.1267,  ...,   0.7407,  -2.0091,  -0.0832],
         [ -0.3675,  -4.7854, -11.1008,  ...,  -3.4282,  -0.6823,  -0.3469],
         ...,
         [  6.0363,  -4.5349,  -5.9178,  ...,  12.1412,  -6.4336,   6.3874],
         [  2.9651,   6.8752,  -1.4118,  ...,   2.9192,  -1.1221,   1.1234],
         [  2.6116,  -5.5216,  -3.3058,  ...,  -3.0682,  -4.8043,  -8.3085]]]), 'rvq_quantizer.layers.3._codebook.embed': tensor([[[ 0.2454,  0.3663, -1.2096,  ..., -0.7411,  0.0852, -0.3918],
         [-0.1391, -0.1478, -0.5419,  ...,  0.3563, -0.9664, -0.0400],
         [-0.1838, -2.3927, -5.5504,  ..., -1.7141, -0.3412, -0.1735],
         ...,
         [ 2.7888, -2.0951, -2.7340,  ...,  5.6093, -2.9723,  2.9510],
         [ 1.3202,  3.0612, -0.6286,  ...,  1.2998, -0.4996,  0.5002],
         [ 1.1146, -2.3565, -1.4108,  ..., -1.3094, -2.0504, -3.5458]]])})
Loss:  tensor(10.3739, grad_fn=<MeanBackward0>)
