OrderedDict({'rvq_quantizer.project_in.weight': tensor([[ 0.1123,  0.0320, -0.0450,  ...,  0.1083, -0.0613,  0.0830],
        [-0.0007,  0.0301,  0.0586,  ...,  0.0461, -0.0547, -0.0324],
        [ 0.0594, -0.0739,  0.0233,  ..., -0.0870, -0.1202,  0.0586],
        ...,
        [ 0.0612,  0.0034, -0.0758,  ...,  0.0983,  0.0446,  0.0617],
        [ 0.1162, -0.0419, -0.0538,  ..., -0.1202, -0.0991,  0.0334],
        [ 0.0399, -0.0963, -0.0384,  ..., -0.1183, -0.0075, -0.1033]]), 'rvq_quantizer.project_in.bias': tensor([ 0.0007,  0.0028, -0.0392,  0.0722, -0.0533, -0.1061,  0.0724, -0.0837,
         0.0315, -0.0616, -0.0902,  0.0147,  0.0306, -0.1214,  0.0967,  0.0513,
         0.1134, -0.0119,  0.0959,  0.1189,  0.1056,  0.1135,  0.0500, -0.0678,
        -0.0406, -0.0238,  0.0122, -0.0237,  0.0367, -0.0865,  0.0638, -0.0592]), 'rvq_quantizer.project_out.weight': tensor([[ 1.7297e-01, -7.7242e-02,  1.4315e-01,  ..., -9.3891e-03,
          4.6688e-02,  2.6892e-02],
        [-1.2556e-01,  6.1723e-03,  7.3092e-02,  ...,  9.3280e-02,
          1.4586e-01,  1.3955e-01],
        [ 2.5525e-02,  2.4489e-02,  1.1027e-01,  ..., -3.5292e-02,
         -8.5630e-02, -1.7585e-02],
        ...,
        [-1.1142e-01,  1.1344e-01,  1.7359e-03,  ..., -4.1507e-02,
          1.0128e-01, -1.6361e-01],
        [ 8.1643e-03,  1.1110e-02,  1.2083e-01,  ...,  5.7392e-03,
         -1.2658e-01, -8.9246e-05],
        [ 1.1302e-01,  7.6405e-02,  1.5586e-01,  ...,  2.4890e-02,
         -8.8728e-02,  1.3402e-01]]), 'rvq_quantizer.project_out.bias': tensor([ 0.0184,  0.1213,  0.0966,  0.0149, -0.0584,  0.1491, -0.1232, -0.0948,
         0.0769,  0.1567, -0.0673,  0.0828, -0.1253,  0.1187, -0.1478,  0.1035,
         0.0257,  0.1767, -0.1063, -0.0178,  0.0536,  0.1559,  0.0004,  0.0875,
        -0.0399, -0.1251, -0.0878, -0.0239,  0.0587, -0.1121, -0.1483, -0.0791,
         0.0221, -0.0539,  0.1341, -0.0229,  0.1362,  0.0976,  0.0909,  0.1372,
         0.0870,  0.0845,  0.1413, -0.0785, -0.1314, -0.1116, -0.0285, -0.1256,
        -0.0554, -0.1188,  0.0959,  0.1502,  0.0371, -0.1019,  0.0483, -0.0402,
        -0.0204, -0.0946, -0.1328,  0.0166, -0.1202,  0.1196,  0.0317, -0.1710]), 'rvq_quantizer.layers.0._codebook.initted': tensor([1.]), 'rvq_quantizer.layers.0._codebook.cluster_size': tensor([[2.0000, 2.1000, 2.0000,  ..., 2.1000, 2.0000, 2.0000]]), 'rvq_quantizer.layers.0._codebook.embed_avg': tensor([[[-140.4467,    2.4482,  -81.3716,  ...,  -73.7023, -135.5950,
           -42.6286],
         [-123.3944,  -25.5640,  -32.7447,  ...,  -71.0106,  -81.7197,
            -9.2109],
         [-118.4872,  -27.4024,  -36.9694,  ...,  -54.9245,  -67.3485,
             2.4458],
         ...,
         [-160.8130,    3.7044,  -81.8828,  ...,  -81.4014, -149.6324,
           -46.0633],
         [-139.1955,  -17.5152,  -81.3960,  ...,  -69.8428, -111.2568,
           -42.8987],
         [-151.9649,    2.1231,  -96.1511,  ...,  -81.1720, -150.8973,
           -55.9563]]]), 'rvq_quantizer.layers.0._codebook.embed': tensor([[[-70.2233,   1.2241, -40.6858,  ..., -36.8511, -67.7975, -21.3143],
         [-58.7592, -12.1733, -15.5927,  ..., -33.8145, -38.9141,  -4.3862],
         [-59.2436, -13.7012, -18.4847,  ..., -27.4622, -33.6742,   1.2229],
         ...,
         [-76.5776,   1.7640, -38.9918,  ..., -38.7626, -71.2535, -21.9349],
         [-69.5977,  -8.7576, -40.6980,  ..., -34.9214, -55.6284, -21.4494],
         [-75.9824,   1.0616, -48.0755,  ..., -40.5860, -75.4486, -27.9781]]]), 'rvq_quantizer.layers.1._codebook.initted': tensor([1.]), 'rvq_quantizer.layers.1._codebook.cluster_size': tensor([[2., 2., 2.,  ..., 2., 2., 2.]]), 'rvq_quantizer.layers.1._codebook.embed_avg': tensor([[[ 7.0065e-01, -4.5497e+00,  3.8016e+00,  ...,  2.9476e+00,
          -4.6385e+00, -5.9743e+00],
         [ 1.2148e+01, -5.5386e+00, -5.9940e+00,  ..., -8.9094e+00,
           2.0341e+00, -1.0498e+00],
         [ 6.7168e-01, -4.0160e-01,  2.5700e+00,  ...,  5.6535e-01,
          -9.9155e-01,  3.6538e-01],
         ...,
         [-2.2764e+01, -1.0134e+01, -2.3044e+00,  ...,  5.0089e+00,
          -1.8911e+00, -1.3252e+01],
         [-3.0518e-05, -7.6294e-06, -3.0518e-05,  ..., -3.0518e-05,
          -3.0518e-05, -1.5259e-05],
         [-4.5624e-02,  9.3991e+00,  2.2745e+00,  ...,  1.6685e+00,
          -6.0905e+00, -1.4538e+00]]]), 'rvq_quantizer.layers.1._codebook.embed': tensor([[[ 3.5033e-01, -2.2748e+00,  1.9008e+00,  ...,  1.4738e+00,
          -2.3192e+00, -2.9872e+00],
         [ 6.0738e+00, -2.7693e+00, -2.9970e+00,  ..., -4.4547e+00,
           1.0170e+00, -5.2488e-01],
         [ 3.3584e-01, -2.0080e-01,  1.2850e+00,  ...,  2.8267e-01,
          -4.9577e-01,  1.8269e-01],
         ...,
         [-1.1382e+01, -5.0670e+00, -1.1522e+00,  ...,  2.5045e+00,
          -9.4554e-01, -6.6258e+00],
         [-1.5259e-05, -3.8147e-06, -1.5259e-05,  ..., -1.5259e-05,
          -1.5259e-05, -7.6294e-06],
         [-2.2812e-02,  4.6995e+00,  1.1372e+00,  ...,  8.3423e-01,
          -3.0452e+00, -7.2689e-01]]]), 'rvq_quantizer.layers.2._codebook.initted': tensor([1.]), 'rvq_quantizer.layers.2._codebook.cluster_size': tensor([[2., 2., 2.,  ..., 2., 2., 2.]]), 'rvq_quantizer.layers.2._codebook.embed_avg': tensor([[[ 7.3858e+01,  4.3406e+00,  3.4849e+01,  ...,  2.8724e+01,
           4.7725e+01, -3.7582e+00],
         [ 7.9500e+01,  5.1992e+00,  2.6361e+01,  ...,  3.2961e+01,
           4.1568e+01, -4.9233e-02],
         [ 0.0000e+00,  0.0000e+00,  0.0000e+00,  ...,  0.0000e+00,
           0.0000e+00,  0.0000e+00],
         ...,
         [ 8.7667e+01,  1.0217e+01,  3.9260e+01,  ...,  3.7579e+01,
           5.2291e+01, -2.3442e+00],
         [ 0.0000e+00,  0.0000e+00,  0.0000e+00,  ...,  0.0000e+00,
           0.0000e+00,  0.0000e+00],
         [ 7.6929e+01,  1.2895e+01,  3.2626e+01,  ...,  2.8828e+01,
           4.3711e+01, -4.1486e+00]]]), 'rvq_quantizer.layers.2._codebook.embed': tensor([[[ 3.6929e+01,  2.1703e+00,  1.7424e+01,  ...,  1.4362e+01,
           2.3862e+01, -1.8791e+00],
         [ 3.9750e+01,  2.5996e+00,  1.3181e+01,  ...,  1.6481e+01,
           2.0784e+01, -2.4616e-02],
         [ 0.0000e+00,  0.0000e+00,  0.0000e+00,  ...,  0.0000e+00,
           0.0000e+00,  0.0000e+00],
         ...,
         [ 4.3833e+01,  5.1084e+00,  1.9630e+01,  ...,  1.8789e+01,
           2.6145e+01, -1.1721e+00],
         [ 0.0000e+00,  0.0000e+00,  0.0000e+00,  ...,  0.0000e+00,
           0.0000e+00,  0.0000e+00],
         [ 3.8465e+01,  6.4475e+00,  1.6313e+01,  ...,  1.4414e+01,
           2.1856e+01, -2.0743e+00]]]), 'rvq_quantizer.layers.3._codebook.initted': tensor([1.]), 'rvq_quantizer.layers.3._codebook.cluster_size': tensor([[2., 2., 2.,  ..., 2., 2., 2.]]), 'rvq_quantizer.layers.3._codebook.embed_avg': tensor([[[  0.0000,   0.0000,   0.0000,  ...,   0.0000,   0.0000,   0.0000],
         [170.5770,  49.3082,  72.4685,  ...,  36.1277,  74.1096,  17.8459],
         [172.1146,  46.1826,  69.6831,  ...,  40.3663,  70.0258,  17.5681],
         ...,
         [175.2723,  48.7135,  76.8345,  ...,  51.6143,  72.8581,  26.1554],
         [172.1145,  46.1826,  69.6830,  ...,  40.3662,  70.0257,  17.5681],
         [  0.0000,   0.0000,   0.0000,  ...,   0.0000,   0.0000,   0.0000]]]), 'rvq_quantizer.layers.3._codebook.embed': tensor([[[ 0.0000,  0.0000,  0.0000,  ...,  0.0000,  0.0000,  0.0000],
         [85.2885, 24.6541, 36.2342,  ..., 18.0638, 37.0548,  8.9229],
         [86.0573, 23.0913, 34.8415,  ..., 20.1831, 35.0129,  8.7840],
         ...,
         [87.6361, 24.3568, 38.4172,  ..., 25.8072, 36.4291, 13.0777],
         [86.0572, 23.0913, 34.8415,  ..., 20.1831, 35.0129,  8.7840],
         [ 0.0000,  0.0000,  0.0000,  ...,  0.0000,  0.0000,  0.0000]]])})
Loss:  tensor(1593.4431, grad_fn=<MeanBackward0>)
OrderedDict({'rvq_quantizer.project_in.weight': tensor([[ 0.1123,  0.0320, -0.0450,  ...,  0.1083, -0.0613,  0.0830],
        [-0.0007,  0.0301,  0.0586,  ...,  0.0461, -0.0547, -0.0324],
        [ 0.0594, -0.0739,  0.0233,  ..., -0.0870, -0.1202,  0.0586],
        ...,
        [ 0.0612,  0.0034, -0.0758,  ...,  0.0983,  0.0446,  0.0617],
        [ 0.1162, -0.0419, -0.0538,  ..., -0.1202, -0.0991,  0.0334],
        [ 0.0399, -0.0963, -0.0384,  ..., -0.1183, -0.0075, -0.1033]]), 'rvq_quantizer.project_in.bias': tensor([ 0.0007,  0.0028, -0.0392,  0.0722, -0.0533, -0.1061,  0.0724, -0.0837,
         0.0315, -0.0616, -0.0902,  0.0147,  0.0306, -0.1214,  0.0967,  0.0513,
         0.1134, -0.0119,  0.0959,  0.1189,  0.1056,  0.1135,  0.0500, -0.0678,
        -0.0406, -0.0238,  0.0122, -0.0237,  0.0367, -0.0865,  0.0638, -0.0592]), 'rvq_quantizer.project_out.weight': tensor([[ 1.7297e-01, -7.7242e-02,  1.4315e-01,  ..., -9.3891e-03,
          4.6688e-02,  2.6892e-02],
        [-1.2556e-01,  6.1723e-03,  7.3092e-02,  ...,  9.3280e-02,
          1.4586e-01,  1.3955e-01],
        [ 2.5525e-02,  2.4489e-02,  1.1027e-01,  ..., -3.5292e-02,
         -8.5630e-02, -1.7585e-02],
        ...,
        [-1.1142e-01,  1.1344e-01,  1.7359e-03,  ..., -4.1507e-02,
          1.0128e-01, -1.6361e-01],
        [ 8.1643e-03,  1.1110e-02,  1.2083e-01,  ...,  5.7392e-03,
         -1.2658e-01, -8.9246e-05],
        [ 1.1302e-01,  7.6405e-02,  1.5586e-01,  ...,  2.4890e-02,
         -8.8728e-02,  1.3402e-01]]), 'rvq_quantizer.project_out.bias': tensor([ 0.0184,  0.1213,  0.0966,  0.0149, -0.0584,  0.1491, -0.1232, -0.0948,
         0.0769,  0.1567, -0.0673,  0.0828, -0.1253,  0.1187, -0.1478,  0.1035,
         0.0257,  0.1767, -0.1063, -0.0178,  0.0536,  0.1559,  0.0004,  0.0875,
        -0.0399, -0.1251, -0.0878, -0.0239,  0.0587, -0.1121, -0.1483, -0.0791,
         0.0221, -0.0539,  0.1341, -0.0229,  0.1362,  0.0976,  0.0909,  0.1372,
         0.0870,  0.0845,  0.1413, -0.0785, -0.1314, -0.1116, -0.0285, -0.1256,
        -0.0554, -0.1188,  0.0959,  0.1502,  0.0371, -0.1019,  0.0483, -0.0402,
        -0.0204, -0.0946, -0.1328,  0.0166, -0.1202,  0.1196,  0.0317, -0.1710]), 'rvq_quantizer.layers.0._codebook.initted': tensor([1.]), 'rvq_quantizer.layers.0._codebook.cluster_size': tensor([[2.0000, 2.1900, 2.0000,  ..., 2.0900, 2.0000, 2.0000]]), 'rvq_quantizer.layers.0._codebook.embed_avg': tensor([[[-140.6729,    2.6336,  -81.2268,  ...,  -73.7160, -135.6790,
           -42.7956],
         [-128.8099,  -26.7111,  -33.9094,  ...,  -73.8996,  -84.6893,
            -9.4708],
         [-118.2651,  -27.2670,  -37.2452,  ...,  -54.8094,  -67.2423,
             2.8401],
         ...,
         [-160.8269,    3.5438,  -81.5686,  ...,  -80.7915, -148.3017,
           -46.5829],
         [-139.1872,  -17.5731,  -81.5626,  ...,  -70.3313, -111.4627,
           -43.3248],
         [-152.1377,    2.0766,  -96.1059,  ...,  -81.4266, -150.7429,
           -55.8843]]]), 'rvq_quantizer.layers.0._codebook.embed': tensor([[[-70.3364,   1.3168, -40.6134,  ..., -36.8580, -67.8394, -21.3978],
         [-58.8173, -12.1968, -15.4837,  ..., -33.7441, -38.6709,  -4.3246],
         [-59.1325, -13.6335, -18.6226,  ..., -27.4047, -33.6211,   1.4201],
         ...,
         [-76.9506,   1.6956, -39.0280,  ..., -38.6562, -70.9577, -22.2885],
         [-69.5935,  -8.7866, -40.7813,  ..., -35.1656, -55.7313, -21.6624],
         [-76.0688,   1.0383, -48.0529,  ..., -40.7133, -75.3714, -27.9421]]]), 'rvq_quantizer.layers.1._codebook.initted': tensor([1.]), 'rvq_quantizer.layers.1._codebook.cluster_size': tensor([[2.2000, 2.0000, 2.4000,  ..., 2.0000, 2.0000, 2.0000]]), 'rvq_quantizer.layers.1._codebook.embed_avg': tensor([[[ 4.0249e-03, -5.8325e+00,  4.3863e+00,  ...,  2.5744e+00,
          -5.4575e+00, -6.1166e+00],
         [ 1.1902e+01, -5.2540e+00, -5.9137e+00,  ..., -8.3876e+00,
           1.9255e+00, -1.0792e+00],
         [-3.4796e-01,  9.1490e-01,  3.1608e+00,  ...,  2.1828e-01,
          -1.9767e+00,  6.1132e-01],
         ...,
         [-7.0380e+00, -2.7698e+00,  5.7010e+00,  ..., -5.1145e+00,
           1.0196e+01, -8.2995e+00],
         [-7.1028e-01,  4.5991e-01, -3.5407e-01,  ...,  3.8010e-02,
          -5.4808e-01, -1.0715e-01],
         [-6.1731e-01,  9.1104e+00,  2.5981e+00,  ...,  1.1392e+00,
          -6.3230e+00, -1.4143e+00]]]), 'rvq_quantizer.layers.1._codebook.embed': tensor([[[ 1.8295e-03, -2.6511e+00,  1.9938e+00,  ...,  1.1702e+00,
          -2.4807e+00, -2.7803e+00],
         [ 5.9509e+00, -2.6270e+00, -2.9569e+00,  ..., -4.1938e+00,
           9.6276e-01, -5.3960e-01],
         [-1.4498e-01,  3.8121e-01,  1.3170e+00,  ...,  9.0951e-02,
          -8.2362e-01,  2.5472e-01],
         ...,
         [-3.5190e+00, -1.3849e+00,  2.8505e+00,  ..., -2.5573e+00,
           5.0979e+00, -4.1498e+00],
         [-3.5514e-01,  2.2996e-01, -1.7704e-01,  ...,  1.9005e-02,
          -2.7404e-01, -5.3577e-02],
         [-3.0865e-01,  4.5552e+00,  1.2991e+00,  ...,  5.6961e-01,
          -3.1615e+00, -7.0714e-01]]]), 'rvq_quantizer.layers.2._codebook.initted': tensor([1.]), 'rvq_quantizer.layers.2._codebook.cluster_size': tensor([[  2.0000,   2.0000, 266.3000,  ...,   2.0000,   2.0000,   2.0000]]), 'rvq_quantizer.layers.2._codebook.embed_avg': tensor([[[ -0.2931,   0.0534,  -0.2370,  ...,  -0.1869,  -0.2369,   0.1251],
         [ -1.1435,  -0.5279,  -1.4102,  ...,  -0.1164,   0.4148,   0.8192],
         [-13.4216,  -9.7378,  10.7553,  ..., -21.8731, -35.0354,   6.9992],
         ...,
         [ 13.0968,   0.5167,   1.9787,  ...,  -2.0468, -15.5682,  -0.6465],
         [  0.0000,   0.0000,   0.0000,  ...,   0.0000,   0.0000,   0.0000],
         [  1.5213,  -7.7993,   7.1438,  ...,   0.9307,  -0.1726, -12.9097]]]), 'rvq_quantizer.layers.2._codebook.embed': tensor([[[-0.1465,  0.0267, -0.1185,  ..., -0.0935, -0.1185,  0.0626],
         [-0.5717, -0.2639, -0.7051,  ..., -0.0582,  0.2074,  0.4096],
         [-0.0504, -0.0366,  0.0404,  ..., -0.0821, -0.1316,  0.0263],
         ...,
         [ 6.5484,  0.2584,  0.9893,  ..., -1.0234, -7.7841, -0.3232],
         [ 0.0000,  0.0000,  0.0000,  ...,  0.0000,  0.0000,  0.0000],
         [ 0.7607, -3.8996,  3.5719,  ...,  0.4653, -0.0863, -6.4549]]]), 'rvq_quantizer.layers.3._codebook.initted': tensor([1.]), 'rvq_quantizer.layers.3._codebook.cluster_size': tensor([[266.3000,   2.0000,   2.0000,  ...,   2.0000,   2.0000,   2.0000]]), 'rvq_quantizer.layers.3._codebook.embed_avg': tensor([[[-1.3422e+01, -9.7378e+00,  1.0755e+01,  ..., -2.1873e+01,
          -3.5035e+01,  6.9992e+00],
         [-4.5776e-05, -1.1444e-05, -2.2888e-05,  ..., -1.1444e-05,
          -1.5259e-05, -3.8147e-06],
         [-2.6030e-01,  5.9331e+00,  1.5751e+00,  ..., -1.8225e+00,
          -1.1561e+01,  4.5592e-01],
         ...,
         [ 2.7721e-01, -2.2664e-01,  2.9437e-01,  ...,  2.7515e-01,
           1.2285e-01, -8.1339e-03],
         [-9.4380e-01,  7.3638e-01,  1.1307e+00,  ..., -3.4073e+00,
           2.6906e+00,  3.0677e-01],
         [-1.0002e+00, -2.0995e+00, -8.4297e-02,  ...,  1.9161e+00,
          -1.7052e+00, -9.4750e-01]]]), 'rvq_quantizer.layers.3._codebook.embed': tensor([[[-5.0400e-02, -3.6567e-02,  4.0388e-02,  ..., -8.2137e-02,
          -1.3156e-01,  2.6283e-02],
         [-2.2888e-05, -5.7220e-06, -1.1444e-05,  ..., -5.7220e-06,
          -7.6294e-06, -1.9073e-06],
         [-1.3015e-01,  2.9666e+00,  7.8754e-01,  ..., -9.1127e-01,
          -5.7804e+00,  2.2796e-01],
         ...,
         [ 1.3861e-01, -1.1332e-01,  1.4719e-01,  ...,  1.3757e-01,
           6.1426e-02, -4.0669e-03],
         [-4.7190e-01,  3.6819e-01,  5.6534e-01,  ..., -1.7036e+00,
           1.3453e+00,  1.5339e-01],
         [-5.0009e-01, -1.0498e+00, -4.2149e-02,  ...,  9.5804e-01,
          -8.5262e-01, -4.7375e-01]]])})
Loss:  tensor(3.3466, grad_fn=<MeanBackward0>)
OrderedDict({'rvq_quantizer.project_in.weight': tensor([[ 0.1123,  0.0320, -0.0450,  ...,  0.1083, -0.0613,  0.0830],
        [-0.0007,  0.0301,  0.0586,  ...,  0.0461, -0.0547, -0.0324],
        [ 0.0594, -0.0739,  0.0233,  ..., -0.0870, -0.1202,  0.0586],
        ...,
        [ 0.0612,  0.0034, -0.0758,  ...,  0.0983,  0.0446,  0.0617],
        [ 0.1162, -0.0419, -0.0538,  ..., -0.1202, -0.0991,  0.0334],
        [ 0.0399, -0.0963, -0.0384,  ..., -0.1183, -0.0075, -0.1033]]), 'rvq_quantizer.project_in.bias': tensor([ 0.0007,  0.0028, -0.0392,  0.0722, -0.0533, -0.1061,  0.0724, -0.0837,
         0.0315, -0.0616, -0.0902,  0.0147,  0.0306, -0.1214,  0.0967,  0.0513,
         0.1134, -0.0119,  0.0959,  0.1189,  0.1056,  0.1135,  0.0500, -0.0678,
        -0.0406, -0.0238,  0.0122, -0.0237,  0.0367, -0.0865,  0.0638, -0.0592]), 'rvq_quantizer.project_out.weight': tensor([[ 1.7297e-01, -7.7242e-02,  1.4315e-01,  ..., -9.3891e-03,
          4.6688e-02,  2.6892e-02],
        [-1.2556e-01,  6.1723e-03,  7.3092e-02,  ...,  9.3280e-02,
          1.4586e-01,  1.3955e-01],
        [ 2.5525e-02,  2.4489e-02,  1.1027e-01,  ..., -3.5292e-02,
         -8.5630e-02, -1.7585e-02],
        ...,
        [-1.1142e-01,  1.1344e-01,  1.7359e-03,  ..., -4.1507e-02,
          1.0128e-01, -1.6361e-01],
        [ 8.1643e-03,  1.1110e-02,  1.2083e-01,  ...,  5.7392e-03,
         -1.2658e-01, -8.9246e-05],
        [ 1.1302e-01,  7.6405e-02,  1.5586e-01,  ...,  2.4890e-02,
         -8.8728e-02,  1.3402e-01]]), 'rvq_quantizer.project_out.bias': tensor([ 0.0184,  0.1213,  0.0966,  0.0149, -0.0584,  0.1491, -0.1232, -0.0948,
         0.0769,  0.1567, -0.0673,  0.0828, -0.1253,  0.1187, -0.1478,  0.1035,
         0.0257,  0.1767, -0.1063, -0.0178,  0.0536,  0.1559,  0.0004,  0.0875,
        -0.0399, -0.1251, -0.0878, -0.0239,  0.0587, -0.1121, -0.1483, -0.0791,
         0.0221, -0.0539,  0.1341, -0.0229,  0.1362,  0.0976,  0.0909,  0.1372,
         0.0870,  0.0845,  0.1413, -0.0785, -0.1314, -0.1116, -0.0285, -0.1256,
        -0.0554, -0.1188,  0.0959,  0.1502,  0.0371, -0.1019,  0.0483, -0.0402,
        -0.0204, -0.0946, -0.1328,  0.0166, -0.1202,  0.1196,  0.0317, -0.1710]), 'rvq_quantizer.layers.0._codebook.initted': tensor([1.]), 'rvq_quantizer.layers.0._codebook.cluster_size': tensor([[2.0000, 2.2710, 2.0000,  ..., 2.1810, 2.0000, 2.0000]]), 'rvq_quantizer.layers.0._codebook.embed_avg': tensor([[[-162.6189,   -7.2099,  -83.7057,  ...,  -78.2452, -160.2255,
           -51.2732],
         [-133.6839,  -27.7435,  -34.9576,  ...,  -76.4997,  -87.3620,
            -9.7046],
         [-118.0652,  -27.1452,  -37.4935,  ...,  -54.7058,  -67.1467,
             3.1950],
         ...,
         [-168.4561,    3.5832,  -85.1810,  ...,  -84.1307, -154.2620,
           -49.2051],
         [-139.1797,  -17.6253,  -81.7125,  ...,  -70.7709, -111.6480,
           -43.7082],
         [-152.2933,    2.0348,  -96.0651,  ...,  -81.6557, -150.6040,
           -55.8195]]]), 'rvq_quantizer.layers.0._codebook.embed': tensor([[[-81.3094,  -3.6050, -41.8528,  ..., -39.1226, -80.1128, -25.6366],
         [-58.8656, -12.2164, -15.3931,  ..., -33.6855, -38.4685,  -4.2733],
         [-59.0325, -13.5726, -18.7467,  ..., -27.3529, -33.5733,   1.5975],
         ...,
         [-77.2380,   1.6429, -39.0559,  ..., -38.5743, -70.7299, -22.5608],
         [-69.5898,  -8.8127, -40.8562,  ..., -35.3854, -55.8239, -21.8541],
         [-76.1466,   1.0174, -48.0325,  ..., -40.8278, -75.3019, -27.9097]]]), 'rvq_quantizer.layers.1._codebook.initted': tensor([1.]), 'rvq_quantizer.layers.1._codebook.cluster_size': tensor([[2.1800, 2.0000, 2.3600,  ..., 2.0000, 2.2000, 2.0000]]), 'rvq_quantizer.layers.1._codebook.embed_avg': tensor([[[-0.4703, -6.5000,  4.6062,  ...,  1.9907, -5.7775, -5.8198],
         [-0.1635,  0.0793, -0.5806,  ..., -0.4263,  0.3300, -0.2748],
         [-0.6126,  0.9938,  3.1791,  ..., -0.0638, -2.0928,  0.7003],
         ...,
         [ 3.9677,  1.2676, -3.3721,  ...,  2.0457,  6.3665,  1.0130],
         [-0.8108,  0.4998, -0.5405,  ..., -0.0182, -0.6433, -0.1564],
         [ 1.5526, -3.1413, 11.1819,  ...,  2.5405,  3.8073, -1.6437]]]), 'rvq_quantizer.layers.1._codebook.embed': tensor([[[-0.2157, -2.9817,  2.1129,  ...,  0.9132, -2.6502, -2.6696],
         [-0.0818,  0.0397, -0.2903,  ..., -0.2131,  0.1650, -0.1374],
         [-0.2596,  0.4211,  1.3471,  ..., -0.0270, -0.8868,  0.2967],
         ...,
         [ 1.9839,  0.6338, -1.6861,  ...,  1.0228,  3.1833,  0.5065],
         [-0.3686,  0.2272, -0.2457,  ..., -0.0083, -0.2924, -0.0711],
         [ 0.7763, -1.5706,  5.5909,  ...,  1.2702,  1.9036, -0.8218]]]), 'rvq_quantizer.layers.2._codebook.initted': tensor([1.]), 'rvq_quantizer.layers.2._codebook.cluster_size': tensor([[  2.1000,   2.0000, 240.1700,  ...,   2.0000,   2.0000,   2.0000]]), 'rvq_quantizer.layers.2._codebook.embed_avg': tensor([[[ -0.2931,   0.0463,  -0.2267,  ...,  -0.1815,  -0.2543,   0.1478],
         [ -1.0615,  -0.5362,  -1.4255,  ...,  -0.0513,   0.4340,   0.8156],
         [-12.0481,  -8.7769,   9.7069,  ..., -19.7583, -31.5663,   6.3239],
         ...,
         [ -0.6832,   0.4949,  -0.7345,  ...,   0.8948,  -0.3911,  -0.4031],
         [ -0.2078,  -0.1343,  -0.1507,  ...,  -0.4551,   0.1675,   0.4283],
         [  0.1606,   0.0789,  -0.9184,  ...,   0.4778,  -2.2895,  -0.4123]]]), 'rvq_quantizer.layers.2._codebook.embed': tensor([[[-0.1396,  0.0221, -0.1080,  ..., -0.0864, -0.1211,  0.0704],
         [-0.5308, -0.2681, -0.7128,  ..., -0.0257,  0.2170,  0.4078],
         [-0.0502, -0.0365,  0.0404,  ..., -0.0823, -0.1314,  0.0263],
         ...,
         [-0.3416,  0.2475, -0.3672,  ...,  0.4474, -0.1955, -0.2016],
         [-0.1039, -0.0672, -0.0754,  ..., -0.2275,  0.0837,  0.2141],
         [ 0.0803,  0.0394, -0.4592,  ...,  0.2389, -1.1448, -0.2061]]]), 'rvq_quantizer.layers.3._codebook.initted': tensor([1.]), 'rvq_quantizer.layers.3._codebook.cluster_size': tensor([[240.8700,  28.5000,   2.0000,  ...,   2.8000,   2.0000,   2.0000]]), 'rvq_quantizer.layers.3._codebook.embed_avg': tensor([[[-1.2112e+01, -8.8120e+00,  9.7200e+00,  ..., -1.9746e+01,
          -3.1712e+01,  6.3571e+00],
         [-1.9634e-04, -2.2694e-05, -1.1171e-04,  ..., -8.2498e-05,
          -1.3562e-04, -4.3672e-05],
         [-5.4069e-05, -4.8049e-06, -1.9695e-05,  ..., -2.7681e-05,
          -4.1284e-05, -6.3712e-06],
         ...,
         [ 2.9019e-01, -3.9639e-01,  3.8732e-01,  ...,  5.3553e-01,
           1.8946e-01,  1.3812e-01],
         [-2.0740e-01,  3.2914e-02, -9.4788e-02,  ...,  1.3010e-01,
          -6.1175e-01,  8.6971e-02],
         [ 2.4656e-01, -2.1243e-01,  1.6127e-01,  ..., -3.6462e-01,
          -2.2453e-01, -3.2185e-01]]]), 'rvq_quantizer.layers.3._codebook.embed': tensor([[[-5.0286e-02, -3.6584e-02,  4.0354e-02,  ..., -8.1978e-02,
          -1.3165e-01,  2.6392e-02],
         [-6.8892e-06, -7.9630e-07, -3.9198e-06,  ..., -2.8947e-06,
          -4.7585e-06, -1.5324e-06],
         [-2.7035e-05, -2.4024e-06, -9.8477e-06,  ..., -1.3840e-05,
          -2.0642e-05, -3.1856e-06],
         ...,
         [ 1.0364e-01, -1.4157e-01,  1.3833e-01,  ...,  1.9126e-01,
           6.7665e-02,  4.9328e-02],
         [-1.0370e-01,  1.6457e-02, -4.7394e-02,  ...,  6.5048e-02,
          -3.0588e-01,  4.3486e-02],
         [ 1.2328e-01, -1.0622e-01,  8.0633e-02,  ..., -1.8231e-01,
          -1.1226e-01, -1.6092e-01]]])})
Loss:  tensor(2.4051, grad_fn=<MeanBackward0>)
OrderedDict({'rvq_quantizer.project_in.weight': tensor([[ 0.1123,  0.0320, -0.0450,  ...,  0.1083, -0.0613,  0.0830],
        [-0.0007,  0.0301,  0.0586,  ...,  0.0461, -0.0547, -0.0324],
        [ 0.0594, -0.0739,  0.0233,  ..., -0.0870, -0.1202,  0.0586],
        ...,
        [ 0.0612,  0.0034, -0.0758,  ...,  0.0983,  0.0446,  0.0617],
        [ 0.1162, -0.0419, -0.0538,  ..., -0.1202, -0.0991,  0.0334],
        [ 0.0399, -0.0963, -0.0384,  ..., -0.1183, -0.0075, -0.1033]]), 'rvq_quantizer.project_in.bias': tensor([ 0.0007,  0.0028, -0.0392,  0.0722, -0.0533, -0.1061,  0.0724, -0.0837,
         0.0315, -0.0616, -0.0902,  0.0147,  0.0306, -0.1214,  0.0967,  0.0513,
         0.1134, -0.0119,  0.0959,  0.1189,  0.1056,  0.1135,  0.0500, -0.0678,
        -0.0406, -0.0238,  0.0122, -0.0237,  0.0367, -0.0865,  0.0638, -0.0592]), 'rvq_quantizer.project_out.weight': tensor([[ 1.7297e-01, -7.7242e-02,  1.4315e-01,  ..., -9.3891e-03,
          4.6688e-02,  2.6892e-02],
        [-1.2556e-01,  6.1723e-03,  7.3092e-02,  ...,  9.3280e-02,
          1.4586e-01,  1.3955e-01],
        [ 2.5525e-02,  2.4489e-02,  1.1027e-01,  ..., -3.5292e-02,
         -8.5630e-02, -1.7585e-02],
        ...,
        [-1.1142e-01,  1.1344e-01,  1.7359e-03,  ..., -4.1507e-02,
          1.0128e-01, -1.6361e-01],
        [ 8.1643e-03,  1.1110e-02,  1.2083e-01,  ...,  5.7392e-03,
         -1.2658e-01, -8.9246e-05],
        [ 1.1302e-01,  7.6405e-02,  1.5586e-01,  ...,  2.4890e-02,
         -8.8728e-02,  1.3402e-01]]), 'rvq_quantizer.project_out.bias': tensor([ 0.0184,  0.1213,  0.0966,  0.0149, -0.0584,  0.1491, -0.1232, -0.0948,
         0.0769,  0.1567, -0.0673,  0.0828, -0.1253,  0.1187, -0.1478,  0.1035,
         0.0257,  0.1767, -0.1063, -0.0178,  0.0536,  0.1559,  0.0004,  0.0875,
        -0.0399, -0.1251, -0.0878, -0.0239,  0.0587, -0.1121, -0.1483, -0.0791,
         0.0221, -0.0539,  0.1341, -0.0229,  0.1362,  0.0976,  0.0909,  0.1372,
         0.0870,  0.0845,  0.1413, -0.0785, -0.1314, -0.1116, -0.0285, -0.1256,
        -0.0554, -0.1188,  0.0959,  0.1502,  0.0371, -0.1019,  0.0483, -0.0402,
        -0.0204, -0.0946, -0.1328,  0.0166, -0.1202,  0.1196,  0.0317, -0.1710]), 'rvq_quantizer.layers.0._codebook.initted': tensor([1.]), 'rvq_quantizer.layers.0._codebook.cluster_size': tensor([[2.0000, 2.2439, 2.0000,  ..., 2.0629, 2.0000, 2.0000]]), 'rvq_quantizer.layers.0._codebook.embed_avg': tensor([[[-165.1965,   -2.5228,  -93.6275,  ...,  -86.8805, -163.9636,
           -56.0842],
         [-132.2296,  -27.4704,  -34.3357,  ...,  -75.4454,  -85.9598,
            -9.4870],
         [-115.9996,  -35.5969,  -76.8637,  ...,  -27.8680,  -58.2241,
           -27.1201],
         ...,
         [-159.2272,    3.4088,  -80.5581,  ...,  -79.6055, -145.9937,
           -46.4392],
         [-138.8418,  -18.1483,  -81.7842,  ...,  -70.7417, -111.5396,
           -44.2124],
         [-152.4333,    1.9971,  -96.0284,  ...,  -81.8620, -150.4790,
           -55.7612]]]), 'rvq_quantizer.layers.0._codebook.embed': tensor([[[-82.5983,  -1.2614, -46.8137,  ..., -43.4403, -81.9818, -28.0421],
         [-58.9285, -12.2422, -15.3018,  ..., -33.6225, -38.3082,  -4.2279],
         [-57.9998, -17.7985, -38.4319,  ..., -13.9340, -29.1120, -13.5600],
         ...,
         [-77.1861,   1.6525, -39.0509,  ..., -38.5891, -70.7711, -22.5116],
         [-69.4208,  -9.0741, -40.8921,  ..., -35.3708, -55.7697, -22.1062],
         [-76.2166,   0.9985, -48.0142,  ..., -40.9309, -75.2394, -27.8806]]]), 'rvq_quantizer.layers.1._codebook.initted': tensor([1.]), 'rvq_quantizer.layers.1._codebook.cluster_size': tensor([[2.0620, 2.0000, 2.3240,  ..., 2.1000, 2.2800, 2.0000]]), 'rvq_quantizer.layers.1._codebook.embed_avg': tensor([[[-8.1642e-01, -6.4819e+00,  4.6010e+00,  ...,  1.5808e+00,
          -5.6180e+00, -5.3999e+00],
         [ 3.7451e+00,  1.2938e+00, -3.2857e+00,  ...,  2.0778e+00,
           5.9776e+00,  9.4474e-01],
         [-1.1960e+00,  1.2199e+00,  3.1828e+00,  ...,  1.5238e-03,
          -2.0147e+00,  6.8034e-01],
         ...,
         [ 4.4200e+00,  1.4429e+00, -3.3701e+00,  ...,  2.8007e+00,
           6.4476e+00,  9.1944e-01],
         [-8.2797e-01,  5.2884e-01, -5.5605e-01,  ..., -1.2628e-01,
          -7.5496e-01, -2.4773e-01],
         [-1.1630e+01, -6.7670e+00, -6.3535e+00,  ..., -1.1247e+01,
          -4.8887e-01,  9.7706e+00]]]), 'rvq_quantizer.layers.1._codebook.embed': tensor([[[-3.9594e-01, -3.1435e+00,  2.2313e+00,  ...,  7.6665e-01,
          -2.7246e+00, -2.6188e+00],
         [ 1.8726e+00,  6.4692e-01, -1.6429e+00,  ...,  1.0389e+00,
           2.9888e+00,  4.7237e-01],
         [-5.1462e-01,  5.2491e-01,  1.3695e+00,  ...,  6.5567e-04,
          -8.6691e-01,  2.9275e-01],
         ...,
         [ 2.1048e+00,  6.8711e-01, -1.6048e+00,  ...,  1.3337e+00,
           3.0703e+00,  4.3783e-01],
         [-3.6315e-01,  2.3195e-01, -2.4388e-01,  ..., -5.5387e-02,
          -3.3112e-01, -1.0866e-01],
         [-5.8152e+00, -3.3835e+00, -3.1767e+00,  ..., -5.6237e+00,
          -2.4443e-01,  4.8853e+00]]]), 'rvq_quantizer.layers.2._codebook.initted': tensor([1.]), 'rvq_quantizer.layers.2._codebook.cluster_size': tensor([[  2.0000,   2.0000, 216.2530,  ...,   2.2000,   2.1000,   2.3000]]), 'rvq_quantizer.layers.2._codebook.embed_avg': tensor([[[-5.7354e+00, -6.8853e+00,  4.8779e+00,  ..., -1.3076e+00,
           7.4735e-02, -8.7475e+00],
         [-1.0187e+00, -5.1693e-01, -1.3578e+00,  ..., -4.5192e-02,
           4.2631e-01,  7.8662e-01],
         [-1.0842e+01, -7.8968e+00,  8.7405e+00,  ..., -1.7801e+01,
          -2.8419e+01,  5.7149e+00],
         ...,
         [-8.4435e-01,  4.3230e-01, -8.3675e-01,  ...,  1.0054e+00,
          -5.2000e-01, -4.5840e-01],
         [-2.3896e-01, -1.4582e-01, -1.6028e-01,  ..., -4.6781e-01,
           1.8811e-01,  4.6482e-01],
         [ 2.3156e-01, -3.7052e-03, -1.1971e+00,  ...,  5.8173e-01,
          -2.7580e+00, -4.0460e-01]]]), 'rvq_quantizer.layers.2._codebook.embed': tensor([[[-2.8677e+00, -3.4426e+00,  2.4390e+00,  ..., -6.5380e-01,
           3.7368e-02, -4.3737e+00],
         [-5.0937e-01, -2.5847e-01, -6.7889e-01,  ..., -2.2596e-02,
           2.1315e-01,  3.9331e-01],
         [-5.0138e-02, -3.6516e-02,  4.0418e-02,  ..., -8.2318e-02,
          -1.3142e-01,  2.6427e-02],
         ...,
         [-3.8380e-01,  1.9650e-01, -3.8034e-01,  ...,  4.5701e-01,
          -2.3636e-01, -2.0837e-01],
         [-1.1379e-01, -6.9438e-02, -7.6322e-02,  ..., -2.2277e-01,
           8.9575e-02,  2.2134e-01],
         [ 1.0068e-01, -1.6110e-03, -5.2050e-01,  ...,  2.5293e-01,
          -1.1991e+00, -1.7591e-01]]]), 'rvq_quantizer.layers.3._codebook.initted': tensor([1.]), 'rvq_quantizer.layers.3._codebook.cluster_size': tensor([[217.3830,  53.0500,   2.0000,  ...,   3.1200,   2.0000,   2.0000]]), 'rvq_quantizer.layers.3._codebook.embed_avg': tensor([[[-1.0877e+01, -7.9734e+00,  8.7708e+00,  ..., -1.7792e+01,
          -2.8635e+01,  5.7284e+00],
         [-2.6268e-04, -2.8195e-05, -1.5017e-04,  ..., -1.0936e-04,
          -1.8597e-04, -6.4017e-05],
         [-4.1931e-05, -2.0996e-05, -5.0843e-05,  ..., -6.8613e-06,
          -1.7214e-05,  3.2136e-07],
         ...,
         [ 3.8637e-01, -5.5413e-01,  5.4367e-01,  ...,  7.3382e-01,
           2.7162e-01,  9.3710e-02],
         [-3.7126e-01,  1.9395e-01, -3.5545e-01,  ...,  2.3424e-02,
          -3.9152e-01, -1.8397e-01],
         [ 2.4329e-01, -2.0800e-01,  1.6685e-01,  ..., -3.3179e-01,
          -2.2753e-01, -3.3251e-01]]]), 'rvq_quantizer.layers.3._codebook.embed': tensor([[[-5.0034e-02, -3.6679e-02,  4.0347e-02,  ..., -8.1846e-02,
          -1.3173e-01,  2.6352e-02],
         [-4.9516e-06, -5.3147e-07, -2.8308e-06,  ..., -2.0615e-06,
          -3.5056e-06, -1.2067e-06],
         [-2.0966e-05, -1.0498e-05, -2.5421e-05,  ..., -3.4307e-06,
          -8.6069e-06,  1.6068e-07],
         ...,
         [ 1.2384e-01, -1.7761e-01,  1.7425e-01,  ...,  2.3520e-01,
           8.7059e-02,  3.0035e-02],
         [-1.8563e-01,  9.6977e-02, -1.7773e-01,  ...,  1.1712e-02,
          -1.9576e-01, -9.1985e-02],
         [ 1.2165e-01, -1.0400e-01,  8.3423e-02,  ..., -1.6590e-01,
          -1.1376e-01, -1.6625e-01]]])})
Loss:  tensor(2.3042, grad_fn=<MeanBackward0>)
OrderedDict({'rvq_quantizer.project_in.weight': tensor([[ 0.1123,  0.0320, -0.0450,  ...,  0.1083, -0.0613,  0.0830],
        [-0.0007,  0.0301,  0.0586,  ...,  0.0461, -0.0547, -0.0324],
        [ 0.0594, -0.0739,  0.0233,  ..., -0.0870, -0.1202,  0.0586],
        ...,
        [ 0.0612,  0.0034, -0.0758,  ...,  0.0983,  0.0446,  0.0617],
        [ 0.1162, -0.0419, -0.0538,  ..., -0.1202, -0.0991,  0.0334],
        [ 0.0399, -0.0963, -0.0384,  ..., -0.1183, -0.0075, -0.1033]]), 'rvq_quantizer.project_in.bias': tensor([ 0.0007,  0.0028, -0.0392,  0.0722, -0.0533, -0.1061,  0.0724, -0.0837,
         0.0315, -0.0616, -0.0902,  0.0147,  0.0306, -0.1214,  0.0967,  0.0513,
         0.1134, -0.0119,  0.0959,  0.1189,  0.1056,  0.1135,  0.0500, -0.0678,
        -0.0406, -0.0238,  0.0122, -0.0237,  0.0367, -0.0865,  0.0638, -0.0592]), 'rvq_quantizer.project_out.weight': tensor([[ 1.7297e-01, -7.7242e-02,  1.4315e-01,  ..., -9.3891e-03,
          4.6688e-02,  2.6892e-02],
        [-1.2556e-01,  6.1723e-03,  7.3092e-02,  ...,  9.3280e-02,
          1.4586e-01,  1.3955e-01],
        [ 2.5525e-02,  2.4489e-02,  1.1027e-01,  ..., -3.5292e-02,
         -8.5630e-02, -1.7585e-02],
        ...,
        [-1.1142e-01,  1.1344e-01,  1.7359e-03,  ..., -4.1507e-02,
          1.0128e-01, -1.6361e-01],
        [ 8.1643e-03,  1.1110e-02,  1.2083e-01,  ...,  5.7392e-03,
         -1.2658e-01, -8.9246e-05],
        [ 1.1302e-01,  7.6405e-02,  1.5586e-01,  ...,  2.4890e-02,
         -8.8728e-02,  1.3402e-01]]), 'rvq_quantizer.project_out.bias': tensor([ 0.0184,  0.1213,  0.0966,  0.0149, -0.0584,  0.1491, -0.1232, -0.0948,
         0.0769,  0.1567, -0.0673,  0.0828, -0.1253,  0.1187, -0.1478,  0.1035,
         0.0257,  0.1767, -0.1063, -0.0178,  0.0536,  0.1559,  0.0004,  0.0875,
        -0.0399, -0.1251, -0.0878, -0.0239,  0.0587, -0.1121, -0.1483, -0.0791,
         0.0221, -0.0539,  0.1341, -0.0229,  0.1362,  0.0976,  0.0909,  0.1372,
         0.0870,  0.0845,  0.1413, -0.0785, -0.1314, -0.1116, -0.0285, -0.1256,
        -0.0554, -0.1188,  0.0959,  0.1502,  0.0371, -0.1019,  0.0483, -0.0402,
        -0.0204, -0.0946, -0.1328,  0.0166, -0.1202,  0.1196,  0.0317, -0.1710]), 'rvq_quantizer.layers.0._codebook.initted': tensor([1.]), 'rvq_quantizer.layers.0._codebook.cluster_size': tensor([[2.0000, 2.3195, 2.0000,  ..., 2.0000, 2.0000, 2.0000]]), 'rvq_quantizer.layers.0._codebook.embed_avg': tensor([[[-107.1973,  -25.3854,  -94.7070,  ...,  -55.2065,  -77.3454,
           -26.0577],
         [-136.7616,  -28.4268,  -35.3413,  ...,  -77.8910,  -88.5054,
            -9.7192],
         [-116.9089,  -21.9324,  -50.3970,  ...,  -53.7288,  -72.5174,
            -9.6229],
         ...,
         [-140.9949,  -21.6992,  -77.7301,  ...,  -42.0275,  -76.7648,
           -25.7331],
         [-121.0559,  -28.1802,  -63.4961,  ...,  -35.7142,  -56.8891,
            -7.5789],
         [-152.4427,    2.0841,  -95.8512,  ...,  -81.7983, -150.5727,
           -55.7434]]]), 'rvq_quantizer.layers.0._codebook.embed': tensor([[[-53.5986, -12.6927, -47.3535,  ..., -27.6033, -38.6727, -13.0288],
         [-58.9614, -12.2555, -15.2365,  ..., -33.5808, -38.1570,  -4.1902],
         [-58.4545, -10.9662, -25.1985,  ..., -26.8644, -36.2587,  -4.8115],
         ...,
         [-70.4975, -10.8496, -38.8650,  ..., -21.0138, -38.3824, -12.8666],
         [-60.5280, -14.0901, -31.7480,  ..., -17.8571, -28.4445,  -3.7895],
         [-76.2213,   1.0421, -47.9255,  ..., -40.8991, -75.2863, -27.8717]]]), 'rvq_quantizer.layers.1._codebook.initted': tensor([1.]), 'rvq_quantizer.layers.1._codebook.cluster_size': tensor([[2.0000, 2.0000, 2.5916,  ..., 2.2900, 2.4520, 2.0000]]), 'rvq_quantizer.layers.1._codebook.embed_avg': tensor([[[-1.2550, -1.7233,  3.6289,  ..., -0.4472,  3.0013, -1.2726],
         [-0.8918, -2.8310,  0.0204,  ..., -2.1225,  2.4127,  3.3359],
         [-2.4909,  1.1924,  3.5456,  ..., -0.4716, -2.3397,  0.3108],
         ...,
         [ 4.9909,  2.1506, -2.8001,  ...,  4.0170,  7.0224,  0.8019],
         [-1.0068,  0.6079, -0.7213,  ..., -0.1637, -0.9032, -0.3344],
         [ 0.0000,  0.0000,  0.0000,  ...,  0.0000,  0.0000,  0.0000]]]), 'rvq_quantizer.layers.1._codebook.embed': tensor([[[-0.6275, -0.8616,  1.8144,  ..., -0.2236,  1.5007, -0.6363],
         [-0.4459, -1.4155,  0.0102,  ..., -1.0612,  1.2063,  1.6679],
         [-0.9611,  0.4601,  1.3681,  ..., -0.1820, -0.9028,  0.1199],
         ...,
         [ 2.1794,  0.9391, -1.2227,  ...,  1.7542,  3.0666,  0.3502],
         [-0.4106,  0.2479, -0.2942,  ..., -0.0668, -0.3684, -0.1364],
         [ 0.0000,  0.0000,  0.0000,  ...,  0.0000,  0.0000,  0.0000]]]), 'rvq_quantizer.layers.2._codebook.initted': tensor([1.]), 'rvq_quantizer.layers.2._codebook.cluster_size': tensor([[  2.0000,   2.0000, 195.1277,  ...,   2.2800,   2.1900,   2.4700]]), 'rvq_quantizer.layers.2._codebook.embed_avg': tensor([[[ -0.1695,  -0.5689,  -0.6545,  ...,  -1.1865,  -1.4795,  -0.0746],
         [ -1.0513,  -0.5853,  -1.3158,  ...,  -0.0659,   0.6224,   0.8349],
         [ -9.7522,  -7.1320,   7.8921,  ..., -16.0303, -25.6260,   5.1784],
         ...,
         [ -0.9846,   0.3681,  -0.9098,  ...,   1.1103,  -0.6168,  -0.5047],
         [ -0.2541,  -0.1449,  -0.1861,  ...,  -0.4680,   0.1826,   0.4831],
         [  0.3298,  -0.0424,  -1.3677,  ...,   0.5335,  -3.1133,  -0.3961]]]), 'rvq_quantizer.layers.2._codebook.embed': tensor([[[-0.0847, -0.2845, -0.3273,  ..., -0.5932, -0.7398, -0.0373],
         [-0.5257, -0.2927, -0.6579,  ..., -0.0330,  0.3112,  0.4175],
         [-0.0500, -0.0366,  0.0404,  ..., -0.0822, -0.1313,  0.0265],
         ...,
         [-0.4318,  0.1614, -0.3991,  ...,  0.4870, -0.2705, -0.2213],
         [-0.1160, -0.0662, -0.0850,  ..., -0.2137,  0.0834,  0.2206],
         [ 0.1335, -0.0171, -0.5537,  ...,  0.2160, -1.2605, -0.1604]]]), 'rvq_quantizer.layers.3._codebook.initted': tensor([1.]), 'rvq_quantizer.layers.3._codebook.cluster_size': tensor([[195.9447,  72.5450,   2.0000,  ...,   2.9080,   2.0000,   2.0000]]), 'rvq_quantizer.layers.3._codebook.embed_avg': tensor([[[-9.8104e+00, -7.1693e+00,  7.8752e+00,  ..., -1.6030e+01,
          -2.5841e+01,  5.1675e+00],
         [-1.2838e-04, -5.6776e-05, -9.2963e-05,  ..., -4.5702e-05,
          -1.1119e-04, -3.4485e-05],
         [-4.5524e-01,  1.6534e+00,  3.1764e+00,  ..., -2.8795e-01,
           1.3994e+00, -1.4413e+00],
         ...,
         [ 3.1596e-01, -4.8665e-01,  5.2143e-01,  ...,  6.7524e-01,
           2.5317e-01,  1.4607e-01],
         [-3.8064e-01,  1.8202e-01, -3.2357e-01,  ..., -7.6738e-03,
          -3.9212e-01, -1.4242e-01],
         [ 2.6210e-01, -1.9400e-01,  2.0384e-01,  ..., -3.1841e-01,
          -2.4973e-01, -3.8226e-01]]]), 'rvq_quantizer.layers.3._codebook.embed': tensor([[[-5.0067e-02, -3.6589e-02,  4.0191e-02,  ..., -8.1809e-02,
          -1.3188e-01,  2.6372e-02],
         [-1.7697e-06, -7.8263e-07, -1.2815e-06,  ..., -6.2998e-07,
          -1.5328e-06, -4.7537e-07],
         [-2.2762e-01,  8.2669e-01,  1.5882e+00,  ..., -1.4397e-01,
           6.9972e-01, -7.2066e-01],
         ...,
         [ 1.0865e-01, -1.6735e-01,  1.7931e-01,  ...,  2.3220e-01,
           8.7058e-02,  5.0231e-02],
         [-1.9032e-01,  9.1010e-02, -1.6178e-01,  ..., -3.8369e-03,
          -1.9606e-01, -7.1209e-02],
         [ 1.3105e-01, -9.7002e-02,  1.0192e-01,  ..., -1.5920e-01,
          -1.2487e-01, -1.9113e-01]]])})
Loss:  tensor(2.1937, grad_fn=<MeanBackward0>)
OrderedDict({'rvq_quantizer.project_in.weight': tensor([[ 0.1123,  0.0320, -0.0450,  ...,  0.1083, -0.0613,  0.0830],
        [-0.0007,  0.0301,  0.0586,  ...,  0.0461, -0.0547, -0.0324],
        [ 0.0594, -0.0739,  0.0233,  ..., -0.0870, -0.1202,  0.0586],
        ...,
        [ 0.0612,  0.0034, -0.0758,  ...,  0.0983,  0.0446,  0.0617],
        [ 0.1162, -0.0419, -0.0538,  ..., -0.1202, -0.0991,  0.0334],
        [ 0.0399, -0.0963, -0.0384,  ..., -0.1183, -0.0075, -0.1033]]), 'rvq_quantizer.project_in.bias': tensor([ 0.0007,  0.0028, -0.0392,  0.0722, -0.0533, -0.1061,  0.0724, -0.0837,
         0.0315, -0.0616, -0.0902,  0.0147,  0.0306, -0.1214,  0.0967,  0.0513,
         0.1134, -0.0119,  0.0959,  0.1189,  0.1056,  0.1135,  0.0500, -0.0678,
        -0.0406, -0.0238,  0.0122, -0.0237,  0.0367, -0.0865,  0.0638, -0.0592]), 'rvq_quantizer.project_out.weight': tensor([[ 1.7297e-01, -7.7242e-02,  1.4315e-01,  ..., -9.3891e-03,
          4.6688e-02,  2.6892e-02],
        [-1.2556e-01,  6.1723e-03,  7.3092e-02,  ...,  9.3280e-02,
          1.4586e-01,  1.3955e-01],
        [ 2.5525e-02,  2.4489e-02,  1.1027e-01,  ..., -3.5292e-02,
         -8.5630e-02, -1.7585e-02],
        ...,
        [-1.1142e-01,  1.1344e-01,  1.7359e-03,  ..., -4.1507e-02,
          1.0128e-01, -1.6361e-01],
        [ 8.1643e-03,  1.1110e-02,  1.2083e-01,  ...,  5.7392e-03,
         -1.2658e-01, -8.9246e-05],
        [ 1.1302e-01,  7.6405e-02,  1.5586e-01,  ...,  2.4890e-02,
         -8.8728e-02,  1.3402e-01]]), 'rvq_quantizer.project_out.bias': tensor([ 0.0184,  0.1213,  0.0966,  0.0149, -0.0584,  0.1491, -0.1232, -0.0948,
         0.0769,  0.1567, -0.0673,  0.0828, -0.1253,  0.1187, -0.1478,  0.1035,
         0.0257,  0.1767, -0.1063, -0.0178,  0.0536,  0.1559,  0.0004,  0.0875,
        -0.0399, -0.1251, -0.0878, -0.0239,  0.0587, -0.1121, -0.1483, -0.0791,
         0.0221, -0.0539,  0.1341, -0.0229,  0.1362,  0.0976,  0.0909,  0.1372,
         0.0870,  0.0845,  0.1413, -0.0785, -0.1314, -0.1116, -0.0285, -0.1256,
        -0.0554, -0.1188,  0.0959,  0.1502,  0.0371, -0.1019,  0.0483, -0.0402,
        -0.0204, -0.0946, -0.1328,  0.0166, -0.1202,  0.1196,  0.0317, -0.1710]), 'rvq_quantizer.layers.0._codebook.initted': tensor([1.]), 'rvq_quantizer.layers.0._codebook.cluster_size': tensor([[2.0000, 2.4876, 2.0000,  ..., 2.0000, 2.0000, 2.1000]]), 'rvq_quantizer.layers.0._codebook.embed_avg': tensor([[[-152.7491,  -11.6523,  -92.3832,  ...,  -80.6424, -138.2708,
           -52.6598],
         [-146.7064,  -30.3126,  -37.6504,  ...,  -82.4440,  -94.5418,
           -11.0102],
         [-116.6120,  -22.1315,  -50.7572,  ...,  -53.1178,  -72.5616,
            -9.8038],
         ...,
         [-134.2035,  -18.8095, -105.1747,  ...,  -51.9934,  -93.8233,
           -49.7528],
         [-133.1639,   -5.6838,  -69.9454,  ...,  -63.0628,  -85.4553,
           -24.4703],
         [-160.2320,    2.2195, -100.4514,  ...,  -86.0683, -158.0389,
           -58.4492]]]), 'rvq_quantizer.layers.0._codebook.embed': tensor([[[-76.3745,  -5.8261, -46.1916,  ..., -40.3212, -69.1354, -26.3299],
         [-58.9761, -12.1857, -15.1355,  ..., -33.1425, -38.0058,  -4.4261],
         [-58.3059, -11.0657, -25.3786,  ..., -26.5589, -36.2808,  -4.9019],
         ...,
         [-67.1017,  -9.4047, -52.5874,  ..., -25.9967, -46.9117, -24.8764],
         [-66.5819,  -2.8419, -34.9727,  ..., -31.5314, -42.7277, -12.2351],
         [-76.3009,   1.0569, -47.8340,  ..., -40.9849, -75.2566, -27.8329]]]), 'rvq_quantizer.layers.1._codebook.initted': tensor([1.]), 'rvq_quantizer.layers.1._codebook.cluster_size': tensor([[2.0000, 2.0000, 2.8324,  ..., 2.4610, 2.4068, 2.0000]]), 'rvq_quantizer.layers.1._codebook.embed_avg': tensor([[[-1.9978e+00, -4.8129e-01,  3.5797e+00,  ...,  2.1205e+00,
          -5.7821e+00,  1.5612e+00],
         [-1.3268e+00,  2.6595e+00,  2.9142e+00,  ...,  1.9428e+00,
          -7.3805e-01,  3.7844e+00],
         [-3.2616e+00,  1.9120e+00,  4.0164e+00,  ..., -8.8738e-01,
          -2.2766e+00, -6.0700e-03],
         ...,
         [ 5.5051e+00,  2.3602e+00, -2.5170e+00,  ...,  5.3718e+00,
           7.8442e+00,  8.5175e-01],
         [-1.0802e+00,  6.0948e-01, -7.7117e-01,  ..., -2.7713e-01,
          -9.3902e-01, -5.0571e-01],
         [ 1.4191e-01,  1.5647e-01,  2.5856e+00,  ..., -1.2125e+00,
          -4.2992e-01, -1.7279e+00]]]), 'rvq_quantizer.layers.1._codebook.embed': tensor([[[-9.9891e-01, -2.4065e-01,  1.7898e+00,  ...,  1.0603e+00,
          -2.8910e+00,  7.8062e-01],
         [-6.6339e-01,  1.3297e+00,  1.4571e+00,  ...,  9.7142e-01,
          -3.6903e-01,  1.8922e+00],
         [-1.1515e+00,  6.7504e-01,  1.4180e+00,  ..., -3.1329e-01,
          -8.0376e-01, -2.1430e-03],
         ...,
         [ 2.2369e+00,  9.5906e-01, -1.0228e+00,  ...,  2.1828e+00,
           3.1874e+00,  3.4610e-01],
         [-4.4883e-01,  2.5323e-01, -3.2041e-01,  ..., -1.1514e-01,
          -3.9015e-01, -2.1012e-01],
         [ 7.0953e-02,  7.8233e-02,  1.2928e+00,  ..., -6.0627e-01,
          -2.1496e-01, -8.6396e-01]]]), 'rvq_quantizer.layers.2._codebook.initted': tensor([1.]), 'rvq_quantizer.layers.2._codebook.cluster_size': tensor([[  2.0000,   2.0000, 175.8149,  ...,   2.3520,   2.0000,   2.5230]]), 'rvq_quantizer.layers.2._codebook.embed_avg': tensor([[[ 0.0000e+00,  0.0000e+00,  0.0000e+00,  ...,  0.0000e+00,
           0.0000e+00,  0.0000e+00],
         [ 1.6184e-01, -4.1661e-01, -1.1796e+00,  ...,  6.4549e-01,
          -3.9354e-01, -1.2670e+00],
         [-8.7960e+00, -6.4529e+00,  7.1050e+00,  ..., -1.4429e+01,
          -2.3093e+01,  4.6733e+00],
         ...,
         [-1.0959e+00,  4.4988e-01, -1.0459e+00,  ...,  1.0700e+00,
          -6.0765e-01, -5.8863e-01],
         [-1.3556e-01,  3.4451e-01,  7.0047e-01,  ...,  3.3687e-01,
           9.7955e-01,  4.8103e-01],
         [ 3.8530e-01, -1.9699e-02, -1.5223e+00,  ...,  4.8375e-01,
          -3.4405e+00, -4.5067e-01]]]), 'rvq_quantizer.layers.2._codebook.embed': tensor([[[ 0.0000,  0.0000,  0.0000,  ...,  0.0000,  0.0000,  0.0000],
         [ 0.0809, -0.2083, -0.5898,  ...,  0.3227, -0.1968, -0.6335],
         [-0.0500, -0.0367,  0.0404,  ..., -0.0821, -0.1314,  0.0266],
         ...,
         [-0.4659,  0.1913, -0.4447,  ...,  0.4549, -0.2584, -0.2503],
         [-0.0678,  0.1723,  0.3502,  ...,  0.1684,  0.4898,  0.2405],
         [ 0.1527, -0.0078, -0.6034,  ...,  0.1917, -1.3637, -0.1786]]]), 'rvq_quantizer.layers.3._codebook.initted': tensor([1.]), 'rvq_quantizer.layers.3._codebook.cluster_size': tensor([[176.5502,  92.9905,   2.0000,  ...,   2.8172,   2.0000,   2.0000]]), 'rvq_quantizer.layers.3._codebook.embed_avg': tensor([[[-8.8369e+00, -6.4498e+00,  7.0809e+00,  ..., -1.4456e+01,
          -2.3291e+01,  4.6765e+00],
         [-3.1896e-04, -4.4240e-05,  4.2683e-04,  ..., -1.6720e-04,
          -6.4217e-05,  2.8978e-04],
         [-7.8354e-01,  8.5289e-02, -1.0087e-02,  ...,  1.2414e-01,
           7.9974e-02, -9.5379e-02],
         ...,
         [ 2.8595e-01, -4.3044e-01,  4.7985e-01,  ...,  7.9940e-01,
           5.7543e-02,  2.5292e-01],
         [ 6.2412e-02,  2.0418e-01, -8.9129e-02,  ..., -1.6212e-02,
           1.0380e-01, -4.1143e-02],
         [ 3.0030e-01, -1.9707e-01,  2.6476e-01,  ..., -3.2412e-01,
          -2.7272e-01, -4.4209e-01]]]), 'rvq_quantizer.layers.3._codebook.embed': tensor([[[-5.0054e-02, -3.6532e-02,  4.0107e-02,  ..., -8.1879e-02,
          -1.3192e-01,  2.6488e-02],
         [-3.4300e-06, -4.7575e-07,  4.5900e-06,  ..., -1.7981e-06,
          -6.9058e-07,  3.1163e-06],
         [-3.9177e-01,  4.2645e-02, -5.0434e-03,  ...,  6.2070e-02,
           3.9987e-02, -4.7690e-02],
         ...,
         [ 1.0150e-01, -1.5279e-01,  1.7033e-01,  ...,  2.8376e-01,
           2.0426e-02,  8.9775e-02],
         [ 3.1206e-02,  1.0209e-01, -4.4565e-02,  ..., -8.1060e-03,
           5.1899e-02, -2.0572e-02],
         [ 1.5015e-01, -9.8534e-02,  1.3238e-01,  ..., -1.6206e-01,
          -1.3636e-01, -2.2105e-01]]])})
Loss:  tensor(2.1179, grad_fn=<MeanBackward0>)
OrderedDict({'rvq_quantizer.project_in.weight': tensor([[ 0.1123,  0.0320, -0.0450,  ...,  0.1083, -0.0613,  0.0830],
        [-0.0007,  0.0301,  0.0586,  ...,  0.0461, -0.0547, -0.0324],
        [ 0.0594, -0.0739,  0.0233,  ..., -0.0870, -0.1202,  0.0586],
        ...,
        [ 0.0612,  0.0034, -0.0758,  ...,  0.0983,  0.0446,  0.0617],
        [ 0.1162, -0.0419, -0.0538,  ..., -0.1202, -0.0991,  0.0334],
        [ 0.0399, -0.0963, -0.0384,  ..., -0.1183, -0.0075, -0.1033]]), 'rvq_quantizer.project_in.bias': tensor([ 0.0007,  0.0028, -0.0392,  0.0722, -0.0533, -0.1061,  0.0724, -0.0837,
         0.0315, -0.0616, -0.0902,  0.0147,  0.0306, -0.1214,  0.0967,  0.0513,
         0.1134, -0.0119,  0.0959,  0.1189,  0.1056,  0.1135,  0.0500, -0.0678,
        -0.0406, -0.0238,  0.0122, -0.0237,  0.0367, -0.0865,  0.0638, -0.0592]), 'rvq_quantizer.project_out.weight': tensor([[ 1.7297e-01, -7.7242e-02,  1.4315e-01,  ..., -9.3891e-03,
          4.6688e-02,  2.6892e-02],
        [-1.2556e-01,  6.1723e-03,  7.3092e-02,  ...,  9.3280e-02,
          1.4586e-01,  1.3955e-01],
        [ 2.5525e-02,  2.4489e-02,  1.1027e-01,  ..., -3.5292e-02,
         -8.5630e-02, -1.7585e-02],
        ...,
        [-1.1142e-01,  1.1344e-01,  1.7359e-03,  ..., -4.1507e-02,
          1.0128e-01, -1.6361e-01],
        [ 8.1643e-03,  1.1110e-02,  1.2083e-01,  ...,  5.7392e-03,
         -1.2658e-01, -8.9246e-05],
        [ 1.1302e-01,  7.6405e-02,  1.5586e-01,  ...,  2.4890e-02,
         -8.8728e-02,  1.3402e-01]]), 'rvq_quantizer.project_out.bias': tensor([ 0.0184,  0.1213,  0.0966,  0.0149, -0.0584,  0.1491, -0.1232, -0.0948,
         0.0769,  0.1567, -0.0673,  0.0828, -0.1253,  0.1187, -0.1478,  0.1035,
         0.0257,  0.1767, -0.1063, -0.0178,  0.0536,  0.1559,  0.0004,  0.0875,
        -0.0399, -0.1251, -0.0878, -0.0239,  0.0587, -0.1121, -0.1483, -0.0791,
         0.0221, -0.0539,  0.1341, -0.0229,  0.1362,  0.0976,  0.0909,  0.1372,
         0.0870,  0.0845,  0.1413, -0.0785, -0.1314, -0.1116, -0.0285, -0.1256,
        -0.0554, -0.1188,  0.0959,  0.1502,  0.0371, -0.1019,  0.0483, -0.0402,
        -0.0204, -0.0946, -0.1328,  0.0166, -0.1202,  0.1196,  0.0317, -0.1710]), 'rvq_quantizer.layers.0._codebook.initted': tensor([1.]), 'rvq_quantizer.layers.0._codebook.cluster_size': tensor([[2.0000, 2.5388, 2.0000,  ..., 2.0000, 2.0000, 2.1900]]), 'rvq_quantizer.layers.0._codebook.embed_avg': tensor([[[-141.5784,  -25.4439,  -86.0997,  ...,  -56.4309,  -58.8331,
           -22.5398],
         [-149.8159,  -30.8075,  -38.1632,  ...,  -83.1474,  -96.1669,
           -11.7439],
         [-154.5353,    3.6910,  -85.0949,  ...,  -88.2095, -160.6613,
           -55.8652],
         ...,
         [-133.7048,  -18.6596, -104.7841,  ...,  -52.1010,  -93.6722,
           -49.4328],
         [-101.7398,  -29.0660,  -49.1717,  ...,  -45.4734,  -47.3691,
            -4.9117],
         [-167.2423,    2.3414, -104.5916,  ...,  -89.9113, -164.7585,
           -60.8844]]]), 'rvq_quantizer.layers.0._codebook.embed': tensor([[[-70.7892, -12.7220, -43.0499,  ..., -28.2154, -29.4165, -11.2699],
         [-59.0105, -12.1347, -15.0320,  ..., -32.7506, -37.8788,  -4.6258],
         [-77.2677,   1.8455, -42.5475,  ..., -44.1047, -80.3307, -27.9326],
         ...,
         [-66.8523,  -9.3298, -52.3920,  ..., -26.0504, -46.8360, -24.7164],
         [-50.8699, -14.5330, -24.5858,  ..., -22.7367, -23.6846,  -2.4559],
         [-76.3663,   1.0691, -47.7587,  ..., -41.0554, -75.2322, -27.8011]]]), 'rvq_quantizer.layers.1._codebook.initted': tensor([1.]), 'rvq_quantizer.layers.1._codebook.cluster_size': tensor([[2.0000, 2.0000, 3.1492,  ..., 2.7149, 2.3661, 2.0000]]), 'rvq_quantizer.layers.1._codebook.embed_avg': tensor([[[ 1.8676, -0.9898, -2.2517,  ..., -3.6896,  1.5118, -1.6884],
         [-1.5537,  2.6689,  2.7073,  ...,  1.9992, -0.9488,  3.7592],
         [-4.2265,  2.1769,  4.5871,  ..., -1.3484, -2.2599, -0.3674],
         ...,
         [ 5.8910,  2.6115, -2.4454,  ...,  6.4202,  8.8813,  0.8704],
         [-1.1731,  0.6342, -0.8351,  ..., -0.3792, -0.9880, -0.6921],
         [ 6.8014, -3.6691, -4.7816,  ...,  8.9974,  6.0472, -2.2365]]]), 'rvq_quantizer.layers.1._codebook.embed': tensor([[[ 0.9338, -0.4949, -1.1259,  ..., -1.8448,  0.7559, -0.8442],
         [-0.7769,  1.3345,  1.3537,  ...,  0.9996, -0.4744,  1.8796],
         [-1.3421,  0.6913,  1.4566,  ..., -0.4282, -0.7176, -0.1167],
         ...,
         [ 2.1699,  0.9619, -0.9007,  ...,  2.3648,  3.2713,  0.3206],
         [-0.4958,  0.2680, -0.3529,  ..., -0.1603, -0.4175, -0.2925],
         [ 3.4007, -1.8346, -2.3908,  ...,  4.4987,  3.0236, -1.1183]]]), 'rvq_quantizer.layers.2._codebook.initted': tensor([1.]), 'rvq_quantizer.layers.2._codebook.cluster_size': tensor([[ 28.8000,   2.1000, 158.4334,  ...,   2.4168,   2.0000,   2.6707]]), 'rvq_quantizer.layers.2._codebook.embed_avg': tensor([[[-1.2733e-04, -1.5189e-05, -6.7300e-05,  ..., -5.1312e-05,
          -7.6776e-05, -2.6949e-05],
         [ 2.9348e-02, -5.7018e-01, -1.2668e+00,  ...,  6.7537e-01,
          -3.9435e-01, -1.4676e+00],
         [-7.9670e+00, -5.8144e+00,  6.3861e+00,  ..., -1.3020e+01,
          -2.0824e+01,  4.2267e+00],
         ...,
         [-1.2177e+00,  6.8637e-01, -1.2456e+00,  ...,  1.0135e+00,
          -7.0362e-01, -7.6116e-01],
         [ 2.5840e+00, -1.9016e+00, -8.3585e-01,  ...,  7.9699e-01,
          -9.0282e-01,  6.1627e-01],
         [ 5.5602e-01, -7.2576e-02, -1.8812e+00,  ...,  5.0053e-01,
          -3.8358e+00, -4.5852e-01]]]), 'rvq_quantizer.layers.2._codebook.embed': tensor([[[-4.4213e-06, -5.2738e-07, -2.3368e-06,  ..., -1.7817e-06,
          -2.6659e-06, -9.3572e-07],
         [ 1.3975e-02, -2.7152e-01, -6.0322e-01,  ...,  3.2160e-01,
          -1.8779e-01, -6.9885e-01],
         [-5.0286e-02, -3.6700e-02,  4.0308e-02,  ..., -8.2183e-02,
          -1.3144e-01,  2.6678e-02],
         ...,
         [-5.0385e-01,  2.8400e-01, -5.1539e-01,  ...,  4.1936e-01,
          -2.9114e-01, -3.1494e-01],
         [ 1.2920e+00, -9.5079e-01, -4.1792e-01,  ...,  3.9850e-01,
          -4.5141e-01,  3.0814e-01],
         [ 2.0819e-01, -2.7175e-02, -7.0438e-01,  ...,  1.8742e-01,
          -1.4363e+00, -1.7169e-01]]]), 'rvq_quantizer.layers.3._codebook.initted': tensor([1.]), 'rvq_quantizer.layers.3._codebook.cluster_size': tensor([[159.1952, 110.6915,   2.0000,  ...,   2.6355,   2.0000,   2.1000]]), 'rvq_quantizer.layers.3._codebook.embed_avg': tensor([[[-7.9690e+00, -5.8181e+00,  6.3876e+00,  ..., -1.3058e+01,
          -2.0991e+01,  4.2417e+00],
         [-4.1439e-04, -5.5004e-05,  3.1684e-04,  ..., -2.0179e-04,
          -1.3457e-04,  2.3386e-04],
         [-2.4662e+00, -1.7751e+00, -5.5070e-02,  ...,  7.1174e+00,
          -2.9107e+00, -1.3010e+00],
         ...,
         [ 2.5423e-01, -4.0791e-01,  4.4418e-01,  ...,  7.4579e-01,
           4.4169e-02,  2.1780e-01],
         [ 4.0344e-01, -3.8022e-01,  1.4251e-01,  ...,  2.5845e-01,
           3.3278e-01,  2.3932e-01],
         [ 3.1637e-01, -2.2296e-01,  3.8703e-01,  ..., -3.9177e-01,
          -2.9160e-01, -4.7593e-01]]]), 'rvq_quantizer.layers.3._codebook.embed': tensor([[[-5.0058e-02, -3.6547e-02,  4.0124e-02,  ..., -8.2023e-02,
          -1.3186e-01,  2.6645e-02],
         [-3.7437e-06, -4.9692e-07,  2.8624e-06,  ..., -1.8230e-06,
          -1.2157e-06,  2.1127e-06],
         [-1.2331e+00, -8.8757e-01, -2.7535e-02,  ...,  3.5587e+00,
          -1.4554e+00, -6.5050e-01],
         ...,
         [ 9.6465e-02, -1.5477e-01,  1.6854e-01,  ...,  2.8298e-01,
           1.6760e-02,  8.2641e-02],
         [ 2.0172e-01, -1.9011e-01,  7.1254e-02,  ...,  1.2922e-01,
           1.6639e-01,  1.1966e-01],
         [ 1.5065e-01, -1.0617e-01,  1.8430e-01,  ..., -1.8655e-01,
          -1.3886e-01, -2.2663e-01]]])})
Loss:  tensor(2.0586, grad_fn=<MeanBackward0>)
OrderedDict({'rvq_quantizer.project_in.weight': tensor([[ 0.1123,  0.0320, -0.0450,  ...,  0.1083, -0.0613,  0.0830],
        [-0.0007,  0.0301,  0.0586,  ...,  0.0461, -0.0547, -0.0324],
        [ 0.0594, -0.0739,  0.0233,  ..., -0.0870, -0.1202,  0.0586],
        ...,
        [ 0.0612,  0.0034, -0.0758,  ...,  0.0983,  0.0446,  0.0617],
        [ 0.1162, -0.0419, -0.0538,  ..., -0.1202, -0.0991,  0.0334],
        [ 0.0399, -0.0963, -0.0384,  ..., -0.1183, -0.0075, -0.1033]]), 'rvq_quantizer.project_in.bias': tensor([ 0.0007,  0.0028, -0.0392,  0.0722, -0.0533, -0.1061,  0.0724, -0.0837,
         0.0315, -0.0616, -0.0902,  0.0147,  0.0306, -0.1214,  0.0967,  0.0513,
         0.1134, -0.0119,  0.0959,  0.1189,  0.1056,  0.1135,  0.0500, -0.0678,
        -0.0406, -0.0238,  0.0122, -0.0237,  0.0367, -0.0865,  0.0638, -0.0592]), 'rvq_quantizer.project_out.weight': tensor([[ 1.7297e-01, -7.7242e-02,  1.4315e-01,  ..., -9.3891e-03,
          4.6688e-02,  2.6892e-02],
        [-1.2556e-01,  6.1723e-03,  7.3092e-02,  ...,  9.3280e-02,
          1.4586e-01,  1.3955e-01],
        [ 2.5525e-02,  2.4489e-02,  1.1027e-01,  ..., -3.5292e-02,
         -8.5630e-02, -1.7585e-02],
        ...,
        [-1.1142e-01,  1.1344e-01,  1.7359e-03,  ..., -4.1507e-02,
          1.0128e-01, -1.6361e-01],
        [ 8.1643e-03,  1.1110e-02,  1.2083e-01,  ...,  5.7392e-03,
         -1.2658e-01, -8.9246e-05],
        [ 1.1302e-01,  7.6405e-02,  1.5586e-01,  ...,  2.4890e-02,
         -8.8728e-02,  1.3402e-01]]), 'rvq_quantizer.project_out.bias': tensor([ 0.0184,  0.1213,  0.0966,  0.0149, -0.0584,  0.1491, -0.1232, -0.0948,
         0.0769,  0.1567, -0.0673,  0.0828, -0.1253,  0.1187, -0.1478,  0.1035,
         0.0257,  0.1767, -0.1063, -0.0178,  0.0536,  0.1559,  0.0004,  0.0875,
        -0.0399, -0.1251, -0.0878, -0.0239,  0.0587, -0.1121, -0.1483, -0.0791,
         0.0221, -0.0539,  0.1341, -0.0229,  0.1362,  0.0976,  0.0909,  0.1372,
         0.0870,  0.0845,  0.1413, -0.0785, -0.1314, -0.1116, -0.0285, -0.1256,
        -0.0554, -0.1188,  0.0959,  0.1502,  0.0371, -0.1019,  0.0483, -0.0402,
        -0.0204, -0.0946, -0.1328,  0.0166, -0.1202,  0.1196,  0.0317, -0.1710]), 'rvq_quantizer.layers.0._codebook.initted': tensor([1.]), 'rvq_quantizer.layers.0._codebook.cluster_size': tensor([[2.0000, 2.6849, 2.0000,  ..., 2.0000, 2.0000, 2.1710]]), 'rvq_quantizer.layers.0._codebook.embed_avg': tensor([[[-105.7225,  -21.1659,  -47.6895,  ...,  -27.6245,  -59.0602,
             1.3683],
         [-158.4553,  -32.4552,  -40.1901,  ...,  -87.1748, -101.4371,
           -12.8324],
         [-154.4170,    3.7548,  -85.1498,  ...,  -88.1572, -160.6662,
           -55.9108],
         ...,
         [-133.2559,  -18.5248, -104.4325,  ...,  -52.1978,  -93.5361,
           -49.1447],
         [-101.7156,  -28.9472,  -48.8898,  ...,  -45.3507,  -46.7294,
            -4.4081],
         [-165.8874,    2.2731, -103.7023,  ...,  -89.2919, -163.2180,
           -60.3196]]]), 'rvq_quantizer.layers.0._codebook.embed': tensor([[[-52.8613, -10.5829, -23.8448,  ..., -13.8123, -29.5301,   0.6842],
         [-59.0167, -12.0879, -14.9688,  ..., -32.4683, -37.7803,  -4.7794],
         [-77.2084,   1.8774, -42.5749,  ..., -44.0786, -80.3330, -27.9554],
         ...,
         [-66.6279,  -9.2624, -52.2162,  ..., -26.0988, -46.7680, -24.5723],
         [-50.8577, -14.4736, -24.4449,  ..., -22.6753, -23.3647,  -2.2040],
         [-76.4105,   1.0470, -47.7670,  ..., -41.1294, -75.1810, -27.7842]]]), 'rvq_quantizer.layers.1._codebook.initted': tensor([1.]), 'rvq_quantizer.layers.1._codebook.cluster_size': tensor([[2.0000, 2.0000, 3.2343,  ..., 3.0434, 2.3295, 2.0000]]), 'rvq_quantizer.layers.1._codebook.embed_avg': tensor([[[ 1.2685,  0.7320,  3.7905,  ...,  1.7726,  1.6557, -1.3590],
         [-1.7615,  2.6785,  2.5383,  ...,  2.0636, -1.1378,  3.7492],
         [-4.7532,  2.4714,  4.7828,  ..., -1.5968, -2.0219, -0.8292],
         ...,
         [ 6.5541,  2.5338, -3.1863,  ...,  8.0943, 10.0318,  1.3406],
         [-1.2719,  0.6776, -0.9000,  ..., -0.4362, -1.0353, -0.8595],
         [ 0.4052,  2.0920, -1.3765,  ..., -2.6736,  0.2015,  0.3896]]]), 'rvq_quantizer.layers.1._codebook.embed': tensor([[[ 0.6342,  0.3660,  1.8952,  ...,  0.8863,  0.8279, -0.6795],
         [-0.8807,  1.3392,  1.2692,  ...,  1.0318, -0.5689,  1.8746],
         [-1.4696,  0.7641,  1.4788,  ..., -0.4937, -0.6251, -0.2564],
         ...,
         [ 2.1535,  0.8325, -1.0470,  ...,  2.6596,  3.2962,  0.4405],
         [-0.5460,  0.2909, -0.3863,  ..., -0.1872, -0.4444, -0.3690],
         [ 0.2026,  1.0460, -0.6882,  ..., -1.3368,  0.1007,  0.1948]]]), 'rvq_quantizer.layers.2._codebook.initted': tensor([1.]), 'rvq_quantizer.layers.2._codebook.cluster_size': tensor([[ 53.8200,   2.2900, 142.8901,  ...,   2.6751,   2.0000,   2.9036]]), 'rvq_quantizer.layers.2._codebook.embed_avg': tensor([[[-2.3318e-04, -2.5715e-05, -1.2871e-04,  ..., -9.6745e-05,
          -1.5628e-04, -5.3902e-05],
         [-8.9925e-02, -7.4292e-01, -1.6112e+00,  ...,  6.9743e-01,
          -4.3616e-01, -1.8285e+00],
         [-7.1777e+00, -5.2704e+00,  5.7435e+00,  ..., -1.1720e+01,
          -1.8776e+01,  3.8402e+00],
         ...,
         [-1.7875e+00,  7.4038e-01, -1.6766e+00,  ...,  1.2998e+00,
          -1.0237e+00, -1.0722e+00],
         [-1.1845e+00,  1.5734e+00, -1.0498e+00,  ..., -4.7966e-02,
           2.4402e+00,  4.2450e-01],
         [ 8.1641e-01, -5.5005e-02, -2.4157e+00,  ...,  4.8343e-01,
          -4.2051e+00, -2.9766e-01]]]), 'rvq_quantizer.layers.2._codebook.embed': tensor([[[-4.3327e-06, -4.7779e-07, -2.3915e-06,  ..., -1.7976e-06,
          -2.9038e-06, -1.0015e-06],
         [-3.9268e-02, -3.2442e-01, -7.0358e-01,  ...,  3.0455e-01,
          -1.9046e-01, -7.9845e-01],
         [-5.0233e-02, -3.6884e-02,  4.0195e-02,  ..., -8.2021e-02,
          -1.3141e-01,  2.6875e-02],
         ...,
         [-6.6818e-01,  2.7677e-01, -6.2675e-01,  ...,  4.8590e-01,
          -3.8268e-01, -4.0081e-01],
         [-5.9223e-01,  7.8670e-01, -5.2490e-01,  ..., -2.3983e-02,
           1.2201e+00,  2.1225e-01],
         [ 2.8117e-01, -1.8944e-02, -8.3195e-01,  ...,  1.6649e-01,
          -1.4482e+00, -1.0251e-01]]]), 'rvq_quantizer.layers.3._codebook.initted': tensor([1.]), 'rvq_quantizer.layers.3._codebook.cluster_size': tensor([[143.5757, 127.5223,   2.0000,  ...,   2.5719,   2.0000,   2.1900]]), 'rvq_quantizer.layers.3._codebook.embed_avg': tensor([[[-7.1791e+00, -5.2428e+00,  5.7225e+00,  ..., -1.1810e+01,
          -1.8929e+01,  3.8248e+00],
         [-4.4379e-04, -5.5853e-05,  2.4226e-04,  ..., -2.1294e-04,
          -1.7951e-04,  1.9093e-04],
         [ 3.1594e+00, -3.0998e+00,  2.0994e+00,  ...,  5.7201e+00,
           2.0947e-01, -7.4647e-01],
         ...,
         [ 2.2475e-01, -4.0408e-01,  4.5607e-01,  ...,  7.5974e-01,
          -2.6646e-02,  1.7245e-01],
         [ 4.3087e-01, -3.8065e-01,  1.6275e-01,  ...,  2.8282e-01,
           3.7663e-01,  2.5746e-01],
         [ 4.9340e-01, -3.5652e-01,  5.5381e-01,  ..., -3.8538e-01,
          -2.3447e-01, -6.3931e-01]]]), 'rvq_quantizer.layers.3._codebook.embed': tensor([[[-5.0002e-02, -3.6516e-02,  3.9857e-02,  ..., -8.2254e-02,
          -1.3184e-01,  2.6639e-02],
         [-3.4801e-06, -4.3799e-07,  1.8997e-06,  ..., -1.6698e-06,
          -1.4077e-06,  1.4972e-06],
         [ 1.5797e+00, -1.5499e+00,  1.0497e+00,  ...,  2.8600e+00,
           1.0474e-01, -3.7324e-01],
         ...,
         [ 8.7386e-02, -1.5711e-01,  1.7733e-01,  ...,  2.9540e-01,
          -1.0360e-02,  6.7051e-02],
         [ 2.1544e-01, -1.9032e-01,  8.1375e-02,  ...,  1.4141e-01,
           1.8831e-01,  1.2873e-01],
         [ 2.2530e-01, -1.6280e-01,  2.5288e-01,  ..., -1.7597e-01,
          -1.0707e-01, -2.9192e-01]]])})
Loss:  tensor(1.9435, grad_fn=<MeanBackward0>)
OrderedDict({'rvq_quantizer.project_in.weight': tensor([[ 0.1123,  0.0320, -0.0450,  ...,  0.1083, -0.0613,  0.0830],
        [-0.0007,  0.0301,  0.0586,  ...,  0.0461, -0.0547, -0.0324],
        [ 0.0594, -0.0739,  0.0233,  ..., -0.0870, -0.1202,  0.0586],
        ...,
        [ 0.0612,  0.0034, -0.0758,  ...,  0.0983,  0.0446,  0.0617],
        [ 0.1162, -0.0419, -0.0538,  ..., -0.1202, -0.0991,  0.0334],
        [ 0.0399, -0.0963, -0.0384,  ..., -0.1183, -0.0075, -0.1033]]), 'rvq_quantizer.project_in.bias': tensor([ 0.0007,  0.0028, -0.0392,  0.0722, -0.0533, -0.1061,  0.0724, -0.0837,
         0.0315, -0.0616, -0.0902,  0.0147,  0.0306, -0.1214,  0.0967,  0.0513,
         0.1134, -0.0119,  0.0959,  0.1189,  0.1056,  0.1135,  0.0500, -0.0678,
        -0.0406, -0.0238,  0.0122, -0.0237,  0.0367, -0.0865,  0.0638, -0.0592]), 'rvq_quantizer.project_out.weight': tensor([[ 1.7297e-01, -7.7242e-02,  1.4315e-01,  ..., -9.3891e-03,
          4.6688e-02,  2.6892e-02],
        [-1.2556e-01,  6.1723e-03,  7.3092e-02,  ...,  9.3280e-02,
          1.4586e-01,  1.3955e-01],
        [ 2.5525e-02,  2.4489e-02,  1.1027e-01,  ..., -3.5292e-02,
         -8.5630e-02, -1.7585e-02],
        ...,
        [-1.1142e-01,  1.1344e-01,  1.7359e-03,  ..., -4.1507e-02,
          1.0128e-01, -1.6361e-01],
        [ 8.1643e-03,  1.1110e-02,  1.2083e-01,  ...,  5.7392e-03,
         -1.2658e-01, -8.9246e-05],
        [ 1.1302e-01,  7.6405e-02,  1.5586e-01,  ...,  2.4890e-02,
         -8.8728e-02,  1.3402e-01]]), 'rvq_quantizer.project_out.bias': tensor([ 0.0184,  0.1213,  0.0966,  0.0149, -0.0584,  0.1491, -0.1232, -0.0948,
         0.0769,  0.1567, -0.0673,  0.0828, -0.1253,  0.1187, -0.1478,  0.1035,
         0.0257,  0.1767, -0.1063, -0.0178,  0.0536,  0.1559,  0.0004,  0.0875,
        -0.0399, -0.1251, -0.0878, -0.0239,  0.0587, -0.1121, -0.1483, -0.0791,
         0.0221, -0.0539,  0.1341, -0.0229,  0.1362,  0.0976,  0.0909,  0.1372,
         0.0870,  0.0845,  0.1413, -0.0785, -0.1314, -0.1116, -0.0285, -0.1256,
        -0.0554, -0.1188,  0.0959,  0.1502,  0.0371, -0.1019,  0.0483, -0.0402,
        -0.0204, -0.0946, -0.1328,  0.0166, -0.1202,  0.1196,  0.0317, -0.1710]), 'rvq_quantizer.layers.0._codebook.initted': tensor([1.]), 'rvq_quantizer.layers.0._codebook.cluster_size': tensor([[2.0000, 2.8164, 2.0000,  ..., 2.0000, 2.0000, 2.2539]]), 'rvq_quantizer.layers.0._codebook.embed_avg': tensor([[[-105.8164,  -22.0737,  -64.0557,  ...,  -10.3524,  -46.5222,
           -27.9376],
         [-166.2307,  -33.9381,  -42.0143,  ...,  -90.7994, -106.1803,
           -13.8120],
         [-154.3105,    3.8122,  -85.1993,  ...,  -88.1102, -160.6707,
           -55.9518],
         ...,
         [-132.8520,  -18.4035, -104.1161,  ...,  -52.2849,  -93.4136,
           -48.8855],
         [-101.6938,  -28.8404,  -48.6361,  ...,  -45.2402,  -46.1537,
            -3.9548],
         [-172.3321,    2.3896, -107.5174,  ...,  -92.8126, -169.4198,
           -62.5678]]]), 'rvq_quantizer.layers.0._codebook.embed': tensor([[[-52.9082, -11.0368, -32.0279,  ...,  -5.1762, -23.2611, -13.9688],
         [-59.0218, -12.0500, -14.9176,  ..., -32.2392, -37.7003,  -4.9041],
         [-77.1552,   1.9061, -42.5996,  ..., -44.0551, -80.3353, -27.9759],
         ...,
         [-66.4259,  -9.2017, -52.0580,  ..., -26.1424, -46.7068, -24.4427],
         [-50.8469, -14.4202, -24.3180,  ..., -22.6201, -23.0768,  -1.9774],
         [-76.4595,   1.0602, -47.7028,  ..., -41.1786, -75.1673, -27.7598]]]), 'rvq_quantizer.layers.1._codebook.initted': tensor([1.]), 'rvq_quantizer.layers.1._codebook.cluster_size': tensor([[2.0000, 2.0000, 3.3108,  ..., 3.3391, 2.2966, 2.0000]]), 'rvq_quantizer.layers.1._codebook.embed_avg': tensor([[[ -0.7686,   2.3051,   2.5440,  ...,  -4.3238,   4.6007,  -2.1569],
         [ -1.9581,   2.6878,   2.3911,  ...,   2.1336,  -1.3175,   3.7363],
         [ -5.1376,   2.4961,   5.0351,  ...,  -1.6705,  -1.7136,  -0.8556],
         ...,
         [  7.5209,   2.6113,  -3.2228,  ...,   9.7221,  11.3804,   1.5776],
         [ -1.3778,   0.7309,  -0.9711,  ...,  -0.4937,  -1.0902,  -1.0356],
         [  6.1253,   2.0202, -22.9466,  ..., -15.1127,  -0.7706,   6.6024]]]), 'rvq_quantizer.layers.1._codebook.embed': tensor([[[ -0.3843,   1.1525,   1.2720,  ...,  -2.1619,   2.3003,  -1.0784],
         [ -0.9790,   1.3439,   1.1955,  ...,   1.0668,  -0.6587,   1.8682],
         [ -1.5517,   0.7539,   1.5208,  ...,  -0.5045,  -0.5176,  -0.2584],
         ...,
         [  2.2524,   0.7821,  -0.9652,  ...,   2.9116,   3.4083,   0.4725],
         [ -0.5999,   0.3182,  -0.4228,  ...,  -0.2150,  -0.4747,  -0.4510],
         [  3.0626,   1.0101, -11.4733,  ...,  -7.5564,  -0.3853,   3.3012]]]), 'rvq_quantizer.layers.2._codebook.initted': tensor([1.]), 'rvq_quantizer.layers.2._codebook.cluster_size': tensor([[ 77.4380,   2.4610, 128.8011,  ...,   2.8076,   2.0000,   3.1133]]), 'rvq_quantizer.layers.2._codebook.embed_avg': tensor([[[-3.1421e-04, -3.2512e-05, -1.7716e-04,  ..., -1.3954e-04,
          -2.2054e-04, -7.6593e-05],
         [-1.9175e-01, -9.0645e-01, -1.9936e+00,  ...,  7.1941e-01,
          -4.7807e-01, -2.2102e+00],
         [-6.4612e+00, -4.7712e+00,  5.1805e+00,  ..., -1.0556e+01,
          -1.6912e+01,  3.4734e+00],
         ...,
         [-2.2031e+00,  7.0470e-01, -1.9788e+00,  ...,  1.5031e+00,
          -1.3213e+00, -1.3298e+00],
         [ 5.5692e-01, -2.4106e-01,  7.1558e-01,  ...,  1.2804e+00,
           1.5122e+00,  5.4718e-01],
         [ 1.0415e+00, -5.2359e-02, -2.8779e+00,  ...,  4.9908e-01,
          -4.5108e+00, -1.7887e-01]]]), 'rvq_quantizer.layers.2._codebook.embed': tensor([[[-4.0576e-06, -4.1985e-07, -2.2877e-06,  ..., -1.8020e-06,
          -2.8480e-06, -9.8909e-07],
         [-7.7915e-02, -3.6833e-01, -8.1009e-01,  ...,  2.9233e-01,
          -1.9426e-01, -8.9810e-01],
         [-5.0165e-02, -3.7043e-02,  4.0221e-02,  ..., -8.1957e-02,
          -1.3130e-01,  2.6967e-02],
         ...,
         [-7.8471e-01,  2.5100e-01, -7.0481e-01,  ...,  5.3538e-01,
          -4.7061e-01, -4.7366e-01],
         [ 2.7846e-01, -1.2053e-01,  3.5779e-01,  ...,  6.4018e-01,
           7.5610e-01,  2.7359e-01],
         [ 3.3452e-01, -1.6818e-02, -9.2441e-01,  ...,  1.6031e-01,
          -1.4489e+00, -5.7454e-02]]]), 'rvq_quantizer.layers.3._codebook.initted': tensor([1.]), 'rvq_quantizer.layers.3._codebook.cluster_size': tensor([[129.2181, 143.6701,   2.0000,  ...,   2.3147,   2.0000,   2.2710]]), 'rvq_quantizer.layers.3._codebook.embed_avg': tensor([[[-6.4612e+00, -4.7185e+00,  5.1503e+00,  ..., -1.0629e+01,
          -1.7036e+01,  3.4423e+00],
         [-4.6293e-04, -5.5171e-05,  1.7934e-04,  ..., -2.2693e-04,
          -2.1457e-04,  1.5337e-04],
         [-1.0915e-05, -1.3785e-06,  2.9493e-06,  ...,  6.1534e-07,
          -2.4317e-06,  3.2732e-06],
         ...,
         [ 2.0228e-01, -3.6367e-01,  4.1047e-01,  ...,  6.8377e-01,
          -2.3982e-02,  1.5521e-01],
         [ 3.5790e-01, -3.6820e-01,  1.6857e-01,  ...,  3.0526e-01,
           3.5058e-01,  2.7799e-01],
         [ 6.3368e-01, -4.3156e-01,  6.1329e-01,  ..., -4.4906e-01,
          -2.0407e-01, -7.1937e-01]]]), 'rvq_quantizer.layers.3._codebook.embed': tensor([[[-5.0002e-02, -3.6516e-02,  3.9858e-02,  ..., -8.2254e-02,
          -1.3184e-01,  2.6639e-02],
         [-3.2222e-06, -3.8401e-07,  1.2483e-06,  ..., -1.5795e-06,
          -1.4935e-06,  1.0675e-06],
         [-5.4574e-06, -6.8926e-07,  1.4747e-06,  ...,  3.0767e-07,
          -1.2159e-06,  1.6366e-06],
         ...,
         [ 8.7386e-02, -1.5711e-01,  1.7733e-01,  ...,  2.9540e-01,
          -1.0360e-02,  6.7051e-02],
         [ 1.7895e-01, -1.8410e-01,  8.4285e-02,  ...,  1.5263e-01,
           1.7529e-01,  1.3899e-01],
         [ 2.7903e-01, -1.9003e-01,  2.7005e-01,  ..., -1.9773e-01,
          -8.9859e-02, -3.1676e-01]]])})
Loss:  tensor(1.9280, grad_fn=<MeanBackward0>)
OrderedDict({'rvq_quantizer.project_in.weight': tensor([[ 0.1123,  0.0320, -0.0450,  ...,  0.1083, -0.0613,  0.0830],
        [-0.0007,  0.0301,  0.0586,  ...,  0.0461, -0.0547, -0.0324],
        [ 0.0594, -0.0739,  0.0233,  ..., -0.0870, -0.1202,  0.0586],
        ...,
        [ 0.0612,  0.0034, -0.0758,  ...,  0.0983,  0.0446,  0.0617],
        [ 0.1162, -0.0419, -0.0538,  ..., -0.1202, -0.0991,  0.0334],
        [ 0.0399, -0.0963, -0.0384,  ..., -0.1183, -0.0075, -0.1033]]), 'rvq_quantizer.project_in.bias': tensor([ 0.0007,  0.0028, -0.0392,  0.0722, -0.0533, -0.1061,  0.0724, -0.0837,
         0.0315, -0.0616, -0.0902,  0.0147,  0.0306, -0.1214,  0.0967,  0.0513,
         0.1134, -0.0119,  0.0959,  0.1189,  0.1056,  0.1135,  0.0500, -0.0678,
        -0.0406, -0.0238,  0.0122, -0.0237,  0.0367, -0.0865,  0.0638, -0.0592]), 'rvq_quantizer.project_out.weight': tensor([[ 1.7297e-01, -7.7242e-02,  1.4315e-01,  ..., -9.3891e-03,
          4.6688e-02,  2.6892e-02],
        [-1.2556e-01,  6.1723e-03,  7.3092e-02,  ...,  9.3280e-02,
          1.4586e-01,  1.3955e-01],
        [ 2.5525e-02,  2.4489e-02,  1.1027e-01,  ..., -3.5292e-02,
         -8.5630e-02, -1.7585e-02],
        ...,
        [-1.1142e-01,  1.1344e-01,  1.7359e-03,  ..., -4.1507e-02,
          1.0128e-01, -1.6361e-01],
        [ 8.1643e-03,  1.1110e-02,  1.2083e-01,  ...,  5.7392e-03,
         -1.2658e-01, -8.9246e-05],
        [ 1.1302e-01,  7.6405e-02,  1.5586e-01,  ...,  2.4890e-02,
         -8.8728e-02,  1.3402e-01]]), 'rvq_quantizer.project_out.bias': tensor([ 0.0184,  0.1213,  0.0966,  0.0149, -0.0584,  0.1491, -0.1232, -0.0948,
         0.0769,  0.1567, -0.0673,  0.0828, -0.1253,  0.1187, -0.1478,  0.1035,
         0.0257,  0.1767, -0.1063, -0.0178,  0.0536,  0.1559,  0.0004,  0.0875,
        -0.0399, -0.1251, -0.0878, -0.0239,  0.0587, -0.1121, -0.1483, -0.0791,
         0.0221, -0.0539,  0.1341, -0.0229,  0.1362,  0.0976,  0.0909,  0.1372,
         0.0870,  0.0845,  0.1413, -0.0785, -0.1314, -0.1116, -0.0285, -0.1256,
        -0.0554, -0.1188,  0.0959,  0.1502,  0.0371, -0.1019,  0.0483, -0.0402,
        -0.0204, -0.0946, -0.1328,  0.0166, -0.1202,  0.1196,  0.0317, -0.1710]), 'rvq_quantizer.layers.0._codebook.initted': tensor([1.]), 'rvq_quantizer.layers.0._codebook.cluster_size': tensor([[2.0000, 2.9513, 2.0000,  ..., 2.0000, 2.0000, 2.3057]]), 'rvq_quantizer.layers.0._codebook.embed_avg': tensor([[[-100.7632,  -35.3046,  -65.3585,  ...,  -35.5373,  -27.6751,
           -12.9317],
         [-174.2700,  -35.3918,  -43.7248,  ...,  -93.9427, -110.8643,
           -15.1019],
         [-123.1955,  -14.5053,  -94.7559,  ...,  -48.1633,  -95.5428,
           -42.8967],
         ...,
         [-132.1612,  -18.1959, -103.5750,  ...,  -52.4338,  -93.2042,
           -48.4422],
         [-101.6566,  -28.6576,  -48.2023,  ...,  -45.0514,  -45.1692,
            -3.1797],
         [-176.4549,    2.4286, -109.8873,  ...,  -95.1626, -173.1953,
           -63.9313]]]), 'rvq_quantizer.layers.0._codebook.embed': tensor([[[-50.3816, -17.6523, -32.6793,  ..., -17.7686, -13.8376,  -6.4659],
         [-59.0484, -11.9919, -14.8154,  ..., -31.8309, -37.5645,  -5.1170],
         [-61.5978,  -7.2527, -47.3779,  ..., -24.0817, -47.7714, -21.4484],
         ...,
         [-66.0805,  -9.0980, -51.7875,  ..., -26.2169, -46.6021, -24.2211],
         [-50.8283, -14.3288, -24.1011,  ..., -22.5257, -22.5846,  -1.5899],
         [-76.5312,   1.0533, -47.6598,  ..., -41.2735, -75.1175, -27.7280]]]), 'rvq_quantizer.layers.1._codebook.initted': tensor([1.]), 'rvq_quantizer.layers.1._codebook.cluster_size': tensor([[2.0000, 2.1000, 3.5218,  ..., 3.0946, 2.3302, 2.0000]]), 'rvq_quantizer.layers.1._codebook.embed_avg': tensor([[[-1.5736,  8.2346, -1.9615,  ..., -1.7206,  2.7693,  1.9213],
         [-2.3460,  3.1764,  2.2726,  ...,  2.3151, -1.7929,  3.9204],
         [-5.1834,  2.1606,  6.2850,  ..., -2.4695, -1.0430, -2.5678],
         ...,
         [ 6.9803,  2.0350, -3.1846,  ...,  9.6212, 10.6062,  1.7315],
         [-1.6103,  0.8332, -1.0920,  ..., -0.5957, -1.2141, -1.4245],
         [ 0.9044,  0.2847,  0.5630,  ..., -0.0990,  0.0383,  0.3377]]]), 'rvq_quantizer.layers.1._codebook.embed': tensor([[[-0.7868,  4.1173, -0.9808,  ..., -0.8603,  1.3847,  0.9606],
         [-1.1172,  1.5126,  1.0822,  ...,  1.1024, -0.8538,  1.8669],
         [-1.4718,  0.6135,  1.7846,  ..., -0.7012, -0.2962, -0.7291],
         ...,
         [ 2.2556,  0.6576, -1.0291,  ...,  3.1090,  3.4273,  0.5595],
         [-0.6910,  0.3576, -0.4686,  ..., -0.2556, -0.5210, -0.6113],
         [ 0.4522,  0.1423,  0.2815,  ..., -0.0495,  0.0192,  0.1689]]]), 'rvq_quantizer.layers.2._codebook.initted': tensor([1.]), 'rvq_quantizer.layers.2._codebook.cluster_size': tensor([[122.0348,   3.0434, 104.5189,  ...,   2.7542,   2.0000,   3.2817]]), 'rvq_quantizer.layers.2._codebook.embed_avg': tensor([[[-5.1458e-04, -5.8205e-05, -2.8387e-04,  ..., -2.2738e-04,
          -3.6691e-04, -1.2476e-04],
         [-3.8003e-01, -1.4187e+00, -2.9662e+00,  ...,  6.4276e-01,
          -6.3872e-01, -3.3917e+00],
         [-5.2573e+00, -3.8689e+00,  4.2443e+00,  ..., -8.5713e+00,
          -1.3751e+01,  2.8191e+00],
         ...,
         [-2.6065e+00,  4.6751e-01, -2.2279e+00,  ...,  1.7745e+00,
          -1.5341e+00, -1.5779e+00],
         [ 1.8112e-01, -1.5456e-01,  3.3575e-01,  ...,  6.8745e-01,
          -9.6978e-01, -2.1520e-01],
         [ 1.2131e+00, -3.3850e-01, -3.0358e+00,  ...,  8.4826e-01,
          -4.9150e+00, -8.7181e-02]]]), 'rvq_quantizer.layers.2._codebook.embed': tensor([[[-4.2167e-06, -4.7695e-07, -2.3261e-06,  ..., -1.8632e-06,
          -3.0066e-06, -1.0223e-06],
         [-1.2487e-01, -4.6616e-01, -9.7463e-01,  ...,  2.1120e-01,
          -2.0987e-01, -1.1144e+00],
         [-5.0301e-02, -3.7016e-02,  4.0608e-02,  ..., -8.2008e-02,
          -1.3156e-01,  2.6972e-02],
         ...,
         [-9.4640e-01,  1.6975e-01, -8.0891e-01,  ...,  6.4431e-01,
          -5.5701e-01, -5.7291e-01],
         [ 9.0562e-02, -7.7279e-02,  1.6787e-01,  ...,  3.4372e-01,
          -4.8489e-01, -1.0760e-01],
         [ 3.6966e-01, -1.0315e-01, -9.2505e-01,  ...,  2.5848e-01,
          -1.4977e+00, -2.6566e-02]]]), 'rvq_quantizer.layers.3._codebook.initted': tensor([1.]), 'rvq_quantizer.layers.3._codebook.cluster_size': tensor([[105.2367, 175.5928,   2.0000,  ...,   2.0000,   2.0000,   2.1295]]), 'rvq_quantizer.layers.3._codebook.embed_avg': tensor([[[-5.2417e+00, -3.8705e+00,  4.1936e+00,  ..., -8.6851e+00,
          -1.3890e+01,  2.7891e+00],
         [-5.5535e-04, -6.8078e-05,  4.8973e-05,  ..., -2.6232e-04,
          -3.0621e-04,  8.1385e-05],
         [ 1.9035e+00, -9.0573e-01,  2.0606e+00,  ..., -5.7716e-01,
          -7.7007e-01, -1.0421e+00],
         ...,
         [ 7.1901e-02,  4.1789e-02,  2.2951e-02,  ...,  1.1334e-01,
          -8.4883e-02, -3.3588e-02],
         [ 2.4396e-01, -3.9166e-01,  2.4178e-01,  ...,  3.1789e-01,
           3.8732e-01,  2.6536e-01],
         [ 7.6244e-01, -4.2279e-01,  5.5563e-01,  ..., -5.0946e-01,
          -1.4063e-01, -7.9304e-01]]]), 'rvq_quantizer.layers.3._codebook.embed': tensor([[[-4.9808e-02, -3.6779e-02,  3.9849e-02,  ..., -8.2529e-02,
          -1.3199e-01,  2.6503e-02],
         [-3.1627e-06, -3.8771e-07,  2.7890e-07,  ..., -1.4939e-06,
          -1.7439e-06,  4.6349e-07],
         [ 9.5173e-01, -4.5287e-01,  1.0303e+00,  ..., -2.8858e-01,
          -3.8504e-01, -5.2105e-01],
         ...,
         [ 3.5951e-02,  2.0895e-02,  1.1476e-02,  ...,  5.6670e-02,
          -4.2442e-02, -1.6794e-02],
         [ 1.2198e-01, -1.9583e-01,  1.2089e-01,  ...,  1.5894e-01,
           1.9366e-01,  1.3268e-01],
         [ 3.5804e-01, -1.9854e-01,  2.6092e-01,  ..., -2.3924e-01,
          -6.6038e-02, -3.7240e-01]]])})
Loss:  tensor(1.8479, grad_fn=<MeanBackward0>)
OrderedDict({'rvq_quantizer.project_in.weight': tensor([[ 0.1123,  0.0320, -0.0450,  ...,  0.1083, -0.0613,  0.0830],
        [-0.0007,  0.0301,  0.0586,  ...,  0.0461, -0.0547, -0.0324],
        [ 0.0594, -0.0739,  0.0233,  ..., -0.0870, -0.1202,  0.0586],
        ...,
        [ 0.0612,  0.0034, -0.0758,  ...,  0.0983,  0.0446,  0.0617],
        [ 0.1162, -0.0419, -0.0538,  ..., -0.1202, -0.0991,  0.0334],
        [ 0.0399, -0.0963, -0.0384,  ..., -0.1183, -0.0075, -0.1033]]), 'rvq_quantizer.project_in.bias': tensor([ 0.0007,  0.0028, -0.0392,  0.0722, -0.0533, -0.1061,  0.0724, -0.0837,
         0.0315, -0.0616, -0.0902,  0.0147,  0.0306, -0.1214,  0.0967,  0.0513,
         0.1134, -0.0119,  0.0959,  0.1189,  0.1056,  0.1135,  0.0500, -0.0678,
        -0.0406, -0.0238,  0.0122, -0.0237,  0.0367, -0.0865,  0.0638, -0.0592]), 'rvq_quantizer.project_out.weight': tensor([[ 1.7297e-01, -7.7242e-02,  1.4315e-01,  ..., -9.3891e-03,
          4.6688e-02,  2.6892e-02],
        [-1.2556e-01,  6.1723e-03,  7.3092e-02,  ...,  9.3280e-02,
          1.4586e-01,  1.3955e-01],
        [ 2.5525e-02,  2.4489e-02,  1.1027e-01,  ..., -3.5292e-02,
         -8.5630e-02, -1.7585e-02],
        ...,
        [-1.1142e-01,  1.1344e-01,  1.7359e-03,  ..., -4.1507e-02,
          1.0128e-01, -1.6361e-01],
        [ 8.1643e-03,  1.1110e-02,  1.2083e-01,  ...,  5.7392e-03,
         -1.2658e-01, -8.9246e-05],
        [ 1.1302e-01,  7.6405e-02,  1.5586e-01,  ...,  2.4890e-02,
         -8.8728e-02,  1.3402e-01]]), 'rvq_quantizer.project_out.bias': tensor([ 0.0184,  0.1213,  0.0966,  0.0149, -0.0584,  0.1491, -0.1232, -0.0948,
         0.0769,  0.1567, -0.0673,  0.0828, -0.1253,  0.1187, -0.1478,  0.1035,
         0.0257,  0.1767, -0.1063, -0.0178,  0.0536,  0.1559,  0.0004,  0.0875,
        -0.0399, -0.1251, -0.0878, -0.0239,  0.0587, -0.1121, -0.1483, -0.0791,
         0.0221, -0.0539,  0.1341, -0.0229,  0.1362,  0.0976,  0.0909,  0.1372,
         0.0870,  0.0845,  0.1413, -0.0785, -0.1314, -0.1116, -0.0285, -0.1256,
        -0.0554, -0.1188,  0.0959,  0.1502,  0.0371, -0.1019,  0.0483, -0.0402,
        -0.0204, -0.0946, -0.1328,  0.0166, -0.1202,  0.1196,  0.0317, -0.1710]), 'rvq_quantizer.layers.0._codebook.initted': tensor([1.]), 'rvq_quantizer.layers.0._codebook.cluster_size': tensor([[2.0000, 2.9562, 2.0000,  ..., 2.0000, 2.1000, 2.3751]]), 'rvq_quantizer.layers.0._codebook.embed_avg': tensor([[[-100.6534,  -35.1861,  -65.0103,  ...,  -35.5713,  -27.9127,
           -13.2094],
         [-174.5979,  -35.5561,  -43.7915,  ...,  -94.5385, -110.9194,
           -14.7726],
         [-123.2472,  -14.5707,  -94.8862,  ...,  -48.4624,  -95.3057,
           -42.9195],
         ...,
         [-122.1000,  -25.8081,  -35.6006,  ...,  -56.3054,  -66.1904,
             4.1174],
         [-106.5736,  -29.7437,  -49.7797,  ...,  -46.4858,  -45.9017,
            -3.4044],
         [-181.8429,    2.5296, -113.0840,  ...,  -98.0962, -178.3993,
           -65.8183]]]), 'rvq_quantizer.layers.0._codebook.embed': tensor([[[-50.3266, -17.5930, -32.5051,  ..., -17.7856, -13.9563,  -6.6047],
         [-59.0621, -12.0277, -14.8136,  ..., -31.9800, -37.5212,  -4.9972],
         [-61.6235,  -7.2854, -47.4430,  ..., -24.2311, -47.6528, -21.4597],
         ...,
         [-61.0500, -12.9041, -17.8003,  ..., -28.1527, -33.0952,   2.0587],
         [-50.7493, -14.1637, -23.7046,  ..., -22.1361, -21.8579,  -1.6211],
         [-76.5624,   1.0650, -47.6124,  ..., -41.3020, -75.1125, -27.7119]]]), 'rvq_quantizer.layers.1._codebook.initted': tensor([1.]), 'rvq_quantizer.layers.1._codebook.cluster_size': tensor([[2.0000, 2.1900, 3.6696,  ..., 3.0852, 2.2972, 2.0000]]), 'rvq_quantizer.layers.1._codebook.embed_avg': tensor([[[-2.3995,  2.8819,  1.3063,  ...,  9.5981, -4.4306, -3.0346],
         [-2.5341,  3.6019,  2.2836,  ...,  2.4167, -2.0682,  4.0851],
         [-6.3973,  1.6199,  6.4412,  ..., -2.2867, -1.1505, -2.2969],
         ...,
         [ 7.0184,  1.9089, -3.1578,  ...,  9.9232, 10.4565,  1.9201],
         [-1.7111,  0.8914, -1.1683,  ..., -0.6588, -1.2676, -1.6039],
         [ 3.1788,  7.1733, -0.6314,  ...,  4.3655, -4.8961,  0.7135]]]), 'rvq_quantizer.layers.1._codebook.embed': tensor([[[-1.1998,  1.4409,  0.6532,  ...,  4.7991, -2.2153, -1.5173],
         [-1.1571,  1.6447,  1.0427,  ...,  1.1035, -0.9444,  1.8653],
         [-1.7433,  0.4414,  1.7553,  ..., -0.6231, -0.3135, -0.6259],
         ...,
         [ 2.2749,  0.6187, -1.0235,  ...,  3.2164,  3.3893,  0.6224],
         [-0.7449,  0.3880, -0.5086,  ..., -0.2868, -0.5518, -0.6982],
         [ 1.5894,  3.5867, -0.3157,  ...,  2.1828, -2.4481,  0.3568]]]), 'rvq_quantizer.layers.2._codebook.initted': tensor([1.]), 'rvq_quantizer.layers.2._codebook.cluster_size': tensor([[142.2313,   3.5391,  94.1670,  ...,   2.6787,   2.0000,   3.2536]]), 'rvq_quantizer.layers.2._codebook.embed_avg': tensor([[[-6.2141e-04, -6.6500e-05, -3.4030e-04,  ..., -2.8568e-04,
          -4.5124e-04, -1.5109e-04],
         [-3.0373e-01, -2.0229e+00, -3.6972e+00,  ...,  8.1020e-01,
          -6.3290e-01, -4.2930e+00],
         [-4.7540e+00, -3.4739e+00,  3.8387e+00,  ..., -7.7340e+00,
          -1.2398e+01,  2.5353e+00],
         ...,
         [-2.5774e+00,  4.6655e-01, -2.0455e+00,  ...,  1.8721e+00,
          -1.6110e+00, -1.6599e+00],
         [-7.1041e-01,  1.3214e-01, -2.5096e+00,  ..., -7.0661e-01,
          -1.2284e-01,  3.1178e-02],
         [ 1.1320e+00, -3.0927e-01, -3.0789e+00,  ...,  1.0602e+00,
          -4.7220e+00, -1.3379e-01]]]), 'rvq_quantizer.layers.2._codebook.embed': tensor([[[-4.3690e-06, -4.6755e-07, -2.3926e-06,  ..., -2.0086e-06,
          -3.1726e-06, -1.0623e-06],
         [-8.5823e-02, -5.7159e-01, -1.0447e+00,  ...,  2.2893e-01,
          -1.7883e-01, -1.2130e+00],
         [-5.0485e-02, -3.6891e-02,  4.0765e-02,  ..., -8.2131e-02,
          -1.3166e-01,  2.6923e-02],
         ...,
         [-9.6218e-01,  1.7417e-01, -7.6359e-01,  ...,  6.9886e-01,
          -6.0139e-01, -6.1964e-01],
         [-3.5520e-01,  6.6071e-02, -1.2548e+00,  ..., -3.5331e-01,
          -6.1420e-02,  1.5589e-02],
         [ 3.4794e-01, -9.5056e-02, -9.4631e-01,  ...,  3.2586e-01,
          -1.4513e+00, -4.1122e-02]]]), 'rvq_quantizer.layers.3._codebook.initted': tensor([1.]), 'rvq_quantizer.layers.3._codebook.cluster_size': tensor([[ 94.8130, 190.6335,   2.0000,  ...,   2.2000,   2.0000,   2.2166]]), 'rvq_quantizer.layers.3._codebook.embed_avg': tensor([[[-4.7153e+00, -3.4880e+00,  3.7621e+00,  ..., -7.8171e+00,
          -1.2522e+01,  2.5129e+00],
         [-6.0012e-04, -6.8685e-05, -8.8691e-06,  ..., -2.9292e-04,
          -3.5497e-04,  4.7367e-05],
         [-1.0946e-05, -1.4253e-06, -4.6621e-06,  ..., -6.6643e-06,
          -2.0003e-06, -3.2651e-06],
         ...,
         [ 4.5660e-02,  5.7802e-02, -3.6707e-03,  ...,  1.6094e-01,
          -1.1276e-01, -4.9243e-02],
         [ 1.7749e-01, -4.1086e-01,  2.6539e-01,  ...,  3.2532e-01,
           3.8270e-01,  2.6052e-01],
         [ 8.2759e-01, -4.1461e-01,  5.5475e-01,  ..., -5.9904e-01,
          -1.8505e-01, -8.4491e-01]]]), 'rvq_quantizer.layers.3._codebook.embed': tensor([[[-4.9733e-02, -3.6789e-02,  3.9679e-02,  ..., -8.2448e-02,
          -1.3207e-01,  2.6504e-02],
         [-3.1481e-06, -3.6030e-07, -4.6525e-08,  ..., -1.5366e-06,
          -1.8621e-06,  2.4847e-07],
         [-5.4732e-06, -7.1266e-07, -2.3310e-06,  ..., -3.3321e-06,
          -1.0001e-06, -1.6325e-06],
         ...,
         [ 2.0755e-02,  2.6274e-02, -1.6685e-03,  ...,  7.3152e-02,
          -5.1256e-02, -2.2383e-02],
         [ 8.8746e-02, -2.0543e-01,  1.3270e-01,  ...,  1.6266e-01,
           1.9135e-01,  1.3026e-01],
         [ 3.7337e-01, -1.8705e-01,  2.5027e-01,  ..., -2.7026e-01,
          -8.3487e-02, -3.8118e-01]]])})
Loss:  tensor(1.8075, grad_fn=<MeanBackward0>)
OrderedDict({'rvq_quantizer.project_in.weight': tensor([[ 0.1123,  0.0320, -0.0450,  ...,  0.1083, -0.0613,  0.0830],
        [-0.0007,  0.0301,  0.0586,  ...,  0.0461, -0.0547, -0.0324],
        [ 0.0594, -0.0739,  0.0233,  ..., -0.0870, -0.1202,  0.0586],
        ...,
        [ 0.0612,  0.0034, -0.0758,  ...,  0.0983,  0.0446,  0.0617],
        [ 0.1162, -0.0419, -0.0538,  ..., -0.1202, -0.0991,  0.0334],
        [ 0.0399, -0.0963, -0.0384,  ..., -0.1183, -0.0075, -0.1033]]), 'rvq_quantizer.project_in.bias': tensor([ 0.0007,  0.0028, -0.0392,  0.0722, -0.0533, -0.1061,  0.0724, -0.0837,
         0.0315, -0.0616, -0.0902,  0.0147,  0.0306, -0.1214,  0.0967,  0.0513,
         0.1134, -0.0119,  0.0959,  0.1189,  0.1056,  0.1135,  0.0500, -0.0678,
        -0.0406, -0.0238,  0.0122, -0.0237,  0.0367, -0.0865,  0.0638, -0.0592]), 'rvq_quantizer.project_out.weight': tensor([[ 1.7297e-01, -7.7242e-02,  1.4315e-01,  ..., -9.3891e-03,
          4.6688e-02,  2.6892e-02],
        [-1.2556e-01,  6.1723e-03,  7.3092e-02,  ...,  9.3280e-02,
          1.4586e-01,  1.3955e-01],
        [ 2.5525e-02,  2.4489e-02,  1.1027e-01,  ..., -3.5292e-02,
         -8.5630e-02, -1.7585e-02],
        ...,
        [-1.1142e-01,  1.1344e-01,  1.7359e-03,  ..., -4.1507e-02,
          1.0128e-01, -1.6361e-01],
        [ 8.1643e-03,  1.1110e-02,  1.2083e-01,  ...,  5.7392e-03,
         -1.2658e-01, -8.9246e-05],
        [ 1.1302e-01,  7.6405e-02,  1.5586e-01,  ...,  2.4890e-02,
         -8.8728e-02,  1.3402e-01]]), 'rvq_quantizer.project_out.bias': tensor([ 0.0184,  0.1213,  0.0966,  0.0149, -0.0584,  0.1491, -0.1232, -0.0948,
         0.0769,  0.1567, -0.0673,  0.0828, -0.1253,  0.1187, -0.1478,  0.1035,
         0.0257,  0.1767, -0.1063, -0.0178,  0.0536,  0.1559,  0.0004,  0.0875,
        -0.0399, -0.1251, -0.0878, -0.0239,  0.0587, -0.1121, -0.1483, -0.0791,
         0.0221, -0.0539,  0.1341, -0.0229,  0.1362,  0.0976,  0.0909,  0.1372,
         0.0870,  0.0845,  0.1413, -0.0785, -0.1314, -0.1116, -0.0285, -0.1256,
        -0.0554, -0.1188,  0.0959,  0.1502,  0.0371, -0.1019,  0.0483, -0.0402,
        -0.0204, -0.0946, -0.1328,  0.0166, -0.1202,  0.1196,  0.0317, -0.1710]), 'rvq_quantizer.layers.0._codebook.initted': tensor([1.]), 'rvq_quantizer.layers.0._codebook.cluster_size': tensor([[2.0000, 2.9606, 2.0000,  ..., 2.0000, 2.1900, 2.4376]]), 'rvq_quantizer.layers.0._codebook.embed_avg': tensor([[[-100.5545,  -35.0794,  -64.6969,  ...,  -35.6019,  -28.1264,
           -13.4594],
         [-174.8931,  -35.7040,  -43.8515,  ...,  -95.0747, -110.9691,
           -14.4763],
         [-123.2937,  -14.6296,  -95.0035,  ...,  -48.7315,  -95.0922,
           -42.9400],
         ...,
         [-122.0405,  -25.6324,  -35.4765,  ...,  -56.1842,  -66.2060,
             4.1846],
         [-110.9988,  -30.7212,  -51.1993,  ...,  -47.7768,  -46.5610,
            -3.6066],
         [-186.6921,    2.6204, -115.9609,  ..., -100.7364, -183.0829,
           -67.5166]]]), 'rvq_quantizer.layers.0._codebook.embed': tensor([[[-50.2772, -17.5397, -32.3484,  ..., -17.8009, -14.0632,  -6.7297],
         [-59.0744, -12.0599, -14.8119,  ..., -32.1138, -37.4825,  -4.8897],
         [-61.6468,  -7.3148, -47.5017,  ..., -24.3657, -47.5460, -21.4700],
         ...,
         [-61.0202, -12.8162, -17.7382,  ..., -28.0921, -33.1030,   2.0923],
         [-50.6844, -14.0279, -23.3786,  ..., -21.8159, -21.2607,  -1.6469],
         [-76.5890,   1.0750, -47.5721,  ..., -41.3263, -75.1083, -27.6982]]]), 'rvq_quantizer.layers.1._codebook.initted': tensor([1.]), 'rvq_quantizer.layers.1._codebook.cluster_size': tensor([[2.0000, 2.2710, 3.6026,  ..., 3.0767, 2.2675, 2.0000]]), 'rvq_quantizer.layers.1._codebook.embed_avg': tensor([[[ 8.3192, -4.4986, -4.9046,  ..., -7.7983, -1.0032, -3.0334],
         [-2.7020,  3.9792,  2.3024,  ...,  2.5106, -2.3086,  4.2321],
         [-6.5293,  1.3754,  6.1888,  ..., -2.1672, -1.0946, -2.0794],
         ...,
         [ 7.2151,  1.8649, -3.0246,  ..., 10.1415,  9.7545,  1.4600],
         [-1.8027,  0.9452, -1.2347,  ..., -0.6986, -1.3129, -1.7547],
         [-3.8057,  2.4275,  1.9295,  ..., -1.3483,  4.7689, -2.7647]]]), 'rvq_quantizer.layers.1._codebook.embed': tensor([[[ 4.1596, -2.2493, -2.4523,  ..., -3.8992, -0.5016, -1.5167],
         [-1.1898,  1.7522,  1.0138,  ...,  1.1055, -1.0166,  1.8635],
         [-1.8124,  0.3818,  1.7178,  ..., -0.6015, -0.3038, -0.5772],
         ...,
         [ 2.3451,  0.6061, -0.9831,  ...,  3.2963,  3.1705,  0.4745],
         [-0.7950,  0.4169, -0.5445,  ..., -0.3081, -0.5790, -0.7739],
         [-1.9028,  1.2138,  0.9648,  ..., -0.6741,  2.3844, -1.3823]]]), 'rvq_quantizer.layers.2._codebook.initted': tensor([1.]), 'rvq_quantizer.layers.2._codebook.cluster_size': tensor([[161.2082,   3.7852,  84.7503,  ...,   2.6109,   2.0000,   3.2282]]), 'rvq_quantizer.layers.2._codebook.embed_avg': tensor([[[-6.8881e-04, -7.8196e-05, -3.6870e-04,  ..., -3.0450e-04,
          -4.7639e-04, -1.5822e-04],
         [-3.2592e-01, -2.2536e+00, -4.1680e+00,  ...,  7.2414e-01,
          -5.0730e-01, -4.7799e+00],
         [-4.2786e+00, -3.1265e+00,  3.4548e+00,  ..., -6.9606e+00,
          -1.1158e+01,  2.2817e+00],
         ...,
         [-2.5479e+00,  4.5814e-01, -1.8850e+00,  ...,  1.9223e+00,
          -1.6638e+00, -1.7253e+00],
         [-9.2619e-01,  1.9575e+00, -8.0120e-01,  ...,  2.0876e-02,
           1.5626e+00,  1.8783e+00],
         [ 9.8442e-01, -3.1562e-01, -3.0370e+00,  ...,  1.1691e+00,
          -4.9601e+00, -2.8352e-01]]]), 'rvq_quantizer.layers.2._codebook.embed': tensor([[[-4.2728e-06, -4.8507e-07, -2.2871e-06,  ..., -1.8889e-06,
          -2.9551e-06, -9.8148e-07],
         [-8.6104e-02, -5.9539e-01, -1.1011e+00,  ...,  1.9131e-01,
          -1.3402e-01, -1.2628e+00],
         [-5.0485e-02, -3.6891e-02,  4.0765e-02,  ..., -8.2131e-02,
          -1.3166e-01,  2.6923e-02],
         ...,
         [-9.7587e-01,  1.7547e-01, -7.2198e-01,  ...,  7.3625e-01,
          -6.3725e-01, -6.6083e-01],
         [-4.6309e-01,  9.7877e-01, -4.0060e-01,  ...,  1.0438e-02,
           7.8128e-01,  9.3914e-01],
         [ 3.0494e-01, -9.7770e-02, -9.4076e-01,  ...,  3.6216e-01,
          -1.5365e+00, -8.7827e-02]]]), 'rvq_quantizer.layers.3._codebook.initted': tensor([1.]), 'rvq_quantizer.layers.3._codebook.cluster_size': tensor([[ 85.5317, 204.5701,   2.0000,  ...,   2.1800,   2.0000,   2.0949]]), 'rvq_quantizer.layers.3._codebook.embed_avg': tensor([[[-4.2509e+00, -3.1627e+00,  3.3835e+00,  ..., -7.0677e+00,
          -1.1299e+01,  2.2758e+00],
         [-6.2362e-04, -7.5029e-05, -4.5034e-05,  ..., -2.8995e-04,
          -3.5707e-04,  3.1219e-05],
         [ 9.4741e-02,  1.5099e-02,  7.0419e-02,  ...,  1.5221e-01,
           2.4139e-01, -1.0029e-01],
         ...,
         [ 5.6096e-02,  3.6714e-02, -3.1923e-03,  ...,  1.6325e-01,
          -1.2545e-01, -6.2990e-02],
         [ 9.7060e-02, -4.4464e-01,  2.9095e-01,  ...,  3.3289e-01,
           3.7480e-01,  2.6361e-01],
         [ 8.6021e-01, -3.9835e-01,  5.2144e-01,  ..., -5.8554e-01,
          -1.1863e-01, -8.6219e-01]]]), 'rvq_quantizer.layers.3._codebook.embed': tensor([[[-4.9700e-02, -3.6977e-02,  3.9558e-02,  ..., -8.2633e-02,
          -1.3210e-01,  2.6608e-02],
         [-3.0484e-06, -3.6676e-07, -2.2014e-07,  ..., -1.4174e-06,
          -1.7454e-06,  1.5261e-07],
         [ 4.7370e-02,  7.5496e-03,  3.5209e-02,  ...,  7.6104e-02,
           1.2069e-01, -5.0146e-02],
         ...,
         [ 2.5732e-02,  1.6841e-02, -1.4644e-03,  ...,  7.4885e-02,
          -5.7547e-02, -2.8894e-02],
         [ 4.8530e-02, -2.2232e-01,  1.4547e-01,  ...,  1.6644e-01,
           1.8740e-01,  1.3180e-01],
         [ 4.1062e-01, -1.9015e-01,  2.4891e-01,  ..., -2.7951e-01,
          -5.6626e-02, -4.1157e-01]]])})
Loss:  tensor(1.8147, grad_fn=<MeanBackward0>)
OrderedDict({'rvq_quantizer.project_in.weight': tensor([[ 0.1123,  0.0320, -0.0450,  ...,  0.1083, -0.0613,  0.0830],
        [-0.0007,  0.0301,  0.0586,  ...,  0.0461, -0.0547, -0.0324],
        [ 0.0594, -0.0739,  0.0233,  ..., -0.0870, -0.1202,  0.0586],
        ...,
        [ 0.0612,  0.0034, -0.0758,  ...,  0.0983,  0.0446,  0.0617],
        [ 0.1162, -0.0419, -0.0538,  ..., -0.1202, -0.0991,  0.0334],
        [ 0.0399, -0.0963, -0.0384,  ..., -0.1183, -0.0075, -0.1033]]), 'rvq_quantizer.project_in.bias': tensor([ 0.0007,  0.0028, -0.0392,  0.0722, -0.0533, -0.1061,  0.0724, -0.0837,
         0.0315, -0.0616, -0.0902,  0.0147,  0.0306, -0.1214,  0.0967,  0.0513,
         0.1134, -0.0119,  0.0959,  0.1189,  0.1056,  0.1135,  0.0500, -0.0678,
        -0.0406, -0.0238,  0.0122, -0.0237,  0.0367, -0.0865,  0.0638, -0.0592]), 'rvq_quantizer.project_out.weight': tensor([[ 1.7297e-01, -7.7242e-02,  1.4315e-01,  ..., -9.3891e-03,
          4.6688e-02,  2.6892e-02],
        [-1.2556e-01,  6.1723e-03,  7.3092e-02,  ...,  9.3280e-02,
          1.4586e-01,  1.3955e-01],
        [ 2.5525e-02,  2.4489e-02,  1.1027e-01,  ..., -3.5292e-02,
         -8.5630e-02, -1.7585e-02],
        ...,
        [-1.1142e-01,  1.1344e-01,  1.7359e-03,  ..., -4.1507e-02,
          1.0128e-01, -1.6361e-01],
        [ 8.1643e-03,  1.1110e-02,  1.2083e-01,  ...,  5.7392e-03,
         -1.2658e-01, -8.9246e-05],
        [ 1.1302e-01,  7.6405e-02,  1.5586e-01,  ...,  2.4890e-02,
         -8.8728e-02,  1.3402e-01]]), 'rvq_quantizer.project_out.bias': tensor([ 0.0184,  0.1213,  0.0966,  0.0149, -0.0584,  0.1491, -0.1232, -0.0948,
         0.0769,  0.1567, -0.0673,  0.0828, -0.1253,  0.1187, -0.1478,  0.1035,
         0.0257,  0.1767, -0.1063, -0.0178,  0.0536,  0.1559,  0.0004,  0.0875,
        -0.0399, -0.1251, -0.0878, -0.0239,  0.0587, -0.1121, -0.1483, -0.0791,
         0.0221, -0.0539,  0.1341, -0.0229,  0.1362,  0.0976,  0.0909,  0.1372,
         0.0870,  0.0845,  0.1413, -0.0785, -0.1314, -0.1116, -0.0285, -0.1256,
        -0.0554, -0.1188,  0.0959,  0.1502,  0.0371, -0.1019,  0.0483, -0.0402,
        -0.0204, -0.0946, -0.1328,  0.0166, -0.1202,  0.1196,  0.0317, -0.1710]), 'rvq_quantizer.layers.0._codebook.initted': tensor([1.]), 'rvq_quantizer.layers.0._codebook.cluster_size': tensor([[2.0000, 3.0645, 2.0000,  ..., 2.0000, 2.2710, 2.4938]]), 'rvq_quantizer.layers.0._codebook.embed_avg': tensor([[[-100.4655,  -34.9833,  -64.4149,  ...,  -35.6295,  -28.3188,
           -13.6843],
         [-181.0247,  -36.8620,  -45.3095,  ...,  -97.9094, -114.7590,
           -15.2916],
         [-128.9332,  -28.8260,  -67.5075,  ...,  -45.8026,  -85.9940,
           -19.9573],
         ...,
         [-121.9869,  -25.4743,  -35.3648,  ...,  -56.0751,  -66.2201,
             4.2450],
         [-114.9816,  -31.6010,  -52.4769,  ...,  -48.9387,  -47.1544,
            -3.7887],
         [-191.0605,    2.6077, -118.2931,  ..., -103.1952, -187.1758,
           -68.6798]]]), 'rvq_quantizer.layers.0._codebook.embed': tensor([[[-50.2327, -17.4916, -32.2074,  ..., -17.8147, -14.1594,  -6.8422],
         [-59.0715, -12.0287, -14.7853,  ..., -31.9495, -37.4478,  -4.9899],
         [-64.4666, -14.4130, -33.7537,  ..., -22.9013, -42.9970,  -9.9786],
         ...,
         [-60.9934, -12.7371, -17.6824,  ..., -28.0375, -33.1100,   2.1225],
         [-50.6303, -13.9150, -23.1074,  ..., -21.5494, -20.7637,  -1.6683],
         [-76.6134,   1.0457, -47.4344,  ..., -41.3802, -75.0556, -27.5399]]]), 'rvq_quantizer.layers.1._codebook.initted': tensor([1.]), 'rvq_quantizer.layers.1._codebook.cluster_size': tensor([[2.0000, 2.2439, 3.5424,  ..., 3.2690, 2.2407, 2.0000]]), 'rvq_quantizer.layers.1._codebook.embed_avg': tensor([[[-1.5614, -2.7225, -0.7587,  ..., -0.0269,  1.3099, -2.4231],
         [-2.6864,  4.1023,  2.1572,  ...,  2.4144, -2.4150,  4.0974],
         [-6.7890,  1.5455,  6.2980,  ..., -1.6620, -0.7473, -1.7746],
         ...,
         [ 8.5877,  2.2453, -2.2596,  ..., 11.1709, 10.3807,  0.5762],
         [-1.8918,  0.9922, -1.2998,  ..., -0.7505, -1.3603, -1.9031],
         [ 0.0000,  0.0000,  0.0000,  ...,  0.0000,  0.0000,  0.0000]]]), 'rvq_quantizer.layers.1._codebook.embed': tensor([[[-0.7807, -1.3613, -0.3793,  ..., -0.0135,  0.6549, -1.2115],
         [-1.1972,  1.8282,  0.9614,  ...,  1.0760, -1.0763,  1.8260],
         [-1.9165,  0.4363,  1.7779,  ..., -0.4692, -0.2110, -0.5010],
         ...,
         [ 2.6270,  0.6869, -0.6912,  ...,  3.4172,  3.1755,  0.1763],
         [-0.8443,  0.4428, -0.5801,  ..., -0.3349, -0.6071, -0.8493],
         [ 0.0000,  0.0000,  0.0000,  ...,  0.0000,  0.0000,  0.0000]]]), 'rvq_quantizer.layers.2._codebook.initted': tensor([1.]), 'rvq_quantizer.layers.2._codebook.cluster_size': tensor([[178.3874,   3.9066,  76.5753,  ...,   2.4498,   2.0000,   3.3054]]), 'rvq_quantizer.layers.2._codebook.embed_avg': tensor([[[-7.4482e-04, -8.4335e-05, -3.9574e-04,  ..., -3.2417e-04,
          -5.0704e-04, -1.7023e-04],
         [-3.9819e-01, -2.4105e+00, -4.4308e+00,  ...,  7.3089e-01,
          -5.2936e-01, -5.0812e+00],
         [-3.9071e+00, -2.8097e+00,  3.1461e+00,  ..., -6.3024e+00,
          -1.0105e+01,  2.0533e+00],
         ...,
         [-2.4205e+00,  4.3634e-01, -1.6289e+00,  ...,  1.8022e+00,
          -1.5637e+00, -1.6476e+00],
         [-2.5019e-02,  4.3297e-01, -5.2018e-01,  ..., -6.3941e-02,
           7.9098e-01,  6.8130e-01],
         [ 1.0282e+00, -3.5380e-01, -3.1800e+00,  ...,  1.4503e+00,
          -5.1508e+00, -3.3348e-01]]]), 'rvq_quantizer.layers.2._codebook.embed': tensor([[[-4.1753e-06, -4.7277e-07, -2.2184e-06,  ..., -1.8172e-06,
          -2.8424e-06, -9.5425e-07],
         [-1.0193e-01, -6.1704e-01, -1.1342e+00,  ...,  1.8709e-01,
          -1.3550e-01, -1.3007e+00],
         [-5.1023e-02, -3.6692e-02,  4.1085e-02,  ..., -8.2303e-02,
          -1.3196e-01,  2.6815e-02],
         ...,
         [-9.8803e-01,  1.7811e-01, -6.6493e-01,  ...,  7.3567e-01,
          -6.3831e-01, -6.7255e-01],
         [-1.2509e-02,  2.1649e-01, -2.6009e-01,  ..., -3.1971e-02,
           3.9549e-01,  3.4065e-01],
         [ 3.1108e-01, -1.0704e-01, -9.6207e-01,  ...,  4.3876e-01,
          -1.5583e+00, -1.0089e-01]]]), 'rvq_quantizer.layers.3._codebook.initted': tensor([1.]), 'rvq_quantizer.layers.3._codebook.cluster_size': tensor([[ 77.2785, 217.5131,   2.0000,  ...,   2.0620,   2.0000,   2.1854]]), 'rvq_quantizer.layers.3._codebook.embed_avg': tensor([[[-3.8351e+00, -2.8547e+00,  3.0626e+00,  ..., -6.3950e+00,
          -1.0225e+01,  2.0482e+00],
         [-6.3833e-04, -7.5075e-05, -7.8522e-05,  ..., -2.8985e-04,
          -3.6689e-04,  1.1653e-05],
         [-1.6016e+00, -6.5811e-01, -2.6662e-01,  ..., -6.7435e-01,
          -1.6906e+00,  1.0808e+00],
         ...,
         [ 6.0693e-02,  2.5986e-02,  1.5057e-03,  ...,  1.5322e-01,
          -1.1592e-01, -7.3257e-02],
         [-2.9043e+00,  5.7605e+00, -2.9638e+00,  ..., -2.5325e+00,
          -1.9867e+00,  2.9810e+00],
         [ 9.1386e-01, -4.1474e-01,  5.4824e-01,  ..., -5.5060e-01,
          -1.2646e-01, -7.6362e-01]]]), 'rvq_quantizer.layers.3._codebook.embed': tensor([[[-4.9627e-02, -3.6941e-02,  3.9631e-02,  ..., -8.2753e-02,
          -1.3232e-01,  2.6504e-02],
         [-2.9347e-06, -3.4515e-07, -3.6100e-07,  ..., -1.3326e-06,
          -1.6868e-06,  5.3575e-08],
         [-8.0080e-01, -3.2906e-01, -1.3331e-01,  ..., -3.3718e-01,
          -8.4530e-01,  5.4041e-01],
         ...,
         [ 2.9434e-02,  1.2602e-02,  7.3020e-04,  ...,  7.4305e-02,
          -5.6217e-02, -3.5527e-02],
         [-1.4522e+00,  2.8802e+00, -1.4819e+00,  ..., -1.2662e+00,
          -9.9333e-01,  1.4905e+00],
         [ 4.1816e-01, -1.8978e-01,  2.5086e-01,  ..., -2.5194e-01,
          -5.7864e-02, -3.4942e-01]]])})
Loss:  tensor(1.7682, grad_fn=<MeanBackward0>)
OrderedDict({'rvq_quantizer.project_in.weight': tensor([[ 0.1123,  0.0320, -0.0450,  ...,  0.1083, -0.0613,  0.0830],
        [-0.0007,  0.0301,  0.0586,  ...,  0.0461, -0.0547, -0.0324],
        [ 0.0594, -0.0739,  0.0233,  ..., -0.0870, -0.1202,  0.0586],
        ...,
        [ 0.0612,  0.0034, -0.0758,  ...,  0.0983,  0.0446,  0.0617],
        [ 0.1162, -0.0419, -0.0538,  ..., -0.1202, -0.0991,  0.0334],
        [ 0.0399, -0.0963, -0.0384,  ..., -0.1183, -0.0075, -0.1033]]), 'rvq_quantizer.project_in.bias': tensor([ 0.0007,  0.0028, -0.0392,  0.0722, -0.0533, -0.1061,  0.0724, -0.0837,
         0.0315, -0.0616, -0.0902,  0.0147,  0.0306, -0.1214,  0.0967,  0.0513,
         0.1134, -0.0119,  0.0959,  0.1189,  0.1056,  0.1135,  0.0500, -0.0678,
        -0.0406, -0.0238,  0.0122, -0.0237,  0.0367, -0.0865,  0.0638, -0.0592]), 'rvq_quantizer.project_out.weight': tensor([[ 1.7297e-01, -7.7242e-02,  1.4315e-01,  ..., -9.3891e-03,
          4.6688e-02,  2.6892e-02],
        [-1.2556e-01,  6.1723e-03,  7.3092e-02,  ...,  9.3280e-02,
          1.4586e-01,  1.3955e-01],
        [ 2.5525e-02,  2.4489e-02,  1.1027e-01,  ..., -3.5292e-02,
         -8.5630e-02, -1.7585e-02],
        ...,
        [-1.1142e-01,  1.1344e-01,  1.7359e-03,  ..., -4.1507e-02,
          1.0128e-01, -1.6361e-01],
        [ 8.1643e-03,  1.1110e-02,  1.2083e-01,  ...,  5.7392e-03,
         -1.2658e-01, -8.9246e-05],
        [ 1.1302e-01,  7.6405e-02,  1.5586e-01,  ...,  2.4890e-02,
         -8.8728e-02,  1.3402e-01]]), 'rvq_quantizer.project_out.bias': tensor([ 0.0184,  0.1213,  0.0966,  0.0149, -0.0584,  0.1491, -0.1232, -0.0948,
         0.0769,  0.1567, -0.0673,  0.0828, -0.1253,  0.1187, -0.1478,  0.1035,
         0.0257,  0.1767, -0.1063, -0.0178,  0.0536,  0.1559,  0.0004,  0.0875,
        -0.0399, -0.1251, -0.0878, -0.0239,  0.0587, -0.1121, -0.1483, -0.0791,
         0.0221, -0.0539,  0.1341, -0.0229,  0.1362,  0.0976,  0.0909,  0.1372,
         0.0870,  0.0845,  0.1413, -0.0785, -0.1314, -0.1116, -0.0285, -0.1256,
        -0.0554, -0.1188,  0.0959,  0.1502,  0.0371, -0.1019,  0.0483, -0.0402,
        -0.0204, -0.0946, -0.1328,  0.0166, -0.1202,  0.1196,  0.0317, -0.1710]), 'rvq_quantizer.layers.0._codebook.initted': tensor([1.]), 'rvq_quantizer.layers.0._codebook.cluster_size': tensor([[2.0000, 3.0581, 2.0000,  ..., 2.0000, 2.3439, 2.6444]]), 'rvq_quantizer.layers.0._codebook.embed_avg': tensor([[[-100.3854,  -34.8969,  -64.1611,  ...,  -35.6543,  -28.4919,
           -13.8868],
         [-180.4979,  -36.6175,  -45.3205,  ...,  -97.2549, -114.7569,
           -15.7186],
         [-158.6392,   -3.4116,  -84.9457,  ...,  -89.6259, -160.5459,
           -54.4643],
         ...,
         [-137.9875,  -32.0955,  -92.3009,  ...,  -59.7469, -116.4140,
           -24.2703],
         [-118.5661,  -32.3927,  -53.6268,  ...,  -49.9844,  -47.6884,
            -3.9525],
         [-202.5807,    2.7049, -125.2020,  ..., -109.4525, -198.4128,
           -72.5285]]]), 'rvq_quantizer.layers.0._codebook.embed': tensor([[[-50.1926, -17.4484, -32.0805,  ..., -17.8271, -14.2460,  -6.9434],
         [-59.0238, -11.9741, -14.8200,  ..., -31.8029, -37.5262,  -5.1401],
         [-79.3196,  -1.7058, -42.4729,  ..., -44.8129, -80.2730, -27.2321],
         ...,
         [-68.9938, -16.0477, -46.1504,  ..., -29.8734, -58.2070, -12.1351],
         [-50.5849, -13.8200, -22.8793,  ..., -21.3253, -20.3457,  -1.6863],
         [-76.6062,   1.0229, -47.3453,  ..., -41.3896, -75.0301, -27.4268]]]), 'rvq_quantizer.layers.1._codebook.initted': tensor([1.]), 'rvq_quantizer.layers.1._codebook.cluster_size': tensor([[2.0000, 2.3195, 3.5881,  ..., 3.0421, 2.2167, 2.0000]]), 'rvq_quantizer.layers.1._codebook.embed_avg': tensor([[[ 1.8932,  1.0836,  4.8778,  ...,  2.1636,  3.8315, -2.5533],
         [-2.8426,  4.4300,  2.1941,  ...,  2.5160, -2.6210,  4.2281],
         [-7.2269,  1.5221,  6.5190,  ..., -1.3627, -0.5071, -1.3980],
         ...,
         [ 8.2681,  2.1578, -1.8996,  ..., 10.4489,  9.8866,  0.2113],
         [-1.9781,  1.0333, -1.3631,  ..., -0.8111, -1.4088, -2.0475],
         [ 3.0781,  8.1471,  5.8355,  ...,  0.4616,  6.1586,  1.4813]]]), 'rvq_quantizer.layers.1._codebook.embed': tensor([[[ 0.9466,  0.5418,  2.4389,  ...,  1.0818,  1.9157, -1.2766],
         [-1.2255,  1.9099,  0.9459,  ...,  1.0847, -1.1300,  1.8229],
         [-2.0141,  0.4242,  1.8168,  ..., -0.3798, -0.1413, -0.3896],
         ...,
         [ 2.7179,  0.7093, -0.6244,  ...,  3.4348,  3.2499,  0.0695],
         [-0.8924,  0.4662, -0.6149,  ..., -0.3659, -0.6355, -0.9237],
         [ 1.5390,  4.0736,  2.9177,  ...,  0.2308,  3.0793,  0.7407]]]), 'rvq_quantizer.layers.2._codebook.initted': tensor([1.]), 'rvq_quantizer.layers.2._codebook.cluster_size': tensor([[194.3486,   4.0160,  69.1177,  ...,   2.4048,   2.0000,   3.2749]]), 'rvq_quantizer.layers.2._codebook.embed_avg': tensor([[[-8.5495e-04, -8.7607e-05, -4.4261e-04,  ..., -3.7691e-04,
          -5.8390e-04, -2.0082e-04],
         [-2.0785e-01, -2.6475e+00, -4.6313e+00,  ...,  5.6527e-01,
          -2.9395e-01, -5.1356e+00],
         [-3.5294e+00, -2.5510e+00,  2.8214e+00,  ..., -5.6793e+00,
          -9.1232e+00,  1.8520e+00],
         ...,
         [-2.3902e+00,  4.1451e-01, -1.5022e+00,  ...,  1.8293e+00,
          -1.6106e+00, -1.6955e+00],
         [-1.2736e+00,  2.9402e+00, -1.1362e+00,  ..., -6.7517e+00,
          -7.4939e-01, -5.5821e-01],
         [ 1.0950e+00, -3.2574e-01, -3.2122e+00,  ...,  1.7018e+00,
          -5.1414e+00, -3.6944e-01]]]), 'rvq_quantizer.layers.2._codebook.embed': tensor([[[-4.3991e-06, -4.5077e-07, -2.2774e-06,  ..., -1.9394e-06,
          -3.0044e-06, -1.0333e-06],
         [-5.1756e-02, -6.5924e-01, -1.1532e+00,  ...,  1.4075e-01,
          -7.3196e-02, -1.2788e+00],
         [-5.1064e-02, -3.6908e-02,  4.0821e-02,  ..., -8.2169e-02,
          -1.3200e-01,  2.6795e-02],
         ...,
         [-9.9393e-01,  1.7237e-01, -6.2468e-01,  ...,  7.6068e-01,
          -6.6972e-01, -7.0504e-01],
         [-6.3681e-01,  1.4701e+00, -5.6810e-01,  ..., -3.3758e+00,
          -3.7469e-01, -2.7911e-01],
         [ 3.3436e-01, -9.9466e-02, -9.8086e-01,  ...,  5.1966e-01,
          -1.5700e+00, -1.1281e-01]]]), 'rvq_quantizer.layers.3._codebook.initted': tensor([1.]), 'rvq_quantizer.layers.3._codebook.cluster_size': tensor([[ 69.7507, 229.4618,   2.1000,  ...,   2.2558,   2.0000,   2.0669]]), 'rvq_quantizer.layers.3._codebook.embed_avg': tensor([[[-3.4615e+00, -2.5752e+00,  2.7578e+00,  ..., -5.7802e+00,
          -9.2174e+00,  1.8357e+00],
         [-7.1235e-04, -7.4197e-05, -1.3203e-04,  ..., -3.2520e-04,
          -4.2564e-04, -2.6649e-05],
         [-1.6760e+00, -4.7973e-01, -2.6936e-01,  ..., -8.1847e-01,
          -1.9201e+00,  1.0353e+00],
         ...,
         [ 6.5253e-02,  6.0288e-03, -1.5567e-02,  ...,  1.6435e-01,
          -1.2310e-01, -7.7347e-02],
         [ 0.0000e+00,  0.0000e+00,  0.0000e+00,  ...,  0.0000e+00,
           0.0000e+00,  0.0000e+00],
         [ 9.2104e-01, -4.0815e-01,  5.4450e-01,  ..., -5.0292e-01,
          -8.6468e-02, -7.6820e-01]]]), 'rvq_quantizer.layers.3._codebook.embed': tensor([[[-4.9627e-02, -3.6921e-02,  3.9539e-02,  ..., -8.2870e-02,
          -1.3215e-01,  2.6318e-02],
         [-3.1045e-06, -3.2335e-07, -5.7540e-07,  ..., -1.4172e-06,
          -1.8550e-06, -1.1614e-07],
         [-7.9807e-01, -2.2844e-01, -1.2827e-01,  ..., -3.8975e-01,
          -9.1434e-01,  4.9302e-01],
         ...,
         [ 2.8927e-02,  2.6726e-03, -6.9010e-03,  ...,  7.2857e-02,
          -5.4572e-02, -3.4288e-02],
         [ 0.0000e+00,  0.0000e+00,  0.0000e+00,  ...,  0.0000e+00,
           0.0000e+00,  0.0000e+00],
         [ 4.4562e-01, -1.9747e-01,  2.6344e-01,  ..., -2.4333e-01,
          -4.1835e-02, -3.7167e-01]]])})
Loss:  tensor(1.7331, grad_fn=<MeanBackward0>)
OrderedDict({'rvq_quantizer.project_in.weight': tensor([[ 0.1123,  0.0320, -0.0450,  ...,  0.1083, -0.0613,  0.0830],
        [-0.0007,  0.0301,  0.0586,  ...,  0.0461, -0.0547, -0.0324],
        [ 0.0594, -0.0739,  0.0233,  ..., -0.0870, -0.1202,  0.0586],
        ...,
        [ 0.0612,  0.0034, -0.0758,  ...,  0.0983,  0.0446,  0.0617],
        [ 0.1162, -0.0419, -0.0538,  ..., -0.1202, -0.0991,  0.0334],
        [ 0.0399, -0.0963, -0.0384,  ..., -0.1183, -0.0075, -0.1033]]), 'rvq_quantizer.project_in.bias': tensor([ 0.0007,  0.0028, -0.0392,  0.0722, -0.0533, -0.1061,  0.0724, -0.0837,
         0.0315, -0.0616, -0.0902,  0.0147,  0.0306, -0.1214,  0.0967,  0.0513,
         0.1134, -0.0119,  0.0959,  0.1189,  0.1056,  0.1135,  0.0500, -0.0678,
        -0.0406, -0.0238,  0.0122, -0.0237,  0.0367, -0.0865,  0.0638, -0.0592]), 'rvq_quantizer.project_out.weight': tensor([[ 1.7297e-01, -7.7242e-02,  1.4315e-01,  ..., -9.3891e-03,
          4.6688e-02,  2.6892e-02],
        [-1.2556e-01,  6.1723e-03,  7.3092e-02,  ...,  9.3280e-02,
          1.4586e-01,  1.3955e-01],
        [ 2.5525e-02,  2.4489e-02,  1.1027e-01,  ..., -3.5292e-02,
         -8.5630e-02, -1.7585e-02],
        ...,
        [-1.1142e-01,  1.1344e-01,  1.7359e-03,  ..., -4.1507e-02,
          1.0128e-01, -1.6361e-01],
        [ 8.1643e-03,  1.1110e-02,  1.2083e-01,  ...,  5.7392e-03,
         -1.2658e-01, -8.9246e-05],
        [ 1.1302e-01,  7.6405e-02,  1.5586e-01,  ...,  2.4890e-02,
         -8.8728e-02,  1.3402e-01]]), 'rvq_quantizer.project_out.bias': tensor([ 0.0184,  0.1213,  0.0966,  0.0149, -0.0584,  0.1491, -0.1232, -0.0948,
         0.0769,  0.1567, -0.0673,  0.0828, -0.1253,  0.1187, -0.1478,  0.1035,
         0.0257,  0.1767, -0.1063, -0.0178,  0.0536,  0.1559,  0.0004,  0.0875,
        -0.0399, -0.1251, -0.0878, -0.0239,  0.0587, -0.1121, -0.1483, -0.0791,
         0.0221, -0.0539,  0.1341, -0.0229,  0.1362,  0.0976,  0.0909,  0.1372,
         0.0870,  0.0845,  0.1413, -0.0785, -0.1314, -0.1116, -0.0285, -0.1256,
        -0.0554, -0.1188,  0.0959,  0.1502,  0.0371, -0.1019,  0.0483, -0.0402,
        -0.0204, -0.0946, -0.1328,  0.0166, -0.1202,  0.1196,  0.0317, -0.1710]), 'rvq_quantizer.layers.0._codebook.initted': tensor([1.]), 'rvq_quantizer.layers.0._codebook.cluster_size': tensor([[2.0000, 3.1522, 2.0000,  ..., 2.0000, 2.4095, 2.7800]]), 'rvq_quantizer.layers.0._codebook.embed_avg': tensor([[[-157.5070,    0.2495,  -87.9654,  ...,  -89.5649, -160.2116,
           -53.9908],
         [-186.0691,  -37.6841,  -46.6316,  ...,  -99.8716, -118.1681,
           -16.4096],
         [-132.7347,  -17.9254, -100.7330,  ...,  -71.8793, -100.0840,
           -35.2336],
         ...,
         [-124.3522,  -31.3122,  -96.2257,  ...,  -64.9991, -101.6316,
           -46.1629],
         [-121.7921,  -33.1053,  -54.6617,  ...,  -50.9255,  -48.1690,
            -4.0999],
         [-212.9488,    2.7925, -131.4201,  ..., -115.0841, -208.5261,
           -75.9924]]]), 'rvq_quantizer.layers.0._codebook.embed': tensor([[[-78.7535,   0.1248, -43.9827,  ..., -44.7824, -80.1058, -26.9954],
         [-59.0275, -11.9547, -14.7931,  ..., -31.6827, -37.4869,  -5.2057],
         [-66.3673,  -8.9627, -50.3665,  ..., -35.9396, -50.0420, -17.6168],
         ...,
         [-62.1761, -15.6561, -48.1129,  ..., -32.4995, -50.8158, -23.0815],
         [-50.5464, -13.7394, -22.6858,  ..., -21.1352, -19.9912,  -1.7015],
         [-76.6003,   1.0045, -47.2735,  ..., -41.3972, -75.0094, -27.3354]]]), 'rvq_quantizer.layers.1._codebook.initted': tensor([1.]), 'rvq_quantizer.layers.1._codebook.cluster_size': tensor([[2.0000, 2.3876, 3.7293,  ..., 3.2379, 2.0950, 2.0000]]), 'rvq_quantizer.layers.1._codebook.embed_avg': tensor([[[ 1.6457,  1.0844,  4.5813,  ...,  2.1993,  3.7774, -2.5584],
         [-2.9890,  4.7221,  2.2266,  ...,  2.6111, -2.8106,  4.3373],
         [-8.1547,  1.0427,  6.6561,  ..., -1.2568, -0.6144, -1.2380],
         ...,
         [ 9.3695,  2.3769, -1.3654,  ..., 11.4769, 10.9375,  0.1098],
         [-2.1386,  1.0636, -1.4495,  ..., -0.6455, -1.3818, -1.9388],
         [ 0.6198, -0.2467, -0.0290,  ...,  0.0753,  0.5210, -0.6112]]]), 'rvq_quantizer.layers.1._codebook.embed': tensor([[[ 0.8228,  0.5422,  2.2907,  ...,  1.0996,  1.8887, -1.2792],
         [-1.2519,  1.9778,  0.9326,  ...,  1.0936, -1.1772,  1.8166],
         [-2.1866,  0.2796,  1.7848,  ..., -0.3370, -0.1647, -0.3320],
         ...,
         [ 2.8937,  0.7341, -0.4217,  ...,  3.5446,  3.3780,  0.0339],
         [-1.0208,  0.5077, -0.6919,  ..., -0.3081, -0.6596, -0.9254],
         [ 0.3099, -0.1234, -0.0145,  ...,  0.0377,  0.2605, -0.3056]]]), 'rvq_quantizer.layers.2._codebook.initted': tensor([1.]), 'rvq_quantizer.layers.2._codebook.cluster_size': tensor([[208.4138,   4.4144,  62.6060,  ...,   2.3643,   2.0000,   3.4474]]), 'rvq_quantizer.layers.2._codebook.embed_avg': tensor([[[-9.4650e-04, -1.0047e-04, -4.7879e-04,  ..., -4.1632e-04,
          -5.9383e-04, -2.1579e-04],
         [ 7.1804e-02, -3.2930e+00, -5.1275e+00,  ...,  4.4846e-01,
          -2.2800e-01, -5.8493e+00],
         [-3.2339e+00, -2.3238e+00,  2.5539e+00,  ..., -5.1159e+00,
          -8.2440e+00,  1.6725e+00],
         ...,
         [-2.3170e+00,  2.6990e-01, -1.3579e+00,  ...,  2.1671e+00,
          -1.6247e+00, -1.7925e+00],
         [-1.5215e+00,  2.8802e+00, -1.2280e+00,  ..., -6.5435e+00,
          -9.0537e-01, -3.7089e-01],
         [ 1.2129e+00, -3.7082e-01, -3.3356e+00,  ...,  1.8281e+00,
          -5.3385e+00, -6.1226e-01]]]), 'rvq_quantizer.layers.2._codebook.embed': tensor([[[-4.5415e-06, -4.8205e-07, -2.2973e-06,  ..., -1.9976e-06,
          -2.8493e-06, -1.0354e-06],
         [ 1.6266e-02, -7.4596e-01, -1.1615e+00,  ...,  1.0159e-01,
          -5.1650e-02, -1.3251e+00],
         [-5.1655e-02, -3.7118e-02,  4.0794e-02,  ..., -8.1716e-02,
          -1.3168e-01,  2.6715e-02],
         ...,
         [-9.7999e-01,  1.1415e-01, -5.7434e-01,  ...,  9.1660e-01,
          -6.8716e-01, -7.5813e-01],
         [-7.6076e-01,  1.4401e+00, -6.1398e-01,  ..., -3.2717e+00,
          -4.5269e-01, -1.8544e-01],
         [ 3.5185e-01, -1.0756e-01, -9.6757e-01,  ...,  5.3029e-01,
          -1.5486e+00, -1.7760e-01]]]), 'rvq_quantizer.layers.3._codebook.initted': tensor([1.]), 'rvq_quantizer.layers.3._codebook.cluster_size': tensor([[ 62.8756, 239.9156,   2.0000,  ...,   2.2302,   2.0000,   2.0000]]), 'rvq_quantizer.layers.3._codebook.embed_avg': tensor([[[-3.1224e+00, -2.3079e+00,  2.4833e+00,  ..., -5.2230e+00,
          -8.3236e+00,  1.6798e+00],
         [-7.6264e-04, -8.2946e-05, -1.7030e-04,  ..., -3.4481e-04,
          -4.1318e-04, -4.6191e-05],
         [ 6.2882e-02,  6.1133e-02,  1.5278e-01,  ...,  6.2343e-02,
          -1.1586e-01,  1.5725e-01],
         ...,
         [ 7.3255e-02,  2.4967e-02, -1.9199e-02,  ...,  1.5109e-01,
          -1.2604e-01, -6.6861e-02],
         [-1.1701e+00,  3.2128e+00, -9.8534e-03,  ...,  2.9707e-01,
          -5.1333e+00,  2.0191e+00],
         [-1.2776e+00,  2.6624e+00, -4.2328e+00,  ..., -7.4930e+00,
           1.1453e+00,  2.1465e+00]]]), 'rvq_quantizer.layers.3._codebook.embed': tensor([[[-4.9660e-02, -3.6706e-02,  3.9496e-02,  ..., -8.3068e-02,
          -1.3238e-01,  2.6716e-02],
         [-3.1788e-06, -3.4573e-07, -7.0985e-07,  ..., -1.4372e-06,
          -1.7222e-06, -1.9253e-07],
         [ 3.1441e-02,  3.0566e-02,  7.6390e-02,  ...,  3.1171e-02,
          -5.7931e-02,  7.8627e-02],
         ...,
         [ 3.2846e-02,  1.1195e-02, -8.6088e-03,  ...,  6.7748e-02,
          -5.6514e-02, -2.9979e-02],
         [-5.8506e-01,  1.6064e+00, -4.9267e-03,  ...,  1.4853e-01,
          -2.5666e+00,  1.0095e+00],
         [-6.3878e-01,  1.3312e+00, -2.1164e+00,  ..., -3.7465e+00,
           5.7266e-01,  1.0733e+00]]])})
Loss:  tensor(1.7334, grad_fn=<MeanBackward0>)
OrderedDict({'rvq_quantizer.project_in.weight': tensor([[ 0.1123,  0.0320, -0.0450,  ...,  0.1083, -0.0613,  0.0830],
        [-0.0007,  0.0301,  0.0586,  ...,  0.0461, -0.0547, -0.0324],
        [ 0.0594, -0.0739,  0.0233,  ..., -0.0870, -0.1202,  0.0586],
        ...,
        [ 0.0612,  0.0034, -0.0758,  ...,  0.0983,  0.0446,  0.0617],
        [ 0.1162, -0.0419, -0.0538,  ..., -0.1202, -0.0991,  0.0334],
        [ 0.0399, -0.0963, -0.0384,  ..., -0.1183, -0.0075, -0.1033]]), 'rvq_quantizer.project_in.bias': tensor([ 0.0007,  0.0028, -0.0392,  0.0722, -0.0533, -0.1061,  0.0724, -0.0837,
         0.0315, -0.0616, -0.0902,  0.0147,  0.0306, -0.1214,  0.0967,  0.0513,
         0.1134, -0.0119,  0.0959,  0.1189,  0.1056,  0.1135,  0.0500, -0.0678,
        -0.0406, -0.0238,  0.0122, -0.0237,  0.0367, -0.0865,  0.0638, -0.0592]), 'rvq_quantizer.project_out.weight': tensor([[ 1.7297e-01, -7.7242e-02,  1.4315e-01,  ..., -9.3891e-03,
          4.6688e-02,  2.6892e-02],
        [-1.2556e-01,  6.1723e-03,  7.3092e-02,  ...,  9.3280e-02,
          1.4586e-01,  1.3955e-01],
        [ 2.5525e-02,  2.4489e-02,  1.1027e-01,  ..., -3.5292e-02,
         -8.5630e-02, -1.7585e-02],
        ...,
        [-1.1142e-01,  1.1344e-01,  1.7359e-03,  ..., -4.1507e-02,
          1.0128e-01, -1.6361e-01],
        [ 8.1643e-03,  1.1110e-02,  1.2083e-01,  ...,  5.7392e-03,
         -1.2658e-01, -8.9246e-05],
        [ 1.1302e-01,  7.6405e-02,  1.5586e-01,  ...,  2.4890e-02,
         -8.8728e-02,  1.3402e-01]]), 'rvq_quantizer.project_out.bias': tensor([ 0.0184,  0.1213,  0.0966,  0.0149, -0.0584,  0.1491, -0.1232, -0.0948,
         0.0769,  0.1567, -0.0673,  0.0828, -0.1253,  0.1187, -0.1478,  0.1035,
         0.0257,  0.1767, -0.1063, -0.0178,  0.0536,  0.1559,  0.0004,  0.0875,
        -0.0399, -0.1251, -0.0878, -0.0239,  0.0587, -0.1121, -0.1483, -0.0791,
         0.0221, -0.0539,  0.1341, -0.0229,  0.1362,  0.0976,  0.0909,  0.1372,
         0.0870,  0.0845,  0.1413, -0.0785, -0.1314, -0.1116, -0.0285, -0.1256,
        -0.0554, -0.1188,  0.0959,  0.1502,  0.0371, -0.1019,  0.0483, -0.0402,
        -0.0204, -0.0946, -0.1328,  0.0166, -0.1202,  0.1196,  0.0317, -0.1710]), 'rvq_quantizer.layers.0._codebook.initted': tensor([1.]), 'rvq_quantizer.layers.0._codebook.cluster_size': tensor([[2.0000, 3.0370, 2.0000,  ..., 2.0000, 2.4686, 2.9020]]), 'rvq_quantizer.layers.0._codebook.embed_avg': tensor([[[-107.6395,   -2.1357,  -61.0549,  ...,  -13.4055,  -58.6560,
           -14.1964],
         [-179.3483,  -36.4048,  -44.8351,  ...,  -96.4845, -113.5719,
           -15.5035],
         [-106.1246,  -18.0373,  -64.1853,  ...,  -24.7775,  -63.6402,
            -8.7145],
         ...,
         [-100.9749,  -40.1265,  -70.9734,  ...,  -42.9678,  -41.1684,
           -21.8474],
         [-124.6955,  -33.7466,  -55.5931,  ...,  -51.7726,  -48.6016,
            -4.2326],
         [-222.2802,    2.8713, -137.0164,  ..., -120.1525, -217.6281,
           -79.1098]]]), 'rvq_quantizer.layers.0._codebook.embed': tensor([[[-53.8197,  -1.0679, -30.5275,  ...,  -6.7028, -29.3280,  -7.0982],
         [-59.0540, -11.9870, -14.7628,  ..., -31.7694, -37.3958,  -5.1048],
         [-53.0623,  -9.0187, -32.0927,  ..., -12.3888, -31.8201,  -4.3572],
         ...,
         [-50.4875, -20.0632, -35.4867,  ..., -21.4839, -20.5842, -10.9237],
         [-50.5135, -13.6706, -22.5204,  ..., -20.9728, -19.6882,  -1.7146],
         [-76.5956,   0.9894, -47.2145,  ..., -41.4034, -74.9925, -27.2605]]]), 'rvq_quantizer.layers.1._codebook.initted': tensor([1.]), 'rvq_quantizer.layers.1._codebook.cluster_size': tensor([[2.0000, 2.4488, 3.4564,  ..., 3.2141, 2.0000, 2.0000]]), 'rvq_quantizer.layers.1._codebook.embed_avg': tensor([[[-6.2446,  1.1443, -4.5984,  ..., -2.1741,  1.0971, -8.6070],
         [-3.1058,  4.9777,  2.2726,  ...,  2.6873, -2.9734,  4.4290],
         [-8.0286,  0.6148,  6.2905,  ..., -0.8646, -0.5646, -0.8752],
         ...,
         [ 9.2313,  2.1321, -1.4910,  ..., 11.5872, 10.7305,  0.4627],
         [ 0.0000,  0.0000,  0.0000,  ...,  0.0000,  0.0000,  0.0000],
         [-0.1491,  8.9887,  1.1423,  ..., -1.3884, -1.0870,  0.1272]]]), 'rvq_quantizer.layers.1._codebook.embed': tensor([[[-3.1223,  0.5722, -2.2992,  ..., -1.0870,  0.5486, -4.3035],
         [-1.2683,  2.0327,  0.9281,  ...,  1.0974, -1.2142,  1.8086],
         [-2.3228,  0.1779,  1.8200,  ..., -0.2501, -0.1634, -0.2532],
         ...,
         [ 2.8721,  0.6634, -0.4639,  ...,  3.6051,  3.3386,  0.1439],
         [ 0.0000,  0.0000,  0.0000,  ...,  0.0000,  0.0000,  0.0000],
         [-0.0745,  4.4944,  0.5711,  ..., -0.6942, -0.5435,  0.0636]]]), 'rvq_quantizer.layers.2._codebook.initted': tensor([1.]), 'rvq_quantizer.layers.2._codebook.cluster_size': tensor([[222.2724,   4.3729,  56.6454,  ...,   2.3279,   2.0000,   3.4026]]), 'rvq_quantizer.layers.2._codebook.embed_avg': tensor([[[-9.9009e-04, -1.0865e-04, -4.9196e-04,  ..., -4.3367e-04,
          -5.9788e-04, -2.1825e-04],
         [ 2.9912e-02, -3.4730e+00, -4.8895e+00,  ...,  2.6629e-01,
          -2.8907e-02, -5.7880e+00],
         [-2.8737e+00, -2.1348e+00,  2.2753e+00,  ..., -4.6176e+00,
          -7.5030e+00,  1.5080e+00],
         ...,
         [-2.2934e+00,  1.8294e-01, -1.0714e+00,  ...,  2.4335e+00,
          -1.5305e+00, -1.8174e+00],
         [-4.2967e-01, -1.2466e+00, -2.9501e-01,  ...,  9.8589e-01,
           1.2793e+00, -1.4511e+00],
         [ 1.2876e+00, -2.1396e-01, -3.3702e+00,  ...,  2.0245e+00,
          -5.0844e+00, -7.2371e-01]]]), 'rvq_quantizer.layers.2._codebook.embed': tensor([[[-4.4544e-06, -4.8882e-07, -2.2133e-06,  ..., -1.9511e-06,
          -2.6899e-06, -9.8192e-07],
         [ 6.8403e-03, -7.9420e-01, -1.1181e+00,  ...,  6.0895e-02,
          -6.6104e-03, -1.3236e+00],
         [-5.0731e-02, -3.7687e-02,  4.0167e-02,  ..., -8.1517e-02,
          -1.3246e-01,  2.6622e-02],
         ...,
         [-9.8519e-01,  7.8587e-02, -4.6023e-01,  ...,  1.0453e+00,
          -6.5747e-01, -7.8069e-01],
         [-2.1484e-01, -6.2328e-01, -1.4751e-01,  ...,  4.9294e-01,
           6.3964e-01, -7.2555e-01],
         [ 3.7842e-01, -6.2880e-02, -9.9047e-01,  ...,  5.9499e-01,
          -1.4943e+00, -2.1269e-01]]]), 'rvq_quantizer.layers.3._codebook.initted': tensor([1.]), 'rvq_quantizer.layers.3._codebook.cluster_size': tensor([[ 56.5880, 250.7241,   2.0000,  ...,   2.3072,   2.0000,   2.0000]]), 'rvq_quantizer.layers.3._codebook.embed_avg': tensor([[[-2.8102e+00, -2.0771e+00,  2.2350e+00,  ..., -4.7007e+00,
          -7.4913e+00,  1.5118e+00],
         [-7.7457e-04, -8.7751e-05, -1.8682e-04,  ..., -3.4731e-04,
          -4.0200e-04, -5.5633e-05],
         [ 7.9896e-02,  5.4390e-02,  1.5365e-01,  ...,  6.7110e-02,
          -1.3840e-01,  1.3049e-01],
         ...,
         [ 7.9244e-02,  3.1358e-02, -3.5982e-02,  ...,  1.6392e-01,
          -1.4163e-01, -7.2953e-02],
         [-1.4143e+00,  3.0150e+00, -5.5958e-02,  ...,  4.9466e-01,
          -5.0874e+00,  2.0839e+00],
         [ 3.6134e-05,  6.3007e-06,  2.6042e-05,  ...,  1.2900e-05,
           2.0984e-05,  2.6201e-06]]]), 'rvq_quantizer.layers.3._codebook.embed': tensor([[[-4.9660e-02, -3.6706e-02,  3.9496e-02,  ..., -8.3068e-02,
          -1.3238e-01,  2.6716e-02],
         [-3.0893e-06, -3.4999e-07, -7.4514e-07,  ..., -1.3852e-06,
          -1.6034e-06, -2.2189e-07],
         [ 3.9948e-02,  2.7195e-02,  7.6826e-02,  ...,  3.3555e-02,
          -6.9198e-02,  6.5246e-02],
         ...,
         [ 3.4347e-02,  1.3591e-02, -1.5596e-02,  ...,  7.1046e-02,
          -6.1386e-02, -3.1620e-02],
         [-7.0715e-01,  1.5075e+00, -2.7979e-02,  ...,  2.4733e-01,
          -2.5437e+00,  1.0420e+00],
         [ 1.8067e-05,  3.1504e-06,  1.3021e-05,  ...,  6.4500e-06,
           1.0492e-05,  1.3101e-06]]])})
Loss:  tensor(1.7690, grad_fn=<MeanBackward0>)
OrderedDict({'rvq_quantizer.project_in.weight': tensor([[ 0.1123,  0.0320, -0.0450,  ...,  0.1083, -0.0613,  0.0830],
        [-0.0007,  0.0301,  0.0586,  ...,  0.0461, -0.0547, -0.0324],
        [ 0.0594, -0.0739,  0.0233,  ..., -0.0870, -0.1202,  0.0586],
        ...,
        [ 0.0612,  0.0034, -0.0758,  ...,  0.0983,  0.0446,  0.0617],
        [ 0.1162, -0.0419, -0.0538,  ..., -0.1202, -0.0991,  0.0334],
        [ 0.0399, -0.0963, -0.0384,  ..., -0.1183, -0.0075, -0.1033]]), 'rvq_quantizer.project_in.bias': tensor([ 0.0007,  0.0028, -0.0392,  0.0722, -0.0533, -0.1061,  0.0724, -0.0837,
         0.0315, -0.0616, -0.0902,  0.0147,  0.0306, -0.1214,  0.0967,  0.0513,
         0.1134, -0.0119,  0.0959,  0.1189,  0.1056,  0.1135,  0.0500, -0.0678,
        -0.0406, -0.0238,  0.0122, -0.0237,  0.0367, -0.0865,  0.0638, -0.0592]), 'rvq_quantizer.project_out.weight': tensor([[ 1.7297e-01, -7.7242e-02,  1.4315e-01,  ..., -9.3891e-03,
          4.6688e-02,  2.6892e-02],
        [-1.2556e-01,  6.1723e-03,  7.3092e-02,  ...,  9.3280e-02,
          1.4586e-01,  1.3955e-01],
        [ 2.5525e-02,  2.4489e-02,  1.1027e-01,  ..., -3.5292e-02,
         -8.5630e-02, -1.7585e-02],
        ...,
        [-1.1142e-01,  1.1344e-01,  1.7359e-03,  ..., -4.1507e-02,
          1.0128e-01, -1.6361e-01],
        [ 8.1643e-03,  1.1110e-02,  1.2083e-01,  ...,  5.7392e-03,
         -1.2658e-01, -8.9246e-05],
        [ 1.1302e-01,  7.6405e-02,  1.5586e-01,  ...,  2.4890e-02,
         -8.8728e-02,  1.3402e-01]]), 'rvq_quantizer.project_out.bias': tensor([ 0.0184,  0.1213,  0.0966,  0.0149, -0.0584,  0.1491, -0.1232, -0.0948,
         0.0769,  0.1567, -0.0673,  0.0828, -0.1253,  0.1187, -0.1478,  0.1035,
         0.0257,  0.1767, -0.1063, -0.0178,  0.0536,  0.1559,  0.0004,  0.0875,
        -0.0399, -0.1251, -0.0878, -0.0239,  0.0587, -0.1121, -0.1483, -0.0791,
         0.0221, -0.0539,  0.1341, -0.0229,  0.1362,  0.0976,  0.0909,  0.1372,
         0.0870,  0.0845,  0.1413, -0.0785, -0.1314, -0.1116, -0.0285, -0.1256,
        -0.0554, -0.1188,  0.0959,  0.1502,  0.0371, -0.1019,  0.0483, -0.0402,
        -0.0204, -0.0946, -0.1328,  0.0166, -0.1202,  0.1196,  0.0317, -0.1710]), 'rvq_quantizer.layers.0._codebook.initted': tensor([1.]), 'rvq_quantizer.layers.0._codebook.cluster_size': tensor([[2.0000, 3.1333, 2.0000,  ..., 2.0000, 2.4217, 3.0118]]), 'rvq_quantizer.layers.0._codebook.embed_avg': tensor([[[-1.6314e+02, -9.8417e-02, -8.8869e+01,  ..., -8.6048e+01,
          -1.6425e+02, -5.4298e+01],
         [-1.8503e+02, -3.7493e+01, -4.6195e+01,  ..., -9.9178e+01,
          -1.1710e+02, -1.6216e+01],
         [-1.6434e+02, -3.5251e+00, -9.4059e+01,  ..., -8.3940e+01,
          -1.6259e+02, -5.3975e+01],
         ...,
         [-1.2566e+02, -1.8256e+01, -9.7479e+01,  ..., -6.9889e+01,
          -9.5640e+01, -4.4658e+01],
         [-1.2225e+02, -3.2989e+01, -5.4255e+01,  ..., -5.0384e+01,
          -4.7262e+01, -4.6101e+00],
         [-2.3068e+02,  2.9422e+00, -1.4205e+02,  ..., -1.2471e+02,
          -2.2582e+02, -8.1916e+01]]]), 'rvq_quantizer.layers.0._codebook.embed': tensor([[[-8.1568e+01, -4.9209e-02, -4.4435e+01,  ..., -4.3024e+01,
          -8.2126e+01, -2.7149e+01],
         [-5.9054e+01, -1.1966e+01, -1.4743e+01,  ..., -3.1653e+01,
          -3.7373e+01, -5.1753e+00],
         [-8.2171e+01, -1.7625e+00, -4.7029e+01,  ..., -4.1970e+01,
          -8.1294e+01, -2.6988e+01],
         ...,
         [-6.2831e+01, -9.1280e+00, -4.8740e+01,  ..., -3.4945e+01,
          -4.7820e+01, -2.2329e+01],
         [-5.0479e+01, -1.3622e+01, -2.2403e+01,  ..., -2.0805e+01,
          -1.9516e+01, -1.9036e+00],
         [-7.6592e+01,  9.7688e-01, -4.7166e+01,  ..., -4.1409e+01,
          -7.4978e+01, -2.7198e+01]]]), 'rvq_quantizer.layers.1._codebook.initted': tensor([1.]), 'rvq_quantizer.layers.1._codebook.cluster_size': tensor([[2.0000, 2.4039, 3.4108,  ..., 3.1927, 2.0000, 2.0000]]), 'rvq_quantizer.layers.1._codebook.embed_avg': tensor([[[-1.9213,  0.1834,  1.2005,  ...,  3.7392,  2.3953,  1.8030],
         [-3.0206,  5.1595,  2.3208,  ...,  2.6367, -2.9546,  4.3948],
         [-8.3401,  0.1604,  6.2097,  ..., -0.8243, -0.6724, -0.6708],
         ...,
         [ 9.7234,  1.9207, -1.5093,  ..., 11.7684, 10.8674,  0.4379],
         [ 0.9924,  2.7429, -1.0064,  ..., -0.3607,  0.5443,  2.1147],
         [-4.8027,  2.8177, -3.0081,  ..., -1.3346, -2.4377, 10.8982]]]), 'rvq_quantizer.layers.1._codebook.embed': tensor([[[-0.9607,  0.0917,  0.6003,  ...,  1.8696,  1.1977,  0.9015],
         [-1.2565,  2.1463,  0.9654,  ...,  1.0968, -1.2291,  1.8282],
         [-2.4452,  0.0470,  1.8206,  ..., -0.2417, -0.1971, -0.1967],
         ...,
         [ 3.0455,  0.6016, -0.4727,  ...,  3.6860,  3.4039,  0.1371],
         [ 0.4962,  1.3715, -0.5032,  ..., -0.1803,  0.2721,  1.0574],
         [-2.4014,  1.4089, -1.5041,  ..., -0.6673, -1.2188,  5.4491]]]), 'rvq_quantizer.layers.2._codebook.initted': tensor([1.]), 'rvq_quantizer.layers.2._codebook.cluster_size': tensor([[234.6451,   4.4357,  51.2808,  ...,   2.3951,   2.0000,   3.4624]]), 'rvq_quantizer.layers.2._codebook.embed_avg': tensor([[[-1.0707e-03, -1.1231e-04, -5.2307e-04,  ..., -4.6690e-04,
          -6.5701e-04, -2.4126e-04],
         [ 5.8197e-02, -3.6828e+00, -5.0265e+00,  ...,  1.6243e-01,
           1.6485e-01, -5.9594e+00],
         [-2.6248e+00, -1.9576e+00,  2.0784e+00,  ..., -4.1329e+00,
          -6.8119e+00,  1.3718e+00],
         ...,
         [-2.4272e+00,  2.1948e-01, -1.1277e+00,  ...,  2.4773e+00,
          -1.6696e+00, -1.8821e+00],
         [-5.9414e-01, -1.3597e+00, -3.5565e-01,  ...,  7.7820e-01,
           1.1140e+00, -1.4488e+00],
         [ 1.3416e+00, -6.0550e-02, -3.3557e+00,  ...,  1.8738e+00,
          -5.3756e+00, -9.8864e-01]]]), 'rvq_quantizer.layers.2._codebook.embed': tensor([[[-4.5630e-06, -4.7862e-07, -2.2292e-06,  ..., -1.9898e-06,
          -2.8000e-06, -1.0282e-06],
         [ 1.3120e-02, -8.3027e-01, -1.1332e+00,  ...,  3.6620e-02,
           3.7166e-02, -1.3435e+00],
         [-5.1185e-02, -3.8174e-02,  4.0529e-02,  ..., -8.0594e-02,
          -1.3284e-01,  2.6751e-02],
         ...,
         [-1.0134e+00,  9.1638e-02, -4.7084e-01,  ...,  1.0343e+00,
          -6.9710e-01, -7.8581e-01],
         [-2.9707e-01, -6.7985e-01, -1.7783e-01,  ...,  3.8910e-01,
           5.5699e-01, -7.2442e-01],
         [ 3.8747e-01, -1.7488e-02, -9.6920e-01,  ...,  5.4119e-01,
          -1.5526e+00, -2.8554e-01]]]), 'rvq_quantizer.layers.3._codebook.initted': tensor([1.]), 'rvq_quantizer.layers.3._codebook.cluster_size': tensor([[ 51.2292, 260.4517,   2.2000,  ...,   2.3765,   2.0000,   2.2000]]), 'rvq_quantizer.layers.3._codebook.embed_avg': tensor([[[-2.5088e+00, -1.9016e+00,  2.0194e+00,  ..., -4.2361e+00,
          -6.7610e+00,  1.3565e+00],
         [-8.2664e-04, -8.7259e-05, -2.2246e-04,  ..., -3.6818e-04,
          -4.5190e-04, -8.4910e-05],
         [ 9.8350e-02,  6.1177e-02,  1.2710e-01,  ...,  6.5761e-02,
          -1.7490e-01,  1.3220e-01],
         ...,
         [ 6.4622e-02,  1.5560e-02, -3.9676e-02,  ...,  1.5120e-01,
          -1.4983e-01, -8.5379e-02],
         [-1.4374e+00,  2.9735e+00, -1.8407e-01,  ...,  6.3677e-01,
          -5.0493e+00,  2.2373e+00],
         [ 7.5300e-04,  8.6610e-05, -1.4666e-03,  ..., -1.4641e-03,
           2.1843e-03,  9.5158e-05]]]), 'rvq_quantizer.layers.3._codebook.embed': tensor([[[-4.8972e-02, -3.7119e-02,  3.9419e-02,  ..., -8.2690e-02,
          -1.3198e-01,  2.6479e-02],
         [-3.1739e-06, -3.3503e-07, -8.5413e-07,  ..., -1.4136e-06,
          -1.7351e-06, -3.2601e-07],
         [ 4.4705e-02,  2.7808e-02,  5.7773e-02,  ...,  2.9891e-02,
          -7.9499e-02,  6.0093e-02],
         ...,
         [ 2.7193e-02,  6.5476e-03, -1.6695e-02,  ...,  6.3625e-02,
          -6.3046e-02, -3.5927e-02],
         [-7.1872e-01,  1.4867e+00, -9.2035e-02,  ...,  3.1838e-01,
          -2.5246e+00,  1.1186e+00],
         [ 3.4227e-04,  3.9368e-05, -6.6662e-04,  ..., -6.6549e-04,
           9.9285e-04,  4.3254e-05]]])})
Loss:  tensor(1.7186, grad_fn=<MeanBackward0>)
OrderedDict({'rvq_quantizer.project_in.weight': tensor([[ 0.1123,  0.0320, -0.0450,  ...,  0.1083, -0.0613,  0.0830],
        [-0.0007,  0.0301,  0.0586,  ...,  0.0461, -0.0547, -0.0324],
        [ 0.0594, -0.0739,  0.0233,  ..., -0.0870, -0.1202,  0.0586],
        ...,
        [ 0.0612,  0.0034, -0.0758,  ...,  0.0983,  0.0446,  0.0617],
        [ 0.1162, -0.0419, -0.0538,  ..., -0.1202, -0.0991,  0.0334],
        [ 0.0399, -0.0963, -0.0384,  ..., -0.1183, -0.0075, -0.1033]]), 'rvq_quantizer.project_in.bias': tensor([ 0.0007,  0.0028, -0.0392,  0.0722, -0.0533, -0.1061,  0.0724, -0.0837,
         0.0315, -0.0616, -0.0902,  0.0147,  0.0306, -0.1214,  0.0967,  0.0513,
         0.1134, -0.0119,  0.0959,  0.1189,  0.1056,  0.1135,  0.0500, -0.0678,
        -0.0406, -0.0238,  0.0122, -0.0237,  0.0367, -0.0865,  0.0638, -0.0592]), 'rvq_quantizer.project_out.weight': tensor([[ 1.7297e-01, -7.7242e-02,  1.4315e-01,  ..., -9.3891e-03,
          4.6688e-02,  2.6892e-02],
        [-1.2556e-01,  6.1723e-03,  7.3092e-02,  ...,  9.3280e-02,
          1.4586e-01,  1.3955e-01],
        [ 2.5525e-02,  2.4489e-02,  1.1027e-01,  ..., -3.5292e-02,
         -8.5630e-02, -1.7585e-02],
        ...,
        [-1.1142e-01,  1.1344e-01,  1.7359e-03,  ..., -4.1507e-02,
          1.0128e-01, -1.6361e-01],
        [ 8.1643e-03,  1.1110e-02,  1.2083e-01,  ...,  5.7392e-03,
         -1.2658e-01, -8.9246e-05],
        [ 1.1302e-01,  7.6405e-02,  1.5586e-01,  ...,  2.4890e-02,
         -8.8728e-02,  1.3402e-01]]), 'rvq_quantizer.project_out.bias': tensor([ 0.0184,  0.1213,  0.0966,  0.0149, -0.0584,  0.1491, -0.1232, -0.0948,
         0.0769,  0.1567, -0.0673,  0.0828, -0.1253,  0.1187, -0.1478,  0.1035,
         0.0257,  0.1767, -0.1063, -0.0178,  0.0536,  0.1559,  0.0004,  0.0875,
        -0.0399, -0.1251, -0.0878, -0.0239,  0.0587, -0.1121, -0.1483, -0.0791,
         0.0221, -0.0539,  0.1341, -0.0229,  0.1362,  0.0976,  0.0909,  0.1372,
         0.0870,  0.0845,  0.1413, -0.0785, -0.1314, -0.1116, -0.0285, -0.1256,
        -0.0554, -0.1188,  0.0959,  0.1502,  0.0371, -0.1019,  0.0483, -0.0402,
        -0.0204, -0.0946, -0.1328,  0.0166, -0.1202,  0.1196,  0.0317, -0.1710]), 'rvq_quantizer.layers.0._codebook.initted': tensor([1.]), 'rvq_quantizer.layers.0._codebook.cluster_size': tensor([[2.0000, 3.0200, 2.0000,  ..., 2.0000, 2.4795, 3.1106]]), 'rvq_quantizer.layers.0._codebook.embed_avg': tensor([[[-157.7147,   -1.8463,  -84.0438,  ...,  -86.4872, -162.7947,
           -49.8341],
         [-178.2378,  -35.9706,  -44.5447,  ...,  -95.0068, -112.9442,
           -16.1044],
         [-157.7637,   -1.4950,  -86.8159,  ...,  -82.4577, -160.7735,
           -48.1040],
         ...,
         [-129.0834,  -28.0573,  -87.9558,  ...,  -51.5506,  -76.4973,
           -26.8704],
         [-125.1038,  -33.6422,  -55.2267,  ...,  -51.2851,  -47.7854,
            -4.6917],
         [-238.2368,    3.0060, -146.5860,  ..., -128.8195, -233.1925,
           -84.4407]]]), 'rvq_quantizer.layers.0._codebook.embed': tensor([[[-78.8574,  -0.9232, -42.0219,  ..., -43.2436, -81.3973, -24.9171],
         [-59.0194, -11.9108, -14.7499,  ..., -31.4593, -37.3989,  -5.3326],
         [-78.8818,  -0.7475, -43.4080,  ..., -41.2289, -80.3867, -24.0520],
         ...,
         [-64.5417, -14.0287, -43.9779,  ..., -25.7753, -38.2487, -13.4352],
         [-50.4546, -13.5680, -22.2730,  ..., -20.6834, -19.2719,  -1.8922],
         [-76.5882,   0.9664, -47.1244,  ..., -41.4128, -74.9666, -27.1459]]]), 'rvq_quantizer.layers.1._codebook.initted': tensor([1.]), 'rvq_quantizer.layers.1._codebook.cluster_size': tensor([[2.0000, 2.4635, 3.4697,  ..., 3.0734, 2.0000, 2.0000]]), 'rvq_quantizer.layers.1._codebook.embed_avg': tensor([[[-0.1998, -3.7755, -2.5680,  ..., -1.9650,  3.7465, -2.1553],
         [-3.1340,  5.3586,  2.3605,  ...,  2.7161, -3.0893,  4.4905],
         [-8.9293, -0.4878,  6.2968,  ..., -0.9068, -0.7829, -0.5204],
         ...,
         [ 9.1322,  1.7129, -1.5070,  ..., 11.6015, 10.4652,  0.5543],
         [ 8.3164,  2.9393,  0.1629,  ..., -0.7043, -0.5029, -4.0626],
         [-1.1694, -0.8178, -0.4775,  ...,  1.1982, -2.5283, -2.0984]]]), 'rvq_quantizer.layers.1._codebook.embed': tensor([[[-0.0999, -1.8878, -1.2840,  ..., -0.9825,  1.8733, -1.0776],
         [-1.2721,  2.1752,  0.9582,  ...,  1.1025, -1.2540,  1.8228],
         [-2.5735, -0.1406,  1.8148,  ..., -0.2614, -0.2256, -0.1500],
         ...,
         [ 2.9713,  0.5573, -0.4903,  ...,  3.7748,  3.4051,  0.1803],
         [ 4.1582,  1.4696,  0.0814,  ..., -0.3522, -0.2514, -2.0313],
         [-0.5847, -0.4089, -0.2388,  ...,  0.5991, -1.2642, -1.0492]]]), 'rvq_quantizer.layers.2._codebook.initted': tensor([1.]), 'rvq_quantizer.layers.2._codebook.cluster_size': tensor([[246.1806,   4.3921,  46.4527,  ...,   2.4556,   2.1000,   3.5161]]), 'rvq_quantizer.layers.2._codebook.embed_avg': tensor([[[-1.1868e-03, -9.9764e-05, -5.8292e-04,  ..., -5.3763e-04,
          -7.7895e-04, -2.7964e-04],
         [ 1.3385e-01, -3.7422e+00, -4.8111e+00,  ...,  4.4001e-02,
           3.4912e-01, -5.6962e+00],
         [-2.3863e+00, -1.7700e+00,  1.8883e+00,  ..., -3.7418e+00,
          -6.1565e+00,  1.2593e+00],
         ...,
         [-2.7088e+00,  1.9026e-01, -1.2765e+00,  ...,  2.6079e+00,
          -1.7066e+00, -2.1146e+00],
         [-4.4960e-01, -1.6760e+00, -7.9119e-02,  ...,  7.3991e-01,
           8.9691e-01, -1.5472e+00],
         [ 1.5179e+00, -7.4881e-02, -3.3689e+00,  ...,  1.8637e+00,
          -5.4360e+00, -1.1043e+00]]]), 'rvq_quantizer.layers.2._codebook.embed': tensor([[[-4.8209e-06, -4.0525e-07, -2.3679e-06,  ..., -2.1839e-06,
          -3.1641e-06, -1.1359e-06],
         [ 3.0476e-02, -8.5204e-01, -1.0954e+00,  ...,  1.0018e-02,
           7.9489e-02, -1.2969e+00],
         [-5.1370e-02, -3.8104e-02,  4.0650e-02,  ..., -8.0552e-02,
          -1.3253e-01,  2.7109e-02],
         ...,
         [-1.1031e+00,  7.7478e-02, -5.1983e-01,  ...,  1.0620e+00,
          -6.9498e-01, -8.6115e-01],
         [-2.1409e-01, -7.9811e-01, -3.7676e-02,  ...,  3.5234e-01,
           4.2710e-01, -7.3675e-01],
         [ 4.3169e-01, -2.1296e-02, -9.5813e-01,  ...,  5.3004e-01,
          -1.5460e+00, -3.1407e-01]]]), 'rvq_quantizer.layers.3._codebook.initted': tensor([1.]), 'rvq_quantizer.layers.3._codebook.cluster_size': tensor([[ 46.4063, 269.4065,   2.2800,  ...,   2.1388,   2.0000,   2.4800]]), 'rvq_quantizer.layers.3._codebook.embed_avg': tensor([[[-2.2986e+00, -1.7426e+00,  1.8427e+00,  ..., -3.8447e+00,
          -6.1264e+00,  1.2415e+00],
         [-9.0284e-04, -7.0473e-05, -2.8094e-04,  ..., -4.2073e-04,
          -5.5487e-04, -1.2442e-04],
         [ 1.1298e-01,  5.1884e-02,  1.2160e-01,  ...,  7.5619e-02,
          -2.4596e-01,  9.9634e-02],
         ...,
         [ 5.8160e-02,  1.4004e-02, -3.5709e-02,  ...,  1.3608e-01,
          -1.3485e-01, -7.6841e-02],
         [-1.4324e+00,  2.9157e+00, -2.7261e-01,  ...,  7.8228e-01,
          -4.9802e+00,  2.3799e+00],
         [-8.9869e-03,  6.3779e-03, -1.0949e-02,  ..., -8.5531e-03,
           8.3967e-03,  8.7159e-03]]]), 'rvq_quantizer.layers.3._codebook.embed': tensor([[[-4.9533e-02, -3.7550e-02,  3.9708e-02,  ..., -8.2848e-02,
          -1.3202e-01,  2.6753e-02],
         [-3.3512e-06, -2.6159e-07, -1.0428e-06,  ..., -1.5617e-06,
          -2.0596e-06, -4.6185e-07],
         [ 4.9554e-02,  2.2756e-02,  5.3333e-02,  ...,  3.3166e-02,
          -1.0788e-01,  4.3699e-02],
         ...,
         [ 2.7192e-02,  6.5476e-03, -1.6695e-02,  ...,  6.3625e-02,
          -6.3046e-02, -3.5927e-02],
         [-7.1620e-01,  1.4579e+00, -1.3631e-01,  ...,  3.9114e-01,
          -2.4901e+00,  1.1899e+00],
         [-3.6237e-03,  2.5717e-03, -4.4148e-03,  ..., -3.4488e-03,
           3.3858e-03,  3.5145e-03]]])})
Loss:  tensor(1.7077, grad_fn=<MeanBackward0>)
OrderedDict({'rvq_quantizer.project_in.weight': tensor([[ 0.1123,  0.0320, -0.0450,  ...,  0.1083, -0.0613,  0.0830],
        [-0.0007,  0.0301,  0.0586,  ...,  0.0461, -0.0547, -0.0324],
        [ 0.0594, -0.0739,  0.0233,  ..., -0.0870, -0.1202,  0.0586],
        ...,
        [ 0.0612,  0.0034, -0.0758,  ...,  0.0983,  0.0446,  0.0617],
        [ 0.1162, -0.0419, -0.0538,  ..., -0.1202, -0.0991,  0.0334],
        [ 0.0399, -0.0963, -0.0384,  ..., -0.1183, -0.0075, -0.1033]]), 'rvq_quantizer.project_in.bias': tensor([ 0.0007,  0.0028, -0.0392,  0.0722, -0.0533, -0.1061,  0.0724, -0.0837,
         0.0315, -0.0616, -0.0902,  0.0147,  0.0306, -0.1214,  0.0967,  0.0513,
         0.1134, -0.0119,  0.0959,  0.1189,  0.1056,  0.1135,  0.0500, -0.0678,
        -0.0406, -0.0238,  0.0122, -0.0237,  0.0367, -0.0865,  0.0638, -0.0592]), 'rvq_quantizer.project_out.weight': tensor([[ 1.7297e-01, -7.7242e-02,  1.4315e-01,  ..., -9.3891e-03,
          4.6688e-02,  2.6892e-02],
        [-1.2556e-01,  6.1723e-03,  7.3092e-02,  ...,  9.3280e-02,
          1.4586e-01,  1.3955e-01],
        [ 2.5525e-02,  2.4489e-02,  1.1027e-01,  ..., -3.5292e-02,
         -8.5630e-02, -1.7585e-02],
        ...,
        [-1.1142e-01,  1.1344e-01,  1.7359e-03,  ..., -4.1507e-02,
          1.0128e-01, -1.6361e-01],
        [ 8.1643e-03,  1.1110e-02,  1.2083e-01,  ...,  5.7392e-03,
         -1.2658e-01, -8.9246e-05],
        [ 1.1302e-01,  7.6405e-02,  1.5586e-01,  ...,  2.4890e-02,
         -8.8728e-02,  1.3402e-01]]), 'rvq_quantizer.project_out.bias': tensor([ 0.0184,  0.1213,  0.0966,  0.0149, -0.0584,  0.1491, -0.1232, -0.0948,
         0.0769,  0.1567, -0.0673,  0.0828, -0.1253,  0.1187, -0.1478,  0.1035,
         0.0257,  0.1767, -0.1063, -0.0178,  0.0536,  0.1559,  0.0004,  0.0875,
        -0.0399, -0.1251, -0.0878, -0.0239,  0.0587, -0.1121, -0.1483, -0.0791,
         0.0221, -0.0539,  0.1341, -0.0229,  0.1362,  0.0976,  0.0909,  0.1372,
         0.0870,  0.0845,  0.1413, -0.0785, -0.1314, -0.1116, -0.0285, -0.1256,
        -0.0554, -0.1188,  0.0959,  0.1502,  0.0371, -0.1019,  0.0483, -0.0402,
        -0.0204, -0.0946, -0.1328,  0.0166, -0.1202,  0.1196,  0.0317, -0.1710]), 'rvq_quantizer.layers.0._codebook.initted': tensor([1.]), 'rvq_quantizer.layers.0._codebook.cluster_size': tensor([[2.0000, 3.0162, 2.0000,  ..., 2.0000, 2.3884, 3.2796]]), 'rvq_quantizer.layers.0._codebook.embed_avg': tensor([[[-107.1593,  -17.2415,  -47.0271,  ...,  -29.3372,  -64.1176,
            -1.1202],
         [-178.1297,  -35.8249,  -44.2026,  ...,  -93.9602, -112.4334,
           -16.5144],
         [-152.9268,  -10.2679,  -99.5989,  ...,  -87.5944, -132.0161,
           -56.3092],
         ...,
         [ -97.8901,  -32.4576,  -67.6894,  ...,  -35.3557,  -30.3461,
           -27.0871],
         [-120.3258,  -31.9974,  -52.2177,  ...,  -48.5062,  -44.1801,
            -4.3648],
         [-251.1616,    3.1151, -154.3374,  ..., -135.8398, -245.7996,
           -88.7587]]]), 'rvq_quantizer.layers.0._codebook.embed': tensor([[[-53.5797,  -8.6208, -23.5135,  ..., -14.6686, -32.0588,  -0.5601],
         [-59.0578, -11.8775, -14.6551,  ..., -31.1519, -37.2766,  -5.4753],
         [-76.4634,  -5.1339, -49.7994,  ..., -43.7972, -66.0080, -28.1546],
         ...,
         [-48.9450, -16.2288, -33.8447,  ..., -17.6779, -15.1731, -13.5435],
         [-50.3788, -13.3969, -21.8628,  ..., -20.3089, -18.4976,  -1.8275],
         [-76.5830,   0.9498, -47.0598,  ..., -41.4196, -74.9481, -27.0639]]]), 'rvq_quantizer.layers.1._codebook.initted': tensor([1.]), 'rvq_quantizer.layers.1._codebook.cluster_size': tensor([[2.0000, 2.4755, 3.5704,  ..., 2.8795, 2.0000, 2.0000]]), 'rvq_quantizer.layers.1._codebook.embed_avg': tensor([[[ -0.1483,  -3.6582,  -2.4003,  ...,  -1.8227,   4.1176,  -1.9060],
         [ -3.2789,   5.2952,   2.3554,  ...,   2.8232,  -3.1784,   4.5371],
         [ -9.8746,  -0.9935,   6.6667,  ...,  -1.3731,  -0.6710,  -0.5667],
         ...,
         [  8.5253,   1.3301,  -1.5445,  ...,  10.7898,   9.4973,   0.9980],
         [  6.1747,   5.4479,   2.5310,  ...,  -2.1594,   8.8728,  -2.1214],
         [ -4.4370,   7.1121, -11.6342,  ...,   4.4373,   8.2047,   2.2620]]]), 'rvq_quantizer.layers.1._codebook.embed': tensor([[[-0.0741, -1.8291, -1.2002,  ..., -0.9113,  2.0588, -0.9530],
         [-1.3246,  2.1391,  0.9515,  ...,  1.1405, -1.2839,  1.8328],
         [-2.7657, -0.2783,  1.8672,  ..., -0.3846, -0.1879, -0.1587],
         ...,
         [ 2.9607,  0.4619, -0.5364,  ...,  3.7472,  3.2983,  0.3466],
         [ 3.0874,  2.7239,  1.2655,  ..., -1.0797,  4.4364, -1.0607],
         [-2.2185,  3.5560, -5.8171,  ...,  2.2186,  4.1023,  1.1310]]]), 'rvq_quantizer.layers.2._codebook.initted': tensor([1.]), 'rvq_quantizer.layers.2._codebook.cluster_size': tensor([[267.1763,   4.5976,  37.7267,  ...,   2.5590,   2.2810,   3.3081]]), 'rvq_quantizer.layers.2._codebook.embed_avg': tensor([[[-1.2777e-03, -1.0177e-04, -6.3621e-04,  ..., -5.8758e-04,
          -8.6412e-04, -3.0333e-04],
         [ 1.4210e-01, -4.1580e+00, -5.0469e+00,  ...,  5.3109e-02,
           6.0755e-01, -6.1115e+00],
         [-1.9467e+00, -1.4348e+00,  1.5305e+00,  ..., -3.0364e+00,
          -5.0045e+00,  1.0248e+00],
         ...,
         [-2.6447e+00,  1.7804e-01, -1.3120e+00,  ...,  3.2323e+00,
          -2.0314e+00, -2.4478e+00],
         [-6.1478e-01, -2.1413e+00,  1.0023e-01,  ...,  8.4574e-01,
           7.0078e-01, -1.4905e+00],
         [ 1.6173e+00,  2.1833e-01, -3.3082e+00,  ...,  1.6774e+00,
          -4.7423e+00, -8.4234e-01]]]), 'rvq_quantizer.layers.2._codebook.embed': tensor([[[-4.7823e-06, -3.8093e-07, -2.3812e-06,  ..., -2.1992e-06,
          -3.2343e-06, -1.1353e-06],
         [ 3.0908e-02, -9.0439e-01, -1.0977e+00,  ...,  1.1551e-02,
           1.3214e-01, -1.3293e+00],
         [-5.1599e-02, -3.8032e-02,  4.0569e-02,  ..., -8.0484e-02,
          -1.3265e-01,  2.7164e-02],
         ...,
         [-1.0335e+00,  6.9575e-02, -5.1269e-01,  ...,  1.2631e+00,
          -7.9381e-01, -9.5655e-01],
         [-2.6952e-01, -9.3874e-01,  4.3943e-02,  ...,  3.7078e-01,
           3.0722e-01, -6.5342e-01],
         [ 4.8889e-01,  6.5998e-02, -1.0001e+00,  ...,  5.0708e-01,
          -1.4336e+00, -2.5463e-01]]]), 'rvq_quantizer.layers.3._codebook.initted': tensor([1.]), 'rvq_quantizer.layers.3._codebook.cluster_size': tensor([[ 37.8791, 285.8193,   2.1268,  ...,   2.3125,   2.0000,   3.0288]]), 'rvq_quantizer.layers.3._codebook.embed_avg': tensor([[[-1.8567e+00, -1.4214e+00,  1.5846e+00,  ..., -3.1382e+00,
          -4.9834e+00,  1.0265e+00],
         [-9.3550e-04, -6.8845e-05, -3.3603e-04,  ..., -4.4109e-04,
          -6.0851e-04, -1.5159e-04],
         [ 1.0493e-01,  4.9698e-02,  9.4131e-02,  ...,  7.8911e-02,
          -2.9757e-01,  9.6539e-02],
         ...,
         [ 4.2703e-02,  1.3011e-02, -4.6317e-02,  ...,  1.6298e-01,
          -1.5080e-01, -7.9453e-02],
         [-1.7123e+00,  1.2600e+00, -7.3200e-01,  ..., -2.3336e-01,
           4.0202e-01, -1.5068e+00],
         [-1.2567e-02,  6.6023e-03, -1.1900e-02,  ..., -1.0088e-02,
           1.9305e-02,  1.1277e-02]]]), 'rvq_quantizer.layers.3._codebook.embed': tensor([[[-4.9016e-02, -3.7525e-02,  4.1832e-02,  ..., -8.2849e-02,
          -1.3156e-01,  2.7099e-02],
         [-3.2730e-06, -2.4087e-07, -1.1757e-06,  ..., -1.5433e-06,
          -2.1290e-06, -5.3037e-07],
         [ 4.9335e-02,  2.3367e-02,  4.4259e-02,  ...,  3.7103e-02,
          -1.3991e-01,  4.5391e-02],
         ...,
         [ 1.8467e-02,  5.6265e-03, -2.0029e-02,  ...,  7.0480e-02,
          -6.5210e-02, -3.4359e-02],
         [-8.5615e-01,  6.3002e-01, -3.6600e-01,  ..., -1.1668e-01,
           2.0101e-01, -7.5338e-01],
         [-4.1490e-03,  2.1798e-03, -3.9290e-03,  ..., -3.3308e-03,
           6.3739e-03,  3.7231e-03]]])})
Loss:  tensor(1.6387, grad_fn=<MeanBackward0>)
OrderedDict({'rvq_quantizer.project_in.weight': tensor([[ 0.1123,  0.0320, -0.0450,  ...,  0.1083, -0.0613,  0.0830],
        [-0.0007,  0.0301,  0.0586,  ...,  0.0461, -0.0547, -0.0324],
        [ 0.0594, -0.0739,  0.0233,  ..., -0.0870, -0.1202,  0.0586],
        ...,
        [ 0.0612,  0.0034, -0.0758,  ...,  0.0983,  0.0446,  0.0617],
        [ 0.1162, -0.0419, -0.0538,  ..., -0.1202, -0.0991,  0.0334],
        [ 0.0399, -0.0963, -0.0384,  ..., -0.1183, -0.0075, -0.1033]]), 'rvq_quantizer.project_in.bias': tensor([ 0.0007,  0.0028, -0.0392,  0.0722, -0.0533, -0.1061,  0.0724, -0.0837,
         0.0315, -0.0616, -0.0902,  0.0147,  0.0306, -0.1214,  0.0967,  0.0513,
         0.1134, -0.0119,  0.0959,  0.1189,  0.1056,  0.1135,  0.0500, -0.0678,
        -0.0406, -0.0238,  0.0122, -0.0237,  0.0367, -0.0865,  0.0638, -0.0592]), 'rvq_quantizer.project_out.weight': tensor([[ 1.7297e-01, -7.7242e-02,  1.4315e-01,  ..., -9.3891e-03,
          4.6688e-02,  2.6892e-02],
        [-1.2556e-01,  6.1723e-03,  7.3092e-02,  ...,  9.3280e-02,
          1.4586e-01,  1.3955e-01],
        [ 2.5525e-02,  2.4489e-02,  1.1027e-01,  ..., -3.5292e-02,
         -8.5630e-02, -1.7585e-02],
        ...,
        [-1.1142e-01,  1.1344e-01,  1.7359e-03,  ..., -4.1507e-02,
          1.0128e-01, -1.6361e-01],
        [ 8.1643e-03,  1.1110e-02,  1.2083e-01,  ...,  5.7392e-03,
         -1.2658e-01, -8.9246e-05],
        [ 1.1302e-01,  7.6405e-02,  1.5586e-01,  ...,  2.4890e-02,
         -8.8728e-02,  1.3402e-01]]), 'rvq_quantizer.project_out.bias': tensor([ 0.0184,  0.1213,  0.0966,  0.0149, -0.0584,  0.1491, -0.1232, -0.0948,
         0.0769,  0.1567, -0.0673,  0.0828, -0.1253,  0.1187, -0.1478,  0.1035,
         0.0257,  0.1767, -0.1063, -0.0178,  0.0536,  0.1559,  0.0004,  0.0875,
        -0.0399, -0.1251, -0.0878, -0.0239,  0.0587, -0.1121, -0.1483, -0.0791,
         0.0221, -0.0539,  0.1341, -0.0229,  0.1362,  0.0976,  0.0909,  0.1372,
         0.0870,  0.0845,  0.1413, -0.0785, -0.1314, -0.1116, -0.0285, -0.1256,
        -0.0554, -0.1188,  0.0959,  0.1502,  0.0371, -0.1019,  0.0483, -0.0402,
        -0.0204, -0.0946, -0.1328,  0.0166, -0.1202,  0.1196,  0.0317, -0.1710]), 'rvq_quantizer.layers.0._codebook.initted': tensor([1.]), 'rvq_quantizer.layers.0._codebook.cluster_size': tensor([[2.0000, 3.1146, 2.0000,  ..., 2.0000, 2.4496, 3.3516]]), 'rvq_quantizer.layers.0._codebook.embed_avg': tensor([[[-130.8041,  -37.6753, -102.2872,  ...,  -53.6569, -110.6332,
           -43.2329],
         [-183.9377,  -36.9708,  -45.6255,  ...,  -96.9063, -116.0769,
           -17.1259],
         [-113.4771,  -16.8502,  -76.2175,  ...,  -41.9369,  -61.4934,
           -12.2829],
         ...,
         [-162.1165,   -3.7285,  -86.7581,  ...,  -85.4406, -165.3549,
           -54.4454],
         [-123.3758,  -32.7496,  -53.3935,  ...,  -49.5951,  -45.0115,
            -4.4710],
         [-256.6717,    3.1616, -157.6420,  ..., -138.8326, -251.1742,
           -90.5995]]]), 'rvq_quantizer.layers.0._codebook.embed': tensor([[[-65.4021, -18.8377, -51.1436,  ..., -26.8284, -55.3166, -21.6164],
         [-59.0571, -11.8703, -14.6491,  ..., -31.1138, -37.2690,  -5.4986],
         [-56.7386,  -8.4251, -38.1088,  ..., -20.9684, -30.7467,  -6.1414],
         ...,
         [-81.0583,  -1.8643, -43.3790,  ..., -42.7203, -82.6775, -27.2227],
         [-50.3661, -13.3695, -21.7970,  ..., -20.2464, -18.3752,  -1.8252],
         [-76.5809,   0.9433, -47.0343,  ..., -41.4223, -74.9407, -27.0314]]]), 'rvq_quantizer.layers.1._codebook.initted': tensor([1.]), 'rvq_quantizer.layers.1._codebook.cluster_size': tensor([[2.0000, 2.3279, 3.5134,  ..., 2.7915, 2.0000, 2.1000]]), 'rvq_quantizer.layers.1._codebook.embed_avg': tensor([[[ -0.1343,  -3.5999,  -2.3194,  ...,  -1.7582,   4.2632,  -1.8019],
         [ -3.0016,   5.2131,   2.2187,  ...,   2.5662,  -3.0090,   4.2304],
         [-10.0692,  -1.6046,   6.5742,  ...,  -1.2433,  -0.6639,  -0.2267],
         ...,
         [  7.9306,   1.2887,  -1.4276,  ...,  10.2077,   8.8048,   1.1244],
         [  2.6004,  -2.7424,   2.6513,  ...,   0.0270,  -0.4405,   0.2379],
         [ -4.3312,   7.1162, -11.9900,  ...,   4.9403,   8.3770,   1.5039]]]), 'rvq_quantizer.layers.1._codebook.embed': tensor([[[-0.0672, -1.8000, -1.1597,  ..., -0.8791,  2.1316, -0.9010],
         [-1.2894,  2.2394,  0.9531,  ...,  1.1024, -1.2926,  1.8173],
         [-2.8660, -0.4567,  1.8712,  ..., -0.3539, -0.1890, -0.0645],
         ...,
         [ 2.8410,  0.4617, -0.5114,  ...,  3.6567,  3.1541,  0.4028],
         [ 1.3002, -1.3712,  1.3257,  ...,  0.0135, -0.2203,  0.1190],
         [-2.0625,  3.3887, -5.7095,  ...,  2.3525,  3.9891,  0.7161]]]), 'rvq_quantizer.layers.2._codebook.initted': tensor([1.]), 'rvq_quantizer.layers.2._codebook.cluster_size': tensor([[276.3587,   4.3378,  34.1540,  ...,   2.6031,   2.4529,   3.1773]]), 'rvq_quantizer.layers.2._codebook.embed_avg': tensor([[[-1.3389e-03, -1.0785e-04, -6.7129e-04,  ..., -6.2003e-04,
          -9.4548e-04, -3.2905e-04],
         [ 2.3045e-01, -3.8464e+00, -5.0741e+00,  ...,  1.1130e-01,
           5.9543e-01, -5.7966e+00],
         [-1.7774e+00, -1.2934e+00,  1.3793e+00,  ..., -2.7429e+00,
          -4.5369e+00,  9.3119e-01],
         ...,
         [-2.7784e+00, -5.7914e-02, -1.6953e+00,  ...,  3.0238e+00,
          -2.1564e+00, -2.5718e+00],
         [-4.3453e-01, -2.3488e+00,  4.3664e-01,  ...,  1.2844e+00,
           7.3631e-01, -1.4564e+00],
         [ 1.5755e+00,  3.5671e-01, -3.2239e+00,  ...,  1.6586e+00,
          -4.6521e+00, -1.1021e+00]]]), 'rvq_quantizer.layers.2._codebook.embed': tensor([[[-4.8447e-06, -3.9025e-07, -2.4291e-06,  ..., -2.2436e-06,
          -3.4212e-06, -1.1907e-06],
         [ 5.3125e-02, -8.8672e-01, -1.1697e+00,  ...,  2.5659e-02,
           1.3727e-01, -1.3363e+00],
         [-5.2042e-02, -3.7869e-02,  4.0386e-02,  ..., -8.0311e-02,
          -1.3284e-01,  2.7264e-02],
         ...,
         [-1.0673e+00, -2.2248e-02, -6.5124e-01,  ...,  1.1616e+00,
          -8.2839e-01, -9.8795e-01],
         [-1.7715e-01, -9.5757e-01,  1.7801e-01,  ...,  5.2363e-01,
           3.0018e-01, -5.9376e-01],
         [ 4.9588e-01,  1.1227e-01, -1.0147e+00,  ...,  5.2204e-01,
          -1.4642e+00, -3.4688e-01]]]), 'rvq_quantizer.layers.3._codebook.initted': tensor([1.]), 'rvq_quantizer.layers.3._codebook.cluster_size': tensor([[ 34.2912, 293.1374,   2.0141,  ...,   2.3812,   2.1000,   3.0259]]), 'rvq_quantizer.layers.3._codebook.embed_avg': tensor([[[-1.6731e+00, -1.3060e+00,  1.4272e+00,  ..., -2.8488e+00,
          -4.4883e+00,  9.4794e-01],
         [-9.7653e-04, -7.4168e-05, -3.7249e-04,  ..., -4.6204e-04,
          -6.7763e-04, -1.7820e-04],
         [ 1.0453e-01,  4.6601e-02,  7.1597e-02,  ...,  9.0036e-02,
          -3.2109e-01,  1.0058e-01],
         ...,
         [ 5.9225e-02,  1.1651e-02, -6.1658e-02,  ...,  1.7178e-01,
          -1.3718e-01, -1.1113e-01],
         [-1.6133e+00,  1.4037e+00, -8.4125e-01,  ..., -2.6832e-01,
           4.3082e-01, -1.6058e+00],
         [-1.5474e-02,  6.5196e-03, -9.9372e-03,  ..., -4.7911e-03,
           2.0204e-02,  1.0255e-02]]]), 'rvq_quantizer.layers.3._codebook.embed': tensor([[[-4.8792e-02, -3.8085e-02,  4.1620e-02,  ..., -8.3077e-02,
          -1.3089e-01,  2.7644e-02],
         [-3.3313e-06, -2.5302e-07, -1.2707e-06,  ..., -1.5762e-06,
          -2.3117e-06, -6.0791e-07],
         [ 5.1901e-02,  2.3137e-02,  3.5547e-02,  ...,  4.4702e-02,
          -1.5942e-01,  4.9938e-02],
         ...,
         [ 2.4872e-02,  4.8928e-03, -2.5894e-02,  ...,  7.2139e-02,
          -5.7609e-02, -4.6669e-02],
         [-7.6823e-01,  6.6842e-01, -4.0060e-01,  ..., -1.2777e-01,
           2.0515e-01, -7.6467e-01],
         [-5.1138e-03,  2.1546e-03, -3.2840e-03,  ..., -1.5833e-03,
           6.6771e-03,  3.3891e-03]]])})
Loss:  tensor(1.6723, grad_fn=<MeanBackward0>)
OrderedDict({'rvq_quantizer.project_in.weight': tensor([[ 0.1123,  0.0320, -0.0450,  ...,  0.1083, -0.0613,  0.0830],
        [-0.0007,  0.0301,  0.0586,  ...,  0.0461, -0.0547, -0.0324],
        [ 0.0594, -0.0739,  0.0233,  ..., -0.0870, -0.1202,  0.0586],
        ...,
        [ 0.0612,  0.0034, -0.0758,  ...,  0.0983,  0.0446,  0.0617],
        [ 0.1162, -0.0419, -0.0538,  ..., -0.1202, -0.0991,  0.0334],
        [ 0.0399, -0.0963, -0.0384,  ..., -0.1183, -0.0075, -0.1033]]), 'rvq_quantizer.project_in.bias': tensor([ 0.0007,  0.0028, -0.0392,  0.0722, -0.0533, -0.1061,  0.0724, -0.0837,
         0.0315, -0.0616, -0.0902,  0.0147,  0.0306, -0.1214,  0.0967,  0.0513,
         0.1134, -0.0119,  0.0959,  0.1189,  0.1056,  0.1135,  0.0500, -0.0678,
        -0.0406, -0.0238,  0.0122, -0.0237,  0.0367, -0.0865,  0.0638, -0.0592]), 'rvq_quantizer.project_out.weight': tensor([[ 1.7297e-01, -7.7242e-02,  1.4315e-01,  ..., -9.3891e-03,
          4.6688e-02,  2.6892e-02],
        [-1.2556e-01,  6.1723e-03,  7.3092e-02,  ...,  9.3280e-02,
          1.4586e-01,  1.3955e-01],
        [ 2.5525e-02,  2.4489e-02,  1.1027e-01,  ..., -3.5292e-02,
         -8.5630e-02, -1.7585e-02],
        ...,
        [-1.1142e-01,  1.1344e-01,  1.7359e-03,  ..., -4.1507e-02,
          1.0128e-01, -1.6361e-01],
        [ 8.1643e-03,  1.1110e-02,  1.2083e-01,  ...,  5.7392e-03,
         -1.2658e-01, -8.9246e-05],
        [ 1.1302e-01,  7.6405e-02,  1.5586e-01,  ...,  2.4890e-02,
         -8.8728e-02,  1.3402e-01]]), 'rvq_quantizer.project_out.bias': tensor([ 0.0184,  0.1213,  0.0966,  0.0149, -0.0584,  0.1491, -0.1232, -0.0948,
         0.0769,  0.1567, -0.0673,  0.0828, -0.1253,  0.1187, -0.1478,  0.1035,
         0.0257,  0.1767, -0.1063, -0.0178,  0.0536,  0.1559,  0.0004,  0.0875,
        -0.0399, -0.1251, -0.0878, -0.0239,  0.0587, -0.1121, -0.1483, -0.0791,
         0.0221, -0.0539,  0.1341, -0.0229,  0.1362,  0.0976,  0.0909,  0.1372,
         0.0870,  0.0845,  0.1413, -0.0785, -0.1314, -0.1116, -0.0285, -0.1256,
        -0.0554, -0.1188,  0.0959,  0.1502,  0.0371, -0.1019,  0.0483, -0.0402,
        -0.0204, -0.0946, -0.1328,  0.0166, -0.1202,  0.1196,  0.0317, -0.1710]), 'rvq_quantizer.layers.0._codebook.initted': tensor([1.]), 'rvq_quantizer.layers.0._codebook.cluster_size': tensor([[2.0000, 3.2031, 2.0000,  ..., 2.0000, 2.4046, 3.4165]]), 'rvq_quantizer.layers.0._codebook.embed_avg': tensor([[[-114.5221,  -19.5795,  -58.1026,  ...,  -39.2778,  -53.3212,
           -31.9154],
         [-189.1649,  -38.0022,  -46.9062,  ...,  -99.5578, -119.3561,
           -17.6761],
         [-160.1201,   -1.1829,  -90.2078,  ...,  -86.8168, -160.9601,
           -57.7884],
         ...,
         [-110.6182,  -20.9503,  -34.3169,  ...,  -32.4438,  -70.9677,
             8.9657],
         [-121.0581,  -32.0919,  -52.2750,  ...,  -48.4242,  -44.0311,
            -4.8246],
         [-261.6307,    3.2035, -160.6161,  ..., -141.5262, -256.0114,
           -92.2562]]]), 'rvq_quantizer.layers.0._codebook.embed': tensor([[[-57.2611,  -9.7897, -29.0513,  ..., -19.6389, -26.6606, -15.9577],
         [-59.0566, -11.8641, -14.6439,  ..., -31.0816, -37.2625,  -5.5184],
         [-80.0601,  -0.5914, -45.1039,  ..., -43.4084, -80.4800, -28.8942],
         ...,
         [-55.3091, -10.4751, -17.1584,  ..., -16.2219, -35.4839,   4.4829],
         [-50.3439, -13.3459, -21.7394,  ..., -20.1380, -18.3110,  -2.0064],
         [-76.5791,   0.9377, -47.0122,  ..., -41.4246, -74.9344, -27.0033]]]), 'rvq_quantizer.layers.1._codebook.initted': tensor([1.]), 'rvq_quantizer.layers.1._codebook.cluster_size': tensor([[2.0000, 2.3951, 3.4621,  ..., 2.6124, 2.0000, 2.0900]]), 'rvq_quantizer.layers.1._codebook.embed_avg': tensor([[[ 2.3499e-01,  2.0682e+00, -9.4450e-01,  ..., -4.3261e+00,
           1.6874e+00, -1.3117e+00],
         [-3.1254e+00,  5.4093e+00,  2.2894e+00,  ...,  2.6630e+00,
          -3.1380e+00,  4.3666e+00],
         [-1.0233e+01, -2.1506e+00,  6.4840e+00,  ..., -1.1235e+00,
          -6.6335e-01,  6.9563e-02],
         ...,
         [ 7.5240e+00,  1.1522e+00, -1.3807e+00,  ...,  9.4045e+00,
           8.1025e+00,  1.2126e+00],
         [-5.6477e+00,  4.9207e+00, -2.5018e+00,  ...,  7.1716e-03,
          -5.6841e+00,  6.7181e-02],
         [-4.4277e+00,  6.6908e+00, -1.1684e+01,  ...,  5.0293e+00,
           8.2893e+00,  1.3019e+00]]]), 'rvq_quantizer.layers.1._codebook.embed': tensor([[[ 1.1749e-01,  1.0341e+00, -4.7225e-01,  ..., -2.1630e+00,
           8.4372e-01, -6.5586e-01],
         [-1.3049e+00,  2.2585e+00,  9.5586e-01,  ...,  1.1118e+00,
          -1.3101e+00,  1.8231e+00],
         [-2.9558e+00, -6.2121e-01,  1.8729e+00,  ..., -3.2453e-01,
          -1.9161e-01,  2.0093e-02],
         ...,
         [ 2.8802e+00,  4.4107e-01, -5.2852e-01,  ...,  3.6000e+00,
           3.1016e+00,  4.6417e-01],
         [-2.8239e+00,  2.4604e+00, -1.2509e+00,  ...,  3.5858e-03,
          -2.8420e+00,  3.3590e-02],
         [-2.1185e+00,  3.2013e+00, -5.5907e+00,  ...,  2.4064e+00,
           3.9661e+00,  6.2290e-01]]]), 'rvq_quantizer.layers.2._codebook.initted': tensor([1.]), 'rvq_quantizer.layers.2._codebook.cluster_size': tensor([[284.6228,   4.3040,  30.7386,  ...,   2.7428,   2.6076,   3.2595]]), 'rvq_quantizer.layers.2._codebook.embed_avg': tensor([[[-1.3893e-03, -1.1456e-04, -7.0239e-04,  ..., -6.4004e-04,
          -9.7680e-04, -3.3697e-04],
         [ 1.9285e-01, -4.0765e+00, -5.0247e+00,  ...,  7.2394e-02,
           5.0823e-01, -5.8138e+00],
         [-1.5997e+00, -1.1640e+00,  1.2414e+00,  ..., -2.4686e+00,
          -4.0832e+00,  8.3807e-01],
         ...,
         [-2.9574e+00, -1.5972e-01, -1.9407e+00,  ...,  2.9273e+00,
          -2.2476e+00, -2.6457e+00],
         [-3.6850e-01, -2.4582e+00,  5.3925e-01,  ...,  1.4707e+00,
           8.8707e-01, -1.4784e+00],
         [ 1.7926e+00,  7.3581e-01, -3.4325e+00,  ...,  1.9300e+00,
          -4.4407e+00, -8.6670e-01]]]), 'rvq_quantizer.layers.2._codebook.embed': tensor([[[-4.8813e-06, -4.0250e-07, -2.4678e-06,  ..., -2.2488e-06,
          -3.4319e-06, -1.1839e-06],
         [ 4.4806e-02, -9.4714e-01, -1.1674e+00,  ...,  1.6820e-02,
           1.1808e-01, -1.3508e+00],
         [-5.2042e-02, -3.7869e-02,  4.0386e-02,  ..., -8.0311e-02,
          -1.3284e-01,  2.7264e-02],
         ...,
         [-1.0782e+00, -5.8231e-02, -7.0757e-01,  ...,  1.0672e+00,
          -8.1946e-01, -9.6458e-01],
         [-1.4132e-01, -9.4272e-01,  2.0680e-01,  ...,  5.6400e-01,
           3.4018e-01, -5.6697e-01],
         [ 5.4995e-01,  2.2574e-01, -1.0531e+00,  ...,  5.9212e-01,
          -1.3624e+00, -2.6590e-01]]]), 'rvq_quantizer.layers.3._codebook.initted': tensor([1.]), 'rvq_quantizer.layers.3._codebook.cluster_size': tensor([[ 30.8621, 299.7236,   2.1127,  ...,   2.3431,   2.0900,   3.7233]]), 'rvq_quantizer.layers.3._codebook.embed_avg': tensor([[[-1.5058e+00, -1.1754e+00,  1.2845e+00,  ..., -2.5639e+00,
          -4.0395e+00,  8.5314e-01],
         [-1.0090e-03, -7.9878e-05, -4.0627e-04,  ..., -4.7273e-04,
          -6.9742e-04, -1.8786e-04],
         [ 6.1040e-02, -3.7119e-02,  6.7155e-02,  ...,  1.2128e-01,
          -3.8845e-01,  1.9028e-01],
         ...,
         [ 7.7339e-02,  2.2139e-02, -6.0713e-02,  ...,  1.4435e-01,
          -1.4618e-01, -1.0229e-01],
         [-1.6151e+00,  1.4266e+00, -8.2839e-01,  ..., -2.2491e-01,
           3.0266e-01, -1.5930e+00],
         [-2.1982e-02,  9.9630e-03, -9.2282e-03,  ..., -8.0789e-04,
           3.6717e-02,  1.5758e-02]]]), 'rvq_quantizer.layers.3._codebook.embed': tensor([[[-4.8792e-02, -3.8085e-02,  4.1620e-02,  ..., -8.3077e-02,
          -1.3089e-01,  2.7644e-02],
         [-3.3663e-06, -2.6650e-07, -1.3555e-06,  ..., -1.5772e-06,
          -2.3269e-06, -6.2678e-07],
         [ 2.8892e-02, -1.7569e-02,  3.1786e-02,  ...,  5.7403e-02,
          -1.8386e-01,  9.0065e-02],
         ...,
         [ 3.3007e-02,  9.4486e-03, -2.5911e-02,  ...,  6.1608e-02,
          -6.2387e-02, -4.3657e-02],
         [-7.7280e-01,  6.8257e-01, -3.9636e-01,  ..., -1.0761e-01,
           1.4481e-01, -7.6222e-01],
         [-5.9038e-03,  2.6758e-03, -2.4785e-03,  ..., -2.1698e-04,
           9.8615e-03,  4.2323e-03]]])})
Loss:  tensor(1.6667, grad_fn=<MeanBackward0>)
OrderedDict({'rvq_quantizer.project_in.weight': tensor([[ 0.1123,  0.0320, -0.0450,  ...,  0.1083, -0.0613,  0.0830],
        [-0.0007,  0.0301,  0.0586,  ...,  0.0461, -0.0547, -0.0324],
        [ 0.0594, -0.0739,  0.0233,  ..., -0.0870, -0.1202,  0.0586],
        ...,
        [ 0.0612,  0.0034, -0.0758,  ...,  0.0983,  0.0446,  0.0617],
        [ 0.1162, -0.0419, -0.0538,  ..., -0.1202, -0.0991,  0.0334],
        [ 0.0399, -0.0963, -0.0384,  ..., -0.1183, -0.0075, -0.1033]]), 'rvq_quantizer.project_in.bias': tensor([ 0.0007,  0.0028, -0.0392,  0.0722, -0.0533, -0.1061,  0.0724, -0.0837,
         0.0315, -0.0616, -0.0902,  0.0147,  0.0306, -0.1214,  0.0967,  0.0513,
         0.1134, -0.0119,  0.0959,  0.1189,  0.1056,  0.1135,  0.0500, -0.0678,
        -0.0406, -0.0238,  0.0122, -0.0237,  0.0367, -0.0865,  0.0638, -0.0592]), 'rvq_quantizer.project_out.weight': tensor([[ 1.7297e-01, -7.7242e-02,  1.4315e-01,  ..., -9.3891e-03,
          4.6688e-02,  2.6892e-02],
        [-1.2556e-01,  6.1723e-03,  7.3092e-02,  ...,  9.3280e-02,
          1.4586e-01,  1.3955e-01],
        [ 2.5525e-02,  2.4489e-02,  1.1027e-01,  ..., -3.5292e-02,
         -8.5630e-02, -1.7585e-02],
        ...,
        [-1.1142e-01,  1.1344e-01,  1.7359e-03,  ..., -4.1507e-02,
          1.0128e-01, -1.6361e-01],
        [ 8.1643e-03,  1.1110e-02,  1.2083e-01,  ...,  5.7392e-03,
         -1.2658e-01, -8.9246e-05],
        [ 1.1302e-01,  7.6405e-02,  1.5586e-01,  ...,  2.4890e-02,
         -8.8728e-02,  1.3402e-01]]), 'rvq_quantizer.project_out.bias': tensor([ 0.0184,  0.1213,  0.0966,  0.0149, -0.0584,  0.1491, -0.1232, -0.0948,
         0.0769,  0.1567, -0.0673,  0.0828, -0.1253,  0.1187, -0.1478,  0.1035,
         0.0257,  0.1767, -0.1063, -0.0178,  0.0536,  0.1559,  0.0004,  0.0875,
        -0.0399, -0.1251, -0.0878, -0.0239,  0.0587, -0.1121, -0.1483, -0.0791,
         0.0221, -0.0539,  0.1341, -0.0229,  0.1362,  0.0976,  0.0909,  0.1372,
         0.0870,  0.0845,  0.1413, -0.0785, -0.1314, -0.1116, -0.0285, -0.1256,
        -0.0554, -0.1188,  0.0959,  0.1502,  0.0371, -0.1019,  0.0483, -0.0402,
        -0.0204, -0.0946, -0.1328,  0.0166, -0.1202,  0.1196,  0.0317, -0.1710]), 'rvq_quantizer.layers.0._codebook.initted': tensor([1.]), 'rvq_quantizer.layers.0._codebook.cluster_size': tensor([[2.0000, 3.2828, 2.0000,  ..., 2.0000, 2.4642, 3.3748]]), 'rvq_quantizer.layers.0._codebook.embed_avg': tensor([[[-151.9644,   -2.1729,  -87.3463,  ...,  -66.0723, -125.1613,
           -57.9871],
         [-193.8693,  -38.9304,  -48.0588,  ..., -101.9441, -122.3074,
           -18.1714],
         [-156.9444,   -1.6062,  -89.5165,  ...,  -80.0770, -158.9310,
           -51.4691],
         ...,
         [-102.4492,  -24.9219,  -71.8670,  ...,  -48.6353,  -41.1580,
           -23.9087],
         [-124.0349,  -32.8346,  -53.4451,  ...,  -49.5214,  -44.8775,
            -4.8848],
         [-258.4297,    3.0632, -158.6772,  ..., -139.8724, -252.7767,
           -90.9908]]]), 'rvq_quantizer.layers.0._codebook.embed': tensor([[[-75.9822,  -1.0864, -43.6731,  ..., -33.0362, -62.5807, -28.9935],
         [-59.0561, -11.8589, -14.6396,  ..., -31.0540, -37.2570,  -5.5353],
         [-78.4722,  -0.8031, -44.7583,  ..., -40.0385, -79.4655, -25.7346],
         ...,
         [-51.2246, -12.4610, -35.9335,  ..., -24.3176, -20.5790, -11.9544],
         [-50.3356, -13.3249, -21.6890,  ..., -20.0967, -18.2121,  -1.9823],
         [-76.5757,   0.9076, -47.0179,  ..., -41.4458, -74.9006, -26.9616]]]), 'rvq_quantizer.layers.1._codebook.initted': tensor([1.]), 'rvq_quantizer.layers.1._codebook.cluster_size': tensor([[2.0000, 2.4556, 3.4159,  ..., 2.6511, 2.0000, 2.0810]]), 'rvq_quantizer.layers.1._codebook.embed_avg': tensor([[[  0.4124,  -6.3344,   0.9744,  ...,  -0.2291,   2.5534,   1.3746],
         [ -3.2351,   5.5838,   2.3552,  ...,   2.7503,  -3.2512,   4.4890],
         [-10.3748,  -2.6346,   6.4036,  ...,  -1.0152,  -0.6651,   0.3319],
         ...,
         [  7.8859,   1.1131,  -1.2327,  ...,   9.0563,   8.0953,   0.8234],
         [ -0.5678,  -1.8033,  -0.8067,  ...,   2.0435,   2.7480,   1.7593],
         [ -4.4975,   6.3002, -11.3751,  ...,   5.1118,   8.1912,   1.1212]]]), 'rvq_quantizer.layers.1._codebook.embed': tensor([[[ 0.2062, -3.1672,  0.4872,  ..., -0.1145,  1.2767,  0.6873],
         [-1.3174,  2.2739,  0.9591,  ...,  1.1200, -1.3240,  1.8281],
         [-3.0372, -0.7713,  1.8747,  ..., -0.2972, -0.1947,  0.0972],
         ...,
         [ 2.9745,  0.4198, -0.4650,  ...,  3.4160,  3.0535,  0.3106],
         [-0.2839, -0.9017, -0.4034,  ...,  1.0218,  1.3740,  0.8797],
         [-2.1612,  3.0275, -5.4662,  ...,  2.4564,  3.9362,  0.5388]]]), 'rvq_quantizer.layers.2._codebook.initted': tensor([1.]), 'rvq_quantizer.layers.2._codebook.cluster_size': tensor([[292.2606,   4.2736,  27.6648,  ...,   3.0685,   2.9468,   3.4336]]), 'rvq_quantizer.layers.2._codebook.embed_avg': tensor([[[-1.4160e-03, -1.2083e-04, -7.2632e-04,  ..., -6.5548e-04,
          -1.0023e-03, -3.4211e-04],
         [ 2.3522e-01, -4.4016e+00, -4.8666e+00,  ..., -1.1310e-03,
           4.4927e-01, -5.9053e+00],
         [-1.4397e+00, -1.0476e+00,  1.1173e+00,  ..., -2.2218e+00,
          -3.6749e+00,  7.5426e-01],
         ...,
         [-3.3965e+00, -9.9020e-02, -2.3693e+00,  ...,  2.6779e+00,
          -2.5086e+00, -3.0848e+00],
         [-2.7908e-01, -2.6872e+00,  7.5215e-01,  ...,  1.6628e+00,
           1.0070e+00, -1.4857e+00],
         [ 1.9953e+00,  1.0631e+00, -3.6946e+00,  ...,  2.2374e+00,
          -4.7047e+00, -7.0398e-01]]]), 'rvq_quantizer.layers.2._codebook.embed': tensor([[[-4.8450e-06, -4.1343e-07, -2.4852e-06,  ..., -2.2428e-06,
          -3.4296e-06, -1.1706e-06],
         [ 5.5040e-02, -1.0299e+00, -1.1387e+00,  ..., -2.6465e-04,
           1.0513e-01, -1.3818e+00],
         [-5.2042e-02, -3.7869e-02,  4.0386e-02,  ..., -8.0311e-02,
          -1.3284e-01,  2.7264e-02],
         ...,
         [-1.1069e+00, -3.2269e-02, -7.7213e-01,  ...,  8.7271e-01,
          -8.1752e-01, -1.0053e+00],
         [-9.4704e-02, -9.1189e-01,  2.5524e-01,  ...,  5.6426e-01,
           3.4174e-01, -5.0417e-01],
         [ 5.8112e-01,  3.0961e-01, -1.0760e+00,  ...,  6.5162e-01,
          -1.3702e+00, -2.0503e-01]]]), 'rvq_quantizer.layers.3._codebook.initted': tensor([1.]), 'rvq_quantizer.layers.3._codebook.cluster_size': tensor([[ 27.8759, 305.7513,   2.0014,  ...,   2.4088,   2.0810,   3.7510]]), 'rvq_quantizer.layers.3._codebook.embed_avg': tensor([[[-1.3548e+00, -1.0557e+00,  1.1671e+00,  ..., -2.3136e+00,
          -3.6358e+00,  7.6678e-01],
         [-1.0127e-03, -8.4104e-05, -4.2975e-04,  ..., -4.7687e-04,
          -7.1002e-04, -1.9352e-04],
         [ 6.6023e-02, -2.5795e-02,  5.0816e-02,  ...,  1.2194e-01,
          -4.0449e-01,  1.9187e-01],
         ...,
         [ 8.8131e-02,  3.2048e-02, -4.7485e-02,  ...,  1.1172e-01,
          -1.5789e-01, -9.6083e-02],
         [-1.4311e+00,  1.4243e+00, -8.7523e-01,  ..., -1.8750e-01,
           4.2179e-01, -1.5979e+00],
         [-2.7286e-02,  1.1096e-02, -1.1052e-02,  ..., -4.6326e-03,
           3.8582e-02,  1.9852e-02]]]), 'rvq_quantizer.layers.3._codebook.embed': tensor([[[-4.8600e-02, -3.7870e-02,  4.1868e-02,  ..., -8.2995e-02,
          -1.3043e-01,  2.7507e-02],
         [-3.3123e-06, -2.7507e-07, -1.4056e-06,  ..., -1.5597e-06,
          -2.3222e-06, -6.3294e-07],
         [ 3.2988e-02, -1.2888e-02,  2.5390e-02,  ...,  6.0924e-02,
          -2.0210e-01,  9.5864e-02],
         ...,
         [ 3.6587e-02,  1.3305e-02, -1.9713e-02,  ...,  4.6381e-02,
          -6.5549e-02, -3.9889e-02],
         [-6.8771e-01,  6.8442e-01, -4.2058e-01,  ..., -9.0100e-02,
           2.0269e-01, -7.6786e-01],
         [-7.2743e-03,  2.9583e-03, -2.9464e-03,  ..., -1.2350e-03,
           1.0286e-02,  5.2925e-03]]])})
Loss:  tensor(1.6588, grad_fn=<MeanBackward0>)
OrderedDict({'rvq_quantizer.project_in.weight': tensor([[ 0.1123,  0.0320, -0.0450,  ...,  0.1083, -0.0613,  0.0830],
        [-0.0007,  0.0301,  0.0586,  ...,  0.0461, -0.0547, -0.0324],
        [ 0.0594, -0.0739,  0.0233,  ..., -0.0870, -0.1202,  0.0586],
        ...,
        [ 0.0612,  0.0034, -0.0758,  ...,  0.0983,  0.0446,  0.0617],
        [ 0.1162, -0.0419, -0.0538,  ..., -0.1202, -0.0991,  0.0334],
        [ 0.0399, -0.0963, -0.0384,  ..., -0.1183, -0.0075, -0.1033]]), 'rvq_quantizer.project_in.bias': tensor([ 0.0007,  0.0028, -0.0392,  0.0722, -0.0533, -0.1061,  0.0724, -0.0837,
         0.0315, -0.0616, -0.0902,  0.0147,  0.0306, -0.1214,  0.0967,  0.0513,
         0.1134, -0.0119,  0.0959,  0.1189,  0.1056,  0.1135,  0.0500, -0.0678,
        -0.0406, -0.0238,  0.0122, -0.0237,  0.0367, -0.0865,  0.0638, -0.0592]), 'rvq_quantizer.project_out.weight': tensor([[ 1.7297e-01, -7.7242e-02,  1.4315e-01,  ..., -9.3891e-03,
          4.6688e-02,  2.6892e-02],
        [-1.2556e-01,  6.1723e-03,  7.3092e-02,  ...,  9.3280e-02,
          1.4586e-01,  1.3955e-01],
        [ 2.5525e-02,  2.4489e-02,  1.1027e-01,  ..., -3.5292e-02,
         -8.5630e-02, -1.7585e-02],
        ...,
        [-1.1142e-01,  1.1344e-01,  1.7359e-03,  ..., -4.1507e-02,
          1.0128e-01, -1.6361e-01],
        [ 8.1643e-03,  1.1110e-02,  1.2083e-01,  ...,  5.7392e-03,
         -1.2658e-01, -8.9246e-05],
        [ 1.1302e-01,  7.6405e-02,  1.5586e-01,  ...,  2.4890e-02,
         -8.8728e-02,  1.3402e-01]]), 'rvq_quantizer.project_out.bias': tensor([ 0.0184,  0.1213,  0.0966,  0.0149, -0.0584,  0.1491, -0.1232, -0.0948,
         0.0769,  0.1567, -0.0673,  0.0828, -0.1253,  0.1187, -0.1478,  0.1035,
         0.0257,  0.1767, -0.1063, -0.0178,  0.0536,  0.1559,  0.0004,  0.0875,
        -0.0399, -0.1251, -0.0878, -0.0239,  0.0587, -0.1121, -0.1483, -0.0791,
         0.0221, -0.0539,  0.1341, -0.0229,  0.1362,  0.0976,  0.0909,  0.1372,
         0.0870,  0.0845,  0.1413, -0.0785, -0.1314, -0.1116, -0.0285, -0.1256,
        -0.0554, -0.1188,  0.0959,  0.1502,  0.0371, -0.1019,  0.0483, -0.0402,
        -0.0204, -0.0946, -0.1328,  0.0166, -0.1202,  0.1196,  0.0317, -0.1710]), 'rvq_quantizer.layers.0._codebook.initted': tensor([1.]), 'rvq_quantizer.layers.0._codebook.cluster_size': tensor([[2.0000, 3.2545, 2.0000,  ..., 2.0000, 2.5177, 3.4373]]), 'rvq_quantizer.layers.0._codebook.embed_avg': tensor([[[-146.3800,   -7.3005,  -66.1400,  ...,  -67.2577,  -96.5542,
           -17.8180],
         [-192.2373,  -38.7408,  -47.6920,  ..., -101.7398, -121.2182,
           -17.5352],
         [-162.2598,   -1.0172,  -90.2747,  ...,  -87.8343, -159.5814,
           -54.7529],
         ...,
         [-161.4130,    1.1883,  -90.0383,  ...,  -85.6245, -161.7186,
           -57.4576],
         [-126.7140,  -33.5030,  -54.4981,  ...,  -50.5088,  -45.6392,
            -4.9390],
         [-263.2130,    3.1149, -161.5478,  ..., -142.4620, -257.4536,
           -92.6084]]]), 'rvq_quantizer.layers.0._codebook.embed': tensor([[[-73.1900,  -3.6502, -33.0700,  ..., -33.6288, -48.2771,  -8.9090],
         [-59.0678, -11.9037, -14.6541,  ..., -31.2611, -37.2461,  -5.3880],
         [-81.1299,  -0.5086, -45.1374,  ..., -43.9172, -79.7907, -27.3765],
         ...,
         [-80.7065,   0.5942, -45.0191,  ..., -42.8123, -80.8593, -28.7288],
         [-50.3284, -13.3067, -21.6456,  ..., -20.0611, -18.1270,  -1.9617],
         [-76.5745,   0.9062, -46.9978,  ..., -41.4454, -74.8990, -26.9418]]]), 'rvq_quantizer.layers.1._codebook.initted': tensor([1.]), 'rvq_quantizer.layers.1._codebook.cluster_size': tensor([[2.0000, 2.4100, 3.2743,  ..., 2.6860, 2.0000, 2.0000]]), 'rvq_quantizer.layers.1._codebook.embed_avg': tensor([[[  0.3480,  -6.1786,   1.1056,  ...,  -0.0412,   2.4544,   1.2590],
         [ -3.2833,   5.2937,   2.3165,  ...,   2.8050,  -3.2046,   4.4565],
         [-10.3107,  -2.8991,   6.2059,  ...,  -0.7709,  -0.6660,   0.4749],
         ...,
         [  8.8284,   1.1037,  -1.1262,  ...,   9.4367,   8.0724,   0.0444],
         [  0.7222,  -0.2255,   3.7785,  ...,  -1.4807,   4.0327,  -1.7566],
         [  0.2938,  -2.3032,   5.1912,  ...,  -0.3753,   0.0583,   0.0383]]]), 'rvq_quantizer.layers.1._codebook.embed': tensor([[[ 0.1740, -3.0893,  0.5528,  ..., -0.0206,  1.2272,  0.6295],
         [-1.3623,  2.1965,  0.9612,  ...,  1.1639, -1.3297,  1.8491],
         [-3.1490, -0.8854,  1.8954,  ..., -0.2354, -0.2034,  0.1450],
         ...,
         [ 3.2868,  0.4109, -0.4193,  ...,  3.5133,  3.0053,  0.0165],
         [ 0.3611, -0.1127,  1.8892,  ..., -0.7404,  2.0164, -0.8783],
         [ 0.1469, -1.1516,  2.5956,  ..., -0.1877,  0.0291,  0.0192]]]), 'rvq_quantizer.layers.2._codebook.initted': tensor([1.]), 'rvq_quantizer.layers.2._codebook.cluster_size': tensor([[300.0345,   4.1463,  24.9983,  ...,   3.3617,   3.0522,   3.3902]]), 'rvq_quantizer.layers.2._codebook.embed_avg': tensor([[[-1.4348e-03, -1.2747e-04, -7.4445e-04,  ..., -6.5956e-04,
          -1.0122e-03, -3.4569e-04],
         [ 4.2729e-01, -4.4984e+00, -4.7330e+00,  ..., -1.3979e-01,
           4.1240e-01, -5.7437e+00],
         [-1.3145e+00, -9.3779e-01,  1.0104e+00,  ..., -2.0210e+00,
          -3.3344e+00,  6.8907e-01],
         ...,
         [-3.8159e+00,  1.5084e-01, -2.8529e+00,  ...,  2.5593e+00,
          -2.8347e+00, -3.4432e+00],
         [-5.8055e-02, -2.6966e+00,  9.5903e-01,  ...,  1.4883e+00,
           9.2674e-01, -1.6063e+00],
         [ 2.0151e+00,  1.0392e+00, -3.6623e+00,  ...,  2.3019e+00,
          -4.2906e+00, -7.4158e-01]]]), 'rvq_quantizer.layers.2._codebook.embed': tensor([[[-4.7820e-06, -4.2485e-07, -2.4812e-06,  ..., -2.1983e-06,
          -3.3736e-06, -1.1522e-06],
         [ 1.0305e-01, -1.0849e+00, -1.1415e+00,  ..., -3.3714e-02,
           9.9463e-02, -1.3853e+00],
         [-5.2582e-02, -3.7514e-02,  4.0418e-02,  ..., -8.0847e-02,
          -1.3339e-01,  2.7565e-02],
         ...,
         [-1.1351e+00,  4.4871e-02, -8.4865e-01,  ...,  7.6130e-01,
          -8.4324e-01, -1.0243e+00],
         [-1.9021e-02, -8.8350e-01,  3.1421e-01,  ...,  4.8763e-01,
           3.0363e-01, -5.2627e-01],
         [ 5.9438e-01,  3.0654e-01, -1.0803e+00,  ...,  6.7898e-01,
          -1.2656e+00, -2.1874e-01]]]), 'rvq_quantizer.layers.3._codebook.initted': tensor([1.]), 'rvq_quantizer.layers.3._codebook.cluster_size': tensor([[ 25.2883, 311.9762,   2.2013,  ...,   2.2679,   2.0000,   4.1759]]), 'rvq_quantizer.layers.3._codebook.embed_avg': tensor([[[-1.2166e+00, -9.8366e-01,  1.0602e+00,  ..., -2.1017e+00,
          -3.2987e+00,  7.1876e-01],
         [-1.0149e-03, -8.9769e-05, -4.4940e-04,  ..., -4.7258e-04,
          -7.1127e-04, -1.9900e-04],
         [ 5.9185e-02, -1.2215e-01, -9.0914e-03,  ...,  2.5512e-01,
          -3.9022e-01,  3.0238e-01],
         ...,
         [ 7.9836e-02,  3.0710e-02, -5.4564e-02,  ...,  1.2684e-01,
          -1.5882e-01, -8.1801e-02],
         [ 2.6780e-02, -7.2687e-03,  2.1750e-02,  ...,  5.4681e-02,
           2.3941e-02, -1.4393e-02],
         [-2.3155e-02,  9.8703e-03, -1.0695e-02,  ...,  5.5308e-03,
           5.2320e-02,  2.0481e-02]]]), 'rvq_quantizer.layers.3._codebook.embed': tensor([[[-4.8108e-02, -3.8898e-02,  4.1925e-02,  ..., -8.3111e-02,
          -1.3044e-01,  2.8423e-02],
         [-3.2531e-06, -2.8775e-07, -1.4405e-06,  ..., -1.5148e-06,
          -2.2799e-06, -6.3786e-07],
         [ 2.6886e-02, -5.5488e-02, -4.1300e-03,  ...,  1.1589e-01,
          -1.7727e-01,  1.3737e-01],
         ...,
         [ 3.5203e-02,  1.3541e-02, -2.4059e-02,  ...,  5.5930e-02,
          -7.0031e-02, -3.6069e-02],
         [ 1.3390e-02, -3.6344e-03,  1.0875e-02,  ...,  2.7341e-02,
           1.1970e-02, -7.1964e-03],
         [-5.5449e-03,  2.3636e-03, -2.5610e-03,  ...,  1.3245e-03,
           1.2529e-02,  4.9046e-03]]])})
Loss:  tensor(1.6629, grad_fn=<MeanBackward0>)
OrderedDict({'rvq_quantizer.project_in.weight': tensor([[ 0.1123,  0.0320, -0.0450,  ...,  0.1083, -0.0613,  0.0830],
        [-0.0007,  0.0301,  0.0586,  ...,  0.0461, -0.0547, -0.0324],
        [ 0.0594, -0.0739,  0.0233,  ..., -0.0870, -0.1202,  0.0586],
        ...,
        [ 0.0612,  0.0034, -0.0758,  ...,  0.0983,  0.0446,  0.0617],
        [ 0.1162, -0.0419, -0.0538,  ..., -0.1202, -0.0991,  0.0334],
        [ 0.0399, -0.0963, -0.0384,  ..., -0.1183, -0.0075, -0.1033]]), 'rvq_quantizer.project_in.bias': tensor([ 0.0007,  0.0028, -0.0392,  0.0722, -0.0533, -0.1061,  0.0724, -0.0837,
         0.0315, -0.0616, -0.0902,  0.0147,  0.0306, -0.1214,  0.0967,  0.0513,
         0.1134, -0.0119,  0.0959,  0.1189,  0.1056,  0.1135,  0.0500, -0.0678,
        -0.0406, -0.0238,  0.0122, -0.0237,  0.0367, -0.0865,  0.0638, -0.0592]), 'rvq_quantizer.project_out.weight': tensor([[ 1.7297e-01, -7.7242e-02,  1.4315e-01,  ..., -9.3891e-03,
          4.6688e-02,  2.6892e-02],
        [-1.2556e-01,  6.1723e-03,  7.3092e-02,  ...,  9.3280e-02,
          1.4586e-01,  1.3955e-01],
        [ 2.5525e-02,  2.4489e-02,  1.1027e-01,  ..., -3.5292e-02,
         -8.5630e-02, -1.7585e-02],
        ...,
        [-1.1142e-01,  1.1344e-01,  1.7359e-03,  ..., -4.1507e-02,
          1.0128e-01, -1.6361e-01],
        [ 8.1643e-03,  1.1110e-02,  1.2083e-01,  ...,  5.7392e-03,
         -1.2658e-01, -8.9246e-05],
        [ 1.1302e-01,  7.6405e-02,  1.5586e-01,  ...,  2.4890e-02,
         -8.8728e-02,  1.3402e-01]]), 'rvq_quantizer.project_out.bias': tensor([ 0.0184,  0.1213,  0.0966,  0.0149, -0.0584,  0.1491, -0.1232, -0.0948,
         0.0769,  0.1567, -0.0673,  0.0828, -0.1253,  0.1187, -0.1478,  0.1035,
         0.0257,  0.1767, -0.1063, -0.0178,  0.0536,  0.1559,  0.0004,  0.0875,
        -0.0399, -0.1251, -0.0878, -0.0239,  0.0587, -0.1121, -0.1483, -0.0791,
         0.0221, -0.0539,  0.1341, -0.0229,  0.1362,  0.0976,  0.0909,  0.1372,
         0.0870,  0.0845,  0.1413, -0.0785, -0.1314, -0.1116, -0.0285, -0.1256,
        -0.0554, -0.1188,  0.0959,  0.1502,  0.0371, -0.1019,  0.0483, -0.0402,
        -0.0204, -0.0946, -0.1328,  0.0166, -0.1202,  0.1196,  0.0317, -0.1710]), 'rvq_quantizer.layers.0._codebook.initted': tensor([1.]), 'rvq_quantizer.layers.0._codebook.cluster_size': tensor([[2.0000, 3.2291, 2.0000,  ..., 2.0000, 2.5660, 3.4936]]), 'rvq_quantizer.layers.0._codebook.embed_avg': tensor([[[-146.3820,   -7.1863,  -66.3928,  ...,  -67.3863,  -97.1017,
           -18.1377],
         [-190.7686,  -38.5702,  -47.3620,  ..., -101.5559, -120.2380,
           -16.9626],
         [ -93.3722,  -37.1636,  -51.0768,  ...,   -6.6586,  -28.6983,
           -10.2597],
         ...,
         [-101.8411,  -18.4660,  -61.0619,  ...,  -21.1977,  -63.9059,
           -28.0731],
         [-129.1252,  -34.1045,  -55.4459,  ...,  -51.3975,  -46.3247,
            -4.9878],
         [-267.5179,    3.1614, -164.1313,  ..., -144.7926, -261.6628,
           -94.0642]]]), 'rvq_quantizer.layers.0._codebook.embed': tensor([[[-73.1909,  -3.5931, -33.1964,  ..., -33.6931, -48.5508,  -9.0689],
         [-59.0785, -11.9447, -14.6674,  ..., -31.4505, -37.2361,  -5.2531],
         [-46.6861, -18.5818, -25.5384,  ...,  -3.3293, -14.3492,  -5.1298],
         ...,
         [-50.9205,  -9.2330, -30.5309,  ..., -10.5988, -31.9529, -14.0365],
         [-50.3222, -13.2911, -21.6082,  ..., -20.0304, -18.0535,  -1.9438],
         [-76.5735,   0.9049, -46.9804,  ..., -41.4450, -74.8976, -26.9247]]]), 'rvq_quantizer.layers.1._codebook.initted': tensor([1.]), 'rvq_quantizer.layers.1._codebook.cluster_size': tensor([[2.0000, 2.2690, 3.1468,  ..., 2.7174, 2.0000, 2.0000]]), 'rvq_quantizer.layers.1._codebook.embed_avg': tensor([[[ 4.0806,  3.8018,  0.2396,  ...,  0.1188, -0.9367,  1.2775],
         [-3.1457,  5.0158,  2.2709,  ...,  2.7368, -3.0084,  4.3062],
         [-9.7487, -2.9918,  5.8531,  ..., -0.9525, -0.6151,  0.4902],
         ...,
         [ 9.7315,  0.8088, -1.3129,  ..., 10.1431,  8.2242, -0.2636],
         [ 0.9020, -0.3803,  3.7715,  ..., -1.5111,  4.2105, -1.7835],
         [ 0.0000,  0.0000,  0.0000,  ...,  0.0000,  0.0000,  0.0000]]]), 'rvq_quantizer.layers.1._codebook.embed': tensor([[[ 2.0403,  1.9009,  0.1198,  ...,  0.0594, -0.4684,  0.6388],
         [-1.3863,  2.2105,  1.0008,  ...,  1.2062, -1.3258,  1.8978],
         [-3.0979, -0.9507,  1.8600,  ..., -0.3027, -0.1955,  0.1558],
         ...,
         [ 3.5812,  0.2976, -0.4832,  ...,  3.7326,  3.0265, -0.0970],
         [ 0.4510, -0.1902,  1.8858,  ..., -0.7555,  2.1052, -0.8918],
         [ 0.0000,  0.0000,  0.0000,  ...,  0.0000,  0.0000,  0.0000]]]), 'rvq_quantizer.layers.2._codebook.initted': tensor([1.]), 'rvq_quantizer.layers.2._codebook.cluster_size': tensor([[306.9311,   4.2317,  22.5985,  ...,   3.5255,   3.1469,   3.3512]]), 'rvq_quantizer.layers.2._codebook.embed_avg': tensor([[[-1.4187e-03, -1.3327e-04, -7.7408e-04,  ..., -6.4931e-04,
          -1.0376e-03, -3.5927e-04],
         [ 5.0413e-01, -4.8656e+00, -4.8992e+00,  ..., -1.4559e-01,
           4.1764e-01, -6.0170e+00],
         [-1.1877e+00, -8.4662e-01,  9.2117e-01,  ..., -1.8506e+00,
          -3.0065e+00,  6.3746e-01],
         ...,
         [-4.1406e+00,  3.1482e-01, -3.1951e+00,  ...,  2.1667e+00,
          -2.9741e+00, -3.6965e+00],
         [ 3.9067e-02, -2.6658e+00,  1.0862e+00,  ...,  1.8121e+00,
           1.1025e+00, -1.3697e+00],
         [ 2.0892e+00,  9.3051e-01, -3.8094e+00,  ...,  2.2454e+00,
          -3.9450e+00, -5.1389e-01]]]), 'rvq_quantizer.layers.2._codebook.embed': tensor([[[-4.6224e-06, -4.3422e-07, -2.5220e-06,  ..., -2.1155e-06,
          -3.3807e-06, -1.1705e-06],
         [ 1.1913e-01, -1.1498e+00, -1.1577e+00,  ..., -3.4404e-02,
           9.8694e-02, -1.4219e+00],
         [-5.2557e-02, -3.7464e-02,  4.0763e-02,  ..., -8.1891e-02,
          -1.3304e-01,  2.8208e-02],
         ...,
         [-1.1745e+00,  8.9298e-02, -9.0628e-01,  ...,  6.1458e-01,
          -8.4359e-01, -1.0485e+00],
         [ 1.2414e-02, -8.4709e-01,  3.4515e-01,  ...,  5.7582e-01,
           3.5033e-01, -4.3525e-01],
         [ 6.2342e-01,  2.7767e-01, -1.1367e+00,  ...,  6.7002e-01,
          -1.1772e+00, -1.5334e-01]]]), 'rvq_quantizer.layers.3._codebook.initted': tensor([1.]), 'rvq_quantizer.layers.3._codebook.cluster_size': tensor([[ 23.2595, 317.5786,   2.2812,  ...,   2.2411,   2.2000,   4.3583]]), 'rvq_quantizer.layers.3._codebook.embed_avg': tensor([[[-1.1245e+00, -9.4947e-01,  9.5632e-01,  ..., -1.8622e+00,
          -3.0427e+00,  6.6563e-01],
         [-9.8367e-04, -9.4153e-05, -4.7885e-04,  ..., -4.5479e-04,
          -7.2689e-04, -2.1346e-04],
         [ 9.0728e-02, -7.8993e-02, -9.3531e-02,  ...,  3.2606e-01,
          -3.5909e-01,  3.2301e-01],
         ...,
         [ 8.7703e-02,  3.9774e-02, -3.8238e-02,  ...,  1.0428e-01,
          -1.6377e-01, -9.9686e-02],
         [ 2.8453e-02, -7.6864e-03,  1.8888e-02,  ...,  5.5269e-02,
           4.1415e-02, -1.9036e-02],
         [-2.3564e-02,  9.8003e-03, -1.2496e-02,  ...,  8.0064e-04,
           6.0923e-02,  2.1911e-02]]]), 'rvq_quantizer.layers.3._codebook.embed': tensor([[[-4.8347e-02, -4.0821e-02,  4.1116e-02,  ..., -8.0061e-02,
          -1.3082e-01,  2.8618e-02],
         [-3.0974e-06, -2.9647e-07, -1.5078e-06,  ..., -1.4320e-06,
          -2.2889e-06, -6.7216e-07],
         [ 3.9773e-02, -3.4628e-02, -4.1001e-02,  ...,  1.4294e-01,
          -1.5741e-01,  1.4160e-01],
         ...,
         [ 3.9134e-02,  1.7748e-02, -1.7062e-02,  ...,  4.6531e-02,
          -7.3075e-02, -4.4480e-02],
         [ 1.2933e-02, -3.4938e-03,  8.5856e-03,  ...,  2.5122e-02,
           1.8825e-02, -8.6526e-03],
         [-5.4068e-03,  2.2487e-03, -2.8671e-03,  ...,  1.8371e-04,
           1.3979e-02,  5.0275e-03]]])})
Loss:  tensor(1.6329, grad_fn=<MeanBackward0>)
OrderedDict({'rvq_quantizer.project_in.weight': tensor([[ 0.1123,  0.0320, -0.0450,  ...,  0.1083, -0.0613,  0.0830],
        [-0.0007,  0.0301,  0.0586,  ...,  0.0461, -0.0547, -0.0324],
        [ 0.0594, -0.0739,  0.0233,  ..., -0.0870, -0.1202,  0.0586],
        ...,
        [ 0.0612,  0.0034, -0.0758,  ...,  0.0983,  0.0446,  0.0617],
        [ 0.1162, -0.0419, -0.0538,  ..., -0.1202, -0.0991,  0.0334],
        [ 0.0399, -0.0963, -0.0384,  ..., -0.1183, -0.0075, -0.1033]]), 'rvq_quantizer.project_in.bias': tensor([ 0.0007,  0.0028, -0.0392,  0.0722, -0.0533, -0.1061,  0.0724, -0.0837,
         0.0315, -0.0616, -0.0902,  0.0147,  0.0306, -0.1214,  0.0967,  0.0513,
         0.1134, -0.0119,  0.0959,  0.1189,  0.1056,  0.1135,  0.0500, -0.0678,
        -0.0406, -0.0238,  0.0122, -0.0237,  0.0367, -0.0865,  0.0638, -0.0592]), 'rvq_quantizer.project_out.weight': tensor([[ 1.7297e-01, -7.7242e-02,  1.4315e-01,  ..., -9.3891e-03,
          4.6688e-02,  2.6892e-02],
        [-1.2556e-01,  6.1723e-03,  7.3092e-02,  ...,  9.3280e-02,
          1.4586e-01,  1.3955e-01],
        [ 2.5525e-02,  2.4489e-02,  1.1027e-01,  ..., -3.5292e-02,
         -8.5630e-02, -1.7585e-02],
        ...,
        [-1.1142e-01,  1.1344e-01,  1.7359e-03,  ..., -4.1507e-02,
          1.0128e-01, -1.6361e-01],
        [ 8.1643e-03,  1.1110e-02,  1.2083e-01,  ...,  5.7392e-03,
         -1.2658e-01, -8.9246e-05],
        [ 1.1302e-01,  7.6405e-02,  1.5586e-01,  ...,  2.4890e-02,
         -8.8728e-02,  1.3402e-01]]), 'rvq_quantizer.project_out.bias': tensor([ 0.0184,  0.1213,  0.0966,  0.0149, -0.0584,  0.1491, -0.1232, -0.0948,
         0.0769,  0.1567, -0.0673,  0.0828, -0.1253,  0.1187, -0.1478,  0.1035,
         0.0257,  0.1767, -0.1063, -0.0178,  0.0536,  0.1559,  0.0004,  0.0875,
        -0.0399, -0.1251, -0.0878, -0.0239,  0.0587, -0.1121, -0.1483, -0.0791,
         0.0221, -0.0539,  0.1341, -0.0229,  0.1362,  0.0976,  0.0909,  0.1372,
         0.0870,  0.0845,  0.1413, -0.0785, -0.1314, -0.1116, -0.0285, -0.1256,
        -0.0554, -0.1188,  0.0959,  0.1502,  0.0371, -0.1019,  0.0483, -0.0402,
        -0.0204, -0.0946, -0.1328,  0.0166, -0.1202,  0.1196,  0.0317, -0.1710]), 'rvq_quantizer.layers.0._codebook.initted': tensor([1.]), 'rvq_quantizer.layers.0._codebook.cluster_size': tensor([[2.0000, 3.3062, 2.0000,  ..., 2.0000, 2.5094, 3.5443]]), 'rvq_quantizer.layers.0._codebook.embed_avg': tensor([[[-108.4969,  -23.4894,  -31.5758,  ...,  -34.5167,  -53.0380,
           -14.7814],
         [-195.3127,  -39.4416,  -48.4690,  ..., -103.7425, -123.1010,
           -17.5292],
         [ -98.4238,  -29.7560,  -40.2582,  ...,  -46.6984,  -64.4924,
           -15.5717],
         ...,
         [-107.2013,    2.4623,  -37.8679,  ...,  -38.4512,  -57.8499,
           -18.0971],
         [-126.2325,  -33.3114,  -54.1221,  ...,  -50.0464,  -45.2130,
            -5.2897],
         [-271.3923,    3.2033, -166.4565,  ..., -146.8902, -265.4511,
           -95.3745]]]), 'rvq_quantizer.layers.0._codebook.embed': tensor([[[-54.2485, -11.7447, -15.7879,  ..., -17.2584, -26.5190,  -7.3907],
         [-59.0753, -11.9297, -14.6602,  ..., -31.3785, -37.2338,  -5.3020],
         [-49.2119, -14.8780, -20.1291,  ..., -23.3492, -32.2462,  -7.7858],
         ...,
         [-53.6007,   1.2311, -18.9340,  ..., -19.2256, -28.9250,  -9.0485],
         [-50.3044, -13.2748, -21.5680,  ..., -19.9438, -18.0176,  -2.1080],
         [-76.5726,   0.9038, -46.9652,  ..., -41.4447, -74.8963, -26.9097]]]), 'rvq_quantizer.layers.1._codebook.initted': tensor([1.]), 'rvq_quantizer.layers.1._codebook.cluster_size': tensor([[2.0000, 2.1421, 3.0322,  ..., 2.6457, 2.0000, 2.0000]]), 'rvq_quantizer.layers.1._codebook.embed_avg': tensor([[[ 0.8486,  0.4804,  0.7101,  ..., -2.8522, -0.7856,  2.6102],
         [-2.8788,  4.9619,  2.1469,  ...,  2.4873, -2.8554,  4.0146],
         [-9.2377, -3.0660,  5.5324,  ..., -1.1153, -0.5655,  0.5084],
         ...,
         [ 9.7276,  0.5817, -1.4324,  ..., 10.0728,  8.1941,  0.0558],
         [ 1.0684, -0.5103,  3.7708,  ..., -1.5460,  4.3662, -1.8118],
         [ 1.6376,  3.7356,  0.0433,  ..., -2.0543,  0.9852, -2.4290]]]), 'rvq_quantizer.layers.1._codebook.embed': tensor([[[ 0.4243,  0.2402,  0.3550,  ..., -1.4261, -0.3928,  1.3051],
         [-1.3439,  2.3163,  1.0022,  ...,  1.1611, -1.3330,  1.8741],
         [-3.0466, -1.0112,  1.8246,  ..., -0.3678, -0.1865,  0.1677],
         ...,
         [ 3.6768,  0.2199, -0.5414,  ...,  3.8073,  3.0972,  0.0211],
         [ 0.5342, -0.2552,  1.8854,  ..., -0.7730,  2.1831, -0.9059],
         [ 0.8188,  1.8678,  0.0217,  ..., -1.0272,  0.4926, -1.2145]]]), 'rvq_quantizer.layers.2._codebook.initted': tensor([1.]), 'rvq_quantizer.layers.2._codebook.cluster_size': tensor([[312.4380,   4.0085,  20.3386,  ...,   3.7730,   3.2323,   3.2161]]), 'rvq_quantizer.layers.2._codebook.embed_avg': tensor([[[-1.4071e-03, -1.3668e-04, -7.7981e-04,  ..., -6.4145e-04,
          -1.0424e-03, -3.5540e-04],
         [ 4.6364e-01, -4.6783e+00, -4.7007e+00,  ..., -1.6833e-01,
           3.6383e-01, -5.6407e+00],
         [-1.0689e+00, -7.6195e-01,  8.2906e-01,  ..., -1.6656e+00,
          -2.7058e+00,  5.7372e-01],
         ...,
         [-4.2399e+00,  8.0660e-01, -3.6637e+00,  ...,  1.8343e+00,
          -3.1893e+00, -3.9826e+00],
         [-2.1916e-01, -2.7990e+00,  9.9807e-01,  ...,  1.6433e+00,
           9.9961e-01, -1.4054e+00],
         [ 2.2104e+00,  9.9624e-01, -3.9666e+00,  ...,  2.2317e+00,
          -3.7975e+00, -1.6608e-01]]]), 'rvq_quantizer.layers.2._codebook.embed': tensor([[[-4.5037e-06, -4.3748e-07, -2.4959e-06,  ..., -2.0530e-06,
          -3.3363e-06, -1.1375e-06],
         [ 1.1567e-01, -1.1671e+00, -1.1727e+00,  ..., -4.1994e-02,
           9.0766e-02, -1.4072e+00],
         [-5.2557e-02, -3.7464e-02,  4.0763e-02,  ..., -8.1891e-02,
          -1.3304e-01,  2.8208e-02],
         ...,
         [-1.1238e+00,  2.1378e-01, -9.7105e-01,  ...,  4.8616e-01,
          -8.4530e-01, -1.0556e+00],
         [-6.7805e-02, -8.6597e-01,  3.0878e-01,  ...,  5.0842e-01,
           3.0926e-01, -4.3481e-01],
         [ 6.8729e-01,  3.0977e-01, -1.2334e+00,  ...,  6.9391e-01,
          -1.1808e+00, -5.1641e-02]]]), 'rvq_quantizer.layers.3._codebook.initted': tensor([1.]), 'rvq_quantizer.layers.3._codebook.cluster_size': tensor([[ 21.3335, 322.0207,   2.3530,  ...,   2.1170,   2.0800,   4.9225]]), 'rvq_quantizer.layers.3._codebook.embed_avg': tensor([[[-1.0356e+00, -8.6349e-01,  9.1983e-01,  ..., -1.7037e+00,
          -2.7987e+00,  6.1049e-01],
         [-9.5825e-04, -9.6090e-05, -4.8283e-04,  ..., -4.4014e-04,
          -7.2078e-04, -2.0966e-04],
         [-2.0628e-02, -1.1436e-01, -5.8633e-02,  ...,  2.4981e-01,
          -3.4544e-01,  4.1250e-01],
         ...,
         [ 9.0370e-02,  2.1708e-02, -3.3298e-02,  ...,  9.6305e-02,
          -1.5960e-01, -9.4664e-02],
         [ 3.4703e-02, -6.8020e-03,  2.1631e-02,  ...,  4.6351e-02,
           4.8823e-02, -8.8093e-03],
         [-2.5121e-02,  4.9869e-03, -1.6839e-02,  ..., -7.2211e-03,
           7.4559e-02,  2.4333e-02]]]), 'rvq_quantizer.layers.3._codebook.embed': tensor([[[-4.8545e-02, -4.0476e-02,  4.3117e-02,  ..., -7.9860e-02,
          -1.3119e-01,  2.8616e-02],
         [-2.9757e-06, -2.9840e-07, -1.4994e-06,  ..., -1.3668e-06,
          -2.2383e-06, -6.5107e-07],
         [-8.7666e-03, -4.8600e-02, -2.4918e-02,  ...,  1.0617e-01,
          -1.4681e-01,  1.7531e-01],
         ...,
         [ 4.2688e-02,  1.0254e-02, -1.5729e-02,  ...,  4.5491e-02,
          -7.5391e-02, -4.4716e-02],
         [ 1.6684e-02, -3.2702e-03,  1.0399e-02,  ...,  2.2284e-02,
           2.3473e-02, -4.2352e-03],
         [-5.1033e-03,  1.0131e-03, -3.4209e-03,  ..., -1.4670e-03,
           1.5147e-02,  4.9432e-03]]])})
Loss:  tensor(1.6293, grad_fn=<MeanBackward0>)
OrderedDict({'rvq_quantizer.project_in.weight': tensor([[ 0.1123,  0.0320, -0.0450,  ...,  0.1083, -0.0613,  0.0830],
        [-0.0007,  0.0301,  0.0586,  ...,  0.0461, -0.0547, -0.0324],
        [ 0.0594, -0.0739,  0.0233,  ..., -0.0870, -0.1202,  0.0586],
        ...,
        [ 0.0612,  0.0034, -0.0758,  ...,  0.0983,  0.0446,  0.0617],
        [ 0.1162, -0.0419, -0.0538,  ..., -0.1202, -0.0991,  0.0334],
        [ 0.0399, -0.0963, -0.0384,  ..., -0.1183, -0.0075, -0.1033]]), 'rvq_quantizer.project_in.bias': tensor([ 0.0007,  0.0028, -0.0392,  0.0722, -0.0533, -0.1061,  0.0724, -0.0837,
         0.0315, -0.0616, -0.0902,  0.0147,  0.0306, -0.1214,  0.0967,  0.0513,
         0.1134, -0.0119,  0.0959,  0.1189,  0.1056,  0.1135,  0.0500, -0.0678,
        -0.0406, -0.0238,  0.0122, -0.0237,  0.0367, -0.0865,  0.0638, -0.0592]), 'rvq_quantizer.project_out.weight': tensor([[ 1.7297e-01, -7.7242e-02,  1.4315e-01,  ..., -9.3891e-03,
          4.6688e-02,  2.6892e-02],
        [-1.2556e-01,  6.1723e-03,  7.3092e-02,  ...,  9.3280e-02,
          1.4586e-01,  1.3955e-01],
        [ 2.5525e-02,  2.4489e-02,  1.1027e-01,  ..., -3.5292e-02,
         -8.5630e-02, -1.7585e-02],
        ...,
        [-1.1142e-01,  1.1344e-01,  1.7359e-03,  ..., -4.1507e-02,
          1.0128e-01, -1.6361e-01],
        [ 8.1643e-03,  1.1110e-02,  1.2083e-01,  ...,  5.7392e-03,
         -1.2658e-01, -8.9246e-05],
        [ 1.1302e-01,  7.6405e-02,  1.5586e-01,  ...,  2.4890e-02,
         -8.8728e-02,  1.3402e-01]]), 'rvq_quantizer.project_out.bias': tensor([ 0.0184,  0.1213,  0.0966,  0.0149, -0.0584,  0.1491, -0.1232, -0.0948,
         0.0769,  0.1567, -0.0673,  0.0828, -0.1253,  0.1187, -0.1478,  0.1035,
         0.0257,  0.1767, -0.1063, -0.0178,  0.0536,  0.1559,  0.0004,  0.0875,
        -0.0399, -0.1251, -0.0878, -0.0239,  0.0587, -0.1121, -0.1483, -0.0791,
         0.0221, -0.0539,  0.1341, -0.0229,  0.1362,  0.0976,  0.0909,  0.1372,
         0.0870,  0.0845,  0.1413, -0.0785, -0.1314, -0.1116, -0.0285, -0.1256,
        -0.0554, -0.1188,  0.0959,  0.1502,  0.0371, -0.1019,  0.0483, -0.0402,
        -0.0204, -0.0946, -0.1328,  0.0166, -0.1202,  0.1196,  0.0317, -0.1710]), 'rvq_quantizer.layers.0._codebook.initted': tensor([1.]), 'rvq_quantizer.layers.0._codebook.cluster_size': tensor([[2.0000, 3.2755, 2.0000,  ..., 2.0000, 2.3584, 3.4898]]), 'rvq_quantizer.layers.0._codebook.embed_avg': tensor([[[-122.5144,  -28.1398,  -96.9078,  ...,  -40.4081,  -62.8162,
           -10.8531],
         [-193.5615,  -39.0237,  -47.9000,  ..., -102.3160, -121.8703,
           -17.6111],
         [-132.6747,  -31.6883,  -53.0596,  ...,  -67.8254,  -75.4202,
           -18.7715],
         ...,
         [-162.5564,    1.8076,  -88.4636,  ...,  -85.4201, -162.7212,
           -53.8963],
         [-118.6721,  -31.3148,  -50.8866,  ...,  -47.1927,  -42.4204,
            -4.5027],
         [-267.0986,    3.1839, -163.7893,  ..., -144.4507, -261.4787,
           -93.8319]]]), 'rvq_quantizer.layers.0._codebook.embed': tensor([[[-61.2572, -14.0699, -48.4539,  ..., -20.2041, -31.4081,  -5.4265],
         [-59.0929, -11.9136, -14.6235,  ..., -31.2363, -37.2061,  -5.3765],
         [-66.3374, -15.8442, -26.5298,  ..., -33.9127, -37.7101,  -9.3858],
         ...,
         [-81.2782,   0.9038, -44.2318,  ..., -42.7100, -81.3606, -26.9481],
         [-50.3181, -13.2778, -21.5764,  ..., -20.0102, -17.9867,  -1.9092],
         [-76.5364,   0.9123, -46.9334,  ..., -41.3920, -74.9260, -26.8873]]]), 'rvq_quantizer.layers.1._codebook.initted': tensor([1.]), 'rvq_quantizer.layers.1._codebook.cluster_size': tensor([[2.0000, 2.2279, 3.0289,  ..., 2.4811, 2.0000, 2.0000]]), 'rvq_quantizer.layers.1._codebook.embed_avg': tensor([[[ 0.0000,  0.0000,  0.0000,  ...,  0.0000,  0.0000,  0.0000],
         [-3.0268,  5.1787,  2.2323,  ...,  2.6075, -2.9946,  4.1953],
         [-9.4603, -3.4227,  5.5371,  ..., -1.0099, -0.5958,  0.7168],
         ...,
         [ 9.1639,  0.5320, -1.3728,  ...,  9.2958,  7.5552,  0.2413],
         [ 1.2222, -0.6193,  3.7748,  ..., -1.5841,  4.5028, -1.8405],
         [-8.4335,  0.8098,  1.2222,  ..., -1.3077,  2.1112,  2.5703]]]), 'rvq_quantizer.layers.1._codebook.embed': tensor([[[ 0.0000,  0.0000,  0.0000,  ...,  0.0000,  0.0000,  0.0000],
         [-1.3586,  2.3244,  1.0020,  ...,  1.1704, -1.3441,  1.8831],
         [-3.1233, -1.1300,  1.8281,  ..., -0.3334, -0.1967,  0.2366],
         ...,
         [ 3.6935,  0.2144, -0.5533,  ...,  3.7466,  3.0451,  0.0973],
         [ 0.6111, -0.3096,  1.8874,  ..., -0.7920,  2.2514, -0.9203],
         [-4.2168,  0.4049,  0.6111,  ..., -0.6539,  1.0556,  1.2851]]]), 'rvq_quantizer.layers.2._codebook.initted': tensor([1.]), 'rvq_quantizer.layers.2._codebook.cluster_size': tensor([[317.4942,   3.9076,  18.3048,  ...,   3.9957,   3.2090,   3.0945]]), 'rvq_quantizer.layers.2._codebook.embed_avg': tensor([[[-1.4051e-03, -1.4109e-04, -7.8398e-04,  ..., -6.2990e-04,
          -1.0336e-03, -3.5290e-04],
         [ 4.7950e-01, -4.8693e+00, -4.4464e+00,  ..., -2.8769e-01,
           3.9715e-01, -5.6745e+00],
         [-9.6204e-01, -6.8576e-01,  7.4615e-01,  ..., -1.4990e+00,
          -2.4352e+00,  5.1635e-01],
         ...,
         [-4.3482e+00,  1.2209e+00, -3.7220e+00,  ...,  1.6028e+00,
          -3.2872e+00, -4.1926e+00],
         [ 5.8295e-02, -2.6341e+00,  1.1633e+00,  ...,  1.8254e+00,
           1.1447e+00, -1.2936e+00],
         [ 2.1320e+00,  1.1981e+00, -3.9182e+00,  ...,  1.9979e+00,
          -3.6474e+00,  1.8851e-01]]]), 'rvq_quantizer.layers.2._codebook.embed': tensor([[[-4.4255e-06, -4.4438e-07, -2.4693e-06,  ..., -1.9840e-06,
          -3.2555e-06, -1.1115e-06],
         [ 1.2271e-01, -1.2461e+00, -1.1379e+00,  ..., -7.3623e-02,
           1.0163e-01, -1.4521e+00],
         [-5.2557e-02, -3.7464e-02,  4.0763e-02,  ..., -8.1891e-02,
          -1.3304e-01,  2.8208e-02],
         ...,
         [-1.0882e+00,  3.0556e-01, -9.3150e-01,  ...,  4.0112e-01,
          -8.2269e-01, -1.0493e+00],
         [ 1.8166e-02, -8.2083e-01,  3.6250e-01,  ...,  5.6882e-01,
           3.5671e-01, -4.0311e-01],
         [ 6.8896e-01,  3.8718e-01, -1.2662e+00,  ...,  6.4565e-01,
          -1.1787e+00,  6.0918e-02]]]), 'rvq_quantizer.layers.3._codebook.initted': tensor([1.]), 'rvq_quantizer.layers.3._codebook.cluster_size': tensor([[ 19.4002, 326.0186,   2.4177,  ...,   2.3053,   2.2720,   4.5302]]), 'rvq_quantizer.layers.3._codebook.embed_avg': tensor([[[-9.3703e-01, -7.7459e-01,  8.3779e-01,  ..., -1.5629e+00,
          -2.5426e+00,  5.5004e-01],
         [-9.4644e-04, -9.9162e-05, -4.8633e-04,  ..., -4.2387e-04,
          -7.0404e-04, -2.0829e-04],
         [-4.6840e-02, -5.6496e-02, -8.6496e-02,  ...,  2.1084e-01,
          -4.5724e-01,  3.8665e-01],
         ...,
         [ 9.6306e-02,  1.2905e-02, -6.6870e-02,  ...,  1.0040e-01,
          -1.6050e-01, -1.2308e-01],
         [ 3.8414e-02,  5.1263e-04,  1.5491e-02,  ...,  6.0010e-02,
           6.0150e-02, -1.1674e-02],
         [-2.2151e-02,  4.3578e-03, -1.3663e-02,  ..., -7.3959e-03,
           6.9877e-02,  2.3836e-02]]]), 'rvq_quantizer.layers.3._codebook.embed': tensor([[[-4.8300e-02, -3.9927e-02,  4.3185e-02,  ..., -8.0562e-02,
          -1.3106e-01,  2.8353e-02],
         [-2.9030e-06, -3.0416e-07, -1.4917e-06,  ..., -1.3002e-06,
          -2.1595e-06, -6.3890e-07],
         [-1.9373e-02, -2.3367e-02, -3.5776e-02,  ...,  8.7206e-02,
          -1.8912e-01,  1.5992e-01],
         ...,
         [ 4.1776e-02,  5.5978e-03, -2.9007e-02,  ...,  4.3551e-02,
          -6.9623e-02, -5.3391e-02],
         [ 1.6908e-02,  2.2563e-04,  6.8183e-03,  ...,  2.6413e-02,
           2.6474e-02, -5.1380e-03],
         [-4.8896e-03,  9.6194e-04, -3.0160e-03,  ..., -1.6326e-03,
           1.5425e-02,  5.2615e-03]]])})
Loss:  tensor(1.6303, grad_fn=<MeanBackward0>)
OrderedDict({'rvq_quantizer.project_in.weight': tensor([[ 0.1123,  0.0320, -0.0450,  ...,  0.1083, -0.0613,  0.0830],
        [-0.0007,  0.0301,  0.0586,  ...,  0.0461, -0.0547, -0.0324],
        [ 0.0594, -0.0739,  0.0233,  ..., -0.0870, -0.1202,  0.0586],
        ...,
        [ 0.0612,  0.0034, -0.0758,  ...,  0.0983,  0.0446,  0.0617],
        [ 0.1162, -0.0419, -0.0538,  ..., -0.1202, -0.0991,  0.0334],
        [ 0.0399, -0.0963, -0.0384,  ..., -0.1183, -0.0075, -0.1033]]), 'rvq_quantizer.project_in.bias': tensor([ 0.0007,  0.0028, -0.0392,  0.0722, -0.0533, -0.1061,  0.0724, -0.0837,
         0.0315, -0.0616, -0.0902,  0.0147,  0.0306, -0.1214,  0.0967,  0.0513,
         0.1134, -0.0119,  0.0959,  0.1189,  0.1056,  0.1135,  0.0500, -0.0678,
        -0.0406, -0.0238,  0.0122, -0.0237,  0.0367, -0.0865,  0.0638, -0.0592]), 'rvq_quantizer.project_out.weight': tensor([[ 1.7297e-01, -7.7242e-02,  1.4315e-01,  ..., -9.3891e-03,
          4.6688e-02,  2.6892e-02],
        [-1.2556e-01,  6.1723e-03,  7.3092e-02,  ...,  9.3280e-02,
          1.4586e-01,  1.3955e-01],
        [ 2.5525e-02,  2.4489e-02,  1.1027e-01,  ..., -3.5292e-02,
         -8.5630e-02, -1.7585e-02],
        ...,
        [-1.1142e-01,  1.1344e-01,  1.7359e-03,  ..., -4.1507e-02,
          1.0128e-01, -1.6361e-01],
        [ 8.1643e-03,  1.1110e-02,  1.2083e-01,  ...,  5.7392e-03,
         -1.2658e-01, -8.9246e-05],
        [ 1.1302e-01,  7.6405e-02,  1.5586e-01,  ...,  2.4890e-02,
         -8.8728e-02,  1.3402e-01]]), 'rvq_quantizer.project_out.bias': tensor([ 0.0184,  0.1213,  0.0966,  0.0149, -0.0584,  0.1491, -0.1232, -0.0948,
         0.0769,  0.1567, -0.0673,  0.0828, -0.1253,  0.1187, -0.1478,  0.1035,
         0.0257,  0.1767, -0.1063, -0.0178,  0.0536,  0.1559,  0.0004,  0.0875,
        -0.0399, -0.1251, -0.0878, -0.0239,  0.0587, -0.1121, -0.1483, -0.0791,
         0.0221, -0.0539,  0.1341, -0.0229,  0.1362,  0.0976,  0.0909,  0.1372,
         0.0870,  0.0845,  0.1413, -0.0785, -0.1314, -0.1116, -0.0285, -0.1256,
        -0.0554, -0.1188,  0.0959,  0.1502,  0.0371, -0.1019,  0.0483, -0.0402,
        -0.0204, -0.0946, -0.1328,  0.0166, -0.1202,  0.1196,  0.0317, -0.1710]), 'rvq_quantizer.layers.0._codebook.initted': tensor([1.]), 'rvq_quantizer.layers.0._codebook.cluster_size': tensor([[2.0000, 3.2480, 2.0000,  ..., 2.0000, 2.4226, 3.5408]]), 'rvq_quantizer.layers.0._codebook.embed_avg': tensor([[[-110.2938,  -39.3204,  -85.8836,  ...,  -38.5306,  -65.0341,
           -18.3172],
         [-191.9575,  -38.6352,  -47.3806,  ..., -101.0365, -120.6491,
           -17.6667],
         [-103.9736,  -34.6792,  -68.0113,  ...,  -23.5833,  -38.8154,
           -26.6943],
         ...,
         [-103.6951,  -33.7313,  -64.1298,  ...,  -43.5467,  -41.9331,
            -7.9068],
         [-121.8875,  -32.1352,  -52.1955,  ...,  -48.4130,  -43.4278,
            -4.5951],
         [-271.0150,    3.2236, -166.1487,  ..., -146.5824, -265.2854,
           -95.1654]]]), 'rvq_quantizer.layers.0._codebook.embed': tensor([[[-55.1469, -19.6602, -42.9418,  ..., -19.2653, -32.5171,  -9.1586],
         [-59.1004, -11.8951, -14.5877,  ..., -31.1074, -37.1458,  -5.4393],
         [-51.9868, -17.3396, -34.0057,  ..., -11.7916, -19.4077, -13.3472],
         ...,
         [-51.8475, -16.8657, -32.0649,  ..., -21.7733, -20.9665,  -3.9534],
         [-50.3128, -13.2648, -21.5453,  ..., -19.9840, -17.9262,  -1.8968],
         [-76.5397,   0.9104, -46.9235,  ..., -41.3976, -74.9216, -26.8765]]]), 'rvq_quantizer.layers.1._codebook.initted': tensor([1.]), 'rvq_quantizer.layers.1._codebook.cluster_size': tensor([[31.3000,  2.1051,  3.0260,  ...,  2.4330,  2.0000,  2.0000]]), 'rvq_quantizer.layers.1._codebook.embed_avg': tensor([[[-1.2894e-04, -2.0644e-05, -6.4278e-05,  ..., -5.3501e-05,
          -7.6103e-05, -2.1794e-05],
         [-2.7727e+00,  5.1050e+00,  2.1091e+00,  ...,  2.3701e+00,
          -2.8392e+00,  3.9164e+00],
         [-9.4390e+00, -3.2784e+00,  5.7477e+00,  ..., -9.1594e-01,
          -4.4898e-01,  7.3165e-01],
         ...,
         [ 9.2155e+00,  3.2734e-01, -1.4860e+00,  ...,  9.3139e+00,
           7.5963e+00,  5.0720e-01],
         [ 1.3545e+00, -7.0227e-01,  3.7784e+00,  ..., -1.6229e+00,
           4.6194e+00, -1.8666e+00],
         [ 8.0826e-01, -6.9365e+00, -7.4261e-01,  ..., -4.5106e+00,
          -2.0796e+00, -4.2872e+00]]]), 'rvq_quantizer.layers.1._codebook.embed': tensor([[[-4.1194e-06, -6.5955e-07, -2.0536e-06,  ..., -1.7093e-06,
          -2.4314e-06, -6.9631e-07],
         [-1.3171e+00,  2.4250e+00,  1.0019e+00,  ...,  1.1258e+00,
          -1.3487e+00,  1.8604e+00],
         [-3.1193e+00, -1.0834e+00,  1.8994e+00,  ..., -3.0268e-01,
          -1.4837e-01,  2.4178e-01],
         ...,
         [ 3.7877e+00,  1.3454e-01, -6.1077e-01,  ...,  3.8282e+00,
           3.1222e+00,  2.0847e-01],
         [ 6.7724e-01, -3.5114e-01,  1.8892e+00,  ..., -8.1143e-01,
           2.3097e+00, -9.3331e-01],
         [ 4.0413e-01, -3.4682e+00, -3.7131e-01,  ..., -2.2553e+00,
          -1.0398e+00, -2.1436e+00]]]), 'rvq_quantizer.layers.2._codebook.initted': tensor([1.]), 'rvq_quantizer.layers.2._codebook.cluster_size': tensor([[322.4448,   3.7169,  16.5743,  ...,   4.2961,   3.2881,   3.0850]]), 'rvq_quantizer.layers.2._codebook.embed_avg': tensor([[[-1.4443e-03, -1.5326e-04, -8.0502e-04,  ..., -6.4750e-04,
          -1.0442e-03, -3.5553e-04],
         [ 5.3352e-01, -4.6635e+00, -4.1625e+00,  ..., -2.2859e-01,
           4.1180e-01, -5.2831e+00],
         [-8.7326e-01, -6.3064e-01,  6.6361e-01,  ..., -1.3337e+00,
          -2.2137e+00,  4.5885e-01],
         ...,
         [-4.7822e+00,  1.8333e+00, -4.1264e+00,  ...,  1.6490e+00,
          -3.3745e+00, -5.0006e+00],
         [ 5.5294e-02, -2.6660e+00,  1.2242e+00,  ...,  1.9483e+00,
           1.2312e+00, -1.2172e+00],
         [ 2.0679e+00,  1.2625e+00, -3.9368e+00,  ...,  1.8990e+00,
          -3.5942e+00, -1.4524e-02]]]), 'rvq_quantizer.layers.2._codebook.embed': tensor([[[-4.4793e-06, -4.7531e-07, -2.4966e-06,  ..., -2.0081e-06,
          -3.2384e-06, -1.1026e-06],
         [ 1.4354e-01, -1.2547e+00, -1.1199e+00,  ..., -6.1501e-02,
           1.1079e-01, -1.4214e+00],
         [-5.2688e-02, -3.8050e-02,  4.0039e-02,  ..., -8.0469e-02,
          -1.3356e-01,  2.7684e-02],
         ...,
         [-1.1132e+00,  4.2674e-01, -9.6051e-01,  ...,  3.8383e-01,
          -7.8548e-01, -1.1640e+00],
         [ 1.6816e-02, -8.1080e-01,  3.7230e-01,  ...,  5.9252e-01,
           3.7443e-01, -3.7018e-01],
         [ 6.7030e-01,  4.0924e-01, -1.2761e+00,  ...,  6.1555e-01,
          -1.1650e+00, -4.7079e-03]]]), 'rvq_quantizer.layers.3._codebook.initted': tensor([1.]), 'rvq_quantizer.layers.3._codebook.cluster_size': tensor([[ 17.8601, 330.1168,   2.7760,  ...,   2.2748,   2.1448,   4.2772]]), 'rvq_quantizer.layers.3._codebook.embed_avg': tensor([[[-8.9579e-01, -7.1010e-01,  7.5883e-01,  ..., -1.5363e+00,
          -2.3729e+00,  5.1204e-01],
         [-9.7048e-04, -1.0940e-04, -5.0306e-04,  ..., -4.3470e-04,
          -7.0267e-04, -2.1005e-04],
         [-1.0074e-01, -9.8928e-02, -2.0617e-01,  ...,  2.7854e-01,
          -6.9154e-01,  5.0963e-01],
         ...,
         [ 1.1208e-01,  3.5342e-03, -8.4521e-02,  ...,  9.7922e-02,
          -1.4816e-01, -1.1725e-01],
         [ 3.3619e-02,  7.4793e-04,  9.5135e-03,  ...,  5.5579e-02,
           5.5343e-02, -1.0051e-02],
         [-2.2577e-02,  3.8220e-03, -1.2831e-02,  ..., -6.0169e-03,
           6.8277e-02,  2.5477e-02]]]), 'rvq_quantizer.layers.3._codebook.embed': tensor([[[-5.0156e-02, -3.9759e-02,  4.2487e-02,  ..., -8.6020e-02,
          -1.3286e-01,  2.8670e-02],
         [-2.9398e-06, -3.3139e-07, -1.5239e-06,  ..., -1.3168e-06,
          -2.1286e-06, -6.3628e-07],
         [-3.6290e-02, -3.5637e-02, -7.4269e-02,  ...,  1.0034e-01,
          -2.4912e-01,  1.8359e-01],
         ...,
         [ 4.9270e-02,  1.5537e-03, -3.7156e-02,  ...,  4.3047e-02,
          -6.5132e-02, -5.1545e-02],
         [ 1.5675e-02,  3.4872e-04,  4.4356e-03,  ...,  2.5913e-02,
           2.5803e-02, -4.6862e-03],
         [-5.2784e-03,  8.9359e-04, -2.9999e-03,  ..., -1.4067e-03,
           1.5963e-02,  5.9564e-03]]])})
Loss:  tensor(1.6409, grad_fn=<MeanBackward0>)
OrderedDict({'rvq_quantizer.project_in.weight': tensor([[ 0.1123,  0.0320, -0.0450,  ...,  0.1083, -0.0613,  0.0830],
        [-0.0007,  0.0301,  0.0586,  ...,  0.0461, -0.0547, -0.0324],
        [ 0.0594, -0.0739,  0.0233,  ..., -0.0870, -0.1202,  0.0586],
        ...,
        [ 0.0612,  0.0034, -0.0758,  ...,  0.0983,  0.0446,  0.0617],
        [ 0.1162, -0.0419, -0.0538,  ..., -0.1202, -0.0991,  0.0334],
        [ 0.0399, -0.0963, -0.0384,  ..., -0.1183, -0.0075, -0.1033]]), 'rvq_quantizer.project_in.bias': tensor([ 0.0007,  0.0028, -0.0392,  0.0722, -0.0533, -0.1061,  0.0724, -0.0837,
         0.0315, -0.0616, -0.0902,  0.0147,  0.0306, -0.1214,  0.0967,  0.0513,
         0.1134, -0.0119,  0.0959,  0.1189,  0.1056,  0.1135,  0.0500, -0.0678,
        -0.0406, -0.0238,  0.0122, -0.0237,  0.0367, -0.0865,  0.0638, -0.0592]), 'rvq_quantizer.project_out.weight': tensor([[ 1.7297e-01, -7.7242e-02,  1.4315e-01,  ..., -9.3891e-03,
          4.6688e-02,  2.6892e-02],
        [-1.2556e-01,  6.1723e-03,  7.3092e-02,  ...,  9.3280e-02,
          1.4586e-01,  1.3955e-01],
        [ 2.5525e-02,  2.4489e-02,  1.1027e-01,  ..., -3.5292e-02,
         -8.5630e-02, -1.7585e-02],
        ...,
        [-1.1142e-01,  1.1344e-01,  1.7359e-03,  ..., -4.1507e-02,
          1.0128e-01, -1.6361e-01],
        [ 8.1643e-03,  1.1110e-02,  1.2083e-01,  ...,  5.7392e-03,
         -1.2658e-01, -8.9246e-05],
        [ 1.1302e-01,  7.6405e-02,  1.5586e-01,  ...,  2.4890e-02,
         -8.8728e-02,  1.3402e-01]]), 'rvq_quantizer.project_out.bias': tensor([ 0.0184,  0.1213,  0.0966,  0.0149, -0.0584,  0.1491, -0.1232, -0.0948,
         0.0769,  0.1567, -0.0673,  0.0828, -0.1253,  0.1187, -0.1478,  0.1035,
         0.0257,  0.1767, -0.1063, -0.0178,  0.0536,  0.1559,  0.0004,  0.0875,
        -0.0399, -0.1251, -0.0878, -0.0239,  0.0587, -0.1121, -0.1483, -0.0791,
         0.0221, -0.0539,  0.1341, -0.0229,  0.1362,  0.0976,  0.0909,  0.1372,
         0.0870,  0.0845,  0.1413, -0.0785, -0.1314, -0.1116, -0.0285, -0.1256,
        -0.0554, -0.1188,  0.0959,  0.1502,  0.0371, -0.1019,  0.0483, -0.0402,
        -0.0204, -0.0946, -0.1328,  0.0166, -0.1202,  0.1196,  0.0317, -0.1710]), 'rvq_quantizer.layers.0._codebook.initted': tensor([1.]), 'rvq_quantizer.layers.0._codebook.cluster_size': tensor([[2.0000, 3.3909, 2.0000,  ..., 2.0000, 2.5323, 3.6281]]), 'rvq_quantizer.layers.0._codebook.embed_avg': tensor([[[-161.1900,   -1.0209, -109.6072,  ...,  -95.8482, -124.0934,
           -53.2629],
         [-200.3654,  -40.2785,  -49.4804,  ..., -105.2896, -126.0108,
           -18.6095],
         [-163.4077,   -2.2038,  -88.3368,  ...,  -89.1833, -152.1463,
           -53.0419],
         ...,
         [-149.1890,   -7.7258,  -84.2437,  ...,  -80.7165, -114.5116,
           -38.8501],
         [-127.3859,  -33.5380,  -54.4338,  ...,  -50.4997,  -45.1505,
            -4.7531],
         [-277.7119,    3.2913, -170.1832,  ..., -150.2278, -271.7949,
           -97.4457]]]), 'rvq_quantizer.layers.0._codebook.embed': tensor([[[-80.5950,  -0.5104, -54.8036,  ..., -47.9241, -62.0467, -26.6314],
         [-59.0896, -11.8785, -14.5922,  ..., -31.0509, -37.1618,  -5.4881],
         [-81.7038,  -1.1019, -44.1684,  ..., -44.5916, -76.0732, -26.5209],
         ...,
         [-74.5945,  -3.8629, -42.1218,  ..., -40.3583, -57.2558, -19.4251],
         [-50.3044, -13.2441, -21.4958,  ..., -19.9422, -17.8299,  -1.8770],
         [-76.5452,   0.9072, -46.9072,  ..., -41.4070, -74.9143, -26.8588]]]), 'rvq_quantizer.layers.1._codebook.initted': tensor([1.]), 'rvq_quantizer.layers.1._codebook.cluster_size': tensor([[89.7230,  2.2752,  3.1111,  ...,  2.2607,  2.0000,  2.0000]]), 'rvq_quantizer.layers.1._codebook.embed_avg': tensor([[[-4.3624e-04, -5.9492e-05, -2.2912e-04,  ..., -1.8659e-04,
          -2.6699e-04, -8.5383e-05],
         [-3.0477e+00,  5.4870e+00,  2.2921e+00,  ...,  2.6067e+00,
          -3.1012e+00,  4.2444e+00],
         [-9.7902e+00, -3.6263e+00,  5.9897e+00,  ..., -8.8753e-01,
          -4.1161e-01,  9.8348e-01],
         ...,
         [ 8.8364e+00,  5.4367e-01, -1.0307e+00,  ...,  8.4516e+00,
           7.1905e+00,  3.4051e-02],
         [ 1.5344e+00, -6.5889e-01,  3.8039e+00,  ..., -1.3451e+00,
           4.5552e+00, -2.1079e+00],
         [-1.5210e+00, -2.0043e+00,  5.4586e+00,  ..., -2.0115e+00,
          -8.8547e-01,  2.6811e-01]]]), 'rvq_quantizer.layers.1._codebook.embed': tensor([[[-4.8621e-06, -6.6307e-07, -2.5537e-06,  ..., -2.0796e-06,
          -2.9757e-06, -9.5164e-07],
         [-1.3395e+00,  2.4117e+00,  1.0075e+00,  ...,  1.1457e+00,
          -1.3631e+00,  1.8655e+00],
         [-3.1469e+00, -1.1656e+00,  1.9253e+00,  ..., -2.8528e-01,
          -1.3230e-01,  3.1612e-01],
         ...,
         [ 3.9086e+00,  2.4048e-01, -4.5590e-01,  ...,  3.7384e+00,
           3.1806e+00,  1.5062e-02],
         [ 7.6719e-01, -3.2944e-01,  1.9019e+00,  ..., -6.7256e-01,
           2.2776e+00, -1.0539e+00],
         [-7.6051e-01, -1.0022e+00,  2.7293e+00,  ..., -1.0058e+00,
          -4.4273e-01,  1.3406e-01]]]), 'rvq_quantizer.layers.2._codebook.initted': tensor([1.]), 'rvq_quantizer.layers.2._codebook.cluster_size': tensor([[332.7502,   3.3807,  13.9252,  ...,   4.2398,   3.3334,   3.1689]]), 'rvq_quantizer.layers.2._codebook.embed_avg': tensor([[[-1.4759e-03, -1.6128e-04, -8.2096e-04,  ..., -6.6687e-04,
          -1.0493e-03, -3.5821e-04],
         [ 3.7873e-01, -4.4664e+00, -3.8242e+00,  ..., -3.5368e-01,
           3.8679e-01, -4.9661e+00],
         [-7.4147e-01, -5.8787e-01,  5.8337e-01,  ..., -1.1341e+00,
          -1.8776e+00,  3.7740e-01],
         ...,
         [-4.9783e+00,  2.5143e+00, -4.4524e+00,  ...,  1.7103e+00,
          -3.1444e+00, -5.8129e+00],
         [ 3.4021e-01, -2.3273e+00,  1.3237e+00,  ...,  2.4122e+00,
           1.6901e+00, -9.0069e-01],
         [ 2.2063e+00,  1.4416e+00, -4.4001e+00,  ...,  1.8331e+00,
          -3.3834e+00, -2.3531e-02]]]), 'rvq_quantizer.layers.2._codebook.embed': tensor([[[-4.4356e-06, -4.8469e-07, -2.4672e-06,  ..., -2.0041e-06,
          -3.1535e-06, -1.0765e-06],
         [ 1.1203e-01, -1.3212e+00, -1.1312e+00,  ..., -1.0462e-01,
           1.1441e-01, -1.4690e+00],
         [-5.3247e-02, -4.2217e-02,  4.1894e-02,  ..., -8.1445e-02,
          -1.3483e-01,  2.7102e-02],
         ...,
         [-1.1742e+00,  5.9301e-01, -1.0501e+00,  ...,  4.0340e-01,
          -7.4163e-01, -1.3710e+00],
         [ 1.0206e-01, -6.9817e-01,  3.9712e-01,  ...,  7.2364e-01,
           5.0702e-01, -2.7020e-01],
         [ 6.9624e-01,  4.5492e-01, -1.3886e+00,  ...,  5.7846e-01,
          -1.0677e+00, -7.4257e-03]]]), 'rvq_quantizer.layers.3._codebook.initted': tensor([1.]), 'rvq_quantizer.layers.3._codebook.cluster_size': tensor([[ 14.6567, 339.0646,   3.1185,  ...,   2.5026,   2.0000,   4.1145]]), 'rvq_quantizer.layers.3._codebook.embed_avg': tensor([[[-7.2843e-01, -5.8642e-01,  6.1112e-01,  ..., -1.2347e+00,
          -1.9735e+00,  4.3035e-01],
         [-9.8415e-04, -1.1128e-04, -5.1680e-04,  ..., -4.4781e-04,
          -7.0088e-04, -2.1623e-04],
         [-3.2215e-01, -1.8466e-01, -3.1632e-01,  ...,  2.7248e-01,
          -1.1138e+00,  9.4911e-01],
         ...,
         [ 1.0222e-01, -1.2815e-02, -1.1368e-01,  ...,  7.8325e-02,
          -1.3900e-01, -1.1400e-01],
         [-3.8958e-02,  6.4029e-02,  1.6219e-01,  ..., -4.7806e-02,
          -4.4956e-02, -8.0238e-02],
         [-2.8446e-02, -2.1640e-03, -1.4551e-02,  ..., -3.4577e-03,
           7.3534e-02,  2.3857e-02]]]), 'rvq_quantizer.layers.3._codebook.embed': tensor([[[-4.9699e-02, -4.0011e-02,  4.1696e-02,  ..., -8.4239e-02,
          -1.3465e-01,  2.9362e-02],
         [-2.9026e-06, -3.2820e-07, -1.5242e-06,  ..., -1.3207e-06,
          -2.0671e-06, -6.3772e-07],
         [-1.0330e-01, -5.9214e-02, -1.0143e-01,  ...,  8.7374e-02,
          -3.5716e-01,  3.0434e-01],
         ...,
         [ 4.0847e-02, -5.1209e-03, -4.5427e-02,  ...,  3.1298e-02,
          -5.5542e-02, -4.5554e-02],
         [-1.9479e-02,  3.2015e-02,  8.1094e-02,  ..., -2.3903e-02,
          -2.2478e-02, -4.0119e-02],
         [-6.9135e-03, -5.2595e-04, -3.5365e-03,  ..., -8.4036e-04,
           1.7872e-02,  5.7983e-03]]])})
Loss:  tensor(1.6310, grad_fn=<MeanBackward0>)
OrderedDict({'rvq_quantizer.project_in.weight': tensor([[ 0.1123,  0.0320, -0.0450,  ...,  0.1083, -0.0613,  0.0830],
        [-0.0007,  0.0301,  0.0586,  ...,  0.0461, -0.0547, -0.0324],
        [ 0.0594, -0.0739,  0.0233,  ..., -0.0870, -0.1202,  0.0586],
        ...,
        [ 0.0612,  0.0034, -0.0758,  ...,  0.0983,  0.0446,  0.0617],
        [ 0.1162, -0.0419, -0.0538,  ..., -0.1202, -0.0991,  0.0334],
        [ 0.0399, -0.0963, -0.0384,  ..., -0.1183, -0.0075, -0.1033]]), 'rvq_quantizer.project_in.bias': tensor([ 0.0007,  0.0028, -0.0392,  0.0722, -0.0533, -0.1061,  0.0724, -0.0837,
         0.0315, -0.0616, -0.0902,  0.0147,  0.0306, -0.1214,  0.0967,  0.0513,
         0.1134, -0.0119,  0.0959,  0.1189,  0.1056,  0.1135,  0.0500, -0.0678,
        -0.0406, -0.0238,  0.0122, -0.0237,  0.0367, -0.0865,  0.0638, -0.0592]), 'rvq_quantizer.project_out.weight': tensor([[ 1.7297e-01, -7.7242e-02,  1.4315e-01,  ..., -9.3891e-03,
          4.6688e-02,  2.6892e-02],
        [-1.2556e-01,  6.1723e-03,  7.3092e-02,  ...,  9.3280e-02,
          1.4586e-01,  1.3955e-01],
        [ 2.5525e-02,  2.4489e-02,  1.1027e-01,  ..., -3.5292e-02,
         -8.5630e-02, -1.7585e-02],
        ...,
        [-1.1142e-01,  1.1344e-01,  1.7359e-03,  ..., -4.1507e-02,
          1.0128e-01, -1.6361e-01],
        [ 8.1643e-03,  1.1110e-02,  1.2083e-01,  ...,  5.7392e-03,
         -1.2658e-01, -8.9246e-05],
        [ 1.1302e-01,  7.6405e-02,  1.5586e-01,  ...,  2.4890e-02,
         -8.8728e-02,  1.3402e-01]]), 'rvq_quantizer.project_out.bias': tensor([ 0.0184,  0.1213,  0.0966,  0.0149, -0.0584,  0.1491, -0.1232, -0.0948,
         0.0769,  0.1567, -0.0673,  0.0828, -0.1253,  0.1187, -0.1478,  0.1035,
         0.0257,  0.1767, -0.1063, -0.0178,  0.0536,  0.1559,  0.0004,  0.0875,
        -0.0399, -0.1251, -0.0878, -0.0239,  0.0587, -0.1121, -0.1483, -0.0791,
         0.0221, -0.0539,  0.1341, -0.0229,  0.1362,  0.0976,  0.0909,  0.1372,
         0.0870,  0.0845,  0.1413, -0.0785, -0.1314, -0.1116, -0.0285, -0.1256,
        -0.0554, -0.1188,  0.0959,  0.1502,  0.0371, -0.1019,  0.0483, -0.0402,
        -0.0204, -0.0946, -0.1328,  0.0166, -0.1202,  0.1196,  0.0317, -0.1710]), 'rvq_quantizer.layers.0._codebook.initted': tensor([1.]), 'rvq_quantizer.layers.0._codebook.cluster_size': tensor([[2.0000, 3.4518, 2.0000,  ..., 2.0000, 2.5791, 3.6653]]), 'rvq_quantizer.layers.0._codebook.embed_avg': tensor([[[-160.7478,   -1.0089, -109.3256,  ...,  -95.4779, -124.1532,
           -53.2415],
         [-203.9498,  -40.9791,  -50.3755,  ..., -107.1028, -128.2966,
           -19.0114],
         [-150.1465,   11.1658,  -84.9700,  ...,  -82.9472, -147.3247,
           -50.5014],
         ...,
         [-124.2130,  -17.3484,  -34.6606,  ...,  -54.1938,  -65.6907,
           -12.5100],
         [-129.7299,  -34.1361,  -55.3879,  ...,  -51.3893,  -45.8849,
            -4.8205],
         [-280.5670,    3.3202, -171.9032,  ..., -151.7818, -274.5700,
           -98.4178]]]), 'rvq_quantizer.layers.0._codebook.embed': tensor([[[-80.3738,  -0.5045, -54.6627,  ..., -47.7389, -62.0765, -26.6207],
         [-59.0853, -11.8719, -14.5941,  ..., -31.0282, -37.1682,  -5.5077],
         [-75.0732,   5.5829, -42.4850,  ..., -41.4736, -73.6624, -25.2507],
         ...,
         [-62.1065,  -8.6742, -17.3303,  ..., -27.0969, -32.8454,  -6.2550],
         [-50.3010, -13.2358, -21.4759,  ..., -19.9255, -17.7913,  -1.8691],
         [-76.5474,   0.9059, -46.9005,  ..., -41.4108, -74.9112, -26.8514]]]), 'rvq_quantizer.layers.1._codebook.initted': tensor([1.]), 'rvq_quantizer.layers.1._codebook.cluster_size': tensor([[114.7507,   2.2476,   3.2000,  ...,   2.3347,   2.0000,   2.0000]]), 'rvq_quantizer.layers.1._codebook.embed_avg': tensor([[[-5.7496e-04, -8.2044e-05, -3.0711e-04,  ..., -2.3988e-04,
          -3.5149e-04, -1.1178e-04],
         [-3.1190e+00,  5.2144e+00,  2.2490e+00,  ...,  2.6900e+00,
          -3.0604e+00,  4.2379e+00],
         [-1.0323e+01, -3.9412e+00,  5.7300e+00,  ..., -7.2328e-01,
          -7.2135e-01,  1.2104e+00],
         ...,
         [ 9.6807e+00,  5.9610e-01, -9.3978e-01,  ...,  8.8336e+00,
           7.2222e+00, -6.6454e-01],
         [ 1.6351e+00, -7.3126e-01,  3.8165e+00,  ..., -1.4191e+00,
           4.6622e+00, -2.1123e+00],
         [-6.1035e-05, -7.6294e-06, -3.0518e-05,  ..., -3.0518e-05,
          -4.5776e-05, -2.2888e-05]]]), 'rvq_quantizer.layers.1._codebook.embed': tensor([[[-5.0105e-06, -7.1498e-07, -2.6763e-06,  ..., -2.0905e-06,
          -3.0631e-06, -9.7411e-07],
         [-1.3877e+00,  2.3199e+00,  1.0006e+00,  ...,  1.1968e+00,
          -1.3616e+00,  1.8855e+00],
         [-3.2259e+00, -1.2316e+00,  1.7906e+00,  ..., -2.2603e-01,
          -2.2542e-01,  3.7825e-01],
         ...,
         [ 4.1465e+00,  2.5533e-01, -4.0253e-01,  ...,  3.7837e+00,
           3.0935e+00, -2.8464e-01],
         [ 8.1752e-01, -3.6563e-01,  1.9082e+00,  ..., -7.0953e-01,
           2.3311e+00, -1.0562e+00],
         [-3.0518e-05, -3.8147e-06, -1.5259e-05,  ..., -1.5259e-05,
          -2.2888e-05, -1.1444e-05]]]), 'rvq_quantizer.layers.2._codebook.initted': tensor([1.]), 'rvq_quantizer.layers.2._codebook.cluster_size': tensor([[337.7752,   3.6426,  12.7327,  ...,   4.2159,   3.1000,   3.2520]]), 'rvq_quantizer.layers.2._codebook.embed_avg': tensor([[[-1.4913e-03, -1.6881e-04, -8.3423e-04,  ..., -6.6732e-04,
          -1.0619e-03, -3.6197e-04],
         [ 5.9867e-01, -5.0256e+00, -4.2762e+00,  ..., -5.6028e-01,
           4.2335e-01, -5.5385e+00],
         [-7.0774e-01, -5.7111e-01,  5.6173e-01,  ..., -1.0812e+00,
          -1.7305e+00,  3.2864e-01],
         ...,
         [-5.1141e+00,  2.2109e+00, -4.7026e+00,  ...,  1.9877e+00,
          -3.1044e+00, -6.1197e+00],
         [ 2.9750e-01, -2.1404e+00,  1.2101e+00,  ...,  2.2117e+00,
           1.5582e+00, -9.0969e-01],
         [ 2.3178e+00,  1.4147e+00, -4.7905e+00,  ...,  1.9132e+00,
          -3.1754e+00, -1.7963e-01]]]), 'rvq_quantizer.layers.2._codebook.embed': tensor([[[-4.4151e-06, -4.9978e-07, -2.4698e-06,  ..., -1.9756e-06,
          -3.1437e-06, -1.0716e-06],
         [ 1.6435e-01, -1.3797e+00, -1.1739e+00,  ..., -1.5381e-01,
           1.1622e-01, -1.5205e+00],
         [-5.5585e-02, -4.4854e-02,  4.4118e-02,  ..., -8.4919e-02,
          -1.3591e-01,  2.5811e-02],
         ...,
         [-1.2131e+00,  5.2443e-01, -1.1154e+00,  ...,  4.7147e-01,
          -7.3637e-01, -1.4516e+00],
         [ 9.5965e-02, -6.9045e-01,  3.9034e-01,  ...,  7.1345e-01,
           5.0263e-01, -2.9344e-01],
         [ 7.1274e-01,  4.3502e-01, -1.4731e+00,  ...,  5.8831e-01,
          -9.7646e-01, -5.5238e-02]]]), 'rvq_quantizer.layers.3._codebook.initted': tensor([1.]), 'rvq_quantizer.layers.3._codebook.cluster_size': tensor([[ 13.4910, 343.6581,   3.6067,  ...,   2.3523,   2.0000,   3.8031]]), 'rvq_quantizer.layers.3._codebook.embed_avg': tensor([[[-6.7583e-01, -5.5781e-01,  5.7987e-01,  ..., -1.1265e+00,
          -1.8246e+00,  3.7797e-01],
         [-9.8825e-04, -1.1908e-04, -5.2786e-04,  ..., -4.4453e-04,
          -7.0542e-04, -2.2058e-04],
         [-4.2366e-01, -2.0509e-01, -3.7200e-01,  ...,  8.0737e-02,
          -1.3179e+00,  1.2589e+00],
         ...,
         [ 8.1050e-02, -2.8367e-02, -5.7210e-02,  ...,  1.0010e-01,
          -1.0075e-01, -1.3130e-01],
         [-9.1879e-01,  7.3883e+00,  5.1763e-01,  ..., -1.6021e+00,
           6.0334e-01, -1.2246e+00],
         [-3.1605e-02,  8.6224e-04, -1.9082e-02,  ..., -2.6146e-03,
           6.8731e-02,  1.8764e-02]]]), 'rvq_quantizer.layers.3._codebook.embed': tensor([[[-5.0095e-02, -4.1347e-02,  4.2982e-02,  ..., -8.3501e-02,
          -1.3525e-01,  2.8016e-02],
         [-2.8757e-06, -3.4652e-07, -1.5360e-06,  ..., -1.2935e-06,
          -2.0527e-06, -6.4186e-07],
         [-1.1747e-01, -5.6864e-02, -1.0314e-01,  ...,  2.2385e-02,
          -3.6540e-01,  3.4905e-01],
         ...,
         [ 3.4456e-02, -1.2059e-02, -2.4321e-02,  ...,  4.2554e-02,
          -4.2830e-02, -5.5816e-02],
         [-4.5939e-01,  3.6941e+00,  2.5882e-01,  ..., -8.0107e-01,
           3.0167e-01, -6.1229e-01],
         [-8.3104e-03,  2.2672e-04, -5.0176e-03,  ..., -6.8751e-04,
           1.8072e-02,  4.9340e-03]]])})
Loss:  tensor(1.6003, grad_fn=<MeanBackward0>)
OrderedDict({'rvq_quantizer.project_in.weight': tensor([[ 0.1123,  0.0320, -0.0450,  ...,  0.1083, -0.0613,  0.0830],
        [-0.0007,  0.0301,  0.0586,  ...,  0.0461, -0.0547, -0.0324],
        [ 0.0594, -0.0739,  0.0233,  ..., -0.0870, -0.1202,  0.0586],
        ...,
        [ 0.0612,  0.0034, -0.0758,  ...,  0.0983,  0.0446,  0.0617],
        [ 0.1162, -0.0419, -0.0538,  ..., -0.1202, -0.0991,  0.0334],
        [ 0.0399, -0.0963, -0.0384,  ..., -0.1183, -0.0075, -0.1033]]), 'rvq_quantizer.project_in.bias': tensor([ 0.0007,  0.0028, -0.0392,  0.0722, -0.0533, -0.1061,  0.0724, -0.0837,
         0.0315, -0.0616, -0.0902,  0.0147,  0.0306, -0.1214,  0.0967,  0.0513,
         0.1134, -0.0119,  0.0959,  0.1189,  0.1056,  0.1135,  0.0500, -0.0678,
        -0.0406, -0.0238,  0.0122, -0.0237,  0.0367, -0.0865,  0.0638, -0.0592]), 'rvq_quantizer.project_out.weight': tensor([[ 1.7297e-01, -7.7242e-02,  1.4315e-01,  ..., -9.3891e-03,
          4.6688e-02,  2.6892e-02],
        [-1.2556e-01,  6.1723e-03,  7.3092e-02,  ...,  9.3280e-02,
          1.4586e-01,  1.3955e-01],
        [ 2.5525e-02,  2.4489e-02,  1.1027e-01,  ..., -3.5292e-02,
         -8.5630e-02, -1.7585e-02],
        ...,
        [-1.1142e-01,  1.1344e-01,  1.7359e-03,  ..., -4.1507e-02,
          1.0128e-01, -1.6361e-01],
        [ 8.1643e-03,  1.1110e-02,  1.2083e-01,  ...,  5.7392e-03,
         -1.2658e-01, -8.9246e-05],
        [ 1.1302e-01,  7.6405e-02,  1.5586e-01,  ...,  2.4890e-02,
         -8.8728e-02,  1.3402e-01]]), 'rvq_quantizer.project_out.bias': tensor([ 0.0184,  0.1213,  0.0966,  0.0149, -0.0584,  0.1491, -0.1232, -0.0948,
         0.0769,  0.1567, -0.0673,  0.0828, -0.1253,  0.1187, -0.1478,  0.1035,
         0.0257,  0.1767, -0.1063, -0.0178,  0.0536,  0.1559,  0.0004,  0.0875,
        -0.0399, -0.1251, -0.0878, -0.0239,  0.0587, -0.1121, -0.1483, -0.0791,
         0.0221, -0.0539,  0.1341, -0.0229,  0.1362,  0.0976,  0.0909,  0.1372,
         0.0870,  0.0845,  0.1413, -0.0785, -0.1314, -0.1116, -0.0285, -0.1256,
        -0.0554, -0.1188,  0.0959,  0.1502,  0.0371, -0.1019,  0.0483, -0.0402,
        -0.0204, -0.0946, -0.1328,  0.0166, -0.1202,  0.1196,  0.0317, -0.1710]), 'rvq_quantizer.layers.0._codebook.initted': tensor([1.]), 'rvq_quantizer.layers.0._codebook.cluster_size': tensor([[2.0000, 3.4066, 2.0000,  ..., 2.0000, 2.4212, 3.6987]]), 'rvq_quantizer.layers.0._codebook.embed_avg': tensor([[[-160.3497,   -0.9982, -109.0723,  ...,  -95.1446, -124.2070,
           -53.2223],
         [-201.1305,  -40.3228,  -49.8799,  ..., -105.5290, -126.9408,
           -19.0664],
         [-158.6392,   -3.4116,  -84.9457,  ...,  -89.6259, -160.5459,
           -54.4643],
         ...,
         [-126.6171,  -13.8331,  -71.7952,  ...,  -57.9970,  -97.3485,
           -35.6379],
         [-121.8439,  -32.1758,  -52.3077,  ...,  -48.5241,  -43.6649,
            -4.5840],
         [-283.1365,    3.3462, -173.4511,  ..., -153.1805, -277.0676,
           -99.2927]]]), 'rvq_quantizer.layers.0._codebook.embed': tensor([[[-80.1747,  -0.4991, -54.5360,  ..., -47.5722, -62.1034, -26.6111],
         [-59.0413, -11.8367, -14.6421,  ..., -30.9777, -37.2631,  -5.5969],
         [-79.3196,  -1.7058, -42.4729,  ..., -44.8129, -80.2730, -27.2321],
         ...,
         [-63.3085,  -6.9166, -35.8976,  ..., -28.9985, -48.6743, -17.8190],
         [-50.3245, -13.2894, -21.6044,  ..., -20.0416, -18.0347,  -1.8933],
         [-76.5494,   0.9047, -46.8946,  ..., -41.4142, -74.9086, -26.8450]]]), 'rvq_quantizer.layers.1._codebook.initted': tensor([1.]), 'rvq_quantizer.layers.1._codebook.cluster_size': tensor([[137.6756,   2.3229,   3.1800,  ...,   2.2012,   2.0000,   2.0000]]), 'rvq_quantizer.layers.1._codebook.embed_avg': tensor([[[-7.2269e-04, -9.9005e-05, -3.8779e-04,  ..., -3.0235e-04,
          -4.5233e-04, -1.4425e-04],
         [-3.2228e+00,  5.4140e+00,  2.3237e+00,  ...,  2.7821e+00,
          -3.1610e+00,  4.3774e+00],
         [-1.0441e+01, -4.1850e+00,  5.6809e+00,  ..., -6.6566e-01,
          -7.9130e-01,  1.3082e+00],
         ...,
         [ 9.5171e+00,  5.0032e-01, -8.9852e-01,  ...,  8.6183e+00,
           6.6447e+00, -1.1742e+00],
         [ 1.8719e+00, -7.2984e-01,  3.7664e+00,  ..., -1.1989e+00,
           4.6718e+00, -2.3040e+00],
         [-2.8606e+00,  2.4476e+00,  2.4338e+00,  ..., -2.1532e+00,
           1.2141e+00,  4.3344e+00]]]), 'rvq_quantizer.layers.1._codebook.embed': tensor([[[-5.2493e-06, -7.1912e-07, -2.8167e-06,  ..., -2.1961e-06,
          -3.2855e-06, -1.0478e-06],
         [-1.3874e+00,  2.3307e+00,  1.0003e+00,  ...,  1.1977e+00,
          -1.3608e+00,  1.8845e+00],
         [-3.2835e+00, -1.3160e+00,  1.7865e+00,  ..., -2.0933e-01,
          -2.4884e-01,  4.1139e-01],
         ...,
         [ 4.3236e+00,  2.2729e-01, -4.0820e-01,  ...,  3.9153e+00,
           3.0187e+00, -5.3345e-01],
         [ 9.3594e-01, -3.6492e-01,  1.8832e+00,  ..., -5.9944e-01,
           2.3359e+00, -1.1520e+00],
         [-1.4303e+00,  1.2238e+00,  1.2169e+00,  ..., -1.0766e+00,
           6.0707e-01,  2.1672e+00]]]), 'rvq_quantizer.layers.2._codebook.initted': tensor([1.]), 'rvq_quantizer.layers.2._codebook.cluster_size': tensor([[342.3977,   3.8783,  11.5594,  ...,   4.0943,   3.0900,   3.1268]]), 'rvq_quantizer.layers.2._codebook.embed_avg': tensor([[[-1.5049e-03, -1.6927e-04, -8.4245e-04,  ..., -6.6893e-04,
          -1.0750e-03, -3.6524e-04],
         [ 8.4489e-01, -5.6206e+00, -4.6133e+00,  ..., -6.6486e-01,
           3.9977e-01, -5.9281e+00],
         [-6.2359e-01, -5.7091e-01,  5.6091e-01,  ..., -9.8232e-01,
          -1.6051e+00,  2.9510e-01],
         ...,
         [-5.2316e+00,  2.7089e+00, -5.0823e+00,  ...,  2.0774e+00,
          -3.4411e+00, -6.2020e+00],
         [ 2.3275e-01, -2.1555e+00,  1.3223e+00,  ...,  2.5518e+00,
           1.4820e+00, -7.3621e-01],
         [ 2.3630e+00,  1.2447e+00, -4.8469e+00,  ...,  2.0791e+00,
          -3.3525e+00, -1.0305e-01]]]), 'rvq_quantizer.layers.2._codebook.embed': tensor([[[-4.3952e-06, -4.9437e-07, -2.4604e-06,  ..., -1.9537e-06,
          -3.1398e-06, -1.0667e-06],
         [ 2.1785e-01, -1.4492e+00, -1.1895e+00,  ..., -1.7143e-01,
           1.0308e-01, -1.5285e+00],
         [-5.3947e-02, -4.9389e-02,  4.8525e-02,  ..., -8.4980e-02,
          -1.3885e-01,  2.5529e-02],
         ...,
         [-1.2778e+00,  6.6163e-01, -1.2413e+00,  ...,  5.0739e-01,
          -8.4046e-01, -1.5148e+00],
         [ 7.5322e-02, -6.9756e-01,  4.2792e-01,  ...,  8.2581e-01,
           4.7960e-01, -2.3825e-01],
         [ 7.5572e-01,  3.9808e-01, -1.5501e+00,  ...,  6.6493e-01,
          -1.0722e+00, -3.2957e-02]]]), 'rvq_quantizer.layers.3._codebook.initted': tensor([1.]), 'rvq_quantizer.layers.3._codebook.cluster_size': tensor([[ 12.3419, 347.6923,   3.6460,  ...,   2.3171,   2.0000,   3.7228]]), 'rvq_quantizer.layers.3._codebook.embed_avg': tensor([[[-5.9627e-01, -5.3747e-01,  5.2929e-01,  ..., -1.0123e+00,
          -1.6908e+00,  3.5739e-01],
         [-9.9169e-04, -1.1767e-04, -5.3288e-04,  ..., -4.4135e-04,
          -7.1117e-04, -2.2330e-04],
         [-4.2454e-01, -1.5191e-01, -4.2989e-01,  ...,  1.0778e-01,
          -1.3641e+00,  1.3205e+00],
         ...,
         [ 5.6930e-02, -6.8722e-02, -1.9292e-02,  ...,  1.2247e-01,
          -6.2021e-02, -1.7731e-01],
         [-2.4640e+00,  1.6953e+00,  4.5611e-02,  ...,  4.3730e+00,
           6.8402e-01, -3.1919e-01],
         [-3.1024e-02, -3.7402e-03, -1.8682e-02,  ..., -3.2064e-03,
           6.8839e-02,  2.0123e-02]]]), 'rvq_quantizer.layers.3._codebook.embed': tensor([[[-4.8313e-02, -4.3548e-02,  4.2886e-02,  ..., -8.2018e-02,
          -1.3700e-01,  2.8957e-02],
         [-2.8522e-06, -3.3843e-07, -1.5326e-06,  ..., -1.2694e-06,
          -2.0454e-06, -6.4225e-07],
         [-1.1644e-01, -4.1665e-02, -1.1791e-01,  ...,  2.9561e-02,
          -3.7414e-01,  3.6218e-01],
         ...,
         [ 2.4570e-02, -2.9659e-02, -8.3262e-03,  ...,  5.2857e-02,
          -2.6767e-02, -7.6523e-02],
         [-1.2320e+00,  8.4766e-01,  2.2805e-02,  ...,  2.1865e+00,
           3.4201e-01, -1.5960e-01],
         [-8.3335e-03, -1.0047e-03, -5.0183e-03,  ..., -8.6130e-04,
           1.8491e-02,  5.4053e-03]]])})
Loss:  tensor(1.6429, grad_fn=<MeanBackward0>)
OrderedDict({'rvq_quantizer.project_in.weight': tensor([[ 0.1123,  0.0320, -0.0450,  ...,  0.1083, -0.0613,  0.0830],
        [-0.0007,  0.0301,  0.0586,  ...,  0.0461, -0.0547, -0.0324],
        [ 0.0594, -0.0739,  0.0233,  ..., -0.0870, -0.1202,  0.0586],
        ...,
        [ 0.0612,  0.0034, -0.0758,  ...,  0.0983,  0.0446,  0.0617],
        [ 0.1162, -0.0419, -0.0538,  ..., -0.1202, -0.0991,  0.0334],
        [ 0.0399, -0.0963, -0.0384,  ..., -0.1183, -0.0075, -0.1033]]), 'rvq_quantizer.project_in.bias': tensor([ 0.0007,  0.0028, -0.0392,  0.0722, -0.0533, -0.1061,  0.0724, -0.0837,
         0.0315, -0.0616, -0.0902,  0.0147,  0.0306, -0.1214,  0.0967,  0.0513,
         0.1134, -0.0119,  0.0959,  0.1189,  0.1056,  0.1135,  0.0500, -0.0678,
        -0.0406, -0.0238,  0.0122, -0.0237,  0.0367, -0.0865,  0.0638, -0.0592]), 'rvq_quantizer.project_out.weight': tensor([[ 1.7297e-01, -7.7242e-02,  1.4315e-01,  ..., -9.3891e-03,
          4.6688e-02,  2.6892e-02],
        [-1.2556e-01,  6.1723e-03,  7.3092e-02,  ...,  9.3280e-02,
          1.4586e-01,  1.3955e-01],
        [ 2.5525e-02,  2.4489e-02,  1.1027e-01,  ..., -3.5292e-02,
         -8.5630e-02, -1.7585e-02],
        ...,
        [-1.1142e-01,  1.1344e-01,  1.7359e-03,  ..., -4.1507e-02,
          1.0128e-01, -1.6361e-01],
        [ 8.1643e-03,  1.1110e-02,  1.2083e-01,  ...,  5.7392e-03,
         -1.2658e-01, -8.9246e-05],
        [ 1.1302e-01,  7.6405e-02,  1.5586e-01,  ...,  2.4890e-02,
         -8.8728e-02,  1.3402e-01]]), 'rvq_quantizer.project_out.bias': tensor([ 0.0184,  0.1213,  0.0966,  0.0149, -0.0584,  0.1491, -0.1232, -0.0948,
         0.0769,  0.1567, -0.0673,  0.0828, -0.1253,  0.1187, -0.1478,  0.1035,
         0.0257,  0.1767, -0.1063, -0.0178,  0.0536,  0.1559,  0.0004,  0.0875,
        -0.0399, -0.1251, -0.0878, -0.0239,  0.0587, -0.1121, -0.1483, -0.0791,
         0.0221, -0.0539,  0.1341, -0.0229,  0.1362,  0.0976,  0.0909,  0.1372,
         0.0870,  0.0845,  0.1413, -0.0785, -0.1314, -0.1116, -0.0285, -0.1256,
        -0.0554, -0.1188,  0.0959,  0.1502,  0.0371, -0.1019,  0.0483, -0.0402,
        -0.0204, -0.0946, -0.1328,  0.0166, -0.1202,  0.1196,  0.0317, -0.1710]), 'rvq_quantizer.layers.0._codebook.initted': tensor([1.]), 'rvq_quantizer.layers.0._codebook.cluster_size': tensor([[2.0000, 3.4659, 2.0000,  ..., 2.0000, 2.4790, 3.5289]]), 'rvq_quantizer.layers.0._codebook.embed_avg': tensor([[[-159.9915,   -0.9886, -108.8442,  ...,  -94.8447, -124.2553,
           -53.2050],
         [-204.6384,  -41.0190,  -50.7351,  ..., -107.3182, -129.1336,
           -19.4227],
         [-113.4178,  -15.5967,  -60.6637,  ...,  -42.3879,  -82.3196,
           -33.9757],
         ...,
         [-126.2785,  -13.6612,  -71.1177,  ...,  -57.8848,  -97.1077,
           -35.1087],
         [-124.7421,  -32.9101,  -53.4745,  ...,  -49.6112,  -44.5479,
            -4.6683],
         [-270.0797,    3.2038, -165.2745,  ..., -146.0675, -264.3801,
           -94.5565]]]), 'rvq_quantizer.layers.0._codebook.embed': tensor([[[-79.9956,  -0.4943, -54.4220,  ..., -47.4223, -62.1276, -26.6025],
         [-59.0426, -11.8349, -14.6382,  ..., -30.9636, -37.2578,  -5.6039],
         [-56.7089,  -7.7984, -30.3318,  ..., -21.1939, -41.1598, -16.9879],
         ...,
         [-63.1391,  -6.8306, -35.5588,  ..., -28.9423, -48.5538, -17.5543],
         [-50.3186, -13.2753, -21.5706,  ..., -20.0122, -17.9698,  -1.8831],
         [-76.5343,   0.9079, -46.8350,  ..., -41.3921, -74.9192, -26.7951]]]), 'rvq_quantizer.layers.1._codebook.initted': tensor([1.]), 'rvq_quantizer.layers.1._codebook.cluster_size': tensor([[158.0081,   2.2906,   3.1620,  ...,   2.2811,   2.1000,   2.0000]]), 'rvq_quantizer.layers.1._codebook.embed_avg': tensor([[[-8.7854e-04, -1.1975e-04, -4.7280e-04,  ..., -3.7287e-04,
          -5.5854e-04, -1.7592e-04],
         [-3.1264e+00,  5.3363e+00,  2.2030e+00,  ...,  2.6493e+00,
          -3.1329e+00,  4.1940e+00],
         [-1.0689e+01, -4.2615e+00,  5.3465e+00,  ..., -3.8911e-01,
          -1.0608e+00,  1.3883e+00],
         ...,
         [ 1.0243e+01,  5.3966e-01, -8.1148e-01,  ...,  8.9681e+00,
           6.6922e+00, -1.7137e+00],
         [ 2.1196e+00, -7.3111e-01,  3.9480e+00,  ..., -1.0982e+00,
           4.8685e+00, -2.5812e+00],
         [-8.1308e+00, -3.8645e+00, -7.0396e+00,  ..., -3.4191e+00,
           2.5195e+00, -8.5051e+00]]]), 'rvq_quantizer.layers.1._codebook.embed': tensor([[[-5.5601e-06, -7.5788e-07, -2.9922e-06,  ..., -2.3598e-06,
          -3.5349e-06, -1.1133e-06],
         [-1.3649e+00,  2.3297e+00,  9.6176e-01,  ...,  1.1566e+00,
          -1.3677e+00,  1.8310e+00],
         [-3.3805e+00, -1.3477e+00,  1.6909e+00,  ..., -1.2306e-01,
          -3.3550e-01,  4.3906e-01],
         ...,
         [ 4.4903e+00,  2.3658e-01, -3.5574e-01,  ...,  3.9315e+00,
           2.9338e+00, -7.5129e-01],
         [ 1.0093e+00, -3.4815e-01,  1.8800e+00,  ..., -5.2295e-01,
           2.3184e+00, -1.2291e+00],
         [-4.0654e+00, -1.9323e+00, -3.5198e+00,  ..., -1.7095e+00,
           1.2598e+00, -4.2525e+00]]]), 'rvq_quantizer.layers.2._codebook.initted': tensor([1.]), 'rvq_quantizer.layers.2._codebook.cluster_size': tensor([[346.2579,   3.8905,  10.7034,  ...,   4.0848,   2.8810,   3.2141]]), 'rvq_quantizer.layers.2._codebook.embed_avg': tensor([[[-1.5676e-03, -1.8148e-04, -8.4697e-04,  ..., -7.0322e-04,
          -1.1153e-03, -3.7030e-04],
         [ 9.9634e-01, -5.8411e+00, -4.5143e+00,  ..., -6.3848e-01,
           2.6778e-01, -5.9175e+00],
         [-5.7794e-01, -5.1106e-01,  4.9563e-01,  ..., -9.1127e-01,
          -1.4583e+00,  2.7361e-01],
         ...,
         [-5.3792e+00,  2.8426e+00, -5.1211e+00,  ...,  2.2160e+00,
          -3.3270e+00, -6.5385e+00],
         [ 3.6564e-01, -1.9104e+00,  1.2195e+00,  ...,  2.2299e+00,
           1.5235e+00, -7.1194e-01],
         [ 2.4155e+00,  9.9274e-01, -4.8662e+00,  ...,  2.1698e+00,
          -3.3815e+00,  4.4624e-02]]]), 'rvq_quantizer.layers.2._codebook.embed': tensor([[[-4.5273e-06, -5.2411e-07, -2.4461e-06,  ..., -2.0309e-06,
          -3.2211e-06, -1.0694e-06],
         [ 2.5610e-01, -1.5014e+00, -1.1603e+00,  ..., -1.6411e-01,
           6.8828e-02, -1.5210e+00],
         [-5.3996e-02, -4.7747e-02,  4.6306e-02,  ..., -8.5138e-02,
          -1.3624e-01,  2.5563e-02],
         ...,
         [-1.3169e+00,  6.9590e-01, -1.2537e+00,  ...,  5.4248e-01,
          -8.1448e-01, -1.6007e+00],
         [ 1.2691e-01, -6.6310e-01,  4.2329e-01,  ...,  7.7398e-01,
           5.2881e-01, -2.4711e-01],
         [ 7.5153e-01,  3.0887e-01, -1.5140e+00,  ...,  6.7508e-01,
          -1.0521e+00,  1.3884e-02]]]), 'rvq_quantizer.layers.3._codebook.initted': tensor([1.]), 'rvq_quantizer.layers.3._codebook.cluster_size': tensor([[ 11.2077, 351.0231,   3.8814,  ...,   2.1854,   2.0000,   3.6505]]), 'rvq_quantizer.layers.3._codebook.embed_avg': tensor([[[-5.5072e-01, -4.9272e-01,  4.6073e-01,  ..., -9.2249e-01,
          -1.5397e+00,  3.2958e-01],
         [-1.0420e-03, -1.2787e-04, -5.3268e-04,  ..., -4.7008e-04,
          -7.4232e-04, -2.2709e-04],
         [-3.7077e-01, -2.7813e-01, -5.2566e-01,  ...,  1.1282e-01,
          -1.4697e+00,  1.6026e+00],
         ...,
         [ 6.2085e-02, -9.7191e-02,  1.1361e-02,  ...,  1.4637e-01,
          -1.4740e-02, -2.1933e-01],
         [-4.2683e+00,  4.9081e+00,  2.5685e+00,  ..., -6.5710e-01,
           2.0854e+00, -1.1706e+00],
         [-2.6781e-02, -3.0479e-03, -1.7566e-02,  ..., -3.4661e-03,
           6.7433e-02,  1.6402e-02]]]), 'rvq_quantizer.layers.3._codebook.embed': tensor([[[-4.9138e-02, -4.3963e-02,  4.1108e-02,  ..., -8.2309e-02,
          -1.3738e-01,  2.9406e-02],
         [-2.9684e-06, -3.6427e-07, -1.5175e-06,  ..., -1.3392e-06,
          -2.1147e-06, -6.4694e-07],
         [-9.5524e-02, -7.1657e-02, -1.3543e-01,  ...,  2.9067e-02,
          -3.7864e-01,  4.1290e-01],
         ...,
         [ 2.8409e-02, -4.4473e-02,  5.1986e-03,  ...,  6.6977e-02,
          -6.7450e-03, -1.0036e-01],
         [-2.1342e+00,  2.4540e+00,  1.2843e+00,  ..., -3.2855e-01,
           1.0427e+00, -5.8529e-01],
         [-7.3362e-03, -8.3493e-04, -4.8120e-03,  ..., -9.4949e-04,
           1.8472e-02,  4.4930e-03]]])})
Loss:  tensor(1.6202, grad_fn=<MeanBackward0>)
OrderedDict({'rvq_quantizer.project_in.weight': tensor([[ 0.1123,  0.0320, -0.0450,  ...,  0.1083, -0.0613,  0.0830],
        [-0.0007,  0.0301,  0.0586,  ...,  0.0461, -0.0547, -0.0324],
        [ 0.0594, -0.0739,  0.0233,  ..., -0.0870, -0.1202,  0.0586],
        ...,
        [ 0.0612,  0.0034, -0.0758,  ...,  0.0983,  0.0446,  0.0617],
        [ 0.1162, -0.0419, -0.0538,  ..., -0.1202, -0.0991,  0.0334],
        [ 0.0399, -0.0963, -0.0384,  ..., -0.1183, -0.0075, -0.1033]]), 'rvq_quantizer.project_in.bias': tensor([ 0.0007,  0.0028, -0.0392,  0.0722, -0.0533, -0.1061,  0.0724, -0.0837,
         0.0315, -0.0616, -0.0902,  0.0147,  0.0306, -0.1214,  0.0967,  0.0513,
         0.1134, -0.0119,  0.0959,  0.1189,  0.1056,  0.1135,  0.0500, -0.0678,
        -0.0406, -0.0238,  0.0122, -0.0237,  0.0367, -0.0865,  0.0638, -0.0592]), 'rvq_quantizer.project_out.weight': tensor([[ 1.7297e-01, -7.7242e-02,  1.4315e-01,  ..., -9.3891e-03,
          4.6688e-02,  2.6892e-02],
        [-1.2556e-01,  6.1723e-03,  7.3092e-02,  ...,  9.3280e-02,
          1.4586e-01,  1.3955e-01],
        [ 2.5525e-02,  2.4489e-02,  1.1027e-01,  ..., -3.5292e-02,
         -8.5630e-02, -1.7585e-02],
        ...,
        [-1.1142e-01,  1.1344e-01,  1.7359e-03,  ..., -4.1507e-02,
          1.0128e-01, -1.6361e-01],
        [ 8.1643e-03,  1.1110e-02,  1.2083e-01,  ...,  5.7392e-03,
         -1.2658e-01, -8.9246e-05],
        [ 1.1302e-01,  7.6405e-02,  1.5586e-01,  ...,  2.4890e-02,
         -8.8728e-02,  1.3402e-01]]), 'rvq_quantizer.project_out.bias': tensor([ 0.0184,  0.1213,  0.0966,  0.0149, -0.0584,  0.1491, -0.1232, -0.0948,
         0.0769,  0.1567, -0.0673,  0.0828, -0.1253,  0.1187, -0.1478,  0.1035,
         0.0257,  0.1767, -0.1063, -0.0178,  0.0536,  0.1559,  0.0004,  0.0875,
        -0.0399, -0.1251, -0.0878, -0.0239,  0.0587, -0.1121, -0.1483, -0.0791,
         0.0221, -0.0539,  0.1341, -0.0229,  0.1362,  0.0976,  0.0909,  0.1372,
         0.0870,  0.0845,  0.1413, -0.0785, -0.1314, -0.1116, -0.0285, -0.1256,
        -0.0554, -0.1188,  0.0959,  0.1502,  0.0371, -0.1019,  0.0483, -0.0402,
        -0.0204, -0.0946, -0.1328,  0.0166, -0.1202,  0.1196,  0.0317, -0.1710]), 'rvq_quantizer.layers.0._codebook.initted': tensor([1.]), 'rvq_quantizer.layers.0._codebook.cluster_size': tensor([[2.0000, 3.4194, 2.0000,  ..., 2.0000, 2.5311, 3.4760]]), 'rvq_quantizer.layers.0._codebook.embed_avg': tensor([[[-159.6691,   -0.9799, -108.6390,  ...,  -94.5747, -124.2989,
           -53.1895],
         [-201.7502,  -40.3587,  -50.2034,  ..., -105.7229, -127.6940,
           -19.4366],
         [-127.7580,  -19.6230,  -45.7743,  ...,  -48.0650,  -75.6245,
             1.7010],
         ...,
         [-125.9738,  -13.5065,  -70.5079,  ...,  -57.7837,  -96.8910,
           -34.6325],
         [-127.3505,  -33.5709,  -54.5246,  ...,  -50.5897,  -45.3426,
            -4.7441],
         [-266.0338,    3.0635, -162.8698,  ..., -143.9595, -260.3085,
           -93.0611]]]), 'rvq_quantizer.layers.0._codebook.embed': tensor([[[-79.8344,  -0.4899, -54.3194,  ..., -47.2873, -62.1494, -26.5947],
         [-59.0025, -11.8030, -14.6822,  ..., -30.9190, -37.3445,  -5.6843],
         [-63.8790,  -9.8115, -22.8871,  ..., -24.0325, -37.8122,   0.8505],
         ...,
         [-62.9868,  -6.7532, -35.2539,  ..., -28.8918, -48.4454, -17.3162],
         [-50.3135, -13.2631, -21.5415,  ..., -19.9869, -17.9139,  -1.8743],
         [-76.5348,   0.8813, -46.8557,  ..., -41.4155, -74.8877, -26.7726]]]), 'rvq_quantizer.layers.1._codebook.initted': tensor([1.]), 'rvq_quantizer.layers.1._codebook.cluster_size': tensor([[174.9073,   2.2615,   3.1458,  ...,   2.2530,   2.0900,   2.0000]]), 'rvq_quantizer.layers.1._codebook.embed_avg': tensor([[[-9.5472e-04, -1.2826e-04, -5.1726e-04,  ..., -4.0911e-04,
          -6.1351e-04, -1.9423e-04],
         [-3.1817e+00,  5.0705e+00,  2.1875e+00,  ...,  2.7225e+00,
          -3.0827e+00,  4.2071e+00],
         [-1.0378e+01, -4.2346e+00,  4.8995e+00,  ..., -5.2142e-01,
          -1.1563e+00,  1.3896e+00],
         ...,
         [ 1.0264e+01,  4.4868e-01, -7.8156e-01,  ...,  9.1216e+00,
           7.0213e+00, -1.7394e+00],
         [ 2.3011e+00, -7.1300e-01,  3.8740e+00,  ..., -9.2571e-01,
           4.8476e+00, -2.7195e+00],
         [ 0.0000e+00,  0.0000e+00,  0.0000e+00,  ...,  0.0000e+00,
           0.0000e+00,  0.0000e+00]]]), 'rvq_quantizer.layers.1._codebook.embed': tensor([[[-5.4585e-06, -7.3332e-07, -2.9574e-06,  ..., -2.3390e-06,
          -3.5076e-06, -1.1105e-06],
         [-1.4069e+00,  2.2421e+00,  9.6727e-01,  ...,  1.2038e+00,
          -1.3631e+00,  1.8603e+00],
         [-3.2990e+00, -1.3461e+00,  1.5575e+00,  ..., -1.6575e-01,
          -3.6757e-01,  4.4173e-01],
         ...,
         [ 4.5559e+00,  1.9915e-01, -3.4690e-01,  ...,  4.0487e+00,
           3.1165e+00, -7.7205e-01],
         [ 1.1010e+00, -3.4115e-01,  1.8536e+00,  ..., -4.4293e-01,
           2.3194e+00, -1.3012e+00],
         [ 0.0000e+00,  0.0000e+00,  0.0000e+00,  ...,  0.0000e+00,
           0.0000e+00,  0.0000e+00]]]), 'rvq_quantizer.layers.2._codebook.initted': tensor([1.]), 'rvq_quantizer.layers.2._codebook.cluster_size': tensor([[348.7321,   3.9015,   9.6331,  ...,   4.1764,   2.5929,   3.3927]]), 'rvq_quantizer.layers.2._codebook.embed_avg': tensor([[[-1.5439e-03, -1.8121e-04, -8.3129e-04,  ..., -6.9184e-04,
          -1.0804e-03, -3.5555e-04],
         [ 1.1508e+00, -6.0025e+00, -4.5665e+00,  ..., -5.0207e-01,
           2.2471e-01, -6.0486e+00],
         [-5.2014e-01, -4.5995e-01,  4.4607e-01,  ..., -8.2014e-01,
          -1.3125e+00,  2.4625e-01],
         ...,
         [-5.8024e+00,  3.5875e+00, -5.6210e+00,  ...,  2.5696e+00,
          -3.5852e+00, -7.2070e+00],
         [ 3.2907e-01, -1.7194e+00,  1.0975e+00,  ...,  2.0069e+00,
           1.3712e+00, -6.4075e-01],
         [ 2.3513e+00,  6.2072e-01, -4.3186e+00,  ...,  2.3086e+00,
          -3.4268e+00, -2.6710e-01]]]), 'rvq_quantizer.layers.2._codebook.embed': tensor([[[-4.4273e-06, -5.1963e-07, -2.3838e-06,  ..., -1.9839e-06,
          -3.0980e-06, -1.0195e-06],
         [ 2.9498e-01, -1.5385e+00, -1.1705e+00,  ..., -1.2869e-01,
           5.7595e-02, -1.5503e+00],
         [-5.3996e-02, -4.7747e-02,  4.6306e-02,  ..., -8.5138e-02,
          -1.3624e-01,  2.5563e-02],
         ...,
         [-1.3893e+00,  8.5900e-01, -1.3459e+00,  ...,  6.1527e-01,
          -8.5846e-01, -1.7257e+00],
         [ 1.2691e-01, -6.6310e-01,  4.2329e-01,  ...,  7.7398e-01,
           5.2881e-01, -2.4711e-01],
         [ 6.9306e-01,  1.8296e-01, -1.2729e+00,  ...,  6.8046e-01,
          -1.0100e+00, -7.8728e-02]]]), 'rvq_quantizer.layers.3._codebook.initted': tensor([1.]), 'rvq_quantizer.layers.3._codebook.cluster_size': tensor([[ 10.3870, 353.6208,   3.9933,  ...,   2.0000,   2.0000,   3.2854]]), 'rvq_quantizer.layers.3._codebook.embed_avg': tensor([[[-4.9306e-01, -4.5497e-01,  4.1931e-01,  ..., -8.5001e-01,
          -1.4120e+00,  3.0841e-01],
         [-1.0062e-03, -1.2765e-04, -5.1673e-04,  ..., -4.5501e-04,
          -6.9856e-04, -2.1306e-04],
         [-3.7475e-01, -3.3339e-01, -6.4624e-01,  ...,  1.9583e-01,
          -1.6099e+00,  1.8044e+00],
         ...,
         [ 0.0000e+00,  0.0000e+00,  0.0000e+00,  ...,  0.0000e+00,
           0.0000e+00,  0.0000e+00],
         [-3.9049e-05,  1.5109e-06, -1.2823e-05,  ..., -1.8956e-05,
          -1.4248e-05, -3.5185e-06],
         [-2.4103e-02, -2.7431e-03, -1.5810e-02,  ..., -3.1195e-03,
           6.0690e-02,  1.4761e-02]]]), 'rvq_quantizer.layers.3._codebook.embed': tensor([[[-4.7469e-02, -4.3802e-02,  4.0369e-02,  ..., -8.1835e-02,
          -1.3594e-01,  2.9692e-02],
         [-2.8455e-06, -3.6098e-07, -1.4613e-06,  ..., -1.2867e-06,
          -1.9754e-06, -6.0251e-07],
         [-9.3844e-02, -8.3488e-02, -1.6183e-01,  ...,  4.9041e-02,
          -4.0314e-01,  4.5185e-01],
         ...,
         [ 0.0000e+00,  0.0000e+00,  0.0000e+00,  ...,  0.0000e+00,
           0.0000e+00,  0.0000e+00],
         [-1.9525e-05,  7.5546e-07, -6.4117e-06,  ..., -9.4778e-06,
          -7.1238e-06, -1.7592e-06],
         [-7.3362e-03, -8.3493e-04, -4.8120e-03,  ..., -9.4949e-04,
           1.8472e-02,  4.4930e-03]]])})
Loss:  tensor(1.5972, grad_fn=<MeanBackward0>)
OrderedDict({'rvq_quantizer.project_in.weight': tensor([[ 0.1123,  0.0320, -0.0450,  ...,  0.1083, -0.0613,  0.0830],
        [-0.0007,  0.0301,  0.0586,  ...,  0.0461, -0.0547, -0.0324],
        [ 0.0594, -0.0739,  0.0233,  ..., -0.0870, -0.1202,  0.0586],
        ...,
        [ 0.0612,  0.0034, -0.0758,  ...,  0.0983,  0.0446,  0.0617],
        [ 0.1162, -0.0419, -0.0538,  ..., -0.1202, -0.0991,  0.0334],
        [ 0.0399, -0.0963, -0.0384,  ..., -0.1183, -0.0075, -0.1033]]), 'rvq_quantizer.project_in.bias': tensor([ 0.0007,  0.0028, -0.0392,  0.0722, -0.0533, -0.1061,  0.0724, -0.0837,
         0.0315, -0.0616, -0.0902,  0.0147,  0.0306, -0.1214,  0.0967,  0.0513,
         0.1134, -0.0119,  0.0959,  0.1189,  0.1056,  0.1135,  0.0500, -0.0678,
        -0.0406, -0.0238,  0.0122, -0.0237,  0.0367, -0.0865,  0.0638, -0.0592]), 'rvq_quantizer.project_out.weight': tensor([[ 1.7297e-01, -7.7242e-02,  1.4315e-01,  ..., -9.3891e-03,
          4.6688e-02,  2.6892e-02],
        [-1.2556e-01,  6.1723e-03,  7.3092e-02,  ...,  9.3280e-02,
          1.4586e-01,  1.3955e-01],
        [ 2.5525e-02,  2.4489e-02,  1.1027e-01,  ..., -3.5292e-02,
         -8.5630e-02, -1.7585e-02],
        ...,
        [-1.1142e-01,  1.1344e-01,  1.7359e-03,  ..., -4.1507e-02,
          1.0128e-01, -1.6361e-01],
        [ 8.1643e-03,  1.1110e-02,  1.2083e-01,  ...,  5.7392e-03,
         -1.2658e-01, -8.9246e-05],
        [ 1.1302e-01,  7.6405e-02,  1.5586e-01,  ...,  2.4890e-02,
         -8.8728e-02,  1.3402e-01]]), 'rvq_quantizer.project_out.bias': tensor([ 0.0184,  0.1213,  0.0966,  0.0149, -0.0584,  0.1491, -0.1232, -0.0948,
         0.0769,  0.1567, -0.0673,  0.0828, -0.1253,  0.1187, -0.1478,  0.1035,
         0.0257,  0.1767, -0.1063, -0.0178,  0.0536,  0.1559,  0.0004,  0.0875,
        -0.0399, -0.1251, -0.0878, -0.0239,  0.0587, -0.1121, -0.1483, -0.0791,
         0.0221, -0.0539,  0.1341, -0.0229,  0.1362,  0.0976,  0.0909,  0.1372,
         0.0870,  0.0845,  0.1413, -0.0785, -0.1314, -0.1116, -0.0285, -0.1256,
        -0.0554, -0.1188,  0.0959,  0.1502,  0.0371, -0.1019,  0.0483, -0.0402,
        -0.0204, -0.0946, -0.1328,  0.0166, -0.1202,  0.1196,  0.0317, -0.1710]), 'rvq_quantizer.layers.0._codebook.initted': tensor([1.]), 'rvq_quantizer.layers.0._codebook.cluster_size': tensor([[2.0000, 3.4774, 2.0000,  ..., 2.0000, 2.5780, 3.4284]]), 'rvq_quantizer.layers.0._codebook.embed_avg': tensor([[[-159.3789,   -0.9720, -108.4543,  ...,  -94.3318, -124.3381,
           -53.1755],
         [-205.1962,  -41.0512,  -51.0263,  ..., -107.4927, -129.8115,
           -19.7558],
         [-161.5091,    3.2328,  -87.3017,  ...,  -87.6469, -160.0095,
           -56.6909],
         ...,
         [-130.5884,  -28.0337, -101.2487,  ...,  -60.2525, -104.2697,
           -53.6442],
         [-129.6981,  -34.1657,  -55.4697,  ...,  -51.4703,  -46.0578,
            -4.8124],
         [-262.4680,    3.0064, -160.5110,  ..., -142.0959, -256.6788,
           -91.6698]]]), 'rvq_quantizer.layers.0._codebook.embed': tensor([[[-79.6893,  -0.4860, -54.2271,  ..., -47.1658, -62.1690, -26.5877],
         [-59.0082, -11.8051, -14.6736,  ..., -30.9117, -37.3299,  -5.6812],
         [-80.7546,   1.6164, -43.6508,  ..., -43.8235, -80.0047, -28.3454],
         ...,
         [-65.2942, -14.0168, -50.6243,  ..., -30.1263, -52.1349, -26.8221],
         [-50.3090, -13.2526, -21.5163,  ..., -19.9650, -17.8655,  -1.8667],
         [-76.5573,   0.8769, -46.8183,  ..., -41.4469, -74.8687, -26.7385]]]), 'rvq_quantizer.layers.1._codebook.initted': tensor([1.]), 'rvq_quantizer.layers.1._codebook.cluster_size': tensor([[191.0165,   2.3354,   3.1312,  ...,   2.4277,   2.1810,   2.0000]]), 'rvq_quantizer.layers.1._codebook.embed_avg': tensor([[[-1.0355e-03, -1.3790e-04, -5.5651e-04,  ..., -4.4425e-04,
          -6.6602e-04, -2.0993e-04],
         [-3.2793e+00,  5.2840e+00,  2.2681e+00,  ...,  2.8155e+00,
          -3.1757e+00,  4.3487e+00],
         [-1.0478e+01, -4.4338e+00,  4.9545e+00,  ..., -4.8232e-01,
          -1.2010e+00,  1.4461e+00],
         ...,
         [ 1.1477e+01,  3.3801e-01, -8.9181e-01,  ...,  1.0124e+01,
           7.6100e+00, -2.1057e+00],
         [ 2.5116e+00, -6.9861e-01,  4.0419e+00,  ..., -8.5749e-01,
           5.0137e+00, -2.9533e+00],
         [-2.9891e+00, -1.1665e+00,  2.1262e+00,  ...,  5.4259e+00,
          -7.6624e+00,  8.1858e+00]]]), 'rvq_quantizer.layers.1._codebook.embed': tensor([[[-5.4210e-06, -7.2194e-07, -2.9134e-06,  ..., -2.3257e-06,
          -3.4867e-06, -1.0990e-06],
         [-1.4042e+00,  2.2626e+00,  9.7117e-01,  ...,  1.2056e+00,
          -1.3598e+00,  1.8621e+00],
         [-3.3462e+00, -1.4160e+00,  1.5823e+00,  ..., -1.5404e-01,
          -3.8356e-01,  4.6183e-01],
         ...,
         [ 4.7276e+00,  1.3923e-01, -3.6735e-01,  ...,  4.1703e+00,
           3.1347e+00, -8.6738e-01],
         [ 1.1516e+00, -3.2032e-01,  1.8532e+00,  ..., -3.9316e-01,
           2.2988e+00, -1.3541e+00],
         [-1.4946e+00, -5.8326e-01,  1.0631e+00,  ...,  2.7129e+00,
          -3.8312e+00,  4.0929e+00]]]), 'rvq_quantizer.layers.2._codebook.initted': tensor([1.]), 'rvq_quantizer.layers.2._codebook.cluster_size': tensor([[351.5589,   3.8113,   8.6698,  ...,   4.1587,   2.6336,   3.7534]]), 'rvq_quantizer.layers.2._codebook.embed_avg': tensor([[[-1.5303e-03, -1.7897e-04, -8.1337e-04,  ..., -6.8442e-04,
          -1.0678e-03, -3.4930e-04],
         [ 1.1034e+00, -5.8676e+00, -4.4235e+00,  ..., -6.0781e-01,
           1.5644e-01, -5.9778e+00],
         [-4.6813e-01, -4.1396e-01,  4.0146e-01,  ..., -7.3813e-01,
          -1.1812e+00,  2.2162e-01],
         ...,
         [-5.8819e+00,  3.7842e+00, -5.7342e+00,  ...,  2.6006e+00,
          -4.0727e+00, -6.8203e+00],
         [ 3.0578e-01, -1.7416e+00,  1.1315e+00,  ...,  1.8657e+00,
           1.2019e+00, -7.8548e-01],
         [ 2.5735e+00,  2.4419e-01, -4.3754e+00,  ...,  2.7758e+00,
          -3.9393e+00, -4.8855e-01]]]), 'rvq_quantizer.layers.2._codebook.embed': tensor([[[-4.3528e-06, -5.0908e-07, -2.3136e-06,  ..., -1.9468e-06,
          -3.0373e-06, -9.9359e-07],
         [ 2.8950e-01, -1.5395e+00, -1.1606e+00,  ..., -1.5947e-01,
           4.1047e-02, -1.5684e+00],
         [-5.3996e-02, -4.7747e-02,  4.6306e-02,  ..., -8.5138e-02,
          -1.3624e-01,  2.5563e-02],
         ...,
         [-1.4143e+00,  9.0995e-01, -1.3788e+00,  ...,  6.2533e-01,
          -9.7932e-01, -1.6400e+00],
         [ 1.1610e-01, -6.6127e-01,  4.2962e-01,  ...,  7.0843e-01,
           4.5636e-01, -2.9825e-01],
         [ 6.8564e-01,  6.5057e-02, -1.1657e+00,  ...,  7.3954e-01,
          -1.0495e+00, -1.3016e-01]]]), 'rvq_quantizer.layers.3._codebook.initted': tensor([1.]), 'rvq_quantizer.layers.3._codebook.cluster_size': tensor([[  9.4483, 355.8587,   3.9939,  ...,   2.0000,   2.0000,   2.9569]]), 'rvq_quantizer.layers.3._codebook.embed_avg': tensor([[[-4.4377e-01, -3.9984e-01,  3.7659e-01,  ..., -7.7389e-01,
          -1.2852e+00,  2.6591e-01],
         [-9.9316e-04, -1.2532e-04, -5.0295e-04,  ..., -4.4803e-04,
          -6.8686e-04, -2.0948e-04],
         [-4.0540e-01, -3.3588e-01, -7.0851e-01,  ...,  1.9174e-01,
          -1.6525e+00,  1.9268e+00],
         ...,
         [-8.5189e-01, -1.0965e-01,  4.1812e-01,  ..., -1.6926e-01,
          -1.8435e+00, -1.1175e+00],
         [-2.6747e+00,  5.1410e+00,  1.1466e+00,  ..., -2.9616e-01,
           3.5736e+00,  4.0003e+00],
         [-2.1692e-02, -2.4688e-03, -1.4229e-02,  ..., -2.8075e-03,
           5.4621e-02,  1.3285e-02]]]), 'rvq_quantizer.layers.3._codebook.embed': tensor([[[-4.6968e-02, -4.2319e-02,  3.9858e-02,  ..., -8.1908e-02,
          -1.3602e-01,  2.8144e-02],
         [-2.7909e-06, -3.5215e-07, -1.4133e-06,  ..., -1.2590e-06,
          -1.9302e-06, -5.8866e-07],
         [-1.0150e-01, -8.4097e-02, -1.7740e-01,  ...,  4.8008e-02,
          -4.1374e-01,  4.8243e-01],
         ...,
         [-4.2594e-01, -5.4825e-02,  2.0906e-01,  ..., -8.4631e-02,
          -9.2177e-01, -5.5877e-01],
         [-1.3374e+00,  2.5705e+00,  5.7331e-01,  ..., -1.4808e-01,
           1.7868e+00,  2.0002e+00],
         [-7.3362e-03, -8.3493e-04, -4.8120e-03,  ..., -9.4949e-04,
           1.8472e-02,  4.4930e-03]]])})
Loss:  tensor(1.6207, grad_fn=<MeanBackward0>)
OrderedDict({'rvq_quantizer.project_in.weight': tensor([[ 0.1123,  0.0320, -0.0450,  ...,  0.1083, -0.0613,  0.0830],
        [-0.0007,  0.0301,  0.0586,  ...,  0.0461, -0.0547, -0.0324],
        [ 0.0594, -0.0739,  0.0233,  ..., -0.0870, -0.1202,  0.0586],
        ...,
        [ 0.0612,  0.0034, -0.0758,  ...,  0.0983,  0.0446,  0.0617],
        [ 0.1162, -0.0419, -0.0538,  ..., -0.1202, -0.0991,  0.0334],
        [ 0.0399, -0.0963, -0.0384,  ..., -0.1183, -0.0075, -0.1033]]), 'rvq_quantizer.project_in.bias': tensor([ 0.0007,  0.0028, -0.0392,  0.0722, -0.0533, -0.1061,  0.0724, -0.0837,
         0.0315, -0.0616, -0.0902,  0.0147,  0.0306, -0.1214,  0.0967,  0.0513,
         0.1134, -0.0119,  0.0959,  0.1189,  0.1056,  0.1135,  0.0500, -0.0678,
        -0.0406, -0.0238,  0.0122, -0.0237,  0.0367, -0.0865,  0.0638, -0.0592]), 'rvq_quantizer.project_out.weight': tensor([[ 1.7297e-01, -7.7242e-02,  1.4315e-01,  ..., -9.3891e-03,
          4.6688e-02,  2.6892e-02],
        [-1.2556e-01,  6.1723e-03,  7.3092e-02,  ...,  9.3280e-02,
          1.4586e-01,  1.3955e-01],
        [ 2.5525e-02,  2.4489e-02,  1.1027e-01,  ..., -3.5292e-02,
         -8.5630e-02, -1.7585e-02],
        ...,
        [-1.1142e-01,  1.1344e-01,  1.7359e-03,  ..., -4.1507e-02,
          1.0128e-01, -1.6361e-01],
        [ 8.1643e-03,  1.1110e-02,  1.2083e-01,  ...,  5.7392e-03,
         -1.2658e-01, -8.9246e-05],
        [ 1.1302e-01,  7.6405e-02,  1.5586e-01,  ...,  2.4890e-02,
         -8.8728e-02,  1.3402e-01]]), 'rvq_quantizer.project_out.bias': tensor([ 0.0184,  0.1213,  0.0966,  0.0149, -0.0584,  0.1491, -0.1232, -0.0948,
         0.0769,  0.1567, -0.0673,  0.0828, -0.1253,  0.1187, -0.1478,  0.1035,
         0.0257,  0.1767, -0.1063, -0.0178,  0.0536,  0.1559,  0.0004,  0.0875,
        -0.0399, -0.1251, -0.0878, -0.0239,  0.0587, -0.1121, -0.1483, -0.0791,
         0.0221, -0.0539,  0.1341, -0.0229,  0.1362,  0.0976,  0.0909,  0.1372,
         0.0870,  0.0845,  0.1413, -0.0785, -0.1314, -0.1116, -0.0285, -0.1256,
        -0.0554, -0.1188,  0.0959,  0.1502,  0.0371, -0.1019,  0.0483, -0.0402,
        -0.0204, -0.0946, -0.1328,  0.0166, -0.1202,  0.1196,  0.0317, -0.1710]), 'rvq_quantizer.layers.0._codebook.initted': tensor([1.]), 'rvq_quantizer.layers.0._codebook.cluster_size': tensor([[2.0000, 3.4297, 2.0000,  ..., 2.0000, 2.6202, 3.4855]]), 'rvq_quantizer.layers.0._codebook.embed_avg': tensor([[[-159.1178,   -0.9650, -108.2880,  ...,  -94.1131, -124.3734,
           -53.1629],
         [-202.2522,  -40.3878,  -50.4655,  ..., -105.8799, -128.3041,
           -19.7364],
         [-103.6535,  -34.2507,  -58.2329,  ...,   -8.1486,  -55.6441,
           -33.8451],
         ...,
         [-147.7962,   -9.6077,  -96.0216,  ...,  -84.8513, -137.7887,
           -56.6052],
         [-131.8109,  -34.7010,  -56.3203,  ...,  -52.2628,  -46.7015,
            -4.8738],
         [-266.8474,    3.0638, -163.1982,  ..., -144.4632, -260.9655,
           -93.2195]]]), 'rvq_quantizer.layers.0._codebook.embed': tensor([[[-79.5588,  -0.4825, -54.1439,  ..., -47.0565, -62.1866, -26.5814],
         [-58.9713, -11.7760, -14.7144,  ..., -30.8717, -37.4100,  -5.7546],
         [-51.8267, -17.1253, -29.1164,  ...,  -4.0743, -27.8221, -16.9226],
         ...,
         [-73.8981,  -4.8039, -48.0108,  ..., -42.4257, -68.8944, -28.3026],
         [-50.3052, -13.2435, -21.4945,  ..., -19.9459, -17.8234,  -1.8601],
         [-76.5583,   0.8790, -46.8214,  ..., -41.4464, -74.8708, -26.7446]]]), 'rvq_quantizer.layers.1._codebook.initted': tensor([1.]), 'rvq_quantizer.layers.1._codebook.cluster_size': tensor([[206.2149,   2.2018,   3.1181,  ...,   2.5849,   2.0629,   2.0000]]), 'rvq_quantizer.layers.1._codebook.embed_avg': tensor([[[-1.1295e-03, -1.4721e-04, -6.0596e-04,  ..., -4.8594e-04,
          -7.2626e-04, -2.2748e-04],
         [-3.1171e+00,  4.7791e+00,  2.0489e+00,  ...,  2.6521e+00,
          -2.9901e+00,  4.0244e+00],
         [-1.0563e+01, -4.6059e+00,  5.0100e+00,  ..., -4.4782e-01,
          -1.2471e+00,  1.4899e+00],
         ...,
         [ 1.2550e+01,  2.3490e-01, -9.9539e-01,  ...,  1.1010e+01,
           8.1237e+00, -2.4404e+00],
         [ 2.4840e+00, -7.2479e-01,  3.7986e+00,  ..., -9.1556e-01,
           4.8642e+00, -2.7682e+00],
         [-1.5586e+00,  7.4836e+00, -7.3001e+00,  ...,  1.1537e+01,
           2.9559e+00,  2.9023e+00]]]), 'rvq_quantizer.layers.1._codebook.embed': tensor([[[-5.4775e-06, -7.1388e-07, -2.9385e-06,  ..., -2.3565e-06,
          -3.5219e-06, -1.1031e-06],
         [-1.4157e+00,  2.1705e+00,  9.3053e-01,  ...,  1.2045e+00,
          -1.3580e+00,  1.8278e+00],
         [-3.3876e+00, -1.4771e+00,  1.6068e+00,  ..., -1.4362e-01,
          -3.9997e-01,  4.7782e-01],
         ...,
         [ 4.8552e+00,  9.0874e-02, -3.8508e-01,  ...,  4.2595e+00,
           3.1427e+00, -9.4408e-01],
         [ 1.2041e+00, -3.5134e-01,  1.8414e+00,  ..., -4.4382e-01,
           2.3579e+00, -1.3419e+00],
         [-7.7930e-01,  3.7418e+00, -3.6501e+00,  ...,  5.7686e+00,
           1.4780e+00,  1.4511e+00]]]), 'rvq_quantizer.layers.2._codebook.initted': tensor([1.]), 'rvq_quantizer.layers.2._codebook.cluster_size': tensor([[353.4030,   3.8302,   7.9028,  ...,   4.2429,   2.5703,   3.6781]]), 'rvq_quantizer.layers.2._codebook.embed_avg': tensor([[[-1.5319e-03, -1.8031e-04, -8.1557e-04,  ..., -6.8293e-04,
          -1.0638e-03, -3.4486e-04],
         [ 1.2440e+00, -5.8583e+00, -4.7431e+00,  ..., -7.0686e-01,
           4.4963e-02, -5.9487e+00],
         [-4.3025e-01, -3.8127e-01,  3.7704e-01,  ..., -6.7083e-01,
          -1.0896e+00,  2.2183e-01],
         ...,
         [-6.3424e+00,  4.0985e+00, -5.8528e+00,  ...,  2.3673e+00,
          -4.3523e+00, -6.4917e+00],
         [ 3.2416e-01, -1.7200e+00,  1.2776e+00,  ...,  2.1697e+00,
           1.0769e+00, -5.2862e-01],
         [ 2.7139e+00,  1.1709e-02, -4.6039e+00,  ...,  3.0202e+00,
          -4.1748e+00, -6.2155e-01]]]), 'rvq_quantizer.layers.2._codebook.embed': tensor([[[-4.3349e-06, -5.1022e-07, -2.3078e-06,  ..., -1.9324e-06,
          -3.0101e-06, -9.7584e-07],
         [ 3.2479e-01, -1.5295e+00, -1.2383e+00,  ..., -1.8455e-01,
           1.1739e-02, -1.5531e+00],
         [-5.4443e-02, -4.8246e-02,  4.7710e-02,  ..., -8.4885e-02,
          -1.3787e-01,  2.8070e-02],
         ...,
         [-1.4949e+00,  9.6598e-01, -1.3794e+00,  ...,  5.5796e-01,
          -1.0258e+00, -1.5300e+00],
         [ 1.2612e-01, -6.6919e-01,  4.9707e-01,  ...,  8.4415e-01,
           4.1900e-01, -2.0567e-01],
         [ 7.3785e-01,  3.1835e-03, -1.2517e+00,  ...,  8.2114e-01,
          -1.1351e+00, -1.6899e-01]]]), 'rvq_quantizer.layers.3._codebook.initted': tensor([1.]), 'rvq_quantizer.layers.3._codebook.cluster_size': tensor([[  8.8034, 357.4728,   3.7945,  ...,   2.0000,   2.0000,   2.8612]]), 'rvq_quantizer.layers.3._codebook.embed_avg': tensor([[[-3.9619e-01, -3.4545e-01,  3.4967e-01,  ..., -7.2245e-01,
          -1.2085e+00,  2.3944e-01],
         [-9.9660e-04, -1.2786e-04, -5.0975e-04,  ..., -4.4653e-04,
          -6.8203e-04, -2.0657e-04],
         [-3.3174e-01, -2.9125e-01, -8.6036e-01,  ...,  2.5262e-01,
          -1.6453e+00,  1.9381e+00],
         ...,
         [-8.3071e-01, -1.0885e-01,  3.7949e-01,  ..., -2.2248e-01,
          -1.8207e+00, -1.0601e+00],
         [-1.1502e+00,  1.8333e+00, -3.3620e+00,  ...,  3.3950e+00,
          -3.6239e-01,  2.5632e+00],
         [-2.7684e-02, -4.9010e-03, -9.1225e-03,  ...,  1.0706e-03,
           5.2214e-02,  1.5834e-02]]]), 'rvq_quantizer.layers.3._codebook.embed': tensor([[[-4.5004e-02, -3.9241e-02,  3.9720e-02,  ..., -8.2064e-02,
          -1.3728e-01,  2.7199e-02],
         [-2.7879e-06, -3.5767e-07, -1.4260e-06,  ..., -1.2491e-06,
          -1.9079e-06, -5.7787e-07],
         [-8.7425e-02, -7.6755e-02, -2.2674e-01,  ...,  6.6576e-02,
          -4.3360e-01,  5.1075e-01],
         ...,
         [-4.1536e-01, -5.4427e-02,  1.8974e-01,  ..., -1.1124e-01,
          -9.1037e-01, -5.3003e-01],
         [-5.7509e-01,  9.1666e-01, -1.6810e+00,  ...,  1.6975e+00,
          -1.8120e-01,  1.2816e+00],
         [-9.6758e-03, -1.7129e-03, -3.1883e-03,  ...,  3.7418e-04,
           1.8249e-02,  5.5340e-03]]])})
Loss:  tensor(1.6024, grad_fn=<MeanBackward0>)
OrderedDict({'rvq_quantizer.project_in.weight': tensor([[ 0.1123,  0.0320, -0.0450,  ...,  0.1083, -0.0613,  0.0830],
        [-0.0007,  0.0301,  0.0586,  ...,  0.0461, -0.0547, -0.0324],
        [ 0.0594, -0.0739,  0.0233,  ..., -0.0870, -0.1202,  0.0586],
        ...,
        [ 0.0612,  0.0034, -0.0758,  ...,  0.0983,  0.0446,  0.0617],
        [ 0.1162, -0.0419, -0.0538,  ..., -0.1202, -0.0991,  0.0334],
        [ 0.0399, -0.0963, -0.0384,  ..., -0.1183, -0.0075, -0.1033]]), 'rvq_quantizer.project_in.bias': tensor([ 0.0007,  0.0028, -0.0392,  0.0722, -0.0533, -0.1061,  0.0724, -0.0837,
         0.0315, -0.0616, -0.0902,  0.0147,  0.0306, -0.1214,  0.0967,  0.0513,
         0.1134, -0.0119,  0.0959,  0.1189,  0.1056,  0.1135,  0.0500, -0.0678,
        -0.0406, -0.0238,  0.0122, -0.0237,  0.0367, -0.0865,  0.0638, -0.0592]), 'rvq_quantizer.project_out.weight': tensor([[ 1.7297e-01, -7.7242e-02,  1.4315e-01,  ..., -9.3891e-03,
          4.6688e-02,  2.6892e-02],
        [-1.2556e-01,  6.1723e-03,  7.3092e-02,  ...,  9.3280e-02,
          1.4586e-01,  1.3955e-01],
        [ 2.5525e-02,  2.4489e-02,  1.1027e-01,  ..., -3.5292e-02,
         -8.5630e-02, -1.7585e-02],
        ...,
        [-1.1142e-01,  1.1344e-01,  1.7359e-03,  ..., -4.1507e-02,
          1.0128e-01, -1.6361e-01],
        [ 8.1643e-03,  1.1110e-02,  1.2083e-01,  ...,  5.7392e-03,
         -1.2658e-01, -8.9246e-05],
        [ 1.1302e-01,  7.6405e-02,  1.5586e-01,  ...,  2.4890e-02,
         -8.8728e-02,  1.3402e-01]]), 'rvq_quantizer.project_out.bias': tensor([ 0.0184,  0.1213,  0.0966,  0.0149, -0.0584,  0.1491, -0.1232, -0.0948,
         0.0769,  0.1567, -0.0673,  0.0828, -0.1253,  0.1187, -0.1478,  0.1035,
         0.0257,  0.1767, -0.1063, -0.0178,  0.0536,  0.1559,  0.0004,  0.0875,
        -0.0399, -0.1251, -0.0878, -0.0239,  0.0587, -0.1121, -0.1483, -0.0791,
         0.0221, -0.0539,  0.1341, -0.0229,  0.1362,  0.0976,  0.0909,  0.1372,
         0.0870,  0.0845,  0.1413, -0.0785, -0.1314, -0.1116, -0.0285, -0.1256,
        -0.0554, -0.1188,  0.0959,  0.1502,  0.0371, -0.1019,  0.0483, -0.0402,
        -0.0204, -0.0946, -0.1328,  0.0166, -0.1202,  0.1196,  0.0317, -0.1710]), 'rvq_quantizer.layers.0._codebook.initted': tensor([1.]), 'rvq_quantizer.layers.0._codebook.cluster_size': tensor([[2.0000, 3.3867, 2.0000,  ..., 2.0000, 2.5582, 3.4370]]), 'rvq_quantizer.layers.0._codebook.embed_avg': tensor([[[-158.8827,   -0.9587, -108.1384,  ...,  -93.9163, -124.4051,
           -53.1515],
         [-199.7819,  -40.0525,  -49.8582,  ..., -105.2820, -126.6153,
           -18.9437],
         [-106.1235,  -16.1514,  -71.8736,  ...,  -50.2854,  -70.1684,
           -15.6455],
         ...,
         [-162.7924,   -1.8969,  -89.1969,  ...,  -88.3953, -155.1536,
           -54.2338],
         [-128.6496,  -33.8482,  -54.9091,  ...,  -50.8252,  -45.5520,
            -5.1872],
         [-263.0082,    3.0584, -160.8569,  ..., -142.2663, -257.4416,
           -91.8924]]]), 'rvq_quantizer.layers.0._codebook.embed': tensor([[[-79.4412,  -0.4793, -54.0691,  ..., -46.9581, -62.2025, -26.5757],
         [-58.9900, -11.8264, -14.7217,  ..., -31.0868, -37.3860,  -5.5935],
         [-53.0618,  -8.0757, -35.9368,  ..., -25.1427, -35.0842,  -7.8228],
         ...,
         [-81.3962,  -0.9484, -44.5984,  ..., -44.1976, -77.5768, -27.1169],
         [-50.2891, -13.2312, -21.4640,  ..., -19.8675, -17.8063,  -2.0277],
         [-76.5228,   0.8898, -46.8017,  ..., -41.3927, -74.9032, -26.7363]]]), 'rvq_quantizer.layers.1._codebook.initted': tensor([1.]), 'rvq_quantizer.layers.1._codebook.cluster_size': tensor([[219.3934,   2.2817,   3.0063,  ...,   2.5264,   2.0566,   2.0000]]), 'rvq_quantizer.layers.1._codebook.embed_avg': tensor([[[-1.1997e-03, -1.5272e-04, -6.4474e-04,  ..., -5.1088e-04,
          -7.6712e-04, -2.4568e-04],
         [-3.2018e+00,  5.0133e+00,  2.1543e+00,  ...,  2.7465e+00,
          -3.0708e+00,  4.1863e+00],
         [-1.0457e+01, -4.5880e+00,  4.9340e+00,  ..., -2.7241e-01,
          -1.3035e+00,  1.4295e+00],
         ...,
         [ 1.2317e+01,  1.8641e-01, -9.4471e-01,  ...,  1.0927e+01,
           8.2505e+00, -2.4032e+00],
         [ 2.6436e+00, -6.9579e-01,  3.7467e+00,  ..., -7.5802e-01,
           4.8406e+00, -2.8955e+00],
         [ 0.0000e+00,  0.0000e+00,  0.0000e+00,  ...,  0.0000e+00,
           0.0000e+00,  0.0000e+00]]]), 'rvq_quantizer.layers.1._codebook.embed': tensor([[[-5.4682e-06, -6.9608e-07, -2.9387e-06,  ..., -2.3286e-06,
          -3.4966e-06, -1.1198e-06],
         [-1.4033e+00,  2.1972e+00,  9.4419e-01,  ...,  1.2038e+00,
          -1.3459e+00,  1.8348e+00],
         [-3.4784e+00, -1.5261e+00,  1.6412e+00,  ..., -9.0613e-02,
          -4.3359e-01,  4.7551e-01],
         ...,
         [ 4.8752e+00,  7.3784e-02, -3.7393e-01,  ...,  4.3249e+00,
           3.2657e+00, -9.5124e-01],
         [ 1.2854e+00, -3.3832e-01,  1.8218e+00,  ..., -3.6858e-01,
           2.3537e+00, -1.4079e+00],
         [ 0.0000e+00,  0.0000e+00,  0.0000e+00,  ...,  0.0000e+00,
           0.0000e+00,  0.0000e+00]]]), 'rvq_quantizer.layers.2._codebook.initted': tensor([1.]), 'rvq_quantizer.layers.2._codebook.cluster_size': tensor([[356.2627,   3.8472,   7.2125,  ...,   4.3186,   2.5132,   3.8103]]), 'rvq_quantizer.layers.2._codebook.embed_avg': tensor([[[-1.5337e-03, -1.7913e-04, -8.1714e-04,  ..., -6.7146e-04,
          -1.0603e-03, -3.4559e-04],
         [ 1.4190e+00, -5.9911e+00, -4.7074e+00,  ..., -7.2432e-01,
          -3.9999e-02, -6.1155e+00],
         [-3.6611e-01, -3.5810e-01,  3.3646e-01,  ..., -6.0749e-01,
          -1.0189e+00,  1.8964e-01],
         ...,
         [-6.5808e+00,  3.9783e+00, -5.7936e+00,  ...,  2.2048e+00,
          -4.4915e+00, -6.0844e+00],
         [ 4.4082e-01, -1.5695e+00,  1.2081e+00,  ...,  1.8976e+00,
           1.1869e+00, -6.5581e-01],
         [ 2.7547e+00, -2.2252e-01, -4.3445e+00,  ...,  3.0791e+00,
          -4.0736e+00, -5.7140e-01]]]), 'rvq_quantizer.layers.2._codebook.embed': tensor([[[-4.3051e-06, -5.0279e-07, -2.2936e-06,  ..., -1.8847e-06,
          -2.9762e-06, -9.7004e-07],
         [ 3.6885e-01, -1.5573e+00, -1.2236e+00,  ..., -1.8827e-01,
          -1.0397e-02, -1.5896e+00],
         [-5.0760e-02, -4.9650e-02,  4.6649e-02,  ..., -8.4228e-02,
          -1.4127e-01,  2.6293e-02],
         ...,
         [-1.5238e+00,  9.2122e-01, -1.3415e+00,  ...,  5.1054e-01,
          -1.0400e+00, -1.4089e+00],
         [ 1.7540e-01, -6.2451e-01,  4.8069e-01,  ...,  7.5505e-01,
           4.7226e-01, -2.6094e-01],
         [ 7.2298e-01, -5.8400e-02, -1.1402e+00,  ...,  8.0810e-01,
          -1.0691e+00, -1.4996e-01]]]), 'rvq_quantizer.layers.3._codebook.initted': tensor([1.]), 'rvq_quantizer.layers.3._codebook.cluster_size': tensor([[  8.0231, 359.8255,   3.7151,  ...,   2.0000,   2.0000,   3.1751]]), 'rvq_quantizer.layers.3._codebook.embed_avg': tensor([[[-3.6134e-01, -3.1612e-01,  3.2168e-01,  ..., -6.7094e-01,
          -1.1065e+00,  2.0385e-01],
         [-9.9721e-04, -1.2549e-04, -5.1272e-04,  ..., -4.3401e-04,
          -6.7915e-04, -2.0864e-04],
         [-3.0287e-01, -2.8868e-01, -8.7622e-01,  ...,  3.4364e-01,
          -1.5757e+00,  1.9140e+00],
         ...,
         [-8.4546e-01, -8.5543e-02,  3.4554e-01,  ..., -2.9468e-01,
          -1.8618e+00, -9.3735e-01],
         [ 2.4217e-01,  1.5320e-01, -1.2300e+00,  ...,  1.3514e+00,
          -1.7907e+00,  5.9374e-01],
         [-2.8694e-02, -1.0795e-02, -1.2099e-02,  ...,  5.6622e-03,
           5.6393e-02,  8.3391e-03]]]), 'rvq_quantizer.layers.3._codebook.embed': tensor([[[-4.5037e-02, -3.9401e-02,  4.0095e-02,  ..., -8.3627e-02,
          -1.3792e-01,  2.5408e-02],
         [-2.7714e-06, -3.4876e-07, -1.4249e-06,  ..., -1.2062e-06,
          -1.8875e-06, -5.7985e-07],
         [-8.1526e-02, -7.7704e-02, -2.3585e-01,  ...,  9.2498e-02,
          -4.2412e-01,  5.1520e-01],
         ...,
         [-4.2273e-01, -4.2771e-02,  1.7277e-01,  ..., -1.4734e-01,
          -9.3088e-01, -4.6868e-01],
         [ 1.2109e-01,  7.6598e-02, -6.1500e-01,  ...,  6.7570e-01,
          -8.9536e-01,  2.9687e-01],
         [-9.0372e-03, -3.4000e-03, -3.8107e-03,  ...,  1.7833e-03,
           1.7761e-02,  2.6264e-03]]])})
Loss:  tensor(1.5874, grad_fn=<MeanBackward0>)
OrderedDict({'rvq_quantizer.project_in.weight': tensor([[ 0.1123,  0.0320, -0.0450,  ...,  0.1083, -0.0613,  0.0830],
        [-0.0007,  0.0301,  0.0586,  ...,  0.0461, -0.0547, -0.0324],
        [ 0.0594, -0.0739,  0.0233,  ..., -0.0870, -0.1202,  0.0586],
        ...,
        [ 0.0612,  0.0034, -0.0758,  ...,  0.0983,  0.0446,  0.0617],
        [ 0.1162, -0.0419, -0.0538,  ..., -0.1202, -0.0991,  0.0334],
        [ 0.0399, -0.0963, -0.0384,  ..., -0.1183, -0.0075, -0.1033]]), 'rvq_quantizer.project_in.bias': tensor([ 0.0007,  0.0028, -0.0392,  0.0722, -0.0533, -0.1061,  0.0724, -0.0837,
         0.0315, -0.0616, -0.0902,  0.0147,  0.0306, -0.1214,  0.0967,  0.0513,
         0.1134, -0.0119,  0.0959,  0.1189,  0.1056,  0.1135,  0.0500, -0.0678,
        -0.0406, -0.0238,  0.0122, -0.0237,  0.0367, -0.0865,  0.0638, -0.0592]), 'rvq_quantizer.project_out.weight': tensor([[ 1.7297e-01, -7.7242e-02,  1.4315e-01,  ..., -9.3891e-03,
          4.6688e-02,  2.6892e-02],
        [-1.2556e-01,  6.1723e-03,  7.3092e-02,  ...,  9.3280e-02,
          1.4586e-01,  1.3955e-01],
        [ 2.5525e-02,  2.4489e-02,  1.1027e-01,  ..., -3.5292e-02,
         -8.5630e-02, -1.7585e-02],
        ...,
        [-1.1142e-01,  1.1344e-01,  1.7359e-03,  ..., -4.1507e-02,
          1.0128e-01, -1.6361e-01],
        [ 8.1643e-03,  1.1110e-02,  1.2083e-01,  ...,  5.7392e-03,
         -1.2658e-01, -8.9246e-05],
        [ 1.1302e-01,  7.6405e-02,  1.5586e-01,  ...,  2.4890e-02,
         -8.8728e-02,  1.3402e-01]]), 'rvq_quantizer.project_out.bias': tensor([ 0.0184,  0.1213,  0.0966,  0.0149, -0.0584,  0.1491, -0.1232, -0.0948,
         0.0769,  0.1567, -0.0673,  0.0828, -0.1253,  0.1187, -0.1478,  0.1035,
         0.0257,  0.1767, -0.1063, -0.0178,  0.0536,  0.1559,  0.0004,  0.0875,
        -0.0399, -0.1251, -0.0878, -0.0239,  0.0587, -0.1121, -0.1483, -0.0791,
         0.0221, -0.0539,  0.1341, -0.0229,  0.1362,  0.0976,  0.0909,  0.1372,
         0.0870,  0.0845,  0.1413, -0.0785, -0.1314, -0.1116, -0.0285, -0.1256,
        -0.0554, -0.1188,  0.0959,  0.1502,  0.0371, -0.1019,  0.0483, -0.0402,
        -0.0204, -0.0946, -0.1328,  0.0166, -0.1202,  0.1196,  0.0317, -0.1710]), 'rvq_quantizer.layers.0._codebook.initted': tensor([1.]), 'rvq_quantizer.layers.0._codebook.cluster_size': tensor([[2.0000, 3.2480, 2.0000,  ..., 2.0000, 2.6024, 3.2933]]), 'rvq_quantizer.layers.0._codebook.embed_avg': tensor([[[-158.6712,   -0.9530, -108.0038,  ...,  -93.7392, -124.4337,
           -53.1413],
         [-191.5134,  -38.4639,  -48.0102,  ..., -101.5382, -121.6823,
           -17.9235],
         [-129.0834,  -28.0573,  -87.9558,  ...,  -51.5506,  -76.4973,
           -26.8704],
         ...,
         [-137.2651,  -33.4704,  -81.6403,  ...,  -37.5125, -102.4255,
           -24.3754],
         [-130.8673,  -34.4152,  -55.8158,  ...,  -51.6822,  -46.2463,
            -5.2111],
         [-252.1523,    2.9876, -154.1465,  ..., -136.4451, -246.6675,
           -88.1815]]]), 'rvq_quantizer.layers.0._codebook.embed': tensor([[[-79.3355,  -0.4765, -54.0018,  ..., -46.8695, -62.2168, -26.5706],
         [-58.9628, -11.8422, -14.7813,  ..., -31.2614, -37.4633,  -5.5183],
         [-64.5417, -14.0287, -43.9779,  ..., -25.7753, -38.2487, -13.4352],
         ...,
         [-68.6326, -16.7352, -40.8201,  ..., -18.7562, -51.2127, -12.1877],
         [-50.2875, -13.2245, -21.4480,  ..., -19.8596, -17.7707,  -2.0024],
         [-76.5654,   0.9072, -46.8062,  ..., -41.4312, -74.9000, -26.7761]]]), 'rvq_quantizer.layers.1._codebook.initted': tensor([1.]), 'rvq_quantizer.layers.1._codebook.cluster_size': tensor([[230.0541,   2.2535,   2.9057,  ...,   2.4738,   2.0509,   2.0000]]), 'rvq_quantizer.layers.1._codebook.embed_avg': tensor([[[-1.2598e-03, -1.6196e-04, -6.7429e-04,  ..., -5.4085e-04,
          -8.2030e-04, -2.5733e-04],
         [-3.0962e+00,  4.9631e+00,  2.0426e+00,  ...,  2.6179e+00,
          -3.0345e+00,  4.0050e+00],
         [-9.8539e+00, -4.4883e+00,  4.6964e+00,  ..., -4.8706e-01,
          -1.1866e+00,  1.3443e+00],
         ...,
         [ 1.2060e+01,  1.3278e-04, -1.1046e+00,  ...,  1.0761e+01,
           8.2120e+00, -1.8739e+00],
         [ 2.7886e+00, -6.7707e-01,  3.7028e+00,  ..., -6.0238e-01,
           4.8078e+00, -3.0047e+00],
         [ 4.6334e+00, -4.0331e+00, -3.8541e+00,  ..., -3.4724e-01,
           4.8399e+00,  5.4788e+00]]]), 'rvq_quantizer.layers.1._codebook.embed': tensor([[[-5.4760e-06, -7.0401e-07, -2.9310e-06,  ..., -2.3510e-06,
          -3.5657e-06, -1.1186e-06],
         [-1.3739e+00,  2.2024e+00,  9.0644e-01,  ...,  1.1617e+00,
          -1.3466e+00,  1.7772e+00],
         [-3.3913e+00, -1.5447e+00,  1.6163e+00,  ..., -1.6762e-01,
          -4.0839e-01,  4.6266e-01],
         ...,
         [ 4.8752e+00,  5.3673e-05, -4.4654e-01,  ...,  4.3500e+00,
           3.3196e+00, -7.5752e-01],
         [ 1.3597e+00, -3.3012e-01,  1.8054e+00,  ..., -2.9371e-01,
           2.3442e+00, -1.4650e+00],
         [ 2.3167e+00, -2.0165e+00, -1.9270e+00,  ..., -1.7362e-01,
           2.4200e+00,  2.7394e+00]]]), 'rvq_quantizer.layers.2._codebook.initted': tensor([1.]), 'rvq_quantizer.layers.2._codebook.cluster_size': tensor([[358.6364,   3.7624,   6.6913,  ...,   4.4867,   2.3619,   3.8292]]), 'rvq_quantizer.layers.2._codebook.embed_avg': tensor([[[-1.5103e-03, -1.8634e-04, -8.0831e-04,  ..., -6.6541e-04,
          -1.0423e-03, -3.3297e-04],
         [ 1.3383e+00, -5.9242e+00, -4.6182e+00,  ..., -6.5341e-01,
           8.3791e-03, -5.9998e+00],
         [-3.4854e-01, -3.4934e-01,  3.3410e-01,  ..., -5.8934e-01,
          -9.7146e-01,  1.7945e-01],
         ...,
         [-7.0359e+00,  4.2585e+00, -6.3627e+00,  ...,  2.2897e+00,
          -5.0105e+00, -6.0731e+00],
         [ 3.1751e-01, -1.5431e+00,  1.1876e+00,  ...,  1.8291e+00,
           8.1643e-01, -6.1583e-01],
         [ 2.9051e+00, -4.2566e-01, -4.7237e+00,  ...,  3.1836e+00,
          -4.2504e+00, -5.3826e-01]]]), 'rvq_quantizer.layers.2._codebook.embed': tensor([[[-4.2112e-06, -5.1957e-07, -2.2538e-06,  ..., -1.8554e-06,
          -2.9063e-06, -9.2844e-07],
         [ 3.5569e-01, -1.5746e+00, -1.2275e+00,  ..., -1.7367e-01,
           2.2270e-03, -1.5946e+00],
         [-5.2089e-02, -5.2209e-02,  4.9931e-02,  ..., -8.8076e-02,
          -1.4518e-01,  2.6819e-02],
         ...,
         [-1.5682e+00,  9.4915e-01, -1.4181e+00,  ...,  5.1032e-01,
          -1.1167e+00, -1.3536e+00],
         [ 1.3443e-01, -6.5334e-01,  5.0281e-01,  ...,  7.7443e-01,
           3.4566e-01, -2.6073e-01],
         [ 7.5866e-01, -1.1116e-01, -1.2336e+00,  ...,  8.3139e-01,
          -1.1100e+00, -1.4057e-01]]]), 'rvq_quantizer.layers.3._codebook.initted': tensor([1.]), 'rvq_quantizer.layers.3._codebook.cluster_size': tensor([[  7.4208, 361.7430,   3.4436,  ...,   2.0000,   2.0000,   2.9576]]), 'rvq_quantizer.layers.3._codebook.embed_avg': tensor([[[-3.4865e-01, -2.7798e-01,  2.8741e-01,  ..., -6.3245e-01,
          -1.0198e+00,  2.0715e-01],
         [-9.6930e-04, -1.3137e-04, -5.0566e-04,  ..., -4.2778e-04,
          -6.6063e-04, -1.9815e-04],
         [-2.5055e-01, -2.9152e-01, -8.2349e-01,  ...,  3.7572e-01,
          -1.4667e+00,  1.7833e+00],
         ...,
         [-1.2684e+00, -1.1348e+00, -7.6785e-02,  ...,  7.4676e-02,
           1.8312e+00,  3.5195e-01],
         [ 1.1208e-01,  6.8593e-02, -1.3803e+00,  ...,  1.4064e+00,
          -1.8301e+00,  4.1765e-01],
         [-2.8787e-02, -1.0271e-02, -1.2571e-02,  ...,  5.9685e-03,
           4.8842e-02,  8.1863e-03]]]), 'rvq_quantizer.layers.3._codebook.embed': tensor([[[-4.6983e-02, -3.7460e-02,  3.8731e-02,  ..., -8.5227e-02,
          -1.3743e-01,  2.7915e-02],
         [-2.6795e-06, -3.6317e-07, -1.3979e-06,  ..., -1.1826e-06,
          -1.8262e-06, -5.4777e-07],
         [-7.2759e-02, -8.4656e-02, -2.3914e-01,  ...,  1.0911e-01,
          -4.2593e-01,  5.1786e-01],
         ...,
         [-6.3419e-01, -5.6739e-01, -3.8393e-02,  ...,  3.7338e-02,
           9.1562e-01,  1.7597e-01],
         [ 5.6038e-02,  3.4297e-02, -6.9017e-01,  ...,  7.0320e-01,
          -9.1507e-01,  2.0883e-01],
         [-9.7333e-03, -3.4727e-03, -4.2503e-03,  ...,  2.0180e-03,
           1.6514e-02,  2.7679e-03]]])})
Loss:  tensor(1.5879, grad_fn=<MeanBackward0>)
OrderedDict({'rvq_quantizer.project_in.weight': tensor([[ 0.1123,  0.0320, -0.0450,  ...,  0.1083, -0.0613,  0.0830],
        [-0.0007,  0.0301,  0.0586,  ...,  0.0461, -0.0547, -0.0324],
        [ 0.0594, -0.0739,  0.0233,  ..., -0.0870, -0.1202,  0.0586],
        ...,
        [ 0.0612,  0.0034, -0.0758,  ...,  0.0983,  0.0446,  0.0617],
        [ 0.1162, -0.0419, -0.0538,  ..., -0.1202, -0.0991,  0.0334],
        [ 0.0399, -0.0963, -0.0384,  ..., -0.1183, -0.0075, -0.1033]]), 'rvq_quantizer.project_in.bias': tensor([ 0.0007,  0.0028, -0.0392,  0.0722, -0.0533, -0.1061,  0.0724, -0.0837,
         0.0315, -0.0616, -0.0902,  0.0147,  0.0306, -0.1214,  0.0967,  0.0513,
         0.1134, -0.0119,  0.0959,  0.1189,  0.1056,  0.1135,  0.0500, -0.0678,
        -0.0406, -0.0238,  0.0122, -0.0237,  0.0367, -0.0865,  0.0638, -0.0592]), 'rvq_quantizer.project_out.weight': tensor([[ 1.7297e-01, -7.7242e-02,  1.4315e-01,  ..., -9.3891e-03,
          4.6688e-02,  2.6892e-02],
        [-1.2556e-01,  6.1723e-03,  7.3092e-02,  ...,  9.3280e-02,
          1.4586e-01,  1.3955e-01],
        [ 2.5525e-02,  2.4489e-02,  1.1027e-01,  ..., -3.5292e-02,
         -8.5630e-02, -1.7585e-02],
        ...,
        [-1.1142e-01,  1.1344e-01,  1.7359e-03,  ..., -4.1507e-02,
          1.0128e-01, -1.6361e-01],
        [ 8.1643e-03,  1.1110e-02,  1.2083e-01,  ...,  5.7392e-03,
         -1.2658e-01, -8.9246e-05],
        [ 1.1302e-01,  7.6405e-02,  1.5586e-01,  ...,  2.4890e-02,
         -8.8728e-02,  1.3402e-01]]), 'rvq_quantizer.project_out.bias': tensor([ 0.0184,  0.1213,  0.0966,  0.0149, -0.0584,  0.1491, -0.1232, -0.0948,
         0.0769,  0.1567, -0.0673,  0.0828, -0.1253,  0.1187, -0.1478,  0.1035,
         0.0257,  0.1767, -0.1063, -0.0178,  0.0536,  0.1559,  0.0004,  0.0875,
        -0.0399, -0.1251, -0.0878, -0.0239,  0.0587, -0.1121, -0.1483, -0.0791,
         0.0221, -0.0539,  0.1341, -0.0229,  0.1362,  0.0976,  0.0909,  0.1372,
         0.0870,  0.0845,  0.1413, -0.0785, -0.1314, -0.1116, -0.0285, -0.1256,
        -0.0554, -0.1188,  0.0959,  0.1502,  0.0371, -0.1019,  0.0483, -0.0402,
        -0.0204, -0.0946, -0.1328,  0.0166, -0.1202,  0.1196,  0.0317, -0.1710]), 'rvq_quantizer.layers.0._codebook.initted': tensor([1.]), 'rvq_quantizer.layers.0._codebook.cluster_size': tensor([[2.0000, 3.3909, 2.0000,  ..., 2.0000, 2.3879, 3.2376]]), 'rvq_quantizer.layers.0._codebook.embed_avg': tensor([[[-156.2514,   -4.6019,  -90.2354,  ...,  -76.6105, -156.4769,
           -54.0586],
         [-200.0057,  -40.1398,  -49.9903,  ..., -105.6960, -126.8477,
           -18.8175],
         [-159.6984,    1.7000,  -90.6708,  ...,  -76.1838, -158.3068,
           -60.6099],
         ...,
         [ -92.5019,  -30.3602,  -83.3335,  ...,  -27.3237,  -46.8770,
           -15.8068],
         [-120.0614,  -31.4596,  -50.9326,  ...,  -47.3129,  -41.7812,
            -4.2303],
         [-248.0070,    3.0732, -151.8109,  ..., -134.1752, -242.5954,
           -87.1593]]]), 'rvq_quantizer.layers.0._codebook.embed': tensor([[[-78.1256,  -2.3009, -45.1176,  ..., -38.3052, -78.2383, -27.0293],
         [-58.9829, -11.8375, -14.7425,  ..., -31.1704, -37.4082,  -5.5494],
         [-79.8492,   0.8500, -45.3354,  ..., -38.0919, -79.1534, -30.3049],
         ...,
         [-46.2509, -15.1801, -41.6667,  ..., -13.6618, -23.4385,  -7.9034],
         [-50.2784, -13.1744, -21.3292,  ..., -19.8133, -17.4968,  -1.7716],
         [-76.6029,   0.9492, -46.8904,  ..., -41.4432, -74.9314, -26.9212]]]), 'rvq_quantizer.layers.1._codebook.initted': tensor([1.]), 'rvq_quantizer.layers.1._codebook.cluster_size': tensor([[251.7438,   2.2053,   2.9236,  ...,   2.5738,   2.1413,   2.0000]]), 'rvq_quantizer.layers.1._codebook.embed_avg': tensor([[[-1.4128e-03, -1.8008e-04, -7.5538e-04,  ..., -6.0410e-04,
          -9.0691e-04, -2.9136e-04],
         [-2.9320e+00,  5.0765e+00,  2.0188e+00,  ...,  2.4926e+00,
          -2.9439e+00,  3.8851e+00],
         [-1.0146e+01, -4.7794e+00,  4.8300e+00,  ..., -4.3452e-01,
          -1.3687e+00,  1.4005e+00],
         ...,
         [ 1.2474e+01, -4.9537e-02, -1.1512e+00,  ...,  1.1029e+01,
           8.7349e+00, -1.5251e+00],
         [ 3.2004e+00, -1.1081e+00,  3.4362e+00,  ..., -1.4378e+00,
           5.5671e+00, -3.3145e+00],
         [ 0.0000e+00,  0.0000e+00,  0.0000e+00,  ...,  0.0000e+00,
           0.0000e+00,  0.0000e+00]]]), 'rvq_quantizer.layers.1._codebook.embed': tensor([[[-5.6121e-06, -7.1532e-07, -3.0006e-06,  ..., -2.3997e-06,
          -3.6025e-06, -1.1574e-06],
         [-1.3295e+00,  2.3019e+00,  9.1543e-01,  ...,  1.1303e+00,
          -1.3349e+00,  1.7617e+00],
         [-3.4703e+00, -1.6348e+00,  1.6521e+00,  ..., -1.4863e-01,
          -4.6816e-01,  4.7903e-01],
         ...,
         [ 4.8467e+00, -1.9247e-02, -4.4728e-01,  ...,  4.2852e+00,
           3.3938e+00, -5.9258e-01],
         [ 1.4946e+00, -5.1749e-01,  1.6048e+00,  ..., -6.7148e-01,
           2.5999e+00, -1.5479e+00],
         [ 0.0000e+00,  0.0000e+00,  0.0000e+00,  ...,  0.0000e+00,
           0.0000e+00,  0.0000e+00]]]), 'rvq_quantizer.layers.2._codebook.initted': tensor([1.]), 'rvq_quantizer.layers.2._codebook.cluster_size': tensor([[364.0055,   3.7176,   5.8099,  ...,   4.5042,   2.4832,   3.8517]]), 'rvq_quantizer.layers.2._codebook.embed_avg': tensor([[[-1.5221e-03, -1.9143e-04, -8.1081e-04,  ..., -6.6030e-04,
          -1.0269e-03, -3.3073e-04],
         [ 1.5037e+00, -5.8449e+00, -4.6772e+00,  ..., -7.6510e-01,
          -4.0779e-02, -6.0066e+00],
         [-3.0371e-01, -3.1335e-01,  2.8487e-01,  ..., -5.1939e-01,
          -8.5824e-01,  1.6575e-01],
         ...,
         [-6.9230e+00,  4.3058e+00, -6.3972e+00,  ...,  2.6467e+00,
          -5.1439e+00, -5.9908e+00],
         [ 5.7042e-01, -1.3908e+00,  1.4327e+00,  ...,  2.2214e+00,
           1.0072e+00, -4.4270e-01],
         [ 2.8180e+00, -7.1954e-01, -4.6653e+00,  ...,  2.9360e+00,
          -4.4035e+00, -4.1822e-01]]]), 'rvq_quantizer.layers.2._codebook.embed': tensor([[[-4.1815e-06, -5.2590e-07, -2.2275e-06,  ..., -1.8140e-06,
          -2.8212e-06, -9.0860e-07],
         [ 4.0448e-01, -1.5722e+00, -1.2581e+00,  ..., -2.0581e-01,
          -1.0969e-02, -1.6157e+00],
         [-5.2275e-02, -5.3933e-02,  4.9032e-02,  ..., -8.9397e-02,
          -1.4772e-01,  2.8528e-02],
         ...,
         [-1.5370e+00,  9.5595e-01, -1.4203e+00,  ...,  5.8761e-01,
          -1.1420e+00, -1.3300e+00],
         [ 2.2972e-01, -5.6008e-01,  5.7697e-01,  ...,  8.9459e-01,
           4.0562e-01, -1.7828e-01],
         [ 7.3162e-01, -1.8681e-01, -1.2112e+00,  ...,  7.6226e-01,
          -1.1433e+00, -1.0858e-01]]]), 'rvq_quantizer.layers.3._codebook.initted': tensor([1.]), 'rvq_quantizer.layers.3._codebook.cluster_size': tensor([[  6.3008, 366.4318,   3.5393,  ...,   2.0000,   2.0900,   2.8656]]), 'rvq_quantizer.layers.3._codebook.embed_avg': tensor([[[-3.1509e-01, -1.7557e-01,  2.9986e-01,  ..., -5.3701e-01,
          -8.7575e-01,  2.3042e-01],
         [-9.8072e-04, -1.3470e-04, -5.0990e-04,  ..., -4.2119e-04,
          -6.4531e-04, -1.9799e-04],
         [-3.2220e-01, -3.1747e-01, -1.1321e+00,  ...,  4.4591e-01,
          -1.7794e+00,  2.0980e+00],
         ...,
         [ 0.0000e+00,  0.0000e+00,  0.0000e+00,  ...,  0.0000e+00,
           0.0000e+00,  0.0000e+00],
         [-2.7463e-02, -4.4356e-02, -1.6279e+00,  ...,  1.5506e+00,
          -1.9274e+00,  1.4689e-01],
         [-2.9891e-02, -1.4514e-02, -1.5847e-02,  ...,  1.5040e-02,
           4.5450e-02,  3.8429e-03]]]), 'rvq_quantizer.layers.3._codebook.embed': tensor([[[-5.0007e-02, -2.7865e-02,  4.7591e-02,  ..., -8.5228e-02,
          -1.3899e-01,  3.6569e-02],
         [-2.6764e-06, -3.6759e-07, -1.3915e-06,  ..., -1.1495e-06,
          -1.7611e-06, -5.4033e-07],
         [-9.1036e-02, -8.9700e-02, -3.1986e-01,  ...,  1.2599e-01,
          -5.0276e-01,  5.9277e-01],
         ...,
         [ 0.0000e+00,  0.0000e+00,  0.0000e+00,  ...,  0.0000e+00,
           0.0000e+00,  0.0000e+00],
         [-1.3140e-02, -2.1223e-02, -7.7889e-01,  ...,  7.4191e-01,
          -9.2219e-01,  7.0283e-02],
         [-1.0431e-02, -5.0647e-03, -5.5299e-03,  ...,  5.2483e-03,
           1.5860e-02,  1.3410e-03]]])})
Loss:  tensor(1.5976, grad_fn=<MeanBackward0>)
OrderedDict({'rvq_quantizer.project_in.weight': tensor([[ 0.1123,  0.0320, -0.0450,  ...,  0.1083, -0.0613,  0.0830],
        [-0.0007,  0.0301,  0.0586,  ...,  0.0461, -0.0547, -0.0324],
        [ 0.0594, -0.0739,  0.0233,  ..., -0.0870, -0.1202,  0.0586],
        ...,
        [ 0.0612,  0.0034, -0.0758,  ...,  0.0983,  0.0446,  0.0617],
        [ 0.1162, -0.0419, -0.0538,  ..., -0.1202, -0.0991,  0.0334],
        [ 0.0399, -0.0963, -0.0384,  ..., -0.1183, -0.0075, -0.1033]]), 'rvq_quantizer.project_in.bias': tensor([ 0.0007,  0.0028, -0.0392,  0.0722, -0.0533, -0.1061,  0.0724, -0.0837,
         0.0315, -0.0616, -0.0902,  0.0147,  0.0306, -0.1214,  0.0967,  0.0513,
         0.1134, -0.0119,  0.0959,  0.1189,  0.1056,  0.1135,  0.0500, -0.0678,
        -0.0406, -0.0238,  0.0122, -0.0237,  0.0367, -0.0865,  0.0638, -0.0592]), 'rvq_quantizer.project_out.weight': tensor([[ 1.7297e-01, -7.7242e-02,  1.4315e-01,  ..., -9.3891e-03,
          4.6688e-02,  2.6892e-02],
        [-1.2556e-01,  6.1723e-03,  7.3092e-02,  ...,  9.3280e-02,
          1.4586e-01,  1.3955e-01],
        [ 2.5525e-02,  2.4489e-02,  1.1027e-01,  ..., -3.5292e-02,
         -8.5630e-02, -1.7585e-02],
        ...,
        [-1.1142e-01,  1.1344e-01,  1.7359e-03,  ..., -4.1507e-02,
          1.0128e-01, -1.6361e-01],
        [ 8.1643e-03,  1.1110e-02,  1.2083e-01,  ...,  5.7392e-03,
         -1.2658e-01, -8.9246e-05],
        [ 1.1302e-01,  7.6405e-02,  1.5586e-01,  ...,  2.4890e-02,
         -8.8728e-02,  1.3402e-01]]), 'rvq_quantizer.project_out.bias': tensor([ 0.0184,  0.1213,  0.0966,  0.0149, -0.0584,  0.1491, -0.1232, -0.0948,
         0.0769,  0.1567, -0.0673,  0.0828, -0.1253,  0.1187, -0.1478,  0.1035,
         0.0257,  0.1767, -0.1063, -0.0178,  0.0536,  0.1559,  0.0004,  0.0875,
        -0.0399, -0.1251, -0.0878, -0.0239,  0.0587, -0.1121, -0.1483, -0.0791,
         0.0221, -0.0539,  0.1341, -0.0229,  0.1362,  0.0976,  0.0909,  0.1372,
         0.0870,  0.0845,  0.1413, -0.0785, -0.1314, -0.1116, -0.0285, -0.1256,
        -0.0554, -0.1188,  0.0959,  0.1502,  0.0371, -0.1019,  0.0483, -0.0402,
        -0.0204, -0.0946, -0.1328,  0.0166, -0.1202,  0.1196,  0.0317, -0.1710]), 'rvq_quantizer.layers.0._codebook.initted': tensor([1.]), 'rvq_quantizer.layers.0._codebook.cluster_size': tensor([[2.0000, 3.4518, 2.0000,  ..., 2.0000, 2.3491, 3.3138]]), 'rvq_quantizer.layers.0._codebook.embed_avg': tensor([[[-163.8620,   -7.1352,  -94.6393,  ...,  -84.9356, -131.8882,
           -36.9295],
         [-203.6261,  -40.8542,  -50.8345,  ..., -107.4686, -129.0498,
           -19.1986],
         [-104.1890,  -30.6958,  -81.1798,  ...,  -30.7083,  -53.6129,
           -15.8487],
         ...,
         [-100.4622,  -25.9613,  -76.4951,  ...,  -39.8919,  -30.4445,
           -24.9531],
         [-118.2051,  -31.1015,  -50.4746,  ...,  -47.0062,  -41.7002,
            -3.7948],
         [-253.8325,    3.1239, -155.3681,  ..., -137.3345, -248.2905,
           -89.1600]]]), 'rvq_quantizer.layers.0._codebook.embed': tensor([[[-81.9310,  -3.5676, -47.3197,  ..., -42.4678, -65.9441, -18.4647],
         [-58.9910, -11.8356, -14.7269,  ..., -31.1339, -37.3860,  -5.5619],
         [-52.0945, -15.3479, -40.5899,  ..., -15.3541, -26.8065,  -7.9243],
         ...,
         [-50.2311, -12.9806, -38.2475,  ..., -19.9459, -15.2223, -12.4766],
         [-50.3185, -13.2395, -21.4864,  ..., -20.0100, -17.7513,  -1.6154],
         [-76.5984,   0.9427, -46.8850,  ..., -41.4431, -74.9260, -26.9056]]]), 'rvq_quantizer.layers.1._codebook.initted': tensor([1.]), 'rvq_quantizer.layers.1._codebook.cluster_size': tensor([[260.2694,   2.1848,   2.9312,  ...,   2.7164,   2.2271,   2.0000]]), 'rvq_quantizer.layers.1._codebook.embed_avg': tensor([[[-1.4615e-03, -1.8720e-04, -7.7597e-04,  ..., -6.2055e-04,
          -9.3275e-04, -3.0009e-04],
         [-2.9890e+00,  4.8513e+00,  2.0269e+00,  ...,  2.5799e+00,
          -2.8840e+00,  3.9351e+00],
         [-1.0285e+01, -4.9093e+00,  4.8636e+00,  ..., -4.2860e-01,
          -1.4704e+00,  1.4146e+00],
         ...,
         [ 1.3521e+01, -9.3514e-02, -1.2063e+00,  ...,  1.1823e+01,
           9.1581e+00, -1.9763e+00],
         [ 3.2407e+00, -1.1601e+00,  3.4751e+00,  ..., -1.6196e+00,
           5.7708e+00, -3.5723e+00],
         [-2.5146e+00, -3.5218e+00,  7.8215e+00,  ..., -1.9568e+00,
          -5.0061e+00, -6.9170e+00]]]), 'rvq_quantizer.layers.1._codebook.embed': tensor([[[-5.6153e-06, -7.1925e-07, -2.9814e-06,  ..., -2.3843e-06,
          -3.5838e-06, -1.1530e-06],
         [-1.3681e+00,  2.2205e+00,  9.2774e-01,  ...,  1.1808e+00,
          -1.3200e+00,  1.8011e+00],
         [-3.5087e+00, -1.6748e+00,  1.6592e+00,  ..., -1.4622e-01,
          -5.0163e-01,  4.8258e-01],
         ...,
         [ 4.9776e+00, -3.4426e-02, -4.4410e-01,  ...,  4.3526e+00,
           3.3714e+00, -7.2757e-01],
         [ 1.4551e+00, -5.2089e-01,  1.5603e+00,  ..., -7.2719e-01,
           2.5911e+00, -1.6040e+00],
         [-1.2573e+00, -1.7609e+00,  3.9108e+00,  ..., -9.7838e-01,
          -2.5031e+00, -3.4585e+00]]]), 'rvq_quantizer.layers.2._codebook.initted': tensor([1.]), 'rvq_quantizer.layers.2._codebook.cluster_size': tensor([[366.5050,   3.6458,   5.4289,  ...,   4.3538,   2.6348,   3.7665]]), 'rvq_quantizer.layers.2._codebook.embed_avg': tensor([[[-1.5176e-03, -1.9398e-04, -8.0646e-04,  ..., -6.5726e-04,
          -1.0153e-03, -3.3015e-04],
         [ 1.5254e+00, -5.8627e+00, -4.6482e+00,  ..., -7.0892e-01,
          -1.8754e-02, -5.9983e+00],
         [-3.0576e-01, -2.8210e-01,  2.8628e-01,  ..., -5.1214e-01,
          -8.0875e-01,  1.7107e-01],
         ...,
         [-6.5160e+00,  3.9596e+00, -5.8534e+00,  ...,  2.2944e+00,
          -4.8743e+00, -5.9432e+00],
         [ 6.9649e-01, -1.3411e+00,  1.6080e+00,  ...,  2.4150e+00,
           1.0116e+00, -4.1345e-01],
         [ 2.6530e+00, -9.6525e-01, -4.3194e+00,  ...,  2.8967e+00,
          -4.3156e+00, -6.5191e-01]]]), 'rvq_quantizer.layers.2._codebook.embed': tensor([[[-4.1408e-06, -5.2928e-07, -2.2004e-06,  ..., -1.7933e-06,
          -2.7702e-06, -9.0082e-07],
         [ 4.1839e-01, -1.6081e+00, -1.2749e+00,  ..., -1.9445e-01,
          -5.1441e-03, -1.6453e+00],
         [-5.6320e-02, -5.1962e-02,  5.2732e-02,  ..., -9.4335e-02,
          -1.4897e-01,  3.1510e-02],
         ...,
         [-1.4966e+00,  9.0945e-01, -1.3444e+00,  ...,  5.2699e-01,
          -1.1195e+00, -1.3651e+00],
         [ 2.6434e-01, -5.0900e-01,  6.1028e-01,  ...,  9.1657e-01,
           3.8392e-01, -1.5692e-01],
         [ 7.0436e-01, -2.5627e-01, -1.1468e+00,  ...,  7.6906e-01,
          -1.1458e+00, -1.7308e-01]]]), 'rvq_quantizer.layers.3._codebook.initted': tensor([1.]), 'rvq_quantizer.layers.3._codebook.cluster_size': tensor([[  5.7708, 368.6886,   3.6854,  ...,   2.0000,   2.1810,   2.9791]]), 'rvq_quantizer.layers.3._codebook.embed_avg': tensor([[[-2.9485e-01, -1.7527e-01,  2.6409e-01,  ..., -4.8223e-01,
          -8.0339e-01,  2.1352e-01],
         [-9.7267e-04, -1.3566e-04, -5.0490e-04,  ..., -4.1703e-04,
          -6.3287e-04, -1.9815e-04],
         [-3.8782e-01, -3.5819e-01, -1.2383e+00,  ...,  3.7379e-01,
          -1.8707e+00,  2.3150e+00],
         ...,
         [-1.1455e-02,  6.3789e-02,  9.0456e-02,  ..., -5.0422e-02,
          -8.2464e-02,  3.5511e-02],
         [-4.3566e-02, -8.0746e-02, -1.7474e+00,  ...,  1.6528e+00,
          -1.9694e+00,  7.7103e-02],
         [-2.6549e-02, -1.6821e-02, -2.0857e-02,  ...,  1.4723e-02,
           4.5855e-02,  2.7993e-03]]]), 'rvq_quantizer.layers.3._codebook.embed': tensor([[[-5.1093e-02, -3.0373e-02,  4.5763e-02,  ..., -8.3564e-02,
          -1.3922e-01,  3.7000e-02],
         [-2.6382e-06, -3.6796e-07, -1.3695e-06,  ..., -1.1311e-06,
          -1.7165e-06, -5.3744e-07],
         [-1.0523e-01, -9.7194e-02, -3.3600e-01,  ...,  1.0143e-01,
          -5.0761e-01,  6.2817e-01],
         ...,
         [-5.7276e-03,  3.1894e-02,  4.5228e-02,  ..., -2.5211e-02,
          -4.1232e-02,  1.7756e-02],
         [-1.9975e-02, -3.7022e-02, -8.0121e-01,  ...,  7.5780e-01,
          -9.0300e-01,  3.5352e-02],
         [-8.9119e-03, -5.6465e-03, -7.0011e-03,  ...,  4.9421e-03,
           1.5392e-02,  9.3965e-04]]])})
Loss:  tensor(1.6041, grad_fn=<MeanBackward0>)
OrderedDict({'rvq_quantizer.project_in.weight': tensor([[ 0.1123,  0.0320, -0.0450,  ...,  0.1083, -0.0613,  0.0830],
        [-0.0007,  0.0301,  0.0586,  ...,  0.0461, -0.0547, -0.0324],
        [ 0.0594, -0.0739,  0.0233,  ..., -0.0870, -0.1202,  0.0586],
        ...,
        [ 0.0612,  0.0034, -0.0758,  ...,  0.0983,  0.0446,  0.0617],
        [ 0.1162, -0.0419, -0.0538,  ..., -0.1202, -0.0991,  0.0334],
        [ 0.0399, -0.0963, -0.0384,  ..., -0.1183, -0.0075, -0.1033]]), 'rvq_quantizer.project_in.bias': tensor([ 0.0007,  0.0028, -0.0392,  0.0722, -0.0533, -0.1061,  0.0724, -0.0837,
         0.0315, -0.0616, -0.0902,  0.0147,  0.0306, -0.1214,  0.0967,  0.0513,
         0.1134, -0.0119,  0.0959,  0.1189,  0.1056,  0.1135,  0.0500, -0.0678,
        -0.0406, -0.0238,  0.0122, -0.0237,  0.0367, -0.0865,  0.0638, -0.0592]), 'rvq_quantizer.project_out.weight': tensor([[ 1.7297e-01, -7.7242e-02,  1.4315e-01,  ..., -9.3891e-03,
          4.6688e-02,  2.6892e-02],
        [-1.2556e-01,  6.1723e-03,  7.3092e-02,  ...,  9.3280e-02,
          1.4586e-01,  1.3955e-01],
        [ 2.5525e-02,  2.4489e-02,  1.1027e-01,  ..., -3.5292e-02,
         -8.5630e-02, -1.7585e-02],
        ...,
        [-1.1142e-01,  1.1344e-01,  1.7359e-03,  ..., -4.1507e-02,
          1.0128e-01, -1.6361e-01],
        [ 8.1643e-03,  1.1110e-02,  1.2083e-01,  ...,  5.7392e-03,
         -1.2658e-01, -8.9246e-05],
        [ 1.1302e-01,  7.6405e-02,  1.5586e-01,  ...,  2.4890e-02,
         -8.8728e-02,  1.3402e-01]]), 'rvq_quantizer.project_out.bias': tensor([ 0.0184,  0.1213,  0.0966,  0.0149, -0.0584,  0.1491, -0.1232, -0.0948,
         0.0769,  0.1567, -0.0673,  0.0828, -0.1253,  0.1187, -0.1478,  0.1035,
         0.0257,  0.1767, -0.1063, -0.0178,  0.0536,  0.1559,  0.0004,  0.0875,
        -0.0399, -0.1251, -0.0878, -0.0239,  0.0587, -0.1121, -0.1483, -0.0791,
         0.0221, -0.0539,  0.1341, -0.0229,  0.1362,  0.0976,  0.0909,  0.1372,
         0.0870,  0.0845,  0.1413, -0.0785, -0.1314, -0.1116, -0.0285, -0.1256,
        -0.0554, -0.1188,  0.0959,  0.1502,  0.0371, -0.1019,  0.0483, -0.0402,
        -0.0204, -0.0946, -0.1328,  0.0166, -0.1202,  0.1196,  0.0317, -0.1710]), 'rvq_quantizer.layers.0._codebook.initted': tensor([1.]), 'rvq_quantizer.layers.0._codebook.cluster_size': tensor([[2.0000, 3.4066, 2.0000,  ..., 2.0000, 2.4142, 3.3824]]), 'rvq_quantizer.layers.0._codebook.embed_avg': tensor([[[-128.4088,  -27.5797,  -46.3804,  ...,  -29.9877,  -72.6019,
           -22.8498],
         [-201.0156,  -40.2828,  -50.0217,  ..., -105.6738, -127.1107,
           -19.0955],
         [-141.1817,  -25.2569,  -82.5986,  ...,  -65.5017,  -96.4520,
           -26.5601],
         ...,
         [-126.7493,  -40.5713,  -81.5418,  ...,  -49.5698,  -85.7085,
           -28.8812],
         [-121.4672,  -31.9432,  -51.8247,  ...,  -48.2452,  -42.7797,
            -3.9580],
         [-259.0755,    3.1696, -158.5695,  ..., -140.1779, -253.4160,
           -90.9607]]]), 'rvq_quantizer.layers.0._codebook.embed': tensor([[[-64.2044, -13.7899, -23.1902,  ..., -14.9938, -36.3010, -11.4249],
         [-59.0071, -11.8248, -14.6836,  ..., -31.0200, -37.3127,  -5.6054],
         [-70.5909, -12.6285, -41.2993,  ..., -32.7508, -48.2260, -13.2800],
         ...,
         [-63.3746, -20.2857, -40.7709,  ..., -24.7849, -42.8542, -14.4406],
         [-50.3131, -13.2312, -21.4664,  ..., -19.9837, -17.7198,  -1.6395],
         [-76.5945,   0.9371, -46.8804,  ..., -41.4430, -74.9213, -26.8921]]]), 'rvq_quantizer.layers.1._codebook.initted': tensor([1.]), 'rvq_quantizer.layers.1._codebook.cluster_size': tensor([[266.7425,   2.1663,   2.8381,  ...,   2.5447,   2.4044,   2.0000]]), 'rvq_quantizer.layers.1._codebook.embed_avg': tensor([[[-1.4794e-03, -1.9028e-04, -7.8191e-04,  ..., -6.3298e-04,
          -9.4381e-04, -3.0427e-04],
         [-3.0419e+00,  4.6458e+00,  2.0342e+00,  ...,  2.6582e+00,
          -2.8338e+00,  3.9783e+00],
         [-1.0236e+01, -4.8577e+00,  4.7764e+00,  ..., -2.8646e-01,
          -1.5674e+00,  1.3417e+00],
         ...,
         [ 1.2563e+01, -9.8933e-02, -1.1804e+00,  ...,  1.0818e+01,
           8.4255e+00, -1.5550e+00],
         [ 3.5059e+00, -1.2965e+00,  3.6605e+00,  ..., -1.8914e+00,
           6.2321e+00, -3.8901e+00],
         [ 7.9432e+00, -1.2444e+01,  4.8402e+00,  ..., -1.4148e+01,
           3.3763e+00, -4.2771e-01]]]), 'rvq_quantizer.layers.1._codebook.embed': tensor([[[-5.5461e-06, -7.1336e-07, -2.9314e-06,  ..., -2.3730e-06,
          -3.5383e-06, -1.1407e-06],
         [-1.4042e+00,  2.1445e+00,  9.3899e-01,  ...,  1.2271e+00,
          -1.3081e+00,  1.8364e+00],
         [-3.6068e+00, -1.7116e+00,  1.6830e+00,  ..., -1.0093e-01,
          -5.5227e-01,  4.7275e-01],
         ...,
         [ 4.9369e+00, -3.8877e-02, -4.6386e-01,  ...,  4.2510e+00,
           3.3109e+00, -6.1108e-01],
         [ 1.4581e+00, -5.3921e-01,  1.5224e+00,  ..., -7.8663e-01,
           2.5919e+00, -1.6179e+00],
         [ 3.9716e+00, -6.2218e+00,  2.4201e+00,  ..., -7.0742e+00,
           1.6881e+00, -2.1385e-01]]]), 'rvq_quantizer.layers.2._codebook.initted': tensor([1.]), 'rvq_quantizer.layers.2._codebook.cluster_size': tensor([[368.4545,   3.5812,   5.0860,  ...,   4.4184,   2.6714,   3.7899]]), 'rvq_quantizer.layers.2._codebook.embed_avg': tensor([[[-1.4938e-03, -1.8888e-04, -7.9222e-04,  ..., -6.5040e-04,
          -9.9706e-04, -3.2591e-04],
         [ 1.5181e+00, -5.9031e+00, -4.4990e+00,  ..., -7.6891e-01,
          -1.1635e-01, -5.7910e+00],
         [-2.6822e-01, -2.6674e-01,  2.5239e-01,  ..., -4.6460e-01,
          -7.6186e-01,  1.5350e-01],
         ...,
         [-6.7094e+00,  4.2780e+00, -6.1828e+00,  ...,  2.4227e+00,
          -4.9803e+00, -6.2813e+00],
         [ 6.2107e-01, -1.3296e+00,  1.7083e+00,  ...,  2.6790e+00,
           8.0280e-01, -2.9140e-01],
         [ 2.7765e+00, -1.1291e+00, -4.7095e+00,  ...,  3.0091e+00,
          -4.4574e+00, -5.8848e-01]]]), 'rvq_quantizer.layers.2._codebook.embed': tensor([[[-4.0543e-06, -5.1262e-07, -2.1501e-06,  ..., -1.7652e-06,
          -2.7061e-06, -8.8454e-07],
         [ 4.2390e-01, -1.6483e+00, -1.2563e+00,  ..., -2.1470e-01,
          -3.2488e-02, -1.6171e+00],
         [-5.2737e-02, -5.2445e-02,  4.9623e-02,  ..., -9.1348e-02,
          -1.4980e-01,  3.0181e-02],
         ...,
         [-1.5185e+00,  9.6822e-01, -1.3993e+00,  ...,  5.4833e-01,
          -1.1272e+00, -1.4216e+00],
         [ 2.3249e-01, -4.9772e-01,  6.3950e-01,  ...,  1.0028e+00,
           3.0052e-01, -1.0908e-01],
         [ 7.3262e-01, -2.9793e-01, -1.2427e+00,  ...,  7.9398e-01,
          -1.1761e+00, -1.5528e-01]]]), 'rvq_quantizer.layers.3._codebook.initted': tensor([1.]), 'rvq_quantizer.layers.3._codebook.cluster_size': tensor([[  5.3937, 370.3198,   3.9168,  ...,   2.0000,   2.1629,   3.1812]]), 'rvq_quantizer.layers.3._codebook.embed_avg': tensor([[[-2.8986e-01, -1.7157e-01,  2.5724e-01,  ..., -4.9144e-01,
          -7.2930e-01,  2.1003e-01],
         [-9.4665e-04, -1.2895e-04, -4.9064e-04,  ..., -4.0973e-04,
          -6.1544e-04, -1.9481e-04],
         [-2.5758e-01, -3.3757e-01, -1.2163e+00,  ...,  2.9738e-01,
          -1.9650e+00,  2.5219e+00],
         ...,
         [ 1.2824e-02, -2.9690e-02,  3.0292e-02,  ..., -1.4453e-02,
          -2.4517e-03, -9.4628e-02],
         [ 7.5661e-02, -8.1430e-02, -1.8203e+00,  ...,  1.6733e+00,
          -1.8526e+00,  9.2934e-02],
         [-3.1814e-02, -2.0566e-02, -2.3475e-02,  ...,  9.9077e-03,
           4.9146e-02,  3.3310e-03]]]), 'rvq_quantizer.layers.3._codebook.embed': tensor([[[-5.3740e-02, -3.1809e-02,  4.7692e-02,  ..., -9.1113e-02,
          -1.3521e-01,  3.8940e-02],
         [-2.5563e-06, -3.4821e-07, -1.3249e-06,  ..., -1.1064e-06,
          -1.6619e-06, -5.2607e-07],
         [-6.5762e-02, -8.6185e-02, -3.1054e-01,  ...,  7.5923e-02,
          -5.0169e-01,  6.4386e-01],
         ...,
         [ 6.4119e-03, -1.4845e-02,  1.5146e-02,  ..., -7.2264e-03,
          -1.2259e-03, -4.7314e-02],
         [ 3.4981e-02, -3.7649e-02, -8.4162e-01,  ...,  7.7366e-01,
          -8.5653e-01,  4.2967e-02],
         [-1.0001e-02, -6.4650e-03, -7.3792e-03,  ...,  3.1145e-03,
           1.5449e-02,  1.0471e-03]]])})
Loss:  tensor(1.6353, grad_fn=<MeanBackward0>)
OrderedDict({'rvq_quantizer.project_in.weight': tensor([[ 0.1123,  0.0320, -0.0450,  ...,  0.1083, -0.0613,  0.0830],
        [-0.0007,  0.0301,  0.0586,  ...,  0.0461, -0.0547, -0.0324],
        [ 0.0594, -0.0739,  0.0233,  ..., -0.0870, -0.1202,  0.0586],
        ...,
        [ 0.0612,  0.0034, -0.0758,  ...,  0.0983,  0.0446,  0.0617],
        [ 0.1162, -0.0419, -0.0538,  ..., -0.1202, -0.0991,  0.0334],
        [ 0.0399, -0.0963, -0.0384,  ..., -0.1183, -0.0075, -0.1033]]), 'rvq_quantizer.project_in.bias': tensor([ 0.0007,  0.0028, -0.0392,  0.0722, -0.0533, -0.1061,  0.0724, -0.0837,
         0.0315, -0.0616, -0.0902,  0.0147,  0.0306, -0.1214,  0.0967,  0.0513,
         0.1134, -0.0119,  0.0959,  0.1189,  0.1056,  0.1135,  0.0500, -0.0678,
        -0.0406, -0.0238,  0.0122, -0.0237,  0.0367, -0.0865,  0.0638, -0.0592]), 'rvq_quantizer.project_out.weight': tensor([[ 1.7297e-01, -7.7242e-02,  1.4315e-01,  ..., -9.3891e-03,
          4.6688e-02,  2.6892e-02],
        [-1.2556e-01,  6.1723e-03,  7.3092e-02,  ...,  9.3280e-02,
          1.4586e-01,  1.3955e-01],
        [ 2.5525e-02,  2.4489e-02,  1.1027e-01,  ..., -3.5292e-02,
         -8.5630e-02, -1.7585e-02],
        ...,
        [-1.1142e-01,  1.1344e-01,  1.7359e-03,  ..., -4.1507e-02,
          1.0128e-01, -1.6361e-01],
        [ 8.1643e-03,  1.1110e-02,  1.2083e-01,  ...,  5.7392e-03,
         -1.2658e-01, -8.9246e-05],
        [ 1.1302e-01,  7.6405e-02,  1.5586e-01,  ...,  2.4890e-02,
         -8.8728e-02,  1.3402e-01]]), 'rvq_quantizer.project_out.bias': tensor([ 0.0184,  0.1213,  0.0966,  0.0149, -0.0584,  0.1491, -0.1232, -0.0948,
         0.0769,  0.1567, -0.0673,  0.0828, -0.1253,  0.1187, -0.1478,  0.1035,
         0.0257,  0.1767, -0.1063, -0.0178,  0.0536,  0.1559,  0.0004,  0.0875,
        -0.0399, -0.1251, -0.0878, -0.0239,  0.0587, -0.1121, -0.1483, -0.0791,
         0.0221, -0.0539,  0.1341, -0.0229,  0.1362,  0.0976,  0.0909,  0.1372,
         0.0870,  0.0845,  0.1413, -0.0785, -0.1314, -0.1116, -0.0285, -0.1256,
        -0.0554, -0.1188,  0.0959,  0.1502,  0.0371, -0.1019,  0.0483, -0.0402,
        -0.0204, -0.0946, -0.1328,  0.0166, -0.1202,  0.1196,  0.0317, -0.1710]), 'rvq_quantizer.layers.0._codebook.initted': tensor([1.]), 'rvq_quantizer.layers.0._codebook.cluster_size': tensor([[2.0000, 3.4660, 2.0000,  ..., 2.0000, 2.4728, 3.3442]]), 'rvq_quantizer.layers.0._codebook.embed_avg': tensor([[[-143.3672,    4.2733,  -84.2714,  ...,  -90.3119, -134.8545,
           -47.5062],
         [-204.5350,  -40.9829,  -50.8627,  ..., -107.4486, -129.2865,
           -19.4489],
         [ -95.1915,  -33.7059,  -42.9711,  ...,  -16.1038,  -28.0926,
           -10.7805],
         ...,
         [-153.7529,   -6.9095,  -80.0509,  ...,  -74.5301, -152.9429,
           -53.1272],
         [-124.4031,  -32.7007,  -53.0398,  ...,  -49.3602,  -43.7512,
            -4.1049],
         [-256.0135,    3.1536, -156.6911,  ..., -138.4096, -250.6471,
           -89.8595]]]), 'rvq_quantizer.layers.0._codebook.embed': tensor([[[-71.6836,   2.1367, -42.1357,  ..., -45.1560, -67.4273, -23.7531],
         [-59.0123, -11.8244, -14.6749,  ..., -31.0010, -37.3017,  -5.6114],
         [-47.5957, -16.8530, -21.4856,  ...,  -8.0519, -14.0463,  -5.3902],
         ...,
         [-76.8765,  -3.4547, -40.0254,  ..., -37.2651, -76.4715, -26.5636],
         [-50.3085, -13.2242, -21.4493,  ..., -19.9613, -17.6930,  -1.6600],
         [-76.5548,   0.9430, -46.8548,  ..., -41.3881, -74.9501, -26.8704]]]), 'rvq_quantizer.layers.1._codebook.initted': tensor([1.]), 'rvq_quantizer.layers.1._codebook.cluster_size': tensor([[273.2682,   2.2497,   2.8543,  ...,   2.5903,   2.2640,   2.0000]]), 'rvq_quantizer.layers.1._codebook.embed_avg': tensor([[[-1.5550e-03, -1.9920e-04, -8.2198e-04,  ..., -6.6467e-04,
          -9.9401e-04, -3.1801e-04],
         [-3.1335e+00,  4.8769e+00,  2.1290e+00,  ...,  2.7600e+00,
          -2.9229e+00,  4.1438e+00],
         [-1.0368e+01, -4.9711e+00,  4.8112e+00,  ..., -3.0328e-01,
          -1.6603e+00,  1.3547e+00],
         ...,
         [ 1.2710e+01, -1.1237e-01, -1.1938e+00,  ...,  1.0896e+01,
           8.6497e+00, -1.3979e+00],
         [ 3.2954e+00, -1.3536e+00,  3.2765e+00,  ..., -2.1097e+00,
           6.0249e+00, -3.6753e+00],
         [-3.2471e-01, -4.9484e+00,  3.8433e+00,  ..., -3.5268e-01,
          -3.3631e+00, -2.7614e+00]]]), 'rvq_quantizer.layers.1._codebook.embed': tensor([[[-5.6903e-06, -7.2895e-07, -3.0080e-06,  ..., -2.4323e-06,
          -3.6375e-06, -1.1637e-06],
         [-1.3929e+00,  2.1678e+00,  9.4635e-01,  ...,  1.2268e+00,
          -1.2992e+00,  1.8420e+00],
         [-3.6323e+00, -1.7416e+00,  1.6856e+00,  ..., -1.0625e-01,
          -5.8168e-01,  4.7463e-01],
         ...,
         [ 4.9066e+00, -4.3382e-02, -4.6087e-01,  ...,  4.2065e+00,
           3.3393e+00, -5.3969e-01],
         [ 1.4556e+00, -5.9787e-01,  1.4472e+00,  ..., -9.3185e-01,
           2.6612e+00, -1.6234e+00],
         [-1.6235e-01, -2.4742e+00,  1.9216e+00,  ..., -1.7634e-01,
          -1.6815e+00, -1.3807e+00]]]), 'rvq_quantizer.layers.2._codebook.initted': tensor([1.]), 'rvq_quantizer.layers.2._codebook.cluster_size': tensor([[370.3090,   3.7231,   4.6774,  ...,   4.7766,   2.7042,   3.6109]]), 'rvq_quantizer.layers.2._codebook.embed_avg': tensor([[[-1.5105e-03, -1.8996e-04, -8.0236e-04,  ..., -6.5679e-04,
          -1.0123e-03, -3.3082e-04],
         [ 1.6856e+00, -6.3166e+00, -4.5821e+00,  ..., -8.7635e-01,
          -5.2285e-02, -5.8773e+00],
         [-2.4237e-01, -2.4692e-01,  2.4979e-01,  ..., -4.4207e-01,
          -6.8886e-01,  1.3717e-01],
         ...,
         [-7.0279e+00,  4.8184e+00, -6.6433e+00,  ...,  2.4172e+00,
          -5.2867e+00, -6.7715e+00],
         [ 8.2768e-01, -1.1856e+00,  1.7467e+00,  ...,  2.6449e+00,
           1.0859e+00, -2.5438e-01],
         [ 2.7847e+00, -1.1224e+00, -4.7568e+00,  ...,  3.0308e+00,
          -4.4637e+00, -4.8193e-01]]]), 'rvq_quantizer.layers.2._codebook.embed': tensor([[[-4.0790e-06, -5.1297e-07, -2.1667e-06,  ..., -1.7736e-06,
          -2.7336e-06, -8.9338e-07],
         [ 4.5273e-01, -1.6966e+00, -1.2307e+00,  ..., -2.3538e-01,
          -1.4043e-02, -1.5786e+00],
         [-5.1817e-02, -5.2790e-02,  5.3403e-02,  ..., -9.4511e-02,
          -1.4727e-01,  2.9327e-02],
         ...,
         [-1.4713e+00,  1.0088e+00, -1.3908e+00,  ...,  5.0606e-01,
          -1.1068e+00, -1.4177e+00],
         [ 3.0607e-01, -4.3842e-01,  6.4593e-01,  ...,  9.7807e-01,
           4.0155e-01, -9.4069e-02],
         [ 7.7120e-01, -3.1083e-01, -1.3173e+00,  ...,  8.3936e-01,
          -1.2362e+00, -1.3346e-01]]]), 'rvq_quantizer.layers.3._codebook.initted': tensor([1.]), 'rvq_quantizer.layers.3._codebook.cluster_size': tensor([[  5.0543, 371.9878,   3.9252,  ...,   2.0000,   2.2466,   3.1631]]), 'rvq_quantizer.layers.3._codebook.embed_avg': tensor([[[-3.1627e-01, -1.7258e-01,  2.2369e-01,  ..., -4.5719e-01,
          -7.3825e-01,  2.2478e-01],
         [-9.5441e-04, -1.2683e-04, -4.9680e-04,  ..., -4.1247e-04,
          -6.2708e-04, -1.9857e-04],
         [-2.7826e-02, -4.1463e-01, -1.2558e+00,  ...,  2.0525e-02,
          -1.7880e+00,  2.6789e+00],
         ...,
         [-2.7262e+00,  1.3796e+00, -6.6879e-01,  ...,  3.5398e+00,
           1.7158e+00, -1.0213e+00],
         [ 1.9064e-01, -2.1961e-01, -2.1096e+00,  ...,  1.5403e+00,
          -1.8016e+00,  9.8385e-02],
         [-3.9723e-02, -2.0554e-02, -2.0063e-02,  ...,  9.8266e-03,
           4.5002e-02,  5.0502e-03]]]), 'rvq_quantizer.layers.3._codebook.embed': tensor([[[-6.2573e-02, -3.4145e-02,  4.4258e-02,  ..., -9.0455e-02,
          -1.4606e-01,  4.4473e-02],
         [-2.5657e-06, -3.4094e-07, -1.3355e-06,  ..., -1.1088e-06,
          -1.6858e-06, -5.3380e-07],
         [-7.0891e-03, -1.0563e-01, -3.1993e-01,  ...,  5.2291e-03,
          -4.5552e-01,  6.8250e-01],
         ...,
         [-1.3631e+00,  6.8980e-01, -3.3440e-01,  ...,  1.7699e+00,
           8.5792e-01, -5.1063e-01],
         [ 8.4855e-02, -9.7752e-02, -9.3901e-01,  ...,  6.8561e-01,
          -8.0191e-01,  4.3793e-02],
         [-1.2558e-02, -6.4981e-03, -6.3429e-03,  ...,  3.1067e-03,
           1.4228e-02,  1.5966e-03]]])})
Loss:  tensor(1.6002, grad_fn=<MeanBackward0>)
OrderedDict({'rvq_quantizer.project_in.weight': tensor([[ 0.1123,  0.0320, -0.0450,  ...,  0.1083, -0.0613,  0.0830],
        [-0.0007,  0.0301,  0.0586,  ...,  0.0461, -0.0547, -0.0324],
        [ 0.0594, -0.0739,  0.0233,  ..., -0.0870, -0.1202,  0.0586],
        ...,
        [ 0.0612,  0.0034, -0.0758,  ...,  0.0983,  0.0446,  0.0617],
        [ 0.1162, -0.0419, -0.0538,  ..., -0.1202, -0.0991,  0.0334],
        [ 0.0399, -0.0963, -0.0384,  ..., -0.1183, -0.0075, -0.1033]]), 'rvq_quantizer.project_in.bias': tensor([ 0.0007,  0.0028, -0.0392,  0.0722, -0.0533, -0.1061,  0.0724, -0.0837,
         0.0315, -0.0616, -0.0902,  0.0147,  0.0306, -0.1214,  0.0967,  0.0513,
         0.1134, -0.0119,  0.0959,  0.1189,  0.1056,  0.1135,  0.0500, -0.0678,
        -0.0406, -0.0238,  0.0122, -0.0237,  0.0367, -0.0865,  0.0638, -0.0592]), 'rvq_quantizer.project_out.weight': tensor([[ 1.7297e-01, -7.7242e-02,  1.4315e-01,  ..., -9.3891e-03,
          4.6688e-02,  2.6892e-02],
        [-1.2556e-01,  6.1723e-03,  7.3092e-02,  ...,  9.3280e-02,
          1.4586e-01,  1.3955e-01],
        [ 2.5525e-02,  2.4489e-02,  1.1027e-01,  ..., -3.5292e-02,
         -8.5630e-02, -1.7585e-02],
        ...,
        [-1.1142e-01,  1.1344e-01,  1.7359e-03,  ..., -4.1507e-02,
          1.0128e-01, -1.6361e-01],
        [ 8.1643e-03,  1.1110e-02,  1.2083e-01,  ...,  5.7392e-03,
         -1.2658e-01, -8.9246e-05],
        [ 1.1302e-01,  7.6405e-02,  1.5586e-01,  ...,  2.4890e-02,
         -8.8728e-02,  1.3402e-01]]), 'rvq_quantizer.project_out.bias': tensor([ 0.0184,  0.1213,  0.0966,  0.0149, -0.0584,  0.1491, -0.1232, -0.0948,
         0.0769,  0.1567, -0.0673,  0.0828, -0.1253,  0.1187, -0.1478,  0.1035,
         0.0257,  0.1767, -0.1063, -0.0178,  0.0536,  0.1559,  0.0004,  0.0875,
        -0.0399, -0.1251, -0.0878, -0.0239,  0.0587, -0.1121, -0.1483, -0.0791,
         0.0221, -0.0539,  0.1341, -0.0229,  0.1362,  0.0976,  0.0909,  0.1372,
         0.0870,  0.0845,  0.1413, -0.0785, -0.1314, -0.1116, -0.0285, -0.1256,
        -0.0554, -0.1188,  0.0959,  0.1502,  0.0371, -0.1019,  0.0483, -0.0402,
        -0.0204, -0.0946, -0.1328,  0.0166, -0.1202,  0.1196,  0.0317, -0.1710]), 'rvq_quantizer.layers.0._codebook.initted': tensor([1.]), 'rvq_quantizer.layers.0._codebook.cluster_size': tensor([[2.0000, 3.5194, 2.0000,  ..., 2.0000, 2.5255, 3.4098]]), 'rvq_quantizer.layers.0._codebook.embed_avg': tensor([[[-167.1981,   -4.1981,  -88.0003,  ...,  -81.8306, -154.8941,
           -48.6925],
         [-207.7024,  -41.6130,  -51.6196,  ..., -109.0459, -131.2447,
           -19.7668],
         [-112.8349,  -21.5771,  -49.4992,  ...,  -69.1543,  -69.4469,
           -12.8308],
         ...,
         [-125.6937,  -15.1876,  -75.8868,  ...,  -51.8458,  -48.8303,
           -23.5969],
         [-127.0454,  -33.3825,  -54.1334,  ...,  -50.3638,  -44.6255,
            -4.2371],
         [-261.0383,    3.1962, -159.7603,  ..., -141.1455, -255.5369,
           -91.5902]]]), 'rvq_quantizer.layers.0._codebook.embed': tensor([[[-83.5991,  -2.0991, -44.0002,  ..., -40.9153, -77.4470, -24.3462],
         [-59.0169, -11.8240, -14.6673,  ..., -30.9844, -37.2921,  -5.6166],
         [-56.4174, -10.7885, -24.7496,  ..., -34.5772, -34.7235,  -6.4154],
         ...,
         [-62.8468,  -7.5938, -37.9434,  ..., -25.9229, -24.4151, -11.7985],
         [-50.3046, -13.2181, -21.4345,  ..., -19.9419, -17.6698,  -1.6777],
         [-76.5561,   0.9374, -46.8537,  ..., -41.3945, -74.9426, -26.8611]]]), 'rvq_quantizer.layers.1._codebook.initted': tensor([1.]), 'rvq_quantizer.layers.1._codebook.cluster_size': tensor([[280.4414,   2.2247,   2.8689,  ...,   2.4312,   2.4376,   2.0000]]), 'rvq_quantizer.layers.1._codebook.embed_avg': tensor([[[-1.5978e-03, -2.0546e-04, -8.4964e-04,  ..., -6.7950e-04,
          -1.0218e-03, -3.2646e-04],
         [-3.0466e+00,  5.0566e+00,  2.2049e+00,  ...,  2.7310e+00,
          -2.8727e+00,  4.1784e+00],
         [-1.0489e+01, -5.0704e+00,  4.8373e+00,  ..., -3.2162e-01,
          -1.7491e+00,  1.3690e+00],
         ...,
         [ 1.1876e+01,  3.8786e-02, -9.6897e-01,  ...,  1.0088e+01,
           8.0657e+00, -1.5403e+00],
         [ 3.5350e+00, -1.4496e+00,  3.4806e+00,  ..., -2.2814e+00,
           6.4048e+00, -3.9623e+00],
         [ 1.2837e+01,  8.3648e+00, -1.8176e+00,  ..., -1.0656e+01,
           1.1254e+01,  9.2144e-01]]]), 'rvq_quantizer.layers.1._codebook.embed': tensor([[[-5.6976e-06, -7.3262e-07, -3.0297e-06,  ..., -2.4230e-06,
          -3.6436e-06, -1.1641e-06],
         [-1.3694e+00,  2.2729e+00,  9.9109e-01,  ...,  1.2276e+00,
          -1.2912e+00,  1.8782e+00],
         [-3.6562e+00, -1.7674e+00,  1.6861e+00,  ..., -1.1211e-01,
          -6.0969e-01,  4.7720e-01],
         ...,
         [ 4.8847e+00,  1.5953e-02, -3.9855e-01,  ...,  4.1491e+00,
           3.3175e+00, -6.3356e-01],
         [ 1.4502e+00, -5.9468e-01,  1.4279e+00,  ..., -9.3592e-01,
           2.6275e+00, -1.6255e+00],
         [ 6.4187e+00,  4.1824e+00, -9.0882e-01,  ..., -5.3281e+00,
           5.6272e+00,  4.6072e-01]]]), 'rvq_quantizer.layers.2._codebook.initted': tensor([1.]), 'rvq_quantizer.layers.2._codebook.cluster_size': tensor([[371.5781,   3.7508,   4.2097,  ...,   4.4989,   2.7338,   3.6498]]), 'rvq_quantizer.layers.2._codebook.embed_avg': tensor([[[-1.5016e-03, -1.9141e-04, -7.9956e-04,  ..., -6.4607e-04,
          -9.9359e-04, -3.2229e-04],
         [ 1.8099e+00, -6.4316e+00, -4.6546e+00,  ..., -1.0049e+00,
          -4.8509e-02, -5.6495e+00],
         [-2.1813e-01, -2.2223e-01,  2.2481e-01,  ..., -3.9786e-01,
          -6.1997e-01,  1.2346e-01],
         ...,
         [-6.5621e+00,  4.5955e+00, -6.4427e+00,  ...,  2.4183e+00,
          -5.1206e+00, -6.5062e+00],
         [ 7.1073e-01, -1.1756e+00,  1.8172e+00,  ...,  2.8733e+00,
           8.5015e-01, -1.6174e-01],
         [ 2.8254e+00, -1.3438e+00, -4.8323e+00,  ...,  3.0216e+00,
          -4.0723e+00, -4.6233e-01]]]), 'rvq_quantizer.layers.2._codebook.embed': tensor([[[-4.0411e-06, -5.1512e-07, -2.1518e-06,  ..., -1.7387e-06,
          -2.6740e-06, -8.6736e-07],
         [ 4.8252e-01, -1.7147e+00, -1.2409e+00,  ..., -2.6792e-01,
          -1.2933e-02, -1.5062e+00],
         [-5.1817e-02, -5.2790e-02,  5.3403e-02,  ..., -9.4511e-02,
          -1.4727e-01,  2.9327e-02],
         ...,
         [-1.4586e+00,  1.0215e+00, -1.4320e+00,  ...,  5.3752e-01,
          -1.1382e+00, -1.4462e+00],
         [ 2.5998e-01, -4.3004e-01,  6.6473e-01,  ...,  1.0510e+00,
           3.1098e-01, -5.9165e-02],
         [ 7.7414e-01, -3.6818e-01, -1.3240e+00,  ...,  8.2788e-01,
          -1.1158e+00, -1.2667e-01]]]), 'rvq_quantizer.layers.3._codebook.initted': tensor([1.]), 'rvq_quantizer.layers.3._codebook.cluster_size': tensor([[  4.6489, 373.2890,   4.0326,  ...,   2.0000,   2.4219,   3.1467]]), 'rvq_quantizer.layers.3._codebook.embed_avg': tensor([[[-3.0767e-01, -1.5646e-01,  2.0603e-01,  ..., -4.1717e-01,
          -6.9116e-01,  2.1909e-01],
         [-9.4613e-04, -1.2909e-04, -4.9387e-04,  ..., -4.0147e-04,
          -6.0557e-04, -1.8955e-04],
         [ 2.9625e-01, -3.4676e-01, -1.3424e+00,  ..., -4.1555e-02,
          -1.9529e+00,  2.7740e+00],
         ...,
         [-2.6923e+00,  1.3946e+00, -6.7447e-01,  ...,  3.3296e+00,
           1.4815e+00, -1.0225e+00],
         [ 1.3908e-01, -3.6349e-01, -2.3776e+00,  ...,  1.4668e+00,
          -1.9185e+00,  5.9442e-02],
         [-3.3988e-02, -2.2314e-02, -1.2313e-02,  ...,  1.2016e-02,
           4.3625e-02,  2.1302e-03]]]), 'rvq_quantizer.layers.3._codebook.embed': tensor([[[-6.6181e-02, -3.3655e-02,  4.4317e-02,  ..., -8.9735e-02,
          -1.4867e-01,  4.7127e-02],
         [-2.5346e-06, -3.4582e-07, -1.3230e-06,  ..., -1.0755e-06,
          -1.6223e-06, -5.0777e-07],
         [ 7.3464e-02, -8.5989e-02, -3.3287e-01,  ..., -1.0305e-02,
          -4.8428e-01,  6.8790e-01],
         ...,
         [-1.3461e+00,  6.9729e-01, -3.3724e-01,  ...,  1.6648e+00,
           7.4075e-01, -5.1123e-01],
         [ 5.7425e-02, -1.5008e-01, -9.8169e-01,  ...,  6.0562e-01,
          -7.9213e-01,  2.4543e-02],
         [-1.0801e-02, -7.0910e-03, -3.9128e-03,  ...,  3.8185e-03,
           1.3864e-02,  6.7696e-04]]])})
Loss:  tensor(1.5692, grad_fn=<MeanBackward0>)
OrderedDict({'rvq_quantizer.project_in.weight': tensor([[ 0.1123,  0.0320, -0.0450,  ...,  0.1083, -0.0613,  0.0830],
        [-0.0007,  0.0301,  0.0586,  ...,  0.0461, -0.0547, -0.0324],
        [ 0.0594, -0.0739,  0.0233,  ..., -0.0870, -0.1202,  0.0586],
        ...,
        [ 0.0612,  0.0034, -0.0758,  ...,  0.0983,  0.0446,  0.0617],
        [ 0.1162, -0.0419, -0.0538,  ..., -0.1202, -0.0991,  0.0334],
        [ 0.0399, -0.0963, -0.0384,  ..., -0.1183, -0.0075, -0.1033]]), 'rvq_quantizer.project_in.bias': tensor([ 0.0007,  0.0028, -0.0392,  0.0722, -0.0533, -0.1061,  0.0724, -0.0837,
         0.0315, -0.0616, -0.0902,  0.0147,  0.0306, -0.1214,  0.0967,  0.0513,
         0.1134, -0.0119,  0.0959,  0.1189,  0.1056,  0.1135,  0.0500, -0.0678,
        -0.0406, -0.0238,  0.0122, -0.0237,  0.0367, -0.0865,  0.0638, -0.0592]), 'rvq_quantizer.project_out.weight': tensor([[ 1.7297e-01, -7.7242e-02,  1.4315e-01,  ..., -9.3891e-03,
          4.6688e-02,  2.6892e-02],
        [-1.2556e-01,  6.1723e-03,  7.3092e-02,  ...,  9.3280e-02,
          1.4586e-01,  1.3955e-01],
        [ 2.5525e-02,  2.4489e-02,  1.1027e-01,  ..., -3.5292e-02,
         -8.5630e-02, -1.7585e-02],
        ...,
        [-1.1142e-01,  1.1344e-01,  1.7359e-03,  ..., -4.1507e-02,
          1.0128e-01, -1.6361e-01],
        [ 8.1643e-03,  1.1110e-02,  1.2083e-01,  ...,  5.7392e-03,
         -1.2658e-01, -8.9246e-05],
        [ 1.1302e-01,  7.6405e-02,  1.5586e-01,  ...,  2.4890e-02,
         -8.8728e-02,  1.3402e-01]]), 'rvq_quantizer.project_out.bias': tensor([ 0.0184,  0.1213,  0.0966,  0.0149, -0.0584,  0.1491, -0.1232, -0.0948,
         0.0769,  0.1567, -0.0673,  0.0828, -0.1253,  0.1187, -0.1478,  0.1035,
         0.0257,  0.1767, -0.1063, -0.0178,  0.0536,  0.1559,  0.0004,  0.0875,
        -0.0399, -0.1251, -0.0878, -0.0239,  0.0587, -0.1121, -0.1483, -0.0791,
         0.0221, -0.0539,  0.1341, -0.0229,  0.1362,  0.0976,  0.0909,  0.1372,
         0.0870,  0.0845,  0.1413, -0.0785, -0.1314, -0.1116, -0.0285, -0.1256,
        -0.0554, -0.1188,  0.0959,  0.1502,  0.0371, -0.1019,  0.0483, -0.0402,
        -0.0204, -0.0946, -0.1328,  0.0166, -0.1202,  0.1196,  0.0317, -0.1710]), 'rvq_quantizer.layers.0._codebook.initted': tensor([1.]), 'rvq_quantizer.layers.0._codebook.cluster_size': tensor([[2.0000, 3.4674, 2.0000,  ..., 2.0000, 2.5730, 3.3688]]), 'rvq_quantizer.layers.0._codebook.embed_avg': tensor([[[-153.0932,   -6.0483,  -81.0240,  ...,  -76.9762, -154.4514,
           -60.6583],
         [-204.6871,  -41.1552,  -50.8968,  ..., -108.1314, -129.2618,
           -18.9711],
         [-144.4491,   -3.8295,  -82.6308,  ...,  -73.4796, -155.0820,
           -57.3506],
         ...,
         [-166.0526,    5.5433,  -92.4089,  ...,  -78.3666, -162.1001,
           -52.4670],
         [-129.4235,  -33.9961,  -55.1176,  ...,  -51.2670,  -45.4124,
            -4.3561],
         [-257.8965,    3.0566, -157.9070,  ..., -139.5297, -252.3497,
           -90.3914]]]), 'rvq_quantizer.layers.0._codebook.embed': tensor([[[-76.5466,  -3.0241, -40.5120,  ..., -38.4881, -77.2257, -30.3292],
         [-59.0313, -11.8691, -14.6785,  ..., -31.1848, -37.2788,  -5.4712],
         [-72.2245,  -1.9147, -41.3154,  ..., -36.7398, -77.5410, -28.6753],
         ...,
         [-83.0263,   2.7716, -46.2044,  ..., -39.1833, -81.0500, -26.2335],
         [-50.3012, -13.2128, -21.4218,  ..., -19.9252, -17.6498,  -1.6930],
         [-76.5546,   0.9073, -46.8735,  ..., -41.4184, -74.9081, -26.8320]]]), 'rvq_quantizer.layers.1._codebook.initted': tensor([1.]), 'rvq_quantizer.layers.1._codebook.cluster_size': tensor([[287.4973,   2.3022,   2.7820,  ...,   2.4881,   2.5938,   2.0000]]), 'rvq_quantizer.layers.1._codebook.embed_avg': tensor([[[-1.6006e-03, -2.0921e-04, -8.5776e-04,  ..., -6.8780e-04,
          -1.0253e-03, -3.2906e-04],
         [-3.1426e+00,  5.2336e+00,  2.2827e+00,  ...,  2.8297e+00,
          -2.9650e+00,  4.3223e+00],
         [-9.8884e+00, -4.9217e+00,  4.6120e+00,  ..., -5.3507e-01,
          -1.5818e+00,  1.2927e+00],
         ...,
         [ 1.2084e+01,  2.5748e-02, -9.9227e-01,  ...,  1.0247e+01,
           8.3087e+00, -1.3999e+00],
         [ 3.7538e+00, -1.5275e+00,  3.6631e+00,  ..., -2.4176e+00,
           6.7188e+00, -4.2117e+00],
         [-2.6317e+00, -5.3819e+00,  2.5470e+00,  ..., -2.8120e+00,
          -6.0116e+00,  1.0280e+01]]]), 'rvq_quantizer.layers.1._codebook.embed': tensor([[[-5.5673e-06, -7.2769e-07, -2.9835e-06,  ..., -2.3924e-06,
          -3.5663e-06, -1.1446e-06],
         [-1.3650e+00,  2.2733e+00,  9.9153e-01,  ...,  1.2291e+00,
          -1.2879e+00,  1.8774e+00],
         [-3.5544e+00, -1.7691e+00,  1.6578e+00,  ..., -1.9233e-01,
          -5.6859e-01,  4.6467e-01],
         ...,
         [ 4.8567e+00,  1.0348e-02, -3.9880e-01,  ...,  4.1185e+00,
           3.3393e+00, -5.6265e-01],
         [ 1.4472e+00, -5.8890e-01,  1.4122e+00,  ..., -9.3204e-01,
           2.5903e+00, -1.6237e+00],
         [-1.3159e+00, -2.6910e+00,  1.2735e+00,  ..., -1.4060e+00,
          -3.0058e+00,  5.1401e+00]]]), 'rvq_quantizer.layers.2._codebook.initted': tensor([1.]), 'rvq_quantizer.layers.2._codebook.cluster_size': tensor([[374.2203,   3.9757,   3.7887,  ...,   4.4490,   2.6604,   3.5848]]), 'rvq_quantizer.layers.2._codebook.embed_avg': tensor([[[-1.4550e-03, -1.9007e-04, -7.8460e-04,  ..., -6.3727e-04,
          -9.7154e-04, -3.1852e-04],
         [ 1.9955e+00, -6.8287e+00, -4.8072e+00,  ..., -1.2406e+00,
           1.2080e-02, -5.9826e+00],
         [-1.9632e-01, -2.0001e-01,  2.0233e-01,  ..., -3.5808e-01,
          -5.5798e-01,  1.1111e-01],
         ...,
         [-6.6043e+00,  4.5893e+00, -6.2427e+00,  ...,  2.2832e+00,
          -4.9131e+00, -6.5144e+00],
         [ 8.9433e-01, -1.0186e+00,  1.8116e+00,  ...,  2.7493e+00,
           1.1420e+00, -4.5721e-02],
         [ 2.8555e+00, -1.2910e+00, -4.9846e+00,  ...,  2.9485e+00,
          -4.0771e+00, -1.6697e-01]]]), 'rvq_quantizer.layers.2._codebook.embed': tensor([[[-3.8882e-06, -5.0791e-07, -2.0966e-06,  ..., -1.7029e-06,
          -2.5962e-06, -8.5116e-07],
         [ 5.0193e-01, -1.7176e+00, -1.2091e+00,  ..., -3.1204e-01,
           3.0384e-03, -1.5048e+00],
         [-5.1817e-02, -5.2790e-02,  5.3403e-02,  ..., -9.4511e-02,
          -1.4727e-01,  2.9327e-02],
         ...,
         [-1.4844e+00,  1.0315e+00, -1.4032e+00,  ...,  5.1320e-01,
          -1.1043e+00, -1.4642e+00],
         [ 3.3616e-01, -3.8287e-01,  6.8096e-01,  ...,  1.0334e+00,
           4.2925e-01, -1.7186e-02],
         [ 7.9656e-01, -3.6014e-01, -1.3905e+00,  ...,  8.2251e-01,
          -1.1373e+00, -4.6578e-02]]]), 'rvq_quantizer.layers.3._codebook.initted': tensor([1.]), 'rvq_quantizer.layers.3._codebook.cluster_size': tensor([[  4.2840, 375.4601,   4.0294,  ...,   2.0000,   2.1798,   2.8321]]), 'rvq_quantizer.layers.3._codebook.embed_avg': tensor([[[-2.8681e-01, -1.3165e-01,  1.7476e-01,  ..., -3.6946e-01,
          -6.1001e-01,  2.1366e-01],
         [-9.1124e-04, -1.2823e-04, -4.8303e-04,  ..., -3.9758e-04,
          -5.9215e-04, -1.8901e-04],
         [ 4.0636e-01, -3.1714e-01, -1.3688e+00,  ..., -1.5251e-01,
          -1.9405e+00,  2.7624e+00],
         ...,
         [-7.7920e-01,  9.4425e-01, -1.4142e+00,  ..., -1.4490e+00,
          -1.2829e+00,  3.4013e-01],
         [ 1.2517e-01, -3.2714e-01, -2.1398e+00,  ...,  1.3201e+00,
          -1.7266e+00,  5.3498e-02],
         [-3.0590e-02, -2.0082e-02, -1.1081e-02,  ...,  1.0814e-02,
           3.9263e-02,  1.9172e-03]]]), 'rvq_quantizer.layers.3._codebook.embed': tensor([[[-6.6950e-02, -3.0730e-02,  4.0794e-02,  ..., -8.6242e-02,
          -1.4239e-01,  4.9873e-02],
         [-2.4270e-06, -3.4153e-07, -1.2865e-06,  ..., -1.0589e-06,
          -1.5771e-06, -5.0341e-07],
         [ 1.0085e-01, -7.8707e-02, -3.3971e-01,  ..., -3.7850e-02,
          -4.8158e-01,  6.8556e-01],
         ...,
         [-3.8960e-01,  4.7213e-01, -7.0710e-01,  ..., -7.2450e-01,
          -6.4146e-01,  1.7006e-01],
         [ 5.7425e-02, -1.5008e-01, -9.8169e-01,  ...,  6.0562e-01,
          -7.9213e-01,  2.4543e-02],
         [-1.0801e-02, -7.0910e-03, -3.9128e-03,  ...,  3.8185e-03,
           1.3864e-02,  6.7696e-04]]])})
Loss:  tensor(1.6274, grad_fn=<MeanBackward0>)
OrderedDict({'rvq_quantizer.project_in.weight': tensor([[ 0.1123,  0.0320, -0.0450,  ...,  0.1083, -0.0613,  0.0830],
        [-0.0007,  0.0301,  0.0586,  ...,  0.0461, -0.0547, -0.0324],
        [ 0.0594, -0.0739,  0.0233,  ..., -0.0870, -0.1202,  0.0586],
        ...,
        [ 0.0612,  0.0034, -0.0758,  ...,  0.0983,  0.0446,  0.0617],
        [ 0.1162, -0.0419, -0.0538,  ..., -0.1202, -0.0991,  0.0334],
        [ 0.0399, -0.0963, -0.0384,  ..., -0.1183, -0.0075, -0.1033]]), 'rvq_quantizer.project_in.bias': tensor([ 0.0007,  0.0028, -0.0392,  0.0722, -0.0533, -0.1061,  0.0724, -0.0837,
         0.0315, -0.0616, -0.0902,  0.0147,  0.0306, -0.1214,  0.0967,  0.0513,
         0.1134, -0.0119,  0.0959,  0.1189,  0.1056,  0.1135,  0.0500, -0.0678,
        -0.0406, -0.0238,  0.0122, -0.0237,  0.0367, -0.0865,  0.0638, -0.0592]), 'rvq_quantizer.project_out.weight': tensor([[ 1.7297e-01, -7.7242e-02,  1.4315e-01,  ..., -9.3891e-03,
          4.6688e-02,  2.6892e-02],
        [-1.2556e-01,  6.1723e-03,  7.3092e-02,  ...,  9.3280e-02,
          1.4586e-01,  1.3955e-01],
        [ 2.5525e-02,  2.4489e-02,  1.1027e-01,  ..., -3.5292e-02,
         -8.5630e-02, -1.7585e-02],
        ...,
        [-1.1142e-01,  1.1344e-01,  1.7359e-03,  ..., -4.1507e-02,
          1.0128e-01, -1.6361e-01],
        [ 8.1643e-03,  1.1110e-02,  1.2083e-01,  ...,  5.7392e-03,
         -1.2658e-01, -8.9246e-05],
        [ 1.1302e-01,  7.6405e-02,  1.5586e-01,  ...,  2.4890e-02,
         -8.8728e-02,  1.3402e-01]]), 'rvq_quantizer.project_out.bias': tensor([ 0.0184,  0.1213,  0.0966,  0.0149, -0.0584,  0.1491, -0.1232, -0.0948,
         0.0769,  0.1567, -0.0673,  0.0828, -0.1253,  0.1187, -0.1478,  0.1035,
         0.0257,  0.1767, -0.1063, -0.0178,  0.0536,  0.1559,  0.0004,  0.0875,
        -0.0399, -0.1251, -0.0878, -0.0239,  0.0587, -0.1121, -0.1483, -0.0791,
         0.0221, -0.0539,  0.1341, -0.0229,  0.1362,  0.0976,  0.0909,  0.1372,
         0.0870,  0.0845,  0.1413, -0.0785, -0.1314, -0.1116, -0.0285, -0.1256,
        -0.0554, -0.1188,  0.0959,  0.1502,  0.0371, -0.1019,  0.0483, -0.0402,
        -0.0204, -0.0946, -0.1328,  0.0166, -0.1202,  0.1196,  0.0317, -0.1710]), 'rvq_quantizer.layers.0._codebook.initted': tensor([1.]), 'rvq_quantizer.layers.0._codebook.cluster_size': tensor([[2.0000, 3.4207, 2.0000,  ..., 2.0000, 2.5157, 3.3319]]), 'rvq_quantizer.layers.0._codebook.embed_avg': tensor([[[-141.0200,   -1.8296,  -66.0221,  ...,  -60.9629,  -93.9746,
           -32.4969],
         [-201.9986,  -40.5659,  -50.0850,  ..., -106.2660, -127.4150,
           -18.9087],
         [-156.1495,   -8.8403,  -91.5590,  ...,  -84.9682, -156.0340,
           -57.4072],
         ...,
         [-153.5723,   -6.6455,  -83.3531,  ...,  -83.2894, -134.4321,
           -48.1659],
         [-126.4768,  -33.0951,  -53.5448,  ...,  -49.8062,  -43.7522,
            -4.2175],
         [-254.9524,    3.0519, -156.0948,  ..., -137.8262, -249.6874,
           -89.3471]]]), 'rvq_quantizer.layers.0._codebook.embed': tensor([[[-70.5100,  -0.9148, -33.0110,  ..., -30.4814, -46.9873, -16.2484],
         [-59.0520, -11.8590, -14.6418,  ..., -31.0656, -37.2483,  -5.5278],
         [-78.0748,  -4.4202, -45.7795,  ..., -42.4841, -78.0170, -28.7036],
         ...,
         [-76.7861,  -3.3228, -41.6765,  ..., -41.6447, -67.2160, -24.0829],
         [-50.2755, -13.1556, -21.2845,  ..., -19.7984, -17.3918,  -1.6765],
         [-76.5184,   0.9160, -46.8484,  ..., -41.3655, -74.9382, -26.8156]]]), 'rvq_quantizer.layers.1._codebook.initted': tensor([1.]), 'rvq_quantizer.layers.1._codebook.cluster_size': tensor([[293.0475,   2.2720,   2.7038,  ...,   2.5393,   2.7344,   2.0000]]), 'rvq_quantizer.layers.1._codebook.embed_avg': tensor([[[-1.6267e-03, -2.0922e-04, -8.7422e-04,  ..., -7.0246e-04,
          -1.0422e-03, -3.3613e-04],
         [-3.0380e+00,  5.1314e+00,  2.1561e+00,  ...,  2.7020e+00,
          -2.9378e+00,  4.1315e+00],
         [-9.3478e+00, -4.7882e+00,  4.4093e+00,  ..., -7.2762e-01,
          -1.4300e+00,  1.2241e+00],
         ...,
         [ 1.2264e+01,  2.4343e-02, -1.0187e+00,  ...,  1.0381e+01,
           8.5034e+00, -1.2685e+00],
         [ 3.9485e+00, -1.5930e+00,  3.8279e+00,  ..., -2.5228e+00,
           6.9864e+00, -4.4290e+00],
         [ 2.4630e+00,  7.5977e-01,  3.5290e+00,  ..., -4.6123e+00,
           1.3184e+00,  2.5664e+00]]]), 'rvq_quantizer.layers.1._codebook.embed': tensor([[[-5.5509e-06, -7.1394e-07, -2.9832e-06,  ..., -2.3971e-06,
          -3.5564e-06, -1.1470e-06],
         [-1.3371e+00,  2.2585e+00,  9.4899e-01,  ...,  1.1893e+00,
          -1.2930e+00,  1.8184e+00],
         [-3.4573e+00, -1.7709e+00,  1.6308e+00,  ..., -2.6911e-01,
          -5.2888e-01,  4.5272e-01],
         ...,
         [ 4.8296e+00,  9.5865e-03, -4.0116e-01,  ...,  4.0881e+00,
           3.3487e+00, -4.9956e-01],
         [ 1.4440e+00, -5.8255e-01,  1.3999e+00,  ..., -9.2259e-01,
           2.5549e+00, -1.6197e+00],
         [ 1.2315e+00,  3.7989e-01,  1.7645e+00,  ..., -2.3061e+00,
           6.5919e-01,  1.2832e+00]]]), 'rvq_quantizer.layers.2._codebook.initted': tensor([1.]), 'rvq_quantizer.layers.2._codebook.cluster_size': tensor([[376.2983,   3.8782,   3.4099,  ...,   4.3041,   2.5944,   3.6263]]), 'rvq_quantizer.layers.2._codebook.embed_avg': tensor([[[-1.4489e-03, -1.8707e-04, -7.9139e-04,  ..., -6.4460e-04,
          -9.6309e-04, -3.2056e-04],
         [ 1.8746e+00, -6.6758e+00, -4.4658e+00,  ..., -1.2180e+00,
           5.7710e-02, -5.8553e+00],
         [-1.7669e-01, -1.8001e-01,  1.8210e-01,  ..., -3.2227e-01,
          -5.0218e-01,  1.0000e-01],
         ...,
         [-6.5481e+00,  4.5719e+00, -5.9722e+00,  ...,  2.1565e+00,
          -4.6521e+00, -6.4028e+00],
         [ 1.0471e+00, -8.9491e-01,  1.7985e+00,  ...,  2.6197e+00,
           1.4127e+00,  4.6158e-02],
         [ 2.9112e+00, -1.5346e+00, -5.0106e+00,  ...,  3.1307e+00,
          -4.0478e+00, -3.9576e-01]]]), 'rvq_quantizer.layers.2._codebook.embed': tensor([[[-3.8505e-06, -4.9713e-07, -2.1031e-06,  ..., -1.7130e-06,
          -2.5594e-06, -8.5189e-07],
         [ 4.8339e-01, -1.7214e+00, -1.1515e+00,  ..., -3.1406e-01,
           1.4881e-02, -1.5098e+00],
         [-5.1817e-02, -5.2790e-02,  5.3403e-02,  ..., -9.4511e-02,
          -1.4727e-01,  2.9327e-02],
         ...,
         [-1.5213e+00,  1.0622e+00, -1.3876e+00,  ...,  5.0103e-01,
          -1.0808e+00, -1.4876e+00],
         [ 4.0359e-01, -3.4494e-01,  6.9322e-01,  ...,  1.0098e+00,
           5.4452e-01,  1.7791e-02],
         [ 8.0280e-01, -4.2318e-01, -1.3817e+00,  ...,  8.6333e-01,
          -1.1162e+00, -1.0914e-01]]]), 'rvq_quantizer.layers.3._codebook.initted': tensor([1.]), 'rvq_quantizer.layers.3._codebook.cluster_size': tensor([[  4.1556, 377.4141,   3.9264,  ...,   2.0000,   2.2618,   2.9489]]), 'rvq_quantizer.layers.3._codebook.embed_avg': tensor([[[-2.9999e-01, -1.1634e-01,  1.3724e-01,  ..., -3.4807e-01,
          -6.3444e-01,  1.9444e-01],
         [-9.0431e-04, -1.2301e-04, -4.8928e-04,  ..., -4.0466e-04,
          -5.8709e-04, -1.9201e-04],
         [ 3.4730e-01, -3.1730e-01, -1.3266e+00,  ..., -3.6345e-01,
          -1.8487e+00,  2.7419e+00],
         ...,
         [ 0.0000e+00,  0.0000e+00,  0.0000e+00,  ...,  0.0000e+00,
           0.0000e+00,  0.0000e+00],
         [ 2.0949e-02, -3.1234e-01, -2.2118e+00,  ...,  1.3904e+00,
          -1.8238e+00,  5.3820e-02],
         [-3.3567e-02, -1.8493e-02, -1.8213e-02,  ...,  1.3519e-02,
           4.3148e-02, -2.3533e-04]]]), 'rvq_quantizer.layers.3._codebook.embed': tensor([[[-7.2190e-02, -2.7996e-02,  3.3025e-02,  ..., -8.3759e-02,
          -1.5267e-01,  4.6791e-02],
         [-2.3961e-06, -3.2594e-07, -1.2964e-06,  ..., -1.0722e-06,
          -1.5556e-06, -5.0874e-07],
         [ 8.8451e-02, -8.0812e-02, -3.3787e-01,  ..., -9.2564e-02,
          -4.7085e-01,  6.9832e-01],
         ...,
         [ 0.0000e+00,  0.0000e+00,  0.0000e+00,  ...,  0.0000e+00,
           0.0000e+00,  0.0000e+00],
         [ 9.2623e-03, -1.3809e-01, -9.7792e-01,  ...,  6.1475e-01,
          -8.0637e-01,  2.3795e-02],
         [-1.1383e-02, -6.2712e-03, -6.1763e-03,  ...,  4.5846e-03,
           1.4632e-02, -7.9804e-05]]])})
Loss:  tensor(1.6223, grad_fn=<MeanBackward0>)
OrderedDict({'rvq_quantizer.project_in.weight': tensor([[ 0.1123,  0.0320, -0.0450,  ...,  0.1083, -0.0613,  0.0830],
        [-0.0007,  0.0301,  0.0586,  ...,  0.0461, -0.0547, -0.0324],
        [ 0.0594, -0.0739,  0.0233,  ..., -0.0870, -0.1202,  0.0586],
        ...,
        [ 0.0612,  0.0034, -0.0758,  ...,  0.0983,  0.0446,  0.0617],
        [ 0.1162, -0.0419, -0.0538,  ..., -0.1202, -0.0991,  0.0334],
        [ 0.0399, -0.0963, -0.0384,  ..., -0.1183, -0.0075, -0.1033]]), 'rvq_quantizer.project_in.bias': tensor([ 0.0007,  0.0028, -0.0392,  0.0722, -0.0533, -0.1061,  0.0724, -0.0837,
         0.0315, -0.0616, -0.0902,  0.0147,  0.0306, -0.1214,  0.0967,  0.0513,
         0.1134, -0.0119,  0.0959,  0.1189,  0.1056,  0.1135,  0.0500, -0.0678,
        -0.0406, -0.0238,  0.0122, -0.0237,  0.0367, -0.0865,  0.0638, -0.0592]), 'rvq_quantizer.project_out.weight': tensor([[ 1.7297e-01, -7.7242e-02,  1.4315e-01,  ..., -9.3891e-03,
          4.6688e-02,  2.6892e-02],
        [-1.2556e-01,  6.1723e-03,  7.3092e-02,  ...,  9.3280e-02,
          1.4586e-01,  1.3955e-01],
        [ 2.5525e-02,  2.4489e-02,  1.1027e-01,  ..., -3.5292e-02,
         -8.5630e-02, -1.7585e-02],
        ...,
        [-1.1142e-01,  1.1344e-01,  1.7359e-03,  ..., -4.1507e-02,
          1.0128e-01, -1.6361e-01],
        [ 8.1643e-03,  1.1110e-02,  1.2083e-01,  ...,  5.7392e-03,
         -1.2658e-01, -8.9246e-05],
        [ 1.1302e-01,  7.6405e-02,  1.5586e-01,  ...,  2.4890e-02,
         -8.8728e-02,  1.3402e-01]]), 'rvq_quantizer.project_out.bias': tensor([ 0.0184,  0.1213,  0.0966,  0.0149, -0.0584,  0.1491, -0.1232, -0.0948,
         0.0769,  0.1567, -0.0673,  0.0828, -0.1253,  0.1187, -0.1478,  0.1035,
         0.0257,  0.1767, -0.1063, -0.0178,  0.0536,  0.1559,  0.0004,  0.0875,
        -0.0399, -0.1251, -0.0878, -0.0239,  0.0587, -0.1121, -0.1483, -0.0791,
         0.0221, -0.0539,  0.1341, -0.0229,  0.1362,  0.0976,  0.0909,  0.1372,
         0.0870,  0.0845,  0.1413, -0.0785, -0.1314, -0.1116, -0.0285, -0.1256,
        -0.0554, -0.1188,  0.0959,  0.1502,  0.0371, -0.1019,  0.0483, -0.0402,
        -0.0204, -0.0946, -0.1328,  0.0166, -0.1202,  0.1196,  0.0317, -0.1710]), 'rvq_quantizer.layers.0._codebook.initted': tensor([1.]), 'rvq_quantizer.layers.0._codebook.cluster_size': tensor([[2.0000, 3.4786, 2.0000,  ..., 2.0000, 2.4641, 3.2987]]), 'rvq_quantizer.layers.0._codebook.embed_avg': tensor([[[-120.8649,  -36.9445,  -92.6050,  ...,  -42.2234,  -56.7176,
           -33.0484],
         [-205.4197,  -41.2377,  -50.9197,  ..., -107.9815, -129.5603,
           -19.2807],
         [-127.2949,  -31.5351,  -99.1966,  ...,  -51.3991,  -81.6611,
           -21.2892],
         ...,
         [-132.4044,  -32.0177,  -70.4463,  ...,  -68.2624,  -89.6294,
           -13.1335],
         [-123.8247,  -32.2841,  -52.1293,  ...,  -48.4915,  -42.2580,
            -4.0929],
         [-252.3027,    3.0477, -154.4639,  ..., -136.2931, -247.2913,
           -88.4073]]]), 'rvq_quantizer.layers.0._codebook.embed': tensor([[[-60.4324, -18.4723, -46.3025,  ..., -21.1117, -28.3588, -16.5242],
         [-59.0520, -11.8546, -14.6379,  ..., -31.0415, -37.2447,  -5.5426],
         [-63.6474, -15.7676, -49.5983,  ..., -25.6995, -40.8305, -10.6446],
         ...,
         [-66.2022, -16.0088, -35.2232,  ..., -34.1312, -44.8147,  -6.5668],
         [-50.2514, -13.1018, -21.1555,  ..., -19.6791, -17.1494,  -1.6610],
         [-76.4850,   0.9239, -46.8254,  ..., -41.3170, -74.9658, -26.8005]]]), 'rvq_quantizer.layers.1._codebook.initted': tensor([1.]), 'rvq_quantizer.layers.1._codebook.cluster_size': tensor([[298.8428,   2.0448,   2.7334,  ...,   2.5854,   2.7610,   2.0000]]), 'rvq_quantizer.layers.1._codebook.embed_avg': tensor([[[-1.6425e-03, -2.1235e-04, -8.8674e-04,  ..., -7.0751e-04,
          -1.0642e-03, -3.4034e-04],
         [-2.7342e+00,  4.6182e+00,  1.9405e+00,  ...,  2.4318e+00,
          -2.6440e+00,  3.7183e+00],
         [-9.6280e+00, -4.8834e+00,  4.4199e+00,  ..., -7.0813e-01,
          -1.6167e+00,  1.2266e+00],
         ...,
         [ 1.2311e+01, -1.6150e-01, -1.1394e+00,  ...,  1.0239e+01,
           8.6735e+00, -1.0728e+00],
         [ 4.0899e+00, -1.6461e+00,  3.7401e+00,  ..., -2.5173e+00,
           7.0264e+00, -4.5043e+00],
         [-6.1035e-05, -2.8610e-06, -3.0518e-05,  ..., -3.0518e-05,
          -3.0518e-05, -2.2888e-05]]]), 'rvq_quantizer.layers.1._codebook.embed': tensor([[[-5.4963e-06, -7.1059e-07, -2.9673e-06,  ..., -2.3675e-06,
          -3.5612e-06, -1.1389e-06],
         [-1.3371e+00,  2.2585e+00,  9.4899e-01,  ...,  1.1893e+00,
          -1.2930e+00,  1.8184e+00],
         [-3.5223e+00, -1.7866e+00,  1.6170e+00,  ..., -2.5907e-01,
          -5.9147e-01,  4.4874e-01],
         ...,
         [ 4.7618e+00, -6.2469e-02, -4.4070e-01,  ...,  3.9603e+00,
           3.3548e+00, -4.1497e-01],
         [ 1.4813e+00, -5.9618e-01,  1.3546e+00,  ..., -9.1174e-01,
           2.5449e+00, -1.6314e+00],
         [-3.0518e-05, -1.4305e-06, -1.5259e-05,  ..., -1.5259e-05,
          -1.5259e-05, -1.1444e-05]]]), 'rvq_quantizer.layers.2._codebook.initted': tensor([1.]), 'rvq_quantizer.layers.2._codebook.cluster_size': tensor([[377.9684,   3.7903,   3.0689,  ...,   4.2737,   2.5349,   3.6637]]), 'rvq_quantizer.layers.2._codebook.embed_avg': tensor([[[-1.4379e-03, -1.8687e-04, -7.9441e-04,  ..., -6.3711e-04,
          -9.5928e-04, -3.1679e-04],
         [ 1.8842e+00, -6.3906e+00, -4.4558e+00,  ..., -1.3980e+00,
          -9.0173e-02, -5.5854e+00],
         [-1.5902e-01, -1.6201e-01,  1.6389e-01,  ..., -2.9004e-01,
          -4.5196e-01,  9.0000e-02],
         ...,
         [-6.5603e+00,  4.5055e+00, -6.0876e+00,  ...,  2.0154e+00,
          -4.9116e+00, -6.2640e+00],
         [ 9.2233e-01, -8.9028e-01,  1.8163e+00,  ...,  2.8044e+00,
           1.1780e+00,  2.1567e-01],
         [ 2.9191e+00, -1.6505e+00, -5.0753e+00,  ...,  3.1239e+00,
          -3.6671e+00, -4.2991e-01]]]), 'rvq_quantizer.layers.2._codebook.embed': tensor([[[-3.8042e-06, -4.9440e-07, -2.1018e-06,  ..., -1.6856e-06,
          -2.5380e-06, -8.3814e-07],
         [ 4.9710e-01, -1.6860e+00, -1.1756e+00,  ..., -3.6884e-01,
          -2.3790e-02, -1.4736e+00],
         [-5.1817e-02, -5.2790e-02,  5.3403e-02,  ..., -9.4511e-02,
          -1.4727e-01,  2.9327e-02],
         ...,
         [-1.5350e+00,  1.0542e+00, -1.4244e+00,  ...,  4.7158e-01,
          -1.1492e+00, -1.4657e+00],
         [ 3.6385e-01, -3.5121e-01,  7.1649e-01,  ...,  1.1063e+00,
           4.6470e-01,  8.5079e-02],
         [ 7.9676e-01, -4.5050e-01, -1.3853e+00,  ...,  8.5265e-01,
          -1.0009e+00, -1.1734e-01]]]), 'rvq_quantizer.layers.3._codebook.initted': tensor([1.]), 'rvq_quantizer.layers.3._codebook.cluster_size': tensor([[  3.8400, 378.9727,   4.3338,  ...,   2.0000,   2.2356,   2.7540]]), 'rvq_quantizer.layers.3._codebook.embed_avg': tensor([[[-2.8243e-01, -9.3982e-02,  1.2209e-01,  ..., -3.1809e-01,
          -5.8658e-01,  1.9855e-01],
         [-8.9960e-04, -1.2300e-04, -4.9623e-04,  ..., -3.9975e-04,
          -5.8888e-04, -1.9044e-04],
         [ 4.1339e-01, -3.3071e-01, -1.4276e+00,  ..., -2.8311e-01,
          -2.0745e+00,  2.9366e+00],
         ...,
         [-1.3111e+00, -4.7562e+00,  6.7620e-01,  ...,  2.4869e+00,
          -3.9866e-01,  1.0123e+00],
         [-9.1951e-02, -3.5016e-01, -2.1004e+00,  ...,  1.3812e+00,
          -1.9313e+00,  3.0151e-02],
         [-3.2278e-02, -1.6489e-02, -1.7298e-02,  ...,  1.3977e-02,
           3.9944e-02,  6.1986e-04]]]), 'rvq_quantizer.layers.3._codebook.embed': tensor([[[-7.3550e-02, -2.4474e-02,  3.1793e-02,  ..., -8.2834e-02,
          -1.5275e-01,  5.1706e-02],
         [-2.3738e-06, -3.2457e-07, -1.3094e-06,  ..., -1.0548e-06,
          -1.5539e-06, -5.0251e-07],
         [ 9.5387e-02, -7.6309e-02, -3.2941e-01,  ..., -6.5326e-02,
          -4.7869e-01,  6.7761e-01],
         ...,
         [-6.5556e-01, -2.3781e+00,  3.3810e-01,  ...,  1.2434e+00,
          -1.9933e-01,  5.0617e-01],
         [-4.1130e-02, -1.5663e-01, -9.3953e-01,  ...,  6.1781e-01,
          -8.6387e-01,  1.3487e-02],
         [-1.1721e-02, -5.9872e-03, -6.2810e-03,  ...,  5.0753e-03,
           1.4504e-02,  2.2508e-04]]])})
Loss:  tensor(1.5916, grad_fn=<MeanBackward0>)
OrderedDict({'rvq_quantizer.project_in.weight': tensor([[ 0.1123,  0.0320, -0.0450,  ...,  0.1083, -0.0613,  0.0830],
        [-0.0007,  0.0301,  0.0586,  ...,  0.0461, -0.0547, -0.0324],
        [ 0.0594, -0.0739,  0.0233,  ..., -0.0870, -0.1202,  0.0586],
        ...,
        [ 0.0612,  0.0034, -0.0758,  ...,  0.0983,  0.0446,  0.0617],
        [ 0.1162, -0.0419, -0.0538,  ..., -0.1202, -0.0991,  0.0334],
        [ 0.0399, -0.0963, -0.0384,  ..., -0.1183, -0.0075, -0.1033]]), 'rvq_quantizer.project_in.bias': tensor([ 0.0007,  0.0028, -0.0392,  0.0722, -0.0533, -0.1061,  0.0724, -0.0837,
         0.0315, -0.0616, -0.0902,  0.0147,  0.0306, -0.1214,  0.0967,  0.0513,
         0.1134, -0.0119,  0.0959,  0.1189,  0.1056,  0.1135,  0.0500, -0.0678,
        -0.0406, -0.0238,  0.0122, -0.0237,  0.0367, -0.0865,  0.0638, -0.0592]), 'rvq_quantizer.project_out.weight': tensor([[ 1.7297e-01, -7.7242e-02,  1.4315e-01,  ..., -9.3891e-03,
          4.6688e-02,  2.6892e-02],
        [-1.2556e-01,  6.1723e-03,  7.3092e-02,  ...,  9.3280e-02,
          1.4586e-01,  1.3955e-01],
        [ 2.5525e-02,  2.4489e-02,  1.1027e-01,  ..., -3.5292e-02,
         -8.5630e-02, -1.7585e-02],
        ...,
        [-1.1142e-01,  1.1344e-01,  1.7359e-03,  ..., -4.1507e-02,
          1.0128e-01, -1.6361e-01],
        [ 8.1643e-03,  1.1110e-02,  1.2083e-01,  ...,  5.7392e-03,
         -1.2658e-01, -8.9246e-05],
        [ 1.1302e-01,  7.6405e-02,  1.5586e-01,  ...,  2.4890e-02,
         -8.8728e-02,  1.3402e-01]]), 'rvq_quantizer.project_out.bias': tensor([ 0.0184,  0.1213,  0.0966,  0.0149, -0.0584,  0.1491, -0.1232, -0.0948,
         0.0769,  0.1567, -0.0673,  0.0828, -0.1253,  0.1187, -0.1478,  0.1035,
         0.0257,  0.1767, -0.1063, -0.0178,  0.0536,  0.1559,  0.0004,  0.0875,
        -0.0399, -0.1251, -0.0878, -0.0239,  0.0587, -0.1121, -0.1483, -0.0791,
         0.0221, -0.0539,  0.1341, -0.0229,  0.1362,  0.0976,  0.0909,  0.1372,
         0.0870,  0.0845,  0.1413, -0.0785, -0.1314, -0.1116, -0.0285, -0.1256,
        -0.0554, -0.1188,  0.0959,  0.1502,  0.0371, -0.1019,  0.0483, -0.0402,
        -0.0204, -0.0946, -0.1328,  0.0166, -0.1202,  0.1196,  0.0317, -0.1710]), 'rvq_quantizer.layers.0._codebook.initted': tensor([1.]), 'rvq_quantizer.layers.0._codebook.cluster_size': tensor([[2.0000, 3.4308, 2.0000,  ..., 2.0000, 2.5177, 3.1688]]), 'rvq_quantizer.layers.0._codebook.embed_avg': tensor([[[ -95.1579,  -32.1553,  -74.0721,  ...,  -48.2339,  -38.1689,
           -29.5968],
         [-202.6298,  -40.6279,  -50.0984,  ..., -106.1355, -127.5702,
           -19.1694],
         [-126.5932,  -31.2871,  -99.1828,  ...,  -51.4585,  -81.7035,
           -21.6320],
         ...,
         [ -96.1015,  -17.5070,  -51.6483,  ...,  -20.9328,  -40.5727,
             1.1880],
         [-126.5249,  -33.0076,  -53.3140,  ...,  -49.5819,  -43.2817,
            -4.2263],
         [-242.4459,    2.8142, -148.3302,  ..., -131.1181, -237.3752,
           -84.7249]]]), 'rvq_quantizer.layers.0._codebook.embed': tensor([[[-47.5789, -16.0777, -37.0360,  ..., -24.1170, -19.0844, -14.7984],
         [-59.0627, -11.8422, -14.6027,  ..., -30.9364, -37.1842,  -5.5875],
         [-63.2965, -15.6435, -49.5913,  ..., -25.7292, -40.8517, -10.8160],
         ...,
         [-48.0508,  -8.7535, -25.8242,  ..., -10.4664, -20.2863,   0.5940],
         [-50.2542, -13.1102, -21.1757,  ..., -19.6934, -17.1910,  -1.6786],
         [-76.5091,   0.8881, -46.8089,  ..., -41.3772, -74.9090, -26.7368]]]), 'rvq_quantizer.layers.1._codebook.initted': tensor([1.]), 'rvq_quantizer.layers.1._codebook.cluster_size': tensor([[303.8585,   2.0403,   2.6601,  ...,   2.7268,   2.8849,   2.0000]]), 'rvq_quantizer.layers.1._codebook.embed_avg': tensor([[[-1.7110e-03, -2.2375e-04, -9.2548e-04,  ..., -7.3365e-04,
          -1.1012e-03, -3.5389e-04],
         [-2.8362e+00,  4.4318e+00,  1.9599e+00,  ...,  2.5367e+00,
          -2.6438e+00,  3.7912e+00],
         [-9.7014e+00, -4.8013e+00,  4.3169e+00,  ..., -5.5551e-01,
          -1.7828e+00,  1.1396e+00],
         ...,
         [ 1.2778e+01, -1.7447e-01, -1.1555e+00,  ...,  1.0368e+01,
           9.0686e+00, -1.1779e+00],
         [ 4.2479e+00, -1.6896e+00,  3.9002e+00,  ..., -2.5919e+00,
           7.2480e+00, -4.6844e+00],
         [ 4.3921e+00, -2.3876e+00,  1.2127e+00,  ..., -1.4480e+00,
          -3.6653e+00,  7.0906e+00]]]), 'rvq_quantizer.layers.1._codebook.embed': tensor([[[-5.6308e-06, -7.3638e-07, -3.0458e-06,  ..., -2.4145e-06,
          -3.6242e-06, -1.1646e-06],
         [-1.3901e+00,  2.1721e+00,  9.6056e-01,  ...,  1.2433e+00,
          -1.2958e+00,  1.8581e+00],
         [-3.6471e+00, -1.8050e+00,  1.6229e+00,  ..., -2.0883e-01,
          -6.7021e-01,  4.2841e-01],
         ...,
         [ 4.6859e+00, -6.3981e-02, -4.2376e-01,  ...,  3.8024e+00,
           3.3257e+00, -4.3198e-01],
         [ 1.4725e+00, -5.8567e-01,  1.3519e+00,  ..., -8.9845e-01,
           2.5124e+00, -1.6238e+00],
         [ 2.1960e+00, -1.1938e+00,  6.0633e-01,  ..., -7.2400e-01,
          -1.8326e+00,  3.5453e+00]]]), 'rvq_quantizer.layers.2._codebook.initted': tensor([1.]), 'rvq_quantizer.layers.2._codebook.cluster_size': tensor([[379.2716,   3.7113,   2.8620,  ...,   4.1463,   2.3814,   3.3973]]), 'rvq_quantizer.layers.2._codebook.embed_avg': tensor([[[-1.4789e-03, -1.9340e-04, -8.1330e-04,  ..., -6.4663e-04,
          -9.7403e-04, -3.2408e-04],
         [ 1.8575e+00, -6.1989e+00, -4.2891e+00,  ..., -1.3382e+00,
           7.0239e-02, -5.7342e+00],
         [-1.3647e-01, -1.5321e-01,  1.5035e-01,  ..., -2.6424e-01,
          -4.2255e-01,  7.8594e-02],
         ...,
         [-6.3572e+00,  4.3669e+00, -5.7663e+00,  ...,  2.0632e+00,
          -4.5337e+00, -6.4249e+00],
         [ 7.6481e-01, -9.2198e-01,  1.7392e+00,  ...,  2.6614e+00,
           8.1006e-01,  1.6448e-01],
         [ 2.8470e+00, -1.5590e+00, -4.9649e+00,  ...,  3.0475e+00,
          -3.4100e+00, -3.8356e-01]]]), 'rvq_quantizer.layers.2._codebook.embed': tensor([[[-3.8993e-06, -5.0993e-07, -2.1444e-06,  ..., -1.7049e-06,
          -2.5682e-06, -8.5449e-07],
         [ 5.0050e-01, -1.6703e+00, -1.1557e+00,  ..., -3.6058e-01,
           1.8926e-02, -1.5451e+00],
         [-4.7683e-02, -5.3534e-02,  5.2532e-02,  ..., -9.2327e-02,
          -1.4764e-01,  2.7461e-02],
         ...,
         [-1.5332e+00,  1.0532e+00, -1.3907e+00,  ...,  4.9760e-01,
          -1.0934e+00, -1.5495e+00],
         [ 3.2115e-01, -3.8715e-01,  7.3030e-01,  ...,  1.1176e+00,
           3.4015e-01,  6.9069e-02],
         [ 8.3801e-01, -4.5889e-01, -1.4614e+00,  ...,  8.9703e-01,
          -1.0037e+00, -1.1290e-01]]]), 'rvq_quantizer.layers.3._codebook.initted': tensor([1.]), 'rvq_quantizer.layers.3._codebook.cluster_size': tensor([[  3.4560, 380.0754,   4.4004,  ...,   2.0000,   2.2120,   2.7786]]), 'rvq_quantizer.layers.3._codebook.embed_avg': tensor([[[-2.5419e-01, -8.4584e-02,  1.0988e-01,  ..., -2.8628e-01,
          -5.2792e-01,  1.7870e-01],
         [-9.4135e-04, -1.2883e-04, -5.1552e-04,  ..., -4.0956e-04,
          -6.0576e-04, -1.9871e-04],
         [ 4.6522e-01, -3.2085e-01, -1.5459e+00,  ..., -2.1382e-01,
          -2.1147e+00,  2.9901e+00],
         ...,
         [-1.3366e+00, -4.9847e+00,  3.7402e-01,  ...,  2.4296e+00,
          -9.8210e-02,  1.1940e+00],
         [-1.7885e-01, -2.6416e-01, -2.1352e+00,  ...,  1.2883e+00,
          -1.9245e+00, -1.4495e-02],
         [-3.6543e-02, -1.8983e-02, -2.0649e-02,  ...,  1.2385e-02,
           3.8867e-02, -2.2778e-03]]]), 'rvq_quantizer.layers.3._codebook.embed': tensor([[[-7.3550e-02, -2.4474e-02,  3.1793e-02,  ..., -8.2834e-02,
          -1.5275e-01,  5.1706e-02],
         [-2.4768e-06, -3.3895e-07, -1.3564e-06,  ..., -1.0776e-06,
          -1.5938e-06, -5.2281e-07],
         [ 1.0572e-01, -7.2913e-02, -3.5130e-01,  ..., -4.8592e-02,
          -4.8056e-01,  6.7950e-01],
         ...,
         [-6.6830e-01, -2.4924e+00,  1.8701e-01,  ...,  1.2148e+00,
          -4.9105e-02,  5.9700e-01],
         [-8.0853e-02, -1.1942e-01, -9.6524e-01,  ...,  5.8242e-01,
          -8.6999e-01, -6.5526e-03],
         [-1.3152e-02, -6.8318e-03, -7.4316e-03,  ...,  4.4572e-03,
           1.3988e-02, -8.1976e-04]]])})
Loss:  tensor(1.6005, grad_fn=<MeanBackward0>)
OrderedDict({'rvq_quantizer.project_in.weight': tensor([[ 0.1123,  0.0320, -0.0450,  ...,  0.1083, -0.0613,  0.0830],
        [-0.0007,  0.0301,  0.0586,  ...,  0.0461, -0.0547, -0.0324],
        [ 0.0594, -0.0739,  0.0233,  ..., -0.0870, -0.1202,  0.0586],
        ...,
        [ 0.0612,  0.0034, -0.0758,  ...,  0.0983,  0.0446,  0.0617],
        [ 0.1162, -0.0419, -0.0538,  ..., -0.1202, -0.0991,  0.0334],
        [ 0.0399, -0.0963, -0.0384,  ..., -0.1183, -0.0075, -0.1033]]), 'rvq_quantizer.project_in.bias': tensor([ 0.0007,  0.0028, -0.0392,  0.0722, -0.0533, -0.1061,  0.0724, -0.0837,
         0.0315, -0.0616, -0.0902,  0.0147,  0.0306, -0.1214,  0.0967,  0.0513,
         0.1134, -0.0119,  0.0959,  0.1189,  0.1056,  0.1135,  0.0500, -0.0678,
        -0.0406, -0.0238,  0.0122, -0.0237,  0.0367, -0.0865,  0.0638, -0.0592]), 'rvq_quantizer.project_out.weight': tensor([[ 1.7297e-01, -7.7242e-02,  1.4315e-01,  ..., -9.3891e-03,
          4.6688e-02,  2.6892e-02],
        [-1.2556e-01,  6.1723e-03,  7.3092e-02,  ...,  9.3280e-02,
          1.4586e-01,  1.3955e-01],
        [ 2.5525e-02,  2.4489e-02,  1.1027e-01,  ..., -3.5292e-02,
         -8.5630e-02, -1.7585e-02],
        ...,
        [-1.1142e-01,  1.1344e-01,  1.7359e-03,  ..., -4.1507e-02,
          1.0128e-01, -1.6361e-01],
        [ 8.1643e-03,  1.1110e-02,  1.2083e-01,  ...,  5.7392e-03,
         -1.2658e-01, -8.9246e-05],
        [ 1.1302e-01,  7.6405e-02,  1.5586e-01,  ...,  2.4890e-02,
         -8.8728e-02,  1.3402e-01]]), 'rvq_quantizer.project_out.bias': tensor([ 0.0184,  0.1213,  0.0966,  0.0149, -0.0584,  0.1491, -0.1232, -0.0948,
         0.0769,  0.1567, -0.0673,  0.0828, -0.1253,  0.1187, -0.1478,  0.1035,
         0.0257,  0.1767, -0.1063, -0.0178,  0.0536,  0.1559,  0.0004,  0.0875,
        -0.0399, -0.1251, -0.0878, -0.0239,  0.0587, -0.1121, -0.1483, -0.0791,
         0.0221, -0.0539,  0.1341, -0.0229,  0.1362,  0.0976,  0.0909,  0.1372,
         0.0870,  0.0845,  0.1413, -0.0785, -0.1314, -0.1116, -0.0285, -0.1256,
        -0.0554, -0.1188,  0.0959,  0.1502,  0.0371, -0.1019,  0.0483, -0.0402,
        -0.0204, -0.0946, -0.1328,  0.0166, -0.1202,  0.1196,  0.0317, -0.1710]), 'rvq_quantizer.layers.0._codebook.initted': tensor([1.]), 'rvq_quantizer.layers.0._codebook.cluster_size': tensor([[2.0000, 3.3589, 2.0000,  ..., 2.0000, 2.5093, 3.3268]]), 'rvq_quantizer.layers.0._codebook.embed_avg': tensor([[[-156.6420,  -11.3032,  -87.1304,  ...,  -70.3385, -139.5972,
           -54.9119],
         [-198.4486,  -39.8771,  -49.0029,  ..., -104.2519, -124.7172,
           -18.4515],
         [-148.4610,  -23.9659,  -95.3474,  ...,  -71.4932, -115.5815,
           -40.1823],
         ...,
         [-157.9103,   -4.0919,  -84.1932,  ...,  -87.6221, -156.6516,
           -52.1665],
         [-126.0793,  -32.9101,  -53.1630,  ...,  -49.2956,  -43.3034,
            -4.7124],
         [-254.5710,    2.9598, -155.7502,  ..., -137.7017, -249.1876,
           -88.9889]]]), 'rvq_quantizer.layers.0._codebook.embed': tensor([[[-78.3210,  -5.6516, -43.5652,  ..., -35.1692, -69.7986, -27.4559],
         [-59.0811, -11.8720, -14.5889,  ..., -31.0374, -37.1302,  -5.4933],
         [-74.2305, -11.9829, -47.6737,  ..., -35.7466, -57.7908, -20.0911],
         ...,
         [-78.9552,  -2.0459, -42.0966,  ..., -43.8111, -78.3258, -26.0833],
         [-50.2441, -13.1151, -21.1861,  ..., -19.6449, -17.2569,  -1.8780],
         [-76.5220,   0.8897, -46.8173,  ..., -41.3920, -74.9038, -26.7494]]]), 'rvq_quantizer.layers.1._codebook.initted': tensor([1.]), 'rvq_quantizer.layers.1._codebook.cluster_size': tensor([[310.8954,   2.0327,   2.5346,  ...,   2.7687,   2.8068,   2.0000]]), 'rvq_quantizer.layers.1._codebook.embed_avg': tensor([[[-1.7546e-03, -2.3276e-04, -9.4388e-04,  ..., -7.4235e-04,
          -1.1222e-03, -3.6055e-04],
         [-2.8390e+00,  4.2452e+00,  1.8872e+00,  ...,  2.5162e+00,
          -2.6453e+00,  3.7100e+00],
         [-9.6231e+00, -4.6053e+00,  4.0933e+00,  ..., -3.6025e-01,
          -2.0656e+00,  1.1435e+00],
         ...,
         [ 1.2613e+01, -2.1109e-01, -1.1272e+00,  ...,  9.6616e+00,
           8.9195e+00, -1.1430e+00],
         [ 4.1271e+00, -1.5276e+00,  4.0238e+00,  ..., -2.2586e+00,
           6.8203e+00, -4.4170e+00],
         [-5.9402e-01,  1.2486e+00,  5.8457e-01,  ...,  1.5329e+00,
          -2.6550e+00, -7.4138e-01]]]), 'rvq_quantizer.layers.1._codebook.embed': tensor([[[-5.6438e-06, -7.4868e-07, -3.0360e-06,  ..., -2.3878e-06,
          -3.6096e-06, -1.1597e-06],
         [-1.3967e+00,  2.0885e+00,  9.2842e-01,  ...,  1.2379e+00,
          -1.3014e+00,  1.8252e+00],
         [-3.7966e+00, -1.8169e+00,  1.6149e+00,  ..., -1.4213e-01,
          -8.1495e-01,  4.5115e-01],
         ...,
         [ 4.5554e+00, -7.6242e-02, -4.0710e-01,  ...,  3.4895e+00,
           3.2215e+00, -4.1281e-01],
         [ 1.4704e+00, -5.4425e-01,  1.4336e+00,  ..., -8.0469e-01,
           2.4300e+00, -1.5737e+00],
         [-2.9701e-01,  6.2432e-01,  2.9229e-01,  ...,  7.6645e-01,
          -1.3275e+00, -3.7069e-01]]]), 'rvq_quantizer.layers.2._codebook.initted': tensor([1.]), 'rvq_quantizer.layers.2._codebook.cluster_size': tensor([[381.4500,   3.6862,   2.3182,  ...,   3.9285,   2.6890,   3.3118]]), 'rvq_quantizer.layers.2._codebook.embed_avg': tensor([[[-1.4991e-03, -2.0000e-04, -8.0206e-04,  ..., -6.3160e-04,
          -9.3569e-04, -3.1687e-04],
         [ 1.9626e+00, -6.0699e+00, -4.3149e+00,  ..., -1.5042e+00,
           7.2964e-03, -5.7426e+00],
         [-1.1054e-01, -1.2410e-01,  1.2178e-01,  ..., -2.1403e-01,
          -3.4227e-01,  6.3661e-02],
         ...,
         [-6.1392e+00,  4.2255e+00, -5.2571e+00,  ...,  1.7873e+00,
          -4.1925e+00, -5.8343e+00],
         [ 9.7526e-01, -1.1101e+00,  2.0279e+00,  ...,  2.7616e+00,
           9.0453e-01,  1.9106e-02],
         [ 2.6076e+00, -1.5204e+00, -4.6500e+00,  ...,  3.0578e+00,
          -2.6539e+00, -5.6455e-01]]]), 'rvq_quantizer.layers.2._codebook.embed': tensor([[[-3.9299e-06, -5.2433e-07, -2.1027e-06,  ..., -1.6558e-06,
          -2.4530e-06, -8.3070e-07],
         [ 5.3241e-01, -1.6467e+00, -1.1706e+00,  ..., -4.0806e-01,
           1.9794e-03, -1.5579e+00],
         [-4.7683e-02, -5.3534e-02,  5.2532e-02,  ..., -9.2327e-02,
          -1.4764e-01,  2.7461e-02],
         ...,
         [-1.5627e+00,  1.0756e+00, -1.3382e+00,  ...,  4.5495e-01,
          -1.0672e+00, -1.4851e+00],
         [ 3.6269e-01, -4.1285e-01,  7.5417e-01,  ...,  1.0270e+00,
           3.3639e-01,  7.1054e-03],
         [ 7.8735e-01, -4.5908e-01, -1.4040e+00,  ...,  9.2330e-01,
          -8.0135e-01, -1.7047e-01]]]), 'rvq_quantizer.layers.3._codebook.initted': tensor([1.]), 'rvq_quantizer.layers.3._codebook.cluster_size': tensor([[  2.7994, 382.1811,   4.2043,  ...,   2.0000,   2.0818,   2.9807]]), 'rvq_quantizer.layers.3._codebook.embed_avg': tensor([[[-2.0590e-01, -6.8513e-02,  8.9000e-02,  ..., -2.3188e-01,
          -4.2762e-01,  1.4474e-01],
         [-9.6401e-04, -1.3195e-04, -5.0867e-04,  ..., -3.9767e-04,
          -5.7863e-04, -1.9645e-04],
         [ 4.1429e-01, -2.3138e-01, -1.5560e+00,  ..., -2.3305e-01,
          -2.1315e+00,  2.8143e+00],
         ...,
         [ 1.8309e+00, -1.5900e+00,  7.7069e-01,  ...,  1.5542e+00,
           1.0264e+00,  2.7261e-01],
         [-1.8597e-01, -6.6928e-02, -2.1636e+00,  ...,  1.0801e+00,
          -1.7161e+00, -3.1333e-02],
         [-4.5130e-02, -6.7112e-03, -1.9675e-02,  ...,  8.4765e-03,
           4.1495e-02, -1.9620e-03]]]), 'rvq_quantizer.layers.3._codebook.embed': tensor([[[-7.3550e-02, -2.4474e-02,  3.1793e-02,  ..., -8.2834e-02,
          -1.5275e-01,  5.1706e-02],
         [-2.5224e-06, -3.4525e-07, -1.3310e-06,  ..., -1.0405e-06,
          -1.5140e-06, -5.1404e-07],
         [ 9.8540e-02, -5.5034e-02, -3.7009e-01,  ..., -5.5431e-02,
          -5.0697e-01,  6.6938e-01],
         ...,
         [ 9.1546e-01, -7.9498e-01,  3.8535e-01,  ...,  7.7709e-01,
           5.1318e-01,  1.3630e-01],
         [-8.9335e-02, -3.2150e-02, -1.0393e+00,  ...,  5.1883e-01,
          -8.2434e-01, -1.5051e-02],
         [-1.5141e-02, -2.2516e-03, -6.6010e-03,  ...,  2.8438e-03,
           1.3921e-02, -6.5825e-04]]])})
Loss:  tensor(1.6144, grad_fn=<MeanBackward0>)
OrderedDict({'rvq_quantizer.project_in.weight': tensor([[ 0.1123,  0.0320, -0.0450,  ...,  0.1083, -0.0613,  0.0830],
        [-0.0007,  0.0301,  0.0586,  ...,  0.0461, -0.0547, -0.0324],
        [ 0.0594, -0.0739,  0.0233,  ..., -0.0870, -0.1202,  0.0586],
        ...,
        [ 0.0612,  0.0034, -0.0758,  ...,  0.0983,  0.0446,  0.0617],
        [ 0.1162, -0.0419, -0.0538,  ..., -0.1202, -0.0991,  0.0334],
        [ 0.0399, -0.0963, -0.0384,  ..., -0.1183, -0.0075, -0.1033]]), 'rvq_quantizer.project_in.bias': tensor([ 0.0007,  0.0028, -0.0392,  0.0722, -0.0533, -0.1061,  0.0724, -0.0837,
         0.0315, -0.0616, -0.0902,  0.0147,  0.0306, -0.1214,  0.0967,  0.0513,
         0.1134, -0.0119,  0.0959,  0.1189,  0.1056,  0.1135,  0.0500, -0.0678,
        -0.0406, -0.0238,  0.0122, -0.0237,  0.0367, -0.0865,  0.0638, -0.0592]), 'rvq_quantizer.project_out.weight': tensor([[ 1.7297e-01, -7.7242e-02,  1.4315e-01,  ..., -9.3891e-03,
          4.6688e-02,  2.6892e-02],
        [-1.2556e-01,  6.1723e-03,  7.3092e-02,  ...,  9.3280e-02,
          1.4586e-01,  1.3955e-01],
        [ 2.5525e-02,  2.4489e-02,  1.1027e-01,  ..., -3.5292e-02,
         -8.5630e-02, -1.7585e-02],
        ...,
        [-1.1142e-01,  1.1344e-01,  1.7359e-03,  ..., -4.1507e-02,
          1.0128e-01, -1.6361e-01],
        [ 8.1643e-03,  1.1110e-02,  1.2083e-01,  ...,  5.7392e-03,
         -1.2658e-01, -8.9246e-05],
        [ 1.1302e-01,  7.6405e-02,  1.5586e-01,  ...,  2.4890e-02,
         -8.8728e-02,  1.3402e-01]]), 'rvq_quantizer.project_out.bias': tensor([ 0.0184,  0.1213,  0.0966,  0.0149, -0.0584,  0.1491, -0.1232, -0.0948,
         0.0769,  0.1567, -0.0673,  0.0828, -0.1253,  0.1187, -0.1478,  0.1035,
         0.0257,  0.1767, -0.1063, -0.0178,  0.0536,  0.1559,  0.0004,  0.0875,
        -0.0399, -0.1251, -0.0878, -0.0239,  0.0587, -0.1121, -0.1483, -0.0791,
         0.0221, -0.0539,  0.1341, -0.0229,  0.1362,  0.0976,  0.0909,  0.1372,
         0.0870,  0.0845,  0.1413, -0.0785, -0.1314, -0.1116, -0.0285, -0.1256,
        -0.0554, -0.1188,  0.0959,  0.1502,  0.0371, -0.1019,  0.0483, -0.0402,
        -0.0204, -0.0946, -0.1328,  0.0166, -0.1202,  0.1196,  0.0317, -0.1710]), 'rvq_quantizer.layers.0._codebook.initted': tensor([1.]), 'rvq_quantizer.layers.0._codebook.cluster_size': tensor([[2.0000, 3.4230, 2.0000,  ..., 2.0000, 2.5584, 3.3941]]), 'rvq_quantizer.layers.0._codebook.embed_avg': tensor([[[-156.6458,   -5.5019,  -87.4229,  ...,  -85.7692, -154.2891,
           -57.2005],
         [-202.2247,  -40.6178,  -49.9458,  ..., -106.1689, -127.1324,
           -18.8692],
         [-109.2062,  -41.1881,  -74.3515,  ...,  -40.6845,  -64.3808,
           -28.6337],
         ...,
         [-162.0515,   -1.2640,  -89.9062,  ...,  -77.8306, -150.6990,
           -61.1010],
         [-128.5540,  -33.5710,  -54.2442,  ...,  -50.3056,  -44.2225,
            -4.7838],
         [-259.7401,    3.0218, -158.9135,  ..., -140.5083, -254.2234,
           -90.8067]]]), 'rvq_quantizer.layers.0._codebook.embed': tensor([[[-78.3229,  -2.7509, -43.7114,  ..., -42.8846, -77.1445, -28.6002],
         [-59.0778, -11.8661, -14.5911,  ..., -31.0161, -37.1404,  -5.5124],
         [-54.6031, -20.5941, -37.1758,  ..., -20.3422, -32.1904, -14.3169],
         ...,
         [-81.0258,  -0.6320, -44.9531,  ..., -38.9153, -75.3495, -30.5505],
         [-50.2478, -13.1219, -21.2024,  ..., -19.6629, -17.2852,  -1.8699],
         [-76.5272,   0.8903, -46.8206,  ..., -41.3979, -74.9018, -26.7544]]]), 'rvq_quantizer.layers.1._codebook.initted': tensor([1.]), 'rvq_quantizer.layers.1._codebook.cluster_size': tensor([[314.9059,   2.0294,   2.4812,  ...,   2.7919,   2.8261,   2.0000]]), 'rvq_quantizer.layers.1._codebook.embed_avg': tensor([[[-1.7615e-03, -2.3074e-04, -9.4810e-04,  ..., -7.4398e-04,
          -1.1250e-03, -3.6255e-04],
         [-2.7587e+00,  4.2260e+00,  1.8055e+00,  ...,  2.4132e+00,
          -2.6431e+00,  3.5765e+00],
         [-9.5736e+00, -4.5137e+00,  4.0156e+00,  ..., -2.7367e-01,
          -2.1833e+00,  1.1379e+00],
         ...,
         [ 1.3040e+01, -1.1126e-01, -9.4287e-01,  ...,  9.7209e+00,
           8.7675e+00, -2.1396e+00],
         [ 4.0340e+00, -1.4689e+00,  4.0029e+00,  ..., -2.2184e+00,
           6.7547e+00, -4.5061e+00],
         [-6.4515e-01,  1.2933e+00,  2.9853e-01,  ...,  1.5705e+00,
          -2.6856e+00, -8.3477e-01]]]), 'rvq_quantizer.layers.1._codebook.embed': tensor([[[-5.5937e-06, -7.3273e-07, -3.0108e-06,  ..., -2.3626e-06,
          -3.5725e-06, -1.1513e-06],
         [-1.3594e+00,  2.0824e+00,  8.8967e-01,  ...,  1.1891e+00,
          -1.3024e+00,  1.7623e+00],
         [-3.8585e+00, -1.8192e+00,  1.6184e+00,  ..., -1.1030e-01,
          -8.7992e-01,  4.5863e-01],
         ...,
         [ 4.6706e+00, -3.9853e-02, -3.3772e-01,  ...,  3.4819e+00,
           3.1404e+00, -7.6638e-01],
         [ 1.4274e+00, -5.1978e-01,  1.4164e+00,  ..., -7.8499e-01,
           2.3901e+00, -1.5945e+00],
         [-3.2258e-01,  6.4666e-01,  1.4926e-01,  ...,  7.8524e-01,
          -1.3428e+00, -4.1738e-01]]]), 'rvq_quantizer.layers.2._codebook.initted': tensor([1.]), 'rvq_quantizer.layers.2._codebook.cluster_size': tensor([[382.1050,   3.4175,   2.1864,  ...,   3.7357,   2.7201,   3.1807]]), 'rvq_quantizer.layers.2._codebook.embed_avg': tensor([[[-1.4871e-03, -1.9587e-04, -7.8271e-04,  ..., -6.2254e-04,
          -9.1603e-04, -3.0831e-04],
         [ 1.8162e+00, -5.4949e+00, -4.0660e+00,  ..., -1.4422e+00,
           3.8050e-02, -5.3612e+00],
         [-8.7679e-02, -1.2663e-01,  1.0640e-01,  ..., -2.0135e-01,
          -3.2068e-01,  6.3850e-02],
         ...,
         [-5.8997e+00,  3.9820e+00, -4.9144e+00,  ...,  1.5367e+00,
          -4.0657e+00, -5.2302e+00],
         [ 8.5957e-01, -1.1789e+00,  2.0767e+00,  ...,  2.9028e+00,
           7.2310e-01,  5.5423e-02],
         [ 2.3069e+00, -1.3492e+00, -4.0873e+00,  ...,  2.9312e+00,
          -2.7338e+00, -5.8026e-01]]]), 'rvq_quantizer.layers.2._codebook.embed': tensor([[[-3.8918e-06, -5.1261e-07, -2.0484e-06,  ..., -1.6293e-06,
          -2.3973e-06, -8.0688e-07],
         [ 5.3145e-01, -1.6079e+00, -1.1898e+00,  ..., -4.2199e-01,
           1.1134e-02, -1.5687e+00],
         [-4.0102e-02, -5.7917e-02,  4.8666e-02,  ..., -9.2093e-02,
          -1.4667e-01,  2.9203e-02],
         ...,
         [-1.5793e+00,  1.0659e+00, -1.3155e+00,  ...,  4.1137e-01,
          -1.0883e+00, -1.4001e+00],
         [ 3.1601e-01, -4.3340e-01,  7.6347e-01,  ...,  1.0672e+00,
           2.6584e-01,  2.0376e-02],
         [ 7.2529e-01, -4.2417e-01, -1.2851e+00,  ...,  9.2159e-01,
          -8.5952e-01, -1.8243e-01]]]), 'rvq_quantizer.layers.3._codebook.initted': tensor([1.]), 'rvq_quantizer.layers.3._codebook.cluster_size': tensor([[  2.8194, 382.6630,   3.8839,  ...,   2.1000,   2.0000,   2.8826]]), 'rvq_quantizer.layers.3._codebook.embed_avg': tensor([[[-2.3859e-01, -9.1775e-02,  1.1315e-01,  ..., -2.3449e-01,
          -4.2696e-01,  1.2904e-01],
         [-9.5688e-04, -1.2783e-04, -4.9403e-04,  ..., -3.9214e-04,
          -5.6727e-04, -1.9108e-04],
         [ 4.2346e-01, -2.4511e-01, -1.4409e+00,  ..., -2.4373e-01,
          -1.9159e+00,  2.6193e+00],
         ...,
         [ 2.0239e+00, -1.6779e+00,  6.9957e-01,  ...,  1.6063e+00,
           9.0807e-01,  4.0618e-01],
         [-2.0300e-01,  1.8064e-01,  7.8363e-02,  ..., -1.2316e-01,
          -1.3655e-01,  6.3511e-02],
         [-4.5482e-02, -5.7023e-03, -1.3829e-02,  ...,  1.8892e-02,
           4.5167e-02, -6.0791e-03]]]), 'rvq_quantizer.layers.3._codebook.embed': tensor([[[-8.4622e-02, -3.2551e-02,  4.0133e-02,  ..., -8.3168e-02,
          -1.5143e-01,  4.5767e-02],
         [-2.5006e-06, -3.3405e-07, -1.2910e-06,  ..., -1.0248e-06,
          -1.4824e-06, -4.9933e-07],
         [ 1.0903e-01, -6.3110e-02, -3.7099e-01,  ..., -6.2753e-02,
          -4.9328e-01,  6.7441e-01],
         ...,
         [ 9.6376e-01, -7.9901e-01,  3.3313e-01,  ...,  7.6492e-01,
           4.3242e-01,  1.9342e-01],
         [-1.0150e-01,  9.0322e-02,  3.9181e-02,  ..., -6.1581e-02,
          -6.8275e-02,  3.1756e-02],
         [-1.5778e-02, -1.9782e-03, -4.7975e-03,  ...,  6.5540e-03,
           1.5669e-02, -2.1089e-03]]])})
Loss:  tensor(1.6007, grad_fn=<MeanBackward0>)
OrderedDict({'rvq_quantizer.project_in.weight': tensor([[ 0.1123,  0.0320, -0.0450,  ...,  0.1083, -0.0613,  0.0830],
        [-0.0007,  0.0301,  0.0586,  ...,  0.0461, -0.0547, -0.0324],
        [ 0.0594, -0.0739,  0.0233,  ..., -0.0870, -0.1202,  0.0586],
        ...,
        [ 0.0612,  0.0034, -0.0758,  ...,  0.0983,  0.0446,  0.0617],
        [ 0.1162, -0.0419, -0.0538,  ..., -0.1202, -0.0991,  0.0334],
        [ 0.0399, -0.0963, -0.0384,  ..., -0.1183, -0.0075, -0.1033]]), 'rvq_quantizer.project_in.bias': tensor([ 0.0007,  0.0028, -0.0392,  0.0722, -0.0533, -0.1061,  0.0724, -0.0837,
         0.0315, -0.0616, -0.0902,  0.0147,  0.0306, -0.1214,  0.0967,  0.0513,
         0.1134, -0.0119,  0.0959,  0.1189,  0.1056,  0.1135,  0.0500, -0.0678,
        -0.0406, -0.0238,  0.0122, -0.0237,  0.0367, -0.0865,  0.0638, -0.0592]), 'rvq_quantizer.project_out.weight': tensor([[ 1.7297e-01, -7.7242e-02,  1.4315e-01,  ..., -9.3891e-03,
          4.6688e-02,  2.6892e-02],
        [-1.2556e-01,  6.1723e-03,  7.3092e-02,  ...,  9.3280e-02,
          1.4586e-01,  1.3955e-01],
        [ 2.5525e-02,  2.4489e-02,  1.1027e-01,  ..., -3.5292e-02,
         -8.5630e-02, -1.7585e-02],
        ...,
        [-1.1142e-01,  1.1344e-01,  1.7359e-03,  ..., -4.1507e-02,
          1.0128e-01, -1.6361e-01],
        [ 8.1643e-03,  1.1110e-02,  1.2083e-01,  ...,  5.7392e-03,
         -1.2658e-01, -8.9246e-05],
        [ 1.1302e-01,  7.6405e-02,  1.5586e-01,  ...,  2.4890e-02,
         -8.8728e-02,  1.3402e-01]]), 'rvq_quantizer.project_out.bias': tensor([ 0.0184,  0.1213,  0.0966,  0.0149, -0.0584,  0.1491, -0.1232, -0.0948,
         0.0769,  0.1567, -0.0673,  0.0828, -0.1253,  0.1187, -0.1478,  0.1035,
         0.0257,  0.1767, -0.1063, -0.0178,  0.0536,  0.1559,  0.0004,  0.0875,
        -0.0399, -0.1251, -0.0878, -0.0239,  0.0587, -0.1121, -0.1483, -0.0791,
         0.0221, -0.0539,  0.1341, -0.0229,  0.1362,  0.0976,  0.0909,  0.1372,
         0.0870,  0.0845,  0.1413, -0.0785, -0.1314, -0.1116, -0.0285, -0.1256,
        -0.0554, -0.1188,  0.0959,  0.1502,  0.0371, -0.1019,  0.0483, -0.0402,
        -0.0204, -0.0946, -0.1328,  0.0166, -0.1202,  0.1196,  0.0317, -0.1710]), 'rvq_quantizer.layers.0._codebook.initted': tensor([1.]), 'rvq_quantizer.layers.0._codebook.cluster_size': tensor([[2.0000, 3.3807, 2.0000,  ..., 2.0000, 2.6026, 3.4547]]), 'rvq_quantizer.layers.0._codebook.embed_avg': tensor([[[-154.1891,  -10.0305,  -87.3823,  ...,  -80.9884, -158.9412,
           -50.0468],
         [-199.7824,  -40.0822,  -49.2291,  ..., -104.4997, -125.4985,
           -18.8170],
         [-157.7147,   -1.8463,  -84.0438,  ...,  -86.4872, -162.7947,
           -49.8341],
         ...,
         [-162.2556,   -1.1830,  -90.0280,  ...,  -77.9743, -150.8333,
           -61.0344],
         [-130.7812,  -34.1657,  -55.2174,  ...,  -51.2146,  -45.0497,
            -4.8481],
         [-264.3923,    3.0777, -161.7604,  ..., -143.0343, -258.7557,
           -92.4427]]]), 'rvq_quantizer.layers.0._codebook.embed': tensor([[[-77.0946,  -5.0152, -43.6912,  ..., -40.4942, -79.4706, -25.0234],
         [-59.0946, -11.8561, -14.5617,  ..., -30.9105, -37.1218,  -5.5660],
         [-78.8574,  -0.9232, -42.0219,  ..., -43.2436, -81.3973, -24.9171],
         ...,
         [-81.1276,  -0.5915, -45.0139,  ..., -38.9871, -75.4165, -30.5172],
         [-50.2510, -13.1277, -21.2166,  ..., -19.6786, -17.3098,  -1.8628],
         [-76.5316,   0.8909, -46.8236,  ..., -41.4031, -74.9000, -26.7587]]]), 'rvq_quantizer.layers.1._codebook.initted': tensor([1.]), 'rvq_quantizer.layers.1._codebook.cluster_size': tensor([[317.3153,   2.0265,   2.4331,  ...,   3.0127,   2.8435,   2.0000]]), 'rvq_quantizer.layers.1._codebook.embed_avg': tensor([[[-1.7944e-03, -2.3908e-04, -9.6449e-04,  ..., -7.5947e-04,
          -1.1487e-03, -3.7175e-04],
         [-2.6813e+00,  4.1979e+00,  1.7347e+00,  ...,  2.3142e+00,
          -2.6382e+00,  3.4519e+00],
         [-9.6351e+00, -4.4709e+00,  3.9780e+00,  ..., -1.7214e-01,
          -2.3016e+00,  1.0355e+00],
         ...,
         [ 1.4379e+01, -1.4028e-01, -9.9505e-01,  ...,  1.0649e+01,
           9.4190e+00, -2.7732e+00],
         [ 4.0890e+00, -1.3890e+00,  4.1399e+00,  ..., -1.9571e+00,
           6.6238e+00, -4.5277e+00],
         [-3.0518e-05, -9.5367e-07, -3.0518e-05,  ..., -3.0518e-05,
          -3.0518e-05, -7.6294e-06]]]), 'rvq_quantizer.layers.1._codebook.embed': tensor([[[-5.6549e-06, -7.5344e-07, -3.0395e-06,  ..., -2.3934e-06,
          -3.6200e-06, -1.1715e-06],
         [-1.3232e+00,  2.0715e+00,  8.5603e-01,  ...,  1.1420e+00,
          -1.3019e+00,  1.7034e+00],
         [-3.9601e+00, -1.8376e+00,  1.6350e+00,  ..., -7.0749e-02,
          -9.4596e-01,  4.2559e-01],
         ...,
         [ 4.7727e+00, -4.6563e-02, -3.3029e-01,  ...,  3.5346e+00,
           3.1264e+00, -9.2051e-01],
         [ 1.4380e+00, -4.8847e-01,  1.4559e+00,  ..., -6.8829e-01,
           2.3295e+00, -1.5923e+00],
         [-1.5259e-05, -4.7684e-07, -1.5259e-05,  ..., -1.5259e-05,
          -1.5259e-05, -3.8147e-06]]]), 'rvq_quantizer.layers.2._codebook.initted': tensor([1.]), 'rvq_quantizer.layers.2._codebook.cluster_size': tensor([[382.4945,   3.4758,   2.0000,  ...,   3.5621,   2.7481,   3.2626]]), 'rvq_quantizer.layers.2._codebook.embed_avg': tensor([[[-1.5063e-03, -2.0334e-04, -7.9161e-04,  ..., -6.2777e-04,
          -9.3058e-04, -3.0712e-04],
         [ 1.8181e+00, -5.5201e+00, -3.9443e+00,  ..., -1.4447e+00,
           1.4188e-01, -5.4941e+00],
         [ 8.5064e+00, -4.5796e+00, -8.6152e+00,  ..., -4.0737e+00,
           1.5266e+00,  1.0869e+00],
         ...,
         [-5.7291e+00,  4.0267e+00, -4.6637e+00,  ...,  1.4941e+00,
          -3.7300e+00, -5.1581e+00],
         [ 7.5392e-01, -1.2574e+00,  2.1147e+00,  ...,  3.0011e+00,
           5.6865e-01,  7.4114e-02],
         [ 2.4455e+00, -1.4224e+00, -4.4345e+00,  ...,  3.1581e+00,
          -3.1848e+00, -5.5123e-01]]]), 'rvq_quantizer.layers.2._codebook.embed': tensor([[[-3.9381e-06, -5.3161e-07, -2.0696e-06,  ..., -1.6413e-06,
          -2.4329e-06, -8.0295e-07],
         [ 5.2308e-01, -1.5882e+00, -1.1348e+00,  ..., -4.1564e-01,
           4.0820e-02, -1.5807e+00],
         [ 4.2532e+00, -2.2898e+00, -4.3076e+00,  ..., -2.0369e+00,
           7.6332e-01,  5.4347e-01],
         ...,
         [-1.6083e+00,  1.1304e+00, -1.3093e+00,  ...,  4.1945e-01,
          -1.0471e+00, -1.4481e+00],
         [ 2.7435e-01, -4.5757e-01,  7.6952e-01,  ...,  1.0921e+00,
           2.0693e-01,  2.6969e-02],
         [ 7.4954e-01, -4.3597e-01, -1.3592e+00,  ...,  9.6797e-01,
          -9.7615e-01, -1.6895e-01]]]), 'rvq_quantizer.layers.3._codebook.initted': tensor([1.]), 'rvq_quantizer.layers.3._codebook.cluster_size': tensor([[  2.5375, 382.9967,   3.9955,  ...,   2.0900,   2.0000,   2.8943]]), 'rvq_quantizer.layers.3._codebook.embed_avg': tensor([[[-2.1473e-01, -8.2598e-02,  1.0184e-01,  ..., -2.1104e-01,
          -3.8427e-01,  1.1613e-01],
         [-9.7307e-04, -1.3472e-04, -5.0230e-04,  ..., -3.9695e-04,
          -5.8218e-04, -1.8999e-04],
         [ 4.5859e-01, -1.9608e-01, -1.4804e+00,  ..., -1.6254e-01,
          -2.2074e+00,  2.8447e+00],
         ...,
         [ 2.1103e+00, -1.6756e+00,  5.8455e-01,  ...,  1.5772e+00,
           7.4847e-01,  5.0028e-01],
         [-1.1546e-05, -1.3240e-06, -5.1404e-06,  ..., -7.2752e-06,
          -3.3192e-06, -3.7130e-06],
         [-4.3478e-02, -9.0711e-03, -1.0369e-02,  ...,  2.9593e-02,
           5.5630e-02,  3.0387e-03]]]), 'rvq_quantizer.layers.3._codebook.embed': tensor([[[-8.4622e-02, -3.2551e-02,  4.0133e-02,  ..., -8.3168e-02,
          -1.5143e-01,  4.5767e-02],
         [-2.5407e-06, -3.5175e-07, -1.3115e-06,  ..., -1.0364e-06,
          -1.5201e-06, -4.9607e-07],
         [ 1.1478e-01, -4.9074e-02, -3.7052e-01,  ..., -4.0680e-02,
          -5.5247e-01,  7.1196e-01],
         ...,
         [ 1.0097e+00, -8.0174e-01,  2.7969e-01,  ...,  7.5462e-01,
           3.5812e-01,  2.3937e-01],
         [-5.7732e-06, -6.6201e-07, -2.5702e-06,  ..., -3.6376e-06,
          -1.6596e-06, -1.8565e-06],
         [-1.5022e-02, -3.1341e-03, -3.5825e-03,  ...,  1.0225e-02,
           1.9220e-02,  1.0499e-03]]])})
Loss:  tensor(1.5857, grad_fn=<MeanBackward0>)
OrderedDict({'rvq_quantizer.project_in.weight': tensor([[ 0.1123,  0.0320, -0.0450,  ...,  0.1083, -0.0613,  0.0830],
        [-0.0007,  0.0301,  0.0586,  ...,  0.0461, -0.0547, -0.0324],
        [ 0.0594, -0.0739,  0.0233,  ..., -0.0870, -0.1202,  0.0586],
        ...,
        [ 0.0612,  0.0034, -0.0758,  ...,  0.0983,  0.0446,  0.0617],
        [ 0.1162, -0.0419, -0.0538,  ..., -0.1202, -0.0991,  0.0334],
        [ 0.0399, -0.0963, -0.0384,  ..., -0.1183, -0.0075, -0.1033]]), 'rvq_quantizer.project_in.bias': tensor([ 0.0007,  0.0028, -0.0392,  0.0722, -0.0533, -0.1061,  0.0724, -0.0837,
         0.0315, -0.0616, -0.0902,  0.0147,  0.0306, -0.1214,  0.0967,  0.0513,
         0.1134, -0.0119,  0.0959,  0.1189,  0.1056,  0.1135,  0.0500, -0.0678,
        -0.0406, -0.0238,  0.0122, -0.0237,  0.0367, -0.0865,  0.0638, -0.0592]), 'rvq_quantizer.project_out.weight': tensor([[ 1.7297e-01, -7.7242e-02,  1.4315e-01,  ..., -9.3891e-03,
          4.6688e-02,  2.6892e-02],
        [-1.2556e-01,  6.1723e-03,  7.3092e-02,  ...,  9.3280e-02,
          1.4586e-01,  1.3955e-01],
        [ 2.5525e-02,  2.4489e-02,  1.1027e-01,  ..., -3.5292e-02,
         -8.5630e-02, -1.7585e-02],
        ...,
        [-1.1142e-01,  1.1344e-01,  1.7359e-03,  ..., -4.1507e-02,
          1.0128e-01, -1.6361e-01],
        [ 8.1643e-03,  1.1110e-02,  1.2083e-01,  ...,  5.7392e-03,
         -1.2658e-01, -8.9246e-05],
        [ 1.1302e-01,  7.6405e-02,  1.5586e-01,  ...,  2.4890e-02,
         -8.8728e-02,  1.3402e-01]]), 'rvq_quantizer.project_out.bias': tensor([ 0.0184,  0.1213,  0.0966,  0.0149, -0.0584,  0.1491, -0.1232, -0.0948,
         0.0769,  0.1567, -0.0673,  0.0828, -0.1253,  0.1187, -0.1478,  0.1035,
         0.0257,  0.1767, -0.1063, -0.0178,  0.0536,  0.1559,  0.0004,  0.0875,
        -0.0399, -0.1251, -0.0878, -0.0239,  0.0587, -0.1121, -0.1483, -0.0791,
         0.0221, -0.0539,  0.1341, -0.0229,  0.1362,  0.0976,  0.0909,  0.1372,
         0.0870,  0.0845,  0.1413, -0.0785, -0.1314, -0.1116, -0.0285, -0.1256,
        -0.0554, -0.1188,  0.0959,  0.1502,  0.0371, -0.1019,  0.0483, -0.0402,
        -0.0204, -0.0946, -0.1328,  0.0166, -0.1202,  0.1196,  0.0317, -0.1710]), 'rvq_quantizer.layers.0._codebook.initted': tensor([1.]), 'rvq_quantizer.layers.0._codebook.cluster_size': tensor([[2.0000, 3.3427, 2.0000,  ..., 2.0000, 2.4423, 3.4092]]), 'rvq_quantizer.layers.0._codebook.embed_avg': tensor([[[-142.3233,  -14.2604, -107.4202,  ...,  -65.4737, -134.4085,
           -61.8550],
         [-197.3798,  -39.5156,  -48.8480,  ..., -103.1862, -124.4224,
           -18.8915],
         [-136.6567,  -19.7052,  -82.7527,  ...,  -49.0776,  -89.7784,
           -34.9914],
         ...,
         [-162.4392,   -1.1100,  -90.1377,  ...,  -78.1037, -150.9541,
           -60.9745],
         [-122.7659,  -32.0837,  -51.8724,  ...,  -48.2441,  -42.2735,
            -4.1053],
         [-260.9866,    3.1137, -159.7697,  ..., -141.1807, -255.4036,
           -91.4786]]]), 'rvq_quantizer.layers.0._codebook.embed': tensor([[[-71.1616,  -7.1302, -53.7101,  ..., -32.7368, -67.2043, -30.9275],
         [-59.0489, -11.8217, -14.6136,  ..., -30.8696, -37.2227,  -5.6516],
         [-68.3283,  -9.8526, -41.3763,  ..., -24.5388, -44.8892, -17.4957],
         ...,
         [-81.2195,  -0.5550, -45.0688,  ..., -39.0518, -75.4769, -30.4872],
         [-50.2664, -13.1367, -21.2391,  ..., -19.7535, -17.3088,  -1.6809],
         [-76.5533,   0.9133, -46.8641,  ..., -41.4115, -74.9157, -26.8328]]]), 'rvq_quantizer.layers.1._codebook.initted': tensor([1.]), 'rvq_quantizer.layers.1._codebook.cluster_size': tensor([[319.8838,   2.0238,   2.3898,  ...,   2.9114,   2.5591,   2.0000]]), 'rvq_quantizer.layers.1._codebook.embed_avg': tensor([[[-1.8065e-03, -2.3700e-04, -9.7314e-04,  ..., -7.6210e-04,
          -1.1606e-03, -3.7692e-04],
         [-2.7694e+00,  4.0226e+00,  1.7783e+00,  ...,  2.4075e+00,
          -2.6378e+00,  3.5340e+00],
         [-9.1218e+00, -4.3911e+00,  3.8412e+00,  ..., -4.0614e-01,
          -2.0669e+00,  9.9153e-01],
         ...,
         [ 1.3791e+01, -2.9793e-01, -1.0240e+00,  ...,  1.0255e+01,
           9.3156e+00, -2.6470e+00],
         [ 3.6801e+00, -1.2501e+00,  3.7259e+00,  ..., -1.7614e+00,
           5.9614e+00, -4.0750e+00],
         [ 6.5170e-01,  3.1335e+00, -1.7099e+00,  ...,  5.4420e-02,
          -1.3103e-01,  7.9673e-01]]]), 'rvq_quantizer.layers.1._codebook.embed': tensor([[[-5.6472e-06, -7.4091e-07, -3.0422e-06,  ..., -2.3824e-06,
          -3.6284e-06, -1.1783e-06],
         [-1.3684e+00,  1.9876e+00,  8.7868e-01,  ...,  1.1896e+00,
          -1.3034e+00,  1.7462e+00],
         [-3.8170e+00, -1.8375e+00,  1.6073e+00,  ..., -1.6995e-01,
          -8.6489e-01,  4.1491e-01],
         ...,
         [ 4.7368e+00, -1.0233e-01, -3.5171e-01,  ...,  3.5225e+00,
           3.1997e+00, -9.0917e-01],
         [ 1.4380e+00, -4.8847e-01,  1.4559e+00,  ..., -6.8829e-01,
           2.3295e+00, -1.5923e+00],
         [ 3.2585e-01,  1.5667e+00, -8.5493e-01,  ...,  2.7210e-02,
          -6.5514e-02,  3.9837e-01]]]), 'rvq_quantizer.layers.2._codebook.initted': tensor([1.]), 'rvq_quantizer.layers.2._codebook.cluster_size': tensor([[382.5450,   3.6282,   2.0000,  ...,   3.4059,   2.6733,   3.3363]]), 'rvq_quantizer.layers.2._codebook.embed_avg': tensor([[[-1.5130e-03, -1.9883e-04, -7.9564e-04,  ..., -6.2794e-04,
          -9.4894e-04, -3.1204e-04],
         [ 1.9133e+00, -5.7776e+00, -4.0261e+00,  ..., -1.5342e+00,
           1.4139e-01, -5.7312e+00],
         [-9.8050e-01,  2.2105e+00,  1.3343e+00,  ...,  3.2159e-01,
          -5.8469e+00, -1.6054e-01],
         ...,
         [-5.3981e+00,  3.8338e+00, -4.3813e+00,  ...,  1.3733e+00,
          -3.5849e+00, -4.6023e+00],
         [ 8.1179e-01, -1.3071e+00,  2.0979e+00,  ...,  2.6838e+00,
           5.2838e-01, -7.2987e-02],
         [ 2.4953e+00, -1.4648e+00, -4.5850e+00,  ...,  3.1797e+00,
          -2.8547e+00, -5.4953e-01]]]), 'rvq_quantizer.layers.2._codebook.embed': tensor([[[-3.9552e-06, -5.1976e-07, -2.0799e-06,  ..., -1.6415e-06,
          -2.4806e-06, -8.1569e-07],
         [ 5.2734e-01, -1.5924e+00, -1.1097e+00,  ..., -4.2286e-01,
           3.8970e-02, -1.5796e+00],
         [-4.9025e-01,  1.1053e+00,  6.6716e-01,  ...,  1.6080e-01,
          -2.9235e+00, -8.0270e-02],
         ...,
         [-1.5849e+00,  1.1256e+00, -1.2864e+00,  ...,  4.0321e-01,
          -1.0526e+00, -1.3513e+00],
         [ 3.0367e-01, -4.8897e-01,  7.8476e-01,  ...,  1.0039e+00,
           1.9765e-01, -2.7303e-02],
         [ 7.4792e-01, -4.3903e-01, -1.3743e+00,  ...,  9.5306e-01,
          -8.5565e-01, -1.6471e-01]]]), 'rvq_quantizer.layers.3._codebook.initted': tensor([1.]), 'rvq_quantizer.layers.3._codebook.cluster_size': tensor([[  2.2838, 382.9970,   4.0960,  ...,   2.0000,   2.0000,   2.9049]]), 'rvq_quantizer.layers.3._codebook.embed_avg': tensor([[[-1.9326e-01, -7.4338e-02,  9.1654e-02,  ..., -1.8993e-01,
          -3.4584e-01,  1.0452e-01],
         [-9.8154e-04, -1.3011e-04, -5.0814e-04,  ..., -3.9870e-04,
          -6.0351e-04, -1.9610e-04],
         [ 4.6028e-01, -1.7839e-01, -1.5152e+00,  ..., -1.8299e-01,
          -2.4599e+00,  3.1021e+00],
         ...,
         [-3.3812e-02,  3.6731e-02,  2.3576e-02,  ...,  7.6393e-02,
          -9.4888e-02, -7.9913e-02],
         [-8.3823e-01, -2.9554e-01,  1.8458e-01,  ...,  3.6295e+00,
           3.0315e+00,  1.1183e+00],
         [-4.6243e-02, -1.2407e-02, -1.6122e-02,  ...,  3.4540e-02,
           5.3023e-02, -5.9861e-03]]]), 'rvq_quantizer.layers.3._codebook.embed': tensor([[[-8.4622e-02, -3.2551e-02,  4.0133e-02,  ..., -8.3168e-02,
          -1.5143e-01,  4.5767e-02],
         [-2.5628e-06, -3.3972e-07, -1.3268e-06,  ..., -1.0410e-06,
          -1.5758e-06, -5.1201e-07],
         [ 1.1237e-01, -4.3553e-02, -3.6993e-01,  ..., -4.4675e-02,
          -6.0057e-01,  7.5736e-01],
         ...,
         [-1.6906e-02,  1.8366e-02,  1.1788e-02,  ...,  3.8197e-02,
          -4.7444e-02, -3.9957e-02],
         [-4.1911e-01, -1.4777e-01,  9.2291e-02,  ...,  1.8148e+00,
           1.5157e+00,  5.5913e-01],
         [-1.5919e-02, -4.2710e-03, -5.5500e-03,  ...,  1.1890e-02,
           1.8253e-02, -2.0607e-03]]])})
Loss:  tensor(1.5774, grad_fn=<MeanBackward0>)
