OrderedDict({'rvq_quantizer.project_in.weight': tensor([[-0.0970, -0.0377,  0.0717,  ..., -0.0021,  0.0396, -0.0475],
        [ 0.0200,  0.0231, -0.0680,  ...,  0.0873, -0.0994,  0.0867],
        [ 0.0031,  0.0330, -0.0057,  ...,  0.0165, -0.1090, -0.1056],
        ...,
        [ 0.0677, -0.0179, -0.0857,  ..., -0.0258, -0.0478, -0.0486],
        [ 0.0837, -0.0059, -0.0873,  ..., -0.1282, -0.0826, -0.0745],
        [ 0.0831,  0.0053, -0.1053,  ...,  0.0212, -0.0995, -0.0368]]), 'rvq_quantizer.project_in.bias': tensor([-0.1419,  0.0909, -0.0844,  0.0111,  0.0750, -0.0018, -0.1225, -0.0887,
         0.0421, -0.1400, -0.0471,  0.0836, -0.1262, -0.0220,  0.0289,  0.0413,
        -0.0841,  0.0110,  0.1342,  0.0853, -0.0384,  0.0533, -0.0856,  0.1237,
         0.0477, -0.0489,  0.1266,  0.0185, -0.0420,  0.1006,  0.0946,  0.1234]), 'rvq_quantizer.project_out.weight': tensor([[ 0.0863,  0.1175, -0.0987,  ..., -0.0436,  0.0902, -0.0665],
        [-0.0337,  0.0185,  0.1248,  ..., -0.1478, -0.1462, -0.0690],
        [ 0.1136,  0.0347, -0.1496,  ...,  0.1559,  0.1245, -0.1110],
        ...,
        [-0.0980,  0.0885, -0.1271,  ..., -0.0326,  0.1682, -0.0498],
        [-0.0419,  0.0095, -0.0684,  ...,  0.0084, -0.0638, -0.1158],
        [-0.0722,  0.0351, -0.0780,  ..., -0.1712,  0.1494, -0.0657]]), 'rvq_quantizer.project_out.bias': tensor([-0.0057, -0.1618, -0.0106, -0.1491,  0.1075, -0.1614, -0.1343,  0.1031,
         0.0111,  0.0539, -0.1584, -0.0913, -0.0218,  0.0136,  0.0118, -0.0675,
        -0.0649, -0.1732, -0.0018,  0.0052,  0.0404,  0.1226, -0.1440,  0.0450,
         0.1010,  0.1239,  0.1398, -0.0086, -0.0618,  0.0553,  0.1455,  0.1233,
        -0.1643,  0.0420, -0.1047,  0.1099, -0.0730, -0.0033,  0.0521, -0.1638,
         0.0447, -0.0199,  0.1100,  0.0143,  0.0467,  0.1464, -0.1500,  0.0397,
        -0.0979,  0.0147, -0.1461, -0.0785, -0.1591, -0.0969, -0.1011,  0.0893,
        -0.0945,  0.1582,  0.0263, -0.0766, -0.0984,  0.1358,  0.1505,  0.0912]), 'rvq_quantizer.layers.0._codebook.initted': tensor([1.]), 'rvq_quantizer.layers.0._codebook.cluster_size': tensor([[2., 2., 2.,  ..., 2., 2., 2.]]), 'rvq_quantizer.layers.0._codebook.embed_avg': tensor([[[ 138.6348,  -29.2088,   -0.8854,  ..., -101.3292, -117.4982,
          -121.0107],
         [ 143.9640,  -34.1839,   -4.5424,  ..., -102.6078, -115.0086,
          -128.4121],
         [  70.5750,   39.9142,   29.8452,  ...,   -2.3700,   -6.0184,
             2.5098],
         ...,
         [ 102.7219,   13.5729,   16.4692,  ...,  -16.5956,  -44.5395,
           -76.6857],
         [ 146.1840,  -29.2346,   -3.2148,  ..., -105.4899, -119.4575,
          -124.6083],
         [  73.7313,   12.4004,    9.5738,  ...,  -41.8778,  -58.1402,
           -61.6678]]]), 'rvq_quantizer.layers.0._codebook.embed': tensor([[[ 69.3174, -14.6044,  -0.4427,  ..., -50.6646, -58.7491, -60.5054],
         [ 71.9820, -17.0920,  -2.2712,  ..., -51.3039, -57.5043, -64.2061],
         [ 35.2875,  19.9571,  14.9226,  ...,  -1.1850,  -3.0092,   1.2549],
         ...,
         [ 51.3610,   6.7864,   8.2346,  ...,  -8.2978, -22.2697, -38.3428],
         [ 73.0920, -14.6173,  -1.6074,  ..., -52.7450, -59.7288, -62.3042],
         [ 36.8656,   6.2002,   4.7869,  ..., -20.9389, -29.0701, -30.8339]]]), 'rvq_quantizer.layers.1._codebook.initted': tensor([1.]), 'rvq_quantizer.layers.1._codebook.cluster_size': tensor([[2., 2., 2.,  ..., 2., 2., 2.]]), 'rvq_quantizer.layers.1._codebook.embed_avg': tensor([[[-24.3140,   2.1914,   6.6574,  ...,   2.2930, -16.1778,  -1.2061],
         [-21.6088,  32.7581,  35.3830,  ...,  16.3740,  21.2384,  34.3156],
         [ 27.2798,   1.8484,  20.7940,  ...,  -8.6709,   3.8896, -14.0188],
         ...,
         [ -3.7620,   5.0127,  12.8962,  ...,  -2.7071,  -7.9132,  -0.2345],
         [  1.2516,   2.6647,  10.5807,  ...,  -0.6870,  -3.7878,  -2.6429],
         [ -5.0444,  -6.7021,  15.7959,  ...,  -0.2548, -12.3860,  -1.6266]]]), 'rvq_quantizer.layers.1._codebook.embed': tensor([[[-12.1570,   1.0957,   3.3287,  ...,   1.1465,  -8.0889,  -0.6031],
         [-10.8044,  16.3791,  17.6915,  ...,   8.1870,  10.6192,  17.1578],
         [ 13.6399,   0.9242,  10.3970,  ...,  -4.3354,   1.9448,  -7.0094],
         ...,
         [ -1.8810,   2.5063,   6.4481,  ...,  -1.3535,  -3.9566,  -0.1173],
         [  0.6258,   1.3323,   5.2903,  ...,  -0.3435,  -1.8939,  -1.3215],
         [ -2.5222,  -3.3510,   7.8979,  ...,  -0.1274,  -6.1930,  -0.8133]]]), 'rvq_quantizer.layers.2._codebook.initted': tensor([1.]), 'rvq_quantizer.layers.2._codebook.cluster_size': tensor([[2., 2., 2.,  ..., 2., 2., 2.]]), 'rvq_quantizer.layers.2._codebook.embed_avg': tensor([[[-79.0299,   1.1380,  37.9148,  ...,  25.3924,  40.5549,  39.1281],
         [-63.3971,   8.3344,  39.3654,  ...,  22.5063,  32.9072,  45.5502],
         [-87.1433, -11.2876,  34.5864,  ...,  27.2291,  46.9540,  37.7894],
         ...,
         [-54.1156, -18.0169,  20.0938,  ...,  10.8693,  18.2569,  18.4836],
         [-59.7518,  -8.3190,  26.5390,  ...,  20.4319,  52.8685,  51.2722],
         [-58.4752,  -8.0301,  21.6998,  ...,  23.6652,  35.0555,  41.0902]]]), 'rvq_quantizer.layers.2._codebook.embed': tensor([[[-39.5150,   0.5690,  18.9574,  ...,  12.6962,  20.2775,  19.5640],
         [-31.6986,   4.1672,  19.6827,  ...,  11.2532,  16.4536,  22.7751],
         [-43.5716,  -5.6438,  17.2932,  ...,  13.6146,  23.4770,  18.8947],
         ...,
         [-27.0578,  -9.0084,  10.0469,  ...,   5.4347,   9.1284,   9.2418],
         [-29.8759,  -4.1595,  13.2695,  ...,  10.2159,  26.4343,  25.6361],
         [-29.2376,  -4.0150,  10.8499,  ...,  11.8326,  17.5278,  20.5451]]]), 'rvq_quantizer.layers.3._codebook.initted': tensor([1.]), 'rvq_quantizer.layers.3._codebook.cluster_size': tensor([[2., 2., 2.,  ..., 2., 2., 2.]]), 'rvq_quantizer.layers.3._codebook.embed_avg': tensor([[[-162.3044,  -11.2771,   20.1576,  ...,   55.2001,   65.8999,
            66.3018],
         [-134.4763,   -8.3466,   27.3351,  ...,   56.5542,   59.2512,
            78.6149],
         [-165.2812,   -4.3473,   24.6418,  ...,   42.1931,   60.9327,
            78.1958],
         ...,
         [-148.7194,   -6.2472,    7.1687,  ...,   52.1594,   51.4252,
            69.2769],
         [-152.9851,    1.0801,   14.5528,  ...,   49.1363,   49.4797,
            67.8524],
         [-156.6950,   -3.8297,   22.0101,  ...,   55.9389,   59.9574,
            70.7192]]]), 'rvq_quantizer.layers.3._codebook.embed': tensor([[[-81.1522,  -5.6385,  10.0788,  ...,  27.6000,  32.9499,  33.1509],
         [-67.2382,  -4.1733,  13.6675,  ...,  28.2771,  29.6256,  39.3075],
         [-82.6406,  -2.1736,  12.3209,  ...,  21.0966,  30.4664,  39.0979],
         ...,
         [-74.3597,  -3.1236,   3.5844,  ...,  26.0797,  25.7126,  34.6385],
         [-76.4925,   0.5400,   7.2764,  ...,  24.5681,  24.7399,  33.9262],
         [-78.3475,  -1.9148,  11.0051,  ...,  27.9695,  29.9787,  35.3596]]])})
Loss:  tensor(1833.0867, grad_fn=<MeanBackward0>)
OrderedDict({'rvq_quantizer.project_in.weight': tensor([[-0.0896, -0.0455,  0.0731,  ...,  0.0040,  0.0457, -0.0412],
        [ 0.0102,  0.0328, -0.0582,  ...,  0.0774, -0.1092,  0.0769],
        [ 0.0005,  0.0304, -0.0003,  ...,  0.0180, -0.1076, -0.1045],
        ...,
        [ 0.0583, -0.0086, -0.0863,  ..., -0.0344, -0.0564, -0.0573],
        [ 0.0745,  0.0031, -0.0862,  ..., -0.1361, -0.0906, -0.0828],
        [ 0.0741,  0.0143, -0.1076,  ...,  0.0127, -0.1079, -0.0454]]), 'rvq_quantizer.project_in.bias': tensor([-0.1489,  0.1008, -0.0830,  0.0173,  0.0718, -0.0106, -0.1193, -0.0955,
         0.0382, -0.1486, -0.0475,  0.0783, -0.1346, -0.0278,  0.0375,  0.0376,
        -0.0853,  0.0179,  0.1387,  0.0934, -0.0294,  0.0631, -0.0949,  0.1323,
         0.0417, -0.0572,  0.1287,  0.0267, -0.0351,  0.1097,  0.1035,  0.1323]), 'rvq_quantizer.project_out.weight': tensor([[ 0.0863,  0.1175, -0.0987,  ..., -0.0436,  0.0902, -0.0665],
        [-0.0337,  0.0185,  0.1248,  ..., -0.1478, -0.1462, -0.0690],
        [ 0.1136,  0.0347, -0.1496,  ...,  0.1559,  0.1245, -0.1110],
        ...,
        [-0.0980,  0.0885, -0.1271,  ..., -0.0326,  0.1682, -0.0498],
        [-0.0419,  0.0095, -0.0684,  ...,  0.0084, -0.0638, -0.1158],
        [-0.0722,  0.0351, -0.0780,  ..., -0.1712,  0.1494, -0.0657]]), 'rvq_quantizer.project_out.bias': tensor([-0.0057, -0.1618, -0.0106, -0.1491,  0.1075, -0.1614, -0.1343,  0.1031,
         0.0111,  0.0539, -0.1584, -0.0913, -0.0218,  0.0136,  0.0118, -0.0675,
        -0.0649, -0.1732, -0.0018,  0.0052,  0.0404,  0.1226, -0.1440,  0.0450,
         0.1010,  0.1239,  0.1398, -0.0086, -0.0618,  0.0553,  0.1455,  0.1233,
        -0.1643,  0.0420, -0.1047,  0.1099, -0.0730, -0.0033,  0.0521, -0.1638,
         0.0447, -0.0199,  0.1100,  0.0143,  0.0467,  0.1464, -0.1500,  0.0397,
        -0.0979,  0.0147, -0.1461, -0.0785, -0.1591, -0.0969, -0.1011,  0.0893,
        -0.0945,  0.1582,  0.0263, -0.0766, -0.0984,  0.1358,  0.1505,  0.0912]), 'rvq_quantizer.layers.0._codebook.initted': tensor([1.]), 'rvq_quantizer.layers.0._codebook.cluster_size': tensor([[2.0000, 2.0000, 2.3000,  ..., 2.0000, 2.0000, 2.0000]]), 'rvq_quantizer.layers.0._codebook.embed_avg': tensor([[[ 7.9497e+01,  8.7782e+00, -3.4467e+00,  ..., -1.9510e+01,
          -2.4709e+01, -2.4828e+01],
         [ 3.3548e+01,  6.2103e+01,  2.0468e+01,  ...,  2.4178e+01,
          -3.7640e+00, -5.2396e+00],
         [ 7.8717e+01,  4.8446e+01,  3.1912e+01,  ..., -2.4577e-02,
          -6.5637e+00,  3.9575e+00],
         ...,
         [ 6.1660e+01,  4.5859e+01,  1.4907e+01,  ...,  3.3288e+01,
           1.0164e+01,  9.8982e-01],
         [ 1.3031e+02, -1.3777e+01, -5.6143e-01,  ..., -8.6632e+01,
          -1.0208e+02, -1.1168e+02],
         [ 4.1511e+01,  5.2044e+01,  7.8382e+00,  ...,  2.0518e+01,
           1.2779e+00, -4.1600e+00]]]), 'rvq_quantizer.layers.0._codebook.embed': tensor([[[ 3.9748e+01,  4.3891e+00, -1.7234e+00,  ..., -9.7550e+00,
          -1.2354e+01, -1.2414e+01],
         [ 1.6774e+01,  3.1051e+01,  1.0234e+01,  ...,  1.2089e+01,
          -1.8820e+00, -2.6198e+00],
         [ 3.4225e+01,  2.1063e+01,  1.3875e+01,  ..., -1.0686e-02,
          -2.8538e+00,  1.7207e+00],
         ...,
         [ 3.0830e+01,  2.2929e+01,  7.4536e+00,  ...,  1.6644e+01,
           5.0819e+00,  4.9491e-01],
         [ 6.5153e+01, -6.8883e+00, -2.8071e-01,  ..., -4.3316e+01,
          -5.1039e+01, -5.5841e+01],
         [ 2.0755e+01,  2.6022e+01,  3.9191e+00,  ...,  1.0259e+01,
           6.3896e-01, -2.0800e+00]]]), 'rvq_quantizer.layers.1._codebook.initted': tensor([1.]), 'rvq_quantizer.layers.1._codebook.cluster_size': tensor([[2.0000, 2.0000, 2.0000,  ..., 2.0000, 2.6000, 2.0000]]), 'rvq_quantizer.layers.1._codebook.embed_avg': tensor([[[-12.7696,  13.6194,  -2.7161,  ...,  14.5658,  14.2584,  14.8033],
         [  9.8245,   2.5529,  -3.2801,  ...,  -5.5331, -13.8113,   0.8734],
         [  5.9856,   2.4608,  -8.7149,  ...,   0.4461,  -7.3555,   0.2776],
         ...,
         [ -5.8818,   3.6003,  -2.8212,  ...,  18.5541,  16.1948,   0.3368],
         [  1.4096,   4.0785,   8.6733,  ...,   0.3757,  -4.1458,  -7.3541],
         [ -4.4154,  26.1238, -12.3417,  ...,   7.9318,  17.5825,   9.3213]]]), 'rvq_quantizer.layers.1._codebook.embed': tensor([[[-6.3848,  6.8097, -1.3580,  ...,  7.2829,  7.1292,  7.4017],
         [ 4.9123,  1.2764, -1.6401,  ..., -2.7666, -6.9056,  0.4367],
         [ 2.9928,  1.2304, -4.3574,  ...,  0.2231, -3.6777,  0.1388],
         ...,
         [-2.9409,  1.8002, -1.4106,  ...,  9.2771,  8.0974,  0.1684],
         [ 0.5422,  1.5687,  3.3359,  ...,  0.1445, -1.5946, -2.8285],
         [-2.2077, 13.0619, -6.1709,  ...,  3.9659,  8.7912,  4.6606]]]), 'rvq_quantizer.layers.2._codebook.initted': tensor([1.]), 'rvq_quantizer.layers.2._codebook.cluster_size': tensor([[2., 2., 2.,  ..., 2., 2., 2.]]), 'rvq_quantizer.layers.2._codebook.embed_avg': tensor([[[  9.6422,  -3.6569, -14.3079,  ...,   7.6695,   1.6326,   2.7894],
         [  3.0645,  -1.1557, -17.7448,  ..., -12.1851,   0.6238,   1.7000],
         [-15.4668,  -1.6273, -26.8643,  ...,  -9.1094, -11.5736,  -6.3355],
         ...,
         [ -5.5127,   1.2485, -13.4906,  ...,  -2.9719,   9.9283,  -6.9102],
         [-12.7806,   0.5226,  -9.5229,  ...,   7.4791,   6.3613,   3.2727],
         [ -3.6236,  -5.1027, -13.6491,  ...,   4.2264,   9.3609,   7.9157]]]), 'rvq_quantizer.layers.2._codebook.embed': tensor([[[  4.8211,  -1.8285,  -7.1540,  ...,   3.8348,   0.8163,   1.3947],
         [  1.5323,  -0.5779,  -8.8724,  ...,  -6.0926,   0.3119,   0.8500],
         [ -7.7334,  -0.8137, -13.4322,  ...,  -4.5547,  -5.7868,  -3.1677],
         ...,
         [ -2.7564,   0.6242,  -6.7453,  ...,  -1.4859,   4.9642,  -3.4551],
         [ -6.3903,   0.2613,  -4.7614,  ...,   3.7396,   3.1807,   1.6364],
         [ -1.8118,  -2.5514,  -6.8246,  ...,   2.1132,   4.6804,   3.9578]]]), 'rvq_quantizer.layers.3._codebook.initted': tensor([1.]), 'rvq_quantizer.layers.3._codebook.cluster_size': tensor([[2., 2., 2.,  ..., 2., 2., 2.]]), 'rvq_quantizer.layers.3._codebook.embed_avg': tensor([[[-51.7505, -17.7357,  -9.8025,  ...,  15.4298,  20.3579,  21.9144],
         [-64.1218, -24.6549,  -9.8641,  ...,  21.2850,  23.7921,  18.5355],
         [ 44.8251,   5.7829, -53.1089,  ..., -19.6526, -10.6741, -29.8821],
         ...,
         [-67.5069, -15.9877, -10.9921,  ...,  18.5004,  24.2633,  25.5350],
         [-64.1156,  -0.2418, -26.7984,  ...,  23.6115,  41.2388,  26.1123],
         [-67.7048,  -7.3044,  -8.5666,  ...,  27.6841,  29.5125,  33.2790]]]), 'rvq_quantizer.layers.3._codebook.embed': tensor([[[-25.8753,  -8.8679,  -4.9012,  ...,   7.7149,  10.1790,  10.9572],
         [-32.0609, -12.3275,  -4.9320,  ...,  10.6425,  11.8960,   9.2677],
         [ 22.4126,   2.8915, -26.5545,  ...,  -9.8263,  -5.3370, -14.9411],
         ...,
         [-33.7534,  -7.9938,  -5.4961,  ...,   9.2502,  12.1316,  12.7675],
         [-32.0578,  -0.1209, -13.3992,  ...,  11.8057,  20.6194,  13.0562],
         [-33.8524,  -3.6522,  -4.2833,  ...,  13.8420,  14.7562,  16.6395]]])})
Loss:  tensor(228.7255, grad_fn=<MeanBackward0>)
OrderedDict({'rvq_quantizer.project_in.weight': tensor([[-0.0822, -0.0533,  0.0736,  ...,  0.0101,  0.0519, -0.0348],
        [ 0.0005,  0.0419, -0.0485,  ...,  0.0680, -0.1186,  0.0673],
        [-0.0004,  0.0264,  0.0062,  ...,  0.0215, -0.1042, -0.1014],
        ...,
        [ 0.0491,  0.0007, -0.0855,  ..., -0.0430, -0.0650, -0.0661],
        [ 0.0654,  0.0121, -0.0835,  ..., -0.1440, -0.0986, -0.0909],
        [ 0.0649,  0.0234, -0.1092,  ...,  0.0042, -0.1165, -0.0541]]), 'rvq_quantizer.project_in.bias': tensor([-0.1560,  0.1105, -0.0834,  0.0229,  0.0674, -0.0193, -0.1148, -0.1023,
         0.0350, -0.1573, -0.0491,  0.0733, -0.1430, -0.0332,  0.0461,  0.0326,
        -0.0853,  0.0250,  0.1428,  0.1019, -0.0204,  0.0728, -0.1041,  0.1409,
         0.0359, -0.0655,  0.1299,  0.0348, -0.0284,  0.1189,  0.1124,  0.1413]), 'rvq_quantizer.project_out.weight': tensor([[ 0.0863,  0.1175, -0.0987,  ..., -0.0436,  0.0902, -0.0665],
        [-0.0337,  0.0185,  0.1248,  ..., -0.1478, -0.1462, -0.0690],
        [ 0.1136,  0.0347, -0.1496,  ...,  0.1559,  0.1245, -0.1110],
        ...,
        [-0.0980,  0.0885, -0.1271,  ..., -0.0326,  0.1682, -0.0498],
        [-0.0419,  0.0095, -0.0684,  ...,  0.0084, -0.0638, -0.1158],
        [-0.0722,  0.0351, -0.0780,  ..., -0.1712,  0.1494, -0.0657]]), 'rvq_quantizer.project_out.bias': tensor([-0.0057, -0.1618, -0.0106, -0.1491,  0.1075, -0.1614, -0.1343,  0.1031,
         0.0111,  0.0539, -0.1584, -0.0913, -0.0218,  0.0136,  0.0118, -0.0675,
        -0.0649, -0.1732, -0.0018,  0.0052,  0.0404,  0.1226, -0.1440,  0.0450,
         0.1010,  0.1239,  0.1398, -0.0086, -0.0618,  0.0553,  0.1455,  0.1233,
        -0.1643,  0.0420, -0.1047,  0.1099, -0.0730, -0.0033,  0.0521, -0.1638,
         0.0447, -0.0199,  0.1100,  0.0143,  0.0467,  0.1464, -0.1500,  0.0397,
        -0.0979,  0.0147, -0.1461, -0.0785, -0.1591, -0.0969, -0.1011,  0.0893,
        -0.0945,  0.1582,  0.0263, -0.0766, -0.0984,  0.1358,  0.1505,  0.0912]), 'rvq_quantizer.layers.0._codebook.initted': tensor([1.]), 'rvq_quantizer.layers.0._codebook.cluster_size': tensor([[3.4000, 2.3000, 2.0700,  ..., 3.6000, 2.0000, 3.6000]]), 'rvq_quantizer.layers.0._codebook.embed_avg': tensor([[[ 1.3003e+02,  2.4511e+01, -3.8520e+00,  ..., -2.9549e+01,
          -3.8646e+01, -4.9365e+01],
         [ 4.0193e+01,  7.7608e+01,  2.1591e+01,  ...,  2.7122e+01,
          -3.3151e+00, -7.2662e+00],
         [ 7.0846e+01,  4.3601e+01,  2.8721e+01,  ..., -2.2119e-02,
          -5.9073e+00,  3.5618e+00],
         ...,
         [ 1.0296e+02,  9.6524e+01,  2.7526e+01,  ...,  6.2075e+01,
           2.0687e+01,  3.7908e+00],
         [ 1.1370e+02,  1.0397e+01,  3.1244e+00,  ..., -1.5919e+01,
          -5.7337e+01, -8.3987e+01],
         [ 6.8849e+01,  1.0513e+02,  1.4385e+01,  ...,  3.8285e+01,
           1.1882e+01, -5.7369e-02]]]), 'rvq_quantizer.layers.0._codebook.embed': tensor([[[ 3.8243e+01,  7.2091e+00, -1.1329e+00,  ..., -8.6910e+00,
          -1.1367e+01, -1.4519e+01],
         [ 1.7475e+01,  3.3743e+01,  9.3872e+00,  ...,  1.1792e+01,
          -1.4413e+00, -3.1592e+00],
         [ 3.4225e+01,  2.1063e+01,  1.3875e+01,  ..., -1.0686e-02,
          -2.8538e+00,  1.7207e+00],
         ...,
         [ 2.8599e+01,  2.6812e+01,  7.6461e+00,  ...,  1.7243e+01,
           5.7463e+00,  1.0530e+00],
         [ 5.6849e+01,  5.1986e+00,  1.5622e+00,  ..., -7.9597e+00,
          -2.8669e+01, -4.1993e+01],
         [ 1.9125e+01,  2.9202e+01,  3.9957e+00,  ...,  1.0635e+01,
           3.3005e+00, -1.5936e-02]]]), 'rvq_quantizer.layers.1._codebook.initted': tensor([1.]), 'rvq_quantizer.layers.1._codebook.cluster_size': tensor([[2.0000, 2.0000, 2.1000,  ..., 2.1000, 2.5400, 2.0000]]), 'rvq_quantizer.layers.1._codebook.embed_avg': tensor([[[-12.4988,  12.6974,  -2.3415,  ...,  13.8622,  14.0731,  14.4739],
         [ -5.1453,   1.1127,   0.7046,  ...,   2.2898,  14.8773,   0.5088],
         [  6.7565,   3.2174,  -8.6812,  ...,   0.9858,  -7.1979,  -0.2223],
         ...,
         [ -5.7269,   4.8282,  -2.1088,  ...,  19.6836,  16.8700,   0.9259],
         [  1.3125,   4.0962,   8.1904,  ...,   0.9241,  -4.9318,  -8.6764],
         [ -1.4075,  -3.0379,   4.3876,  ...,  11.6845,  -0.8211,   0.6415]]]), 'rvq_quantizer.layers.1._codebook.embed': tensor([[[-6.2494,  6.3487, -1.1708,  ...,  6.9311,  7.0366,  7.2369],
         [-2.5726,  0.5564,  0.3523,  ...,  1.1449,  7.4386,  0.2544],
         [ 3.2174,  1.5321, -4.1339,  ...,  0.4694, -3.4275, -0.1059],
         ...,
         [-2.7271,  2.2991, -1.0042,  ...,  9.3731,  8.0333,  0.4409],
         [ 0.5167,  1.6127,  3.2246,  ...,  0.3638, -1.9417, -3.4159],
         [-0.7037, -1.5189,  2.1938,  ...,  5.8422, -0.4105,  0.3208]]]), 'rvq_quantizer.layers.2._codebook.initted': tensor([1.]), 'rvq_quantizer.layers.2._codebook.cluster_size': tensor([[2., 2., 2.,  ..., 3., 2., 2.]]), 'rvq_quantizer.layers.2._codebook.embed_avg': tensor([[[ -0.7912,   1.9274,   6.1086,  ...,   0.6326,   0.5225,   1.4988],
         [  0.5311,  -2.8425,   0.5587,  ...,   9.3935,   6.3580,  -7.9278],
         [ -3.2632,   6.0869,  -0.8193,  ...,  -5.7391,   3.2826,  -9.9522],
         ...,
         [ -4.1063,   3.8746, -13.5694,  ...,  -1.1716,  10.1626,  -9.6534],
         [  7.8023,  13.0589,  17.8246,  ...,   9.7326,  10.0385,  -1.1305],
         [ -0.3175,  -4.1649,   8.5631,  ...,  -3.8139,   5.0562, -12.4868]]]), 'rvq_quantizer.layers.2._codebook.embed': tensor([[[-0.3956,  0.9637,  3.0543,  ...,  0.3163,  0.2613,  0.7494],
         [ 0.2655, -1.4212,  0.2793,  ...,  4.6967,  3.1790, -3.9639],
         [-1.6316,  3.0435, -0.4096,  ..., -2.8695,  1.6413, -4.9761],
         ...,
         [-1.3688,  1.2915, -4.5232,  ..., -0.3905,  3.3875, -3.2178],
         [ 3.9011,  6.5295,  8.9123,  ...,  4.8663,  5.0193, -0.5652],
         [-0.1587, -2.0825,  4.2816,  ..., -1.9070,  2.5281, -6.2434]]]), 'rvq_quantizer.layers.3._codebook.initted': tensor([1.]), 'rvq_quantizer.layers.3._codebook.cluster_size': tensor([[2., 2., 2.,  ..., 2., 2., 2.]]), 'rvq_quantizer.layers.3._codebook.embed_avg': tensor([[[  0.8235,  -4.4262,  11.0375,  ...,  -7.5288,  -2.1751, -13.0762],
         [  3.0629,  -2.3855,  11.7551,  ...,  -6.8784, -15.2218,  -1.7785],
         [ -4.5043,   1.2911,  18.9764,  ...,  11.4258,  -1.2527,  -2.6135],
         ...,
         [  7.4961,   2.2097,   0.8116,  ...,   1.8846,   5.3368,  -5.8875],
         [  5.3852,  -1.4596,   2.4579,  ...,  -1.6735,   3.2240,   6.8680],
         [ -1.1364,  -2.7798,   8.4756,  ...,   4.7915,   1.3215, -10.7821]]]), 'rvq_quantizer.layers.3._codebook.embed': tensor([[[ 0.4117, -2.2131,  5.5187,  ..., -3.7644, -1.0876, -6.5381],
         [ 1.5315, -1.1928,  5.8776,  ..., -3.4392, -7.6109, -0.8892],
         [-2.2522,  0.6455,  9.4882,  ...,  5.7129, -0.6263, -1.3068],
         ...,
         [ 3.7481,  1.1049,  0.4058,  ...,  0.9423,  2.6684, -2.9438],
         [ 2.6926, -0.7298,  1.2290,  ..., -0.8368,  1.6120,  3.4340],
         [-0.5682, -1.3899,  4.2378,  ...,  2.3958,  0.6607, -5.3911]]])})
Loss:  tensor(75.8136, grad_fn=<MeanBackward0>)
OrderedDict({'rvq_quantizer.project_in.weight': tensor([[-0.0746, -0.0613,  0.0734,  ...,  0.0162,  0.0580, -0.0285],
        [-0.0091,  0.0495, -0.0389,  ...,  0.0591, -0.1275,  0.0581],
        [-0.0009,  0.0222,  0.0131,  ...,  0.0254, -0.1003, -0.0978],
        ...,
        [ 0.0399,  0.0099, -0.0833,  ..., -0.0515, -0.0736, -0.0748],
        [ 0.0564,  0.0210, -0.0795,  ..., -0.1519, -0.1065, -0.0991],
        [ 0.0558,  0.0326, -0.1104,  ..., -0.0043, -0.1251, -0.0628]]), 'rvq_quantizer.project_in.bias': tensor([-0.1631,  0.1200, -0.0842,  0.0282,  0.0622, -0.0278, -0.1096, -0.1090,
         0.0322, -0.1659, -0.0516,  0.0685, -0.1514, -0.0385,  0.0548,  0.0268,
        -0.0848,  0.0321,  0.1465,  0.1106, -0.0115,  0.0824, -0.1131,  0.1494,
         0.0300, -0.0738,  0.1304,  0.0429, -0.0217,  0.1279,  0.1212,  0.1502]), 'rvq_quantizer.project_out.weight': tensor([[ 0.0863,  0.1175, -0.0987,  ..., -0.0436,  0.0902, -0.0665],
        [-0.0337,  0.0185,  0.1248,  ..., -0.1478, -0.1462, -0.0690],
        [ 0.1136,  0.0347, -0.1496,  ...,  0.1559,  0.1245, -0.1110],
        ...,
        [-0.0980,  0.0885, -0.1271,  ..., -0.0326,  0.1682, -0.0498],
        [-0.0419,  0.0095, -0.0684,  ...,  0.0084, -0.0638, -0.1158],
        [-0.0722,  0.0351, -0.0780,  ..., -0.1712,  0.1494, -0.0657]]), 'rvq_quantizer.project_out.bias': tensor([-0.0057, -0.1618, -0.0106, -0.1491,  0.1075, -0.1614, -0.1343,  0.1031,
         0.0111,  0.0539, -0.1584, -0.0913, -0.0218,  0.0136,  0.0118, -0.0675,
        -0.0649, -0.1732, -0.0018,  0.0052,  0.0404,  0.1226, -0.1440,  0.0450,
         0.1010,  0.1239,  0.1398, -0.0086, -0.0618,  0.0553,  0.1455,  0.1233,
        -0.1643,  0.0420, -0.1047,  0.1099, -0.0730, -0.0033,  0.0521, -0.1638,
         0.0447, -0.0199,  0.1100,  0.0143,  0.0467,  0.1464, -0.1500,  0.0397,
        -0.0979,  0.0147, -0.1461, -0.0785, -0.1591, -0.0969, -0.1011,  0.0893,
        -0.0945,  0.1582,  0.0263, -0.0766, -0.0984,  0.1358,  0.1505,  0.0912]), 'rvq_quantizer.layers.0._codebook.initted': tensor([1.]), 'rvq_quantizer.layers.0._codebook.cluster_size': tensor([[3.0600, 2.0700, 2.0000,  ..., 3.3400, 2.0000, 3.6400]]), 'rvq_quantizer.layers.0._codebook.embed_avg': tensor([[[117.0249,  22.0598,  -3.4668,  ..., -26.5945, -34.7818, -44.4289],
         [ 36.1735,  69.8471,  19.4316,  ...,  24.4101,  -2.9836,  -6.5396],
         [ 20.8508,  93.0263,  -1.9765,  ...,  53.8124,  54.9162,  46.0234],
         ...,
         [ 94.8667,  91.0146,  25.4543,  ...,  57.4844,  19.0191,   3.1357],
         [ 89.7305,  45.3774,  -0.3124,  ..., -32.5147, -42.4430, -50.9535],
         [ 69.9632, 107.0139,  13.0005,  ...,  37.8276,  11.4043,  -1.0150]]]), 'rvq_quantizer.layers.0._codebook.embed': tensor([[[ 38.2435,   7.2091,  -1.1329,  ...,  -8.6910, -11.3666, -14.5193],
         [ 17.4751,  33.7425,   9.3872,  ...,  11.7923,  -1.4413,  -3.1592],
         [ 10.4254,  46.5131,  -0.9883,  ...,  26.9062,  27.4581,  23.0117],
         ...,
         [ 28.4032,  27.2499,   7.6211,  ...,  17.2109,   5.6944,   0.9388],
         [ 44.8653,  22.6887,  -0.1562,  ..., -16.2573, -21.2215, -25.4767],
         [ 19.2207,  29.3995,   3.5716,  ...,  10.3922,   3.1330,  -0.2788]]]), 'rvq_quantizer.layers.1._codebook.initted': tensor([1.]), 'rvq_quantizer.layers.1._codebook.cluster_size': tensor([[2.0000, 2.0000, 2.0000,  ..., 2.0000, 2.2860, 2.0000]]), 'rvq_quantizer.layers.1._codebook.embed_avg': tensor([[[  1.3676,  -4.9384,  -1.8204,  ...,  -8.0129,   1.7852,  -5.0648],
         [-11.2657,  -1.3596,  -0.2904,  ...,  10.6551,   1.7272,  -1.2651],
         [ -2.4155,   2.5348,  -4.3405,  ...,   8.6162,   6.4700,   0.7774],
         ...,
         [ -1.5255,  16.1373, -11.8553,  ...,   1.5901,  -0.2643,  -3.6672],
         [  1.1813,   3.6866,   7.3714,  ...,   0.8317,  -4.4386,  -7.8087],
         [ -1.0790,  -3.2325,   4.1303,  ...,  11.1139,  -0.4542,  -0.1045]]]), 'rvq_quantizer.layers.1._codebook.embed': tensor([[[ 0.6838, -2.4692, -0.9102,  ..., -4.0064,  0.8926, -2.5324],
         [-5.6329, -0.6798, -0.1452,  ...,  5.3276,  0.8636, -0.6325],
         [-1.2077,  1.2674, -2.1703,  ...,  4.3081,  3.2350,  0.3887],
         ...,
         [-0.7627,  8.0686, -5.9277,  ...,  0.7951, -0.1321, -1.8336],
         [ 0.5167,  1.6127,  3.2246,  ...,  0.3638, -1.9417, -3.4159],
         [-0.5395, -1.6162,  2.0652,  ...,  5.5569, -0.2271, -0.0522]]]), 'rvq_quantizer.layers.2._codebook.initted': tensor([1.]), 'rvq_quantizer.layers.2._codebook.cluster_size': tensor([[3.8000, 2.0000, 2.0000,  ..., 3.2000, 2.0000, 2.0000]]), 'rvq_quantizer.layers.2._codebook.embed_avg': tensor([[[ -3.6162,   3.1570,   5.8029,  ...,   3.1090,   2.4092,   2.5298],
         [  6.2083,  -0.1120,  -4.0680,  ...,   5.0660,   5.2766,   8.8536],
         [  7.8338,  -9.4364,  -8.8400,  ...,  14.9385,   4.1771,   2.9111],
         ...,
         [ -4.5841,   5.1858, -13.9980,  ...,  -0.3485,  10.4035, -10.1850],
         [ 13.8033,   7.6676,  -4.0552,  ...,  -4.4438,   8.8426,  -6.5395],
         [ -0.6440,   8.2254,   6.3710,  ...,  13.5648,   9.4294,  15.6865]]]), 'rvq_quantizer.layers.2._codebook.embed': tensor([[[-0.9516,  0.8308,  1.5271,  ...,  0.8182,  0.6340,  0.6657],
         [ 3.1041, -0.0560, -2.0340,  ...,  2.5330,  2.6383,  4.4268],
         [ 3.9169, -4.7182, -4.4200,  ...,  7.4693,  2.0886,  1.4555],
         ...,
         [-1.4325,  1.6206, -4.3744,  ..., -0.1089,  3.2511, -3.1828],
         [ 6.9016,  3.8338, -2.0276,  ..., -2.2219,  4.4213, -3.2697],
         [-0.3220,  4.1127,  3.1855,  ...,  6.7824,  4.7147,  7.8433]]]), 'rvq_quantizer.layers.3._codebook.initted': tensor([1.]), 'rvq_quantizer.layers.3._codebook.cluster_size': tensor([[2.0000, 2.0000, 2.0000,  ..., 2.0000, 2.1000, 2.3000]]), 'rvq_quantizer.layers.3._codebook.embed_avg': tensor([[[  8.3118,   2.0839,   1.8310,  ...,  -2.2058, -16.8765,   0.7021],
         [ 12.3287,   3.3138,  -8.9983,  ...,  -7.9216,  -0.8097,   3.3980],
         [ -4.3330,  -0.4076,  -1.8498,  ...,   6.8259,  -3.9039,   3.2346],
         ...,
         [  1.1434,   1.9833,  -1.4734,  ...,   3.4434,   2.6611,  13.4126],
         [  4.9040,  -1.4808,   1.4903,  ...,  -0.6327,   3.7003,   6.4259],
         [ -1.2824,  -3.0722,   7.5194,  ...,   4.6894,   2.0313, -11.0886]]]), 'rvq_quantizer.layers.3._codebook.embed': tensor([[[ 4.1559,  1.0420,  0.9155,  ..., -1.1029, -8.4382,  0.3510],
         [ 6.1643,  1.6569, -4.4992,  ..., -3.9608, -0.4048,  1.6990],
         [-2.1665, -0.2038, -0.9249,  ...,  3.4129, -1.9520,  1.6173],
         ...,
         [ 0.5717,  0.9916, -0.7367,  ...,  1.7217,  1.3305,  6.7063],
         [ 2.3352, -0.7051,  0.7097,  ..., -0.3013,  1.7621,  3.0600],
         [-0.5576, -1.3357,  3.2693,  ...,  2.0389,  0.8832, -4.8211]]])})
Loss:  tensor(12.2002, grad_fn=<MeanBackward0>)
OrderedDict({'rvq_quantizer.project_in.weight': tensor([[-0.0670, -0.0693,  0.0725,  ...,  0.0224,  0.0643, -0.0220],
        [-0.0185,  0.0551, -0.0293,  ...,  0.0510, -0.1356,  0.0495],
        [-0.0014,  0.0183,  0.0199,  ...,  0.0296, -0.0961, -0.0939],
        ...,
        [ 0.0307,  0.0191, -0.0802,  ..., -0.0600, -0.0821, -0.0835],
        [ 0.0473,  0.0299, -0.0746,  ..., -0.1598, -0.1144, -0.1072],
        [ 0.0468,  0.0417, -0.1114,  ..., -0.0129, -0.1337, -0.0715]]), 'rvq_quantizer.project_in.bias': tensor([-0.1703,  0.1293, -0.0852,  0.0333,  0.0566, -0.0359, -0.1039, -0.1157,
         0.0298, -0.1745, -0.0546,  0.0639, -0.1599, -0.0437,  0.0634,  0.0205,
        -0.0838,  0.0392,  0.1500,  0.1195, -0.0026,  0.0919, -0.1219,  0.1578,
         0.0241, -0.0820,  0.1304,  0.0510, -0.0152,  0.1370,  0.1300,  0.1592]), 'rvq_quantizer.project_out.weight': tensor([[ 0.0863,  0.1175, -0.0987,  ..., -0.0436,  0.0902, -0.0665],
        [-0.0337,  0.0185,  0.1248,  ..., -0.1478, -0.1462, -0.0690],
        [ 0.1136,  0.0347, -0.1496,  ...,  0.1559,  0.1245, -0.1110],
        ...,
        [-0.0980,  0.0885, -0.1271,  ..., -0.0326,  0.1682, -0.0498],
        [-0.0419,  0.0095, -0.0684,  ...,  0.0084, -0.0638, -0.1158],
        [-0.0722,  0.0351, -0.0780,  ..., -0.1712,  0.1494, -0.0657]]), 'rvq_quantizer.project_out.bias': tensor([-0.0057, -0.1618, -0.0106, -0.1491,  0.1075, -0.1614, -0.1343,  0.1031,
         0.0111,  0.0539, -0.1584, -0.0913, -0.0218,  0.0136,  0.0118, -0.0675,
        -0.0649, -0.1732, -0.0018,  0.0052,  0.0404,  0.1226, -0.1440,  0.0450,
         0.1010,  0.1239,  0.1398, -0.0086, -0.0618,  0.0553,  0.1455,  0.1233,
        -0.1643,  0.0420, -0.1047,  0.1099, -0.0730, -0.0033,  0.0521, -0.1638,
         0.0447, -0.0199,  0.1100,  0.0143,  0.0467,  0.1464, -0.1500,  0.0397,
        -0.0979,  0.0147, -0.1461, -0.0785, -0.1591, -0.0969, -0.1011,  0.0893,
        -0.0945,  0.1582,  0.0263, -0.0766, -0.0984,  0.1358,  0.1505,  0.0912]), 'rvq_quantizer.layers.0._codebook.initted': tensor([1.]), 'rvq_quantizer.layers.0._codebook.cluster_size': tensor([[2.7540, 2.0000, 3.2000,  ..., 3.0060, 2.0000, 3.2760]]), 'rvq_quantizer.layers.0._codebook.embed_avg': tensor([[[ 1.0532e+02,  1.9854e+01, -3.1201e+00,  ..., -2.3935e+01,
          -3.1304e+01, -3.9986e+01],
         [ 6.3644e+01,  2.5992e+01, -7.6372e+00,  ..., -5.2637e+00,
          -1.7611e+01, -3.6939e+01],
         [ 3.5548e+01,  1.6275e+02, -2.8064e+00,  ...,  8.8664e+01,
           8.1438e+01,  7.0107e+01],
         ...,
         [ 8.5380e+01,  8.1913e+01,  2.2909e+01,  ...,  5.1736e+01,
           1.7117e+01,  2.8221e+00],
         [ 8.9204e+01,  4.5891e+01, -5.3545e-02,  ..., -3.2674e+01,
          -4.2665e+01, -5.0830e+01],
         [ 6.2967e+01,  9.6313e+01,  1.1700e+01,  ...,  3.4045e+01,
           1.0264e+01, -9.1347e-01]]]), 'rvq_quantizer.layers.0._codebook.embed': tensor([[[ 3.8243e+01,  7.2091e+00, -1.1329e+00,  ..., -8.6910e+00,
          -1.1367e+01, -1.4519e+01],
         [ 3.1822e+01,  1.2996e+01, -3.8186e+00,  ..., -2.6319e+00,
          -8.8055e+00, -1.8470e+01],
         [ 1.1109e+01,  5.0859e+01, -8.7699e-01,  ...,  2.7707e+01,
           2.5449e+01,  2.1908e+01],
         ...,
         [ 2.8403e+01,  2.7250e+01,  7.6210e+00,  ...,  1.7211e+01,
           5.6944e+00,  9.3882e-01],
         [ 4.4602e+01,  2.2945e+01, -2.6773e-02,  ..., -1.6337e+01,
          -2.1333e+01, -2.5415e+01],
         [ 1.9221e+01,  2.9399e+01,  3.5716e+00,  ...,  1.0392e+01,
           3.1330e+00, -2.7884e-01]]]), 'rvq_quantizer.layers.1._codebook.initted': tensor([1.]), 'rvq_quantizer.layers.1._codebook.cluster_size': tensor([[2.0000, 2.4000, 2.1000,  ..., 2.0000, 2.0574, 2.0000]]), 'rvq_quantizer.layers.1._codebook.embed_avg': tensor([[[  8.2127,  12.7584,  -7.6801,  ...,   0.4866,   8.6349, -11.6370],
         [-13.6912,  -1.2756,  -0.1992,  ...,  12.1347,   2.1839,  -1.9229],
         [ -2.7483,   2.2023,  -4.6965,  ...,   9.3128,   6.8361,   0.8444],
         ...,
         [ -8.1224,  19.5614,  -5.3566,  ...,  -6.8316,   0.4301,  -9.6936],
         [  1.0632,   3.3179,   6.6342,  ...,   0.7485,  -3.9948,  -7.0279],
         [ 23.3668,   7.5295,  -1.6296,  ...,   1.4765,   7.9445,  -9.5036]]]), 'rvq_quantizer.layers.1._codebook.embed': tensor([[[ 4.1063,  6.3792, -3.8401,  ...,  0.2433,  4.3174, -5.8185],
         [-5.7047, -0.5315, -0.0830,  ...,  5.0561,  0.9100, -0.8012],
         [-1.3087,  1.0487, -2.2364,  ...,  4.4346,  3.2553,  0.4021],
         ...,
         [-4.0612,  9.7807, -2.6783,  ..., -3.4158,  0.2151, -4.8468],
         [ 0.5167,  1.6127,  3.2246,  ...,  0.3638, -1.9417, -3.4159],
         [11.6834,  3.7647, -0.8148,  ...,  0.7383,  3.9722, -4.7518]]]), 'rvq_quantizer.layers.2._codebook.initted': tensor([1.]), 'rvq_quantizer.layers.2._codebook.cluster_size': tensor([[4.5200, 2.0000, 2.0000,  ..., 3.3800, 2.0000, 2.0000]]), 'rvq_quantizer.layers.2._codebook.embed_avg': tensor([[[ -4.4926,   4.4882,   6.8615,  ...,   4.9023,   1.8485,   1.4277],
         [  1.7932,  -4.3283,  -6.8580,  ...,  19.1104,  10.7178,   8.3182],
         [  3.9910,   1.1333,  -1.8821,  ...,  -1.6583,  -2.5159,  -1.6684],
         ...,
         [ -5.0626,   4.8526, -14.7348,  ...,   0.6171,  11.0443, -10.2004],
         [ -5.5324,  -4.8617,   0.3028,  ...,  -1.2833,  -5.1741,  -0.6628],
         [  2.9743,   1.5884,  12.9539,  ...,   3.6199,  -8.6374, -23.6959]]]), 'rvq_quantizer.layers.2._codebook.embed': tensor([[[ -0.9939,   0.9930,   1.5180,  ...,   1.0846,   0.4090,   0.3159],
         [  0.8966,  -2.1641,  -3.4290,  ...,   9.5552,   5.3589,   4.1591],
         [  1.9955,   0.5666,  -0.9410,  ...,  -0.8292,  -1.2580,  -0.8342],
         ...,
         [ -1.4978,   1.4357,  -4.3594,  ...,   0.1826,   3.2676,  -3.0179],
         [ -2.7662,  -2.4308,   0.1514,  ...,  -0.6416,  -2.5870,  -0.3314],
         [  1.4872,   0.7942,   6.4770,  ...,   1.8100,  -4.3187, -11.8480]]]), 'rvq_quantizer.layers.3._codebook.initted': tensor([1.]), 'rvq_quantizer.layers.3._codebook.cluster_size': tensor([[2.0000, 2.0000, 2.0000,  ..., 2.0000, 2.0000, 2.0700]]), 'rvq_quantizer.layers.3._codebook.embed_avg': tensor([[[-6.6283,  0.5156,  6.8751,  ..., -2.1489,  0.3918,  0.7544],
         [ 1.1237,  0.5870,  3.7547,  ...,  6.2851, -4.6421,  2.0307],
         [ 1.5462,  2.5043,  3.1673,  ..., -1.6025,  3.1615,  1.5154],
         ...,
         [ 0.3577,  7.9655, -5.8102,  ...,  1.2145, -2.8054, 11.3101],
         [-0.9468,  0.3568,  0.9511,  ..., -0.5624,  0.2167, -0.4880],
         [-1.1542, -2.7650,  6.7675,  ...,  4.2205,  1.8281, -9.9797]]]), 'rvq_quantizer.layers.3._codebook.embed': tensor([[[-3.3141,  0.2578,  3.4375,  ..., -1.0745,  0.1959,  0.3772],
         [ 0.5618,  0.2935,  1.8774,  ...,  3.1425, -2.3210,  1.0153],
         [ 0.7731,  1.2521,  1.5837,  ..., -0.8013,  1.5807,  0.7577],
         ...,
         [ 0.1789,  3.9827, -2.9051,  ...,  0.6073, -1.4027,  5.6550],
         [-0.4734,  0.1784,  0.4755,  ..., -0.2812,  0.1084, -0.2440],
         [-0.5576, -1.3357,  3.2693,  ...,  2.0389,  0.8832, -4.8211]]])})
Loss:  tensor(10.8311, grad_fn=<MeanBackward0>)
OrderedDict({'rvq_quantizer.project_in.weight': tensor([[-0.0594, -0.0773,  0.0710,  ...,  0.0286,  0.0705, -0.0156],
        [-0.0278,  0.0582, -0.0198,  ...,  0.0437, -0.1429,  0.0413],
        [-0.0017,  0.0147,  0.0268,  ...,  0.0340, -0.0917, -0.0898],
        ...,
        [ 0.0216,  0.0283, -0.0761,  ..., -0.0684, -0.0906, -0.0921],
        [ 0.0384,  0.0388, -0.0690,  ..., -0.1676, -0.1223, -0.1152],
        [ 0.0378,  0.0507, -0.1121,  ..., -0.0215, -0.1423, -0.0802]]), 'rvq_quantizer.project_in.bias': tensor([-0.1775,  0.1385, -0.0863,  0.0382,  0.0507, -0.0435, -0.0980, -0.1223,
         0.0277, -0.1831, -0.0579,  0.0593, -0.1684, -0.0488,  0.0721,  0.0138,
        -0.0825,  0.0463,  0.1533,  0.1283,  0.0063,  0.1013, -0.1305,  0.1662,
         0.0182, -0.0902,  0.1300,  0.0591, -0.0087,  0.1459,  0.1388,  0.1681]), 'rvq_quantizer.project_out.weight': tensor([[ 0.0863,  0.1175, -0.0987,  ..., -0.0436,  0.0902, -0.0665],
        [-0.0337,  0.0185,  0.1248,  ..., -0.1478, -0.1462, -0.0690],
        [ 0.1136,  0.0347, -0.1496,  ...,  0.1559,  0.1245, -0.1110],
        ...,
        [-0.0980,  0.0885, -0.1271,  ..., -0.0326,  0.1682, -0.0498],
        [-0.0419,  0.0095, -0.0684,  ...,  0.0084, -0.0638, -0.1158],
        [-0.0722,  0.0351, -0.0780,  ..., -0.1712,  0.1494, -0.0657]]), 'rvq_quantizer.project_out.bias': tensor([-0.0057, -0.1618, -0.0106, -0.1491,  0.1075, -0.1614, -0.1343,  0.1031,
         0.0111,  0.0539, -0.1584, -0.0913, -0.0218,  0.0136,  0.0118, -0.0675,
        -0.0649, -0.1732, -0.0018,  0.0052,  0.0404,  0.1226, -0.1440,  0.0450,
         0.1010,  0.1239,  0.1398, -0.0086, -0.0618,  0.0553,  0.1455,  0.1233,
        -0.1643,  0.0420, -0.1047,  0.1099, -0.0730, -0.0033,  0.0521, -0.1638,
         0.0447, -0.0199,  0.1100,  0.0143,  0.0467,  0.1464, -0.1500,  0.0397,
        -0.0979,  0.0147, -0.1461, -0.0785, -0.1591, -0.0969, -0.1011,  0.0893,
        -0.0945,  0.1582,  0.0263, -0.0766, -0.0984,  0.1358,  0.1505,  0.0912]), 'rvq_quantizer.layers.0._codebook.initted': tensor([1.]), 'rvq_quantizer.layers.0._codebook.cluster_size': tensor([[2.4786, 2.0000, 2.9800,  ..., 2.7054, 2.0000, 2.9484]]), 'rvq_quantizer.layers.0._codebook.embed_avg': tensor([[[ 94.7902,  17.8685,  -2.8081,  ..., -21.5416, -28.1732, -35.9874],
         [ 10.6519, 108.2023,  -9.0615,  ...,  80.0055,  79.4356,  61.1144],
         [ 33.8614, 151.8839,  -3.0072,  ...,  82.5108,  74.7142,  64.7401],
         ...,
         [ 76.8420,  73.7218,  20.6180,  ...,  46.5624,  15.4055,   2.5399],
         [ 83.2398,  43.5636,   1.5323,  ..., -36.0015, -52.8619, -53.3302],
         [ 56.6702,  86.6813,  10.5304,  ...,  30.6404,   9.2374,  -0.8221]]]), 'rvq_quantizer.layers.0._codebook.embed': tensor([[[ 38.2434,   7.2091,  -1.1329,  ...,  -8.6910, -11.3666, -14.5192],
         [  5.3259,  54.1012,  -4.5308,  ...,  40.0028,  39.7178,  30.5572],
         [ 11.3629,  50.9678,  -1.0091,  ...,  27.6882,  25.0719,  21.7249],
         ...,
         [ 28.4032,  27.2499,   7.6210,  ...,  17.2109,   5.6944,   0.9388],
         [ 41.6199,  21.7818,   0.7662,  ..., -18.0007, -26.4309, -26.6651],
         [ 19.2207,  29.3994,   3.5716,  ...,  10.3922,   3.1330,  -0.2788]]]), 'rvq_quantizer.layers.1._codebook.initted': tensor([1.]), 'rvq_quantizer.layers.1._codebook.cluster_size': tensor([[2.0000, 2.7600, 2.0900,  ..., 2.0000, 2.0000, 2.0000]]), 'rvq_quantizer.layers.1._codebook.embed_avg': tensor([[[-25.7694,  15.7599,  -7.6599,  ...,  -5.3172,   5.9205,  -1.3873],
         [-16.6653,  -1.9782,   0.6934,  ...,  12.7048,   3.5482,  -2.9912],
         [ -2.9539,   1.7486,  -4.4156,  ...,   8.9184,   6.4967,   0.7731],
         ...,
         [ -7.3411,  11.8266,  17.1486,  ...,  -2.5124,  -0.3022,  10.1822],
         [ -3.2707,  11.4185,   3.0726,  ...,   8.7112,  -8.1281, -11.2801],
         [  7.0013,   9.8768,  -2.3961,  ...,   1.2540, -10.0843,   2.4135]]]), 'rvq_quantizer.layers.1._codebook.embed': tensor([[[-12.8847,   7.8799,  -3.8300,  ...,  -2.6586,   2.9603,  -0.6936],
         [ -6.0382,  -0.7167,   0.2512,  ...,   4.6032,   1.2856,  -1.0838],
         [ -1.4134,   0.8366,  -2.1127,  ...,   4.2672,   3.1085,   0.3699],
         ...,
         [ -3.6705,   5.9133,   8.5743,  ...,  -1.2562,  -0.1511,   5.0911],
         [ -1.6353,   5.7093,   1.5363,  ...,   4.3556,  -4.0640,  -5.6401],
         [  3.5007,   4.9384,  -1.1981,  ...,   0.6270,  -5.0421,   1.2067]]]), 'rvq_quantizer.layers.2._codebook.initted': tensor([1.]), 'rvq_quantizer.layers.2._codebook.cluster_size': tensor([[4.8680, 2.0000, 2.0000,  ..., 3.2420, 2.5000, 2.0000]]), 'rvq_quantizer.layers.2._codebook.embed_avg': tensor([[[ -4.8252,   4.1202,   6.7945,  ...,   4.4186,   3.3132,   1.1043],
         [  6.4548,   3.0544,  -1.6796,  ...,   2.7100,   0.1688,  -0.0681],
         [ -8.6113,  -6.2318,  -1.1088,  ...,   1.0900,  -2.0419,  -2.7234],
         ...,
         [ -5.6262,   4.0023, -13.2113,  ...,   0.3894,  10.3483,  -9.5190],
         [ -8.9106,  -5.2772,   1.5331,  ...,  -1.0997,  -8.4077,  -3.3358],
         [ -1.3581, -13.6179,   0.8257,  ...,   0.1353,  -3.2705,   0.1863]]]), 'rvq_quantizer.layers.2._codebook.embed': tensor([[[-0.9912,  0.8464,  1.3958,  ...,  0.9077,  0.6806,  0.2268],
         [ 3.2274,  1.5272, -0.8398,  ...,  1.3550,  0.0844, -0.0340],
         [-4.3057, -3.1159, -0.5544,  ...,  0.5450, -1.0209, -1.3617],
         ...,
         [-1.7354,  1.2345, -4.0750,  ...,  0.1201,  3.1920, -2.9362],
         [-3.5643, -2.1109,  0.6133,  ..., -0.4399, -3.3631, -1.3343],
         [-0.6790, -6.8090,  0.4128,  ...,  0.0676, -1.6353,  0.0931]]]), 'rvq_quantizer.layers.3._codebook.initted': tensor([1.]), 'rvq_quantizer.layers.3._codebook.cluster_size': tensor([[2.0000, 2.1000, 2.3000,  ..., 2.0000, 2.7000, 2.0630]]), 'rvq_quantizer.layers.3._codebook.embed_avg': tensor([[[ -6.3139,  -0.0178,   7.1341,  ...,  -2.6288,   0.4497,   0.7698],
         [  1.0732,   0.8264,   3.5700,  ...,   7.0055,  -4.2424,   1.7029],
         [  1.3785,   1.9513,   3.9540,  ...,  -1.3953,   4.3278,   2.7653],
         ...,
         [ -3.9871,   0.8154,  -3.3394,  ...,   9.5456,   6.9917,   0.8177],
         [ -1.4747,  -0.4758,   1.2898,  ...,  -0.9245,   0.7018,  -0.9461],
         [ -1.3210,  -2.6096,   6.2897,  ...,   3.4880,   1.1662, -10.7948]]]), 'rvq_quantizer.layers.3._codebook.embed': tensor([[[-3.1570, -0.0089,  3.5670,  ..., -1.3144,  0.2249,  0.3849],
         [ 0.5110,  0.3935,  1.7000,  ...,  3.3360, -2.0202,  0.8109],
         [ 0.5993,  0.8484,  1.7191,  ..., -0.6067,  1.8816,  1.2023],
         ...,
         [-1.9936,  0.4077, -1.6697,  ...,  4.7728,  3.4958,  0.4089],
         [-0.5462, -0.1762,  0.4777,  ..., -0.3424,  0.2599, -0.3504],
         [-0.6403, -1.2649,  3.0488,  ...,  1.6907,  0.5653, -5.2326]]])})
Loss:  tensor(10.5620, grad_fn=<MeanBackward0>)
OrderedDict({'rvq_quantizer.project_in.weight': tensor([[-0.0517, -0.0854,  0.0689,  ...,  0.0349,  0.0768, -0.0090],
        [-0.0370,  0.0588, -0.0104,  ...,  0.0374, -0.1492,  0.0338],
        [-0.0020,  0.0113,  0.0335,  ...,  0.0385, -0.0872, -0.0855],
        ...,
        [ 0.0126,  0.0373, -0.0713,  ..., -0.0767, -0.0989, -0.1006],
        [ 0.0295,  0.0476, -0.0628,  ..., -0.1753, -0.1301, -0.1232],
        [ 0.0288,  0.0597, -0.1125,  ..., -0.0301, -0.1509, -0.0889]]), 'rvq_quantizer.project_in.bias': tensor([-0.1848,  0.1476, -0.0875,  0.0431,  0.0446, -0.0505, -0.0920, -0.1289,
         0.0259, -0.1917, -0.0615,  0.0548, -0.1768, -0.0538,  0.0807,  0.0069,
        -0.0809,  0.0534,  0.1564,  0.1370,  0.0150,  0.1106, -0.1390,  0.1744,
         0.0122, -0.0984,  0.1294,  0.0671, -0.0022,  0.1548,  0.1475,  0.1770]), 'rvq_quantizer.project_out.weight': tensor([[ 0.0863,  0.1175, -0.0987,  ..., -0.0436,  0.0902, -0.0665],
        [-0.0337,  0.0185,  0.1248,  ..., -0.1478, -0.1462, -0.0690],
        [ 0.1136,  0.0347, -0.1496,  ...,  0.1559,  0.1245, -0.1110],
        ...,
        [-0.0980,  0.0885, -0.1271,  ..., -0.0326,  0.1682, -0.0498],
        [-0.0419,  0.0095, -0.0684,  ...,  0.0084, -0.0638, -0.1158],
        [-0.0722,  0.0351, -0.0780,  ..., -0.1712,  0.1494, -0.0657]]), 'rvq_quantizer.project_out.bias': tensor([-0.0057, -0.1618, -0.0106, -0.1491,  0.1075, -0.1614, -0.1343,  0.1031,
         0.0111,  0.0539, -0.1584, -0.0913, -0.0218,  0.0136,  0.0118, -0.0675,
        -0.0649, -0.1732, -0.0018,  0.0052,  0.0404,  0.1226, -0.1440,  0.0450,
         0.1010,  0.1239,  0.1398, -0.0086, -0.0618,  0.0553,  0.1455,  0.1233,
        -0.1643,  0.0420, -0.1047,  0.1099, -0.0730, -0.0033,  0.0521, -0.1638,
         0.0447, -0.0199,  0.1100,  0.0143,  0.0467,  0.1464, -0.1500,  0.0397,
        -0.0979,  0.0147, -0.1461, -0.0785, -0.1591, -0.0969, -0.1011,  0.0893,
        -0.0945,  0.1582,  0.0263, -0.0766, -0.0984,  0.1358,  0.1505,  0.0912]), 'rvq_quantizer.layers.0._codebook.initted': tensor([1.]), 'rvq_quantizer.layers.0._codebook.cluster_size': tensor([[2.2307, 2.0000, 2.6820,  ..., 2.4349, 2.0000, 2.6536]]), 'rvq_quantizer.layers.0._codebook.embed_avg': tensor([[[ 85.3112,  16.0816,  -2.5273,  ..., -19.3874, -25.3559, -32.3887],
         [  0.8175, 112.2051,  -7.2144,  ...,  56.5829,  31.2498,  34.6409],
         [ 30.4753, 136.6955,  -2.7065,  ...,  74.2597,  67.2428,  58.2661],
         ...,
         [ 69.1578,  66.3496,  18.5562,  ...,  41.9061,  13.8649,   2.2859],
         [ 74.1306,  67.0588,   3.8704,  ...,  -5.5008, -32.3932, -32.2214],
         [ 51.0032,  78.0131,   9.4774,  ...,  27.5763,   8.3137,  -0.7399]]]), 'rvq_quantizer.layers.0._codebook.embed': tensor([[[ 38.2434,   7.2091,  -1.1329,  ...,  -8.6910, -11.3666, -14.5192],
         [  0.4087,  56.1026,  -3.6072,  ...,  28.2914,  15.6249,  17.3205],
         [ 11.3629,  50.9677,  -1.0091,  ...,  27.6882,  25.0719,  21.7249],
         ...,
         [ 28.4032,  27.2499,   7.6210,  ...,  17.2109,   5.6943,   0.9388],
         [ 37.0653,  33.5294,   1.9352,  ...,  -2.7504, -16.1966, -16.1107],
         [ 19.2207,  29.3994,   3.5716,  ...,  10.3922,   3.1330,  -0.2788]]]), 'rvq_quantizer.layers.1._codebook.initted': tensor([1.]), 'rvq_quantizer.layers.1._codebook.cluster_size': tensor([[2.1000, 2.6840, 2.0810,  ..., 2.0000, 2.0000, 2.0000]]), 'rvq_quantizer.layers.1._codebook.embed_avg': tensor([[[-26.5110,  16.4821,  -6.9523,  ...,  -5.2462,   5.9066,  -1.4850],
         [-15.9774,  -1.7832,   0.3913,  ...,  12.0929,   4.2048,  -3.4808],
         [ -2.9419,   1.4682,  -4.4109,  ...,   8.4752,   6.9619,   0.9752],
         ...,
         [  8.4790, -16.1215,  -3.1558,  ...,  -6.2144,  -9.9792,   1.2232],
         [  4.9291,  -2.7723,  -1.1306,  ...,  -1.0341,   3.6056,  14.2697],
         [ 10.2400,  17.8407,  -3.3423,  ...,  -7.1433,  -9.5472,  -0.5356]]]), 'rvq_quantizer.layers.1._codebook.embed': tensor([[[-12.6243,   7.8486,  -3.3106,  ...,  -2.4982,   2.8127,  -0.7071],
         [ -5.9528,  -0.6644,   0.1458,  ...,   4.5055,   1.5666,  -1.2969],
         [ -1.4137,   0.7055,  -2.1196,  ...,   4.0727,   3.3455,   0.4686],
         ...,
         [  4.2395,  -8.0607,  -1.5779,  ...,  -3.1072,  -4.9896,   0.6116],
         [  2.4646,  -1.3861,  -0.5653,  ...,  -0.5171,   1.8028,   7.1349],
         [  5.1200,   8.9203,  -1.6711,  ...,  -3.5717,  -4.7736,  -0.2678]]]), 'rvq_quantizer.layers.2._codebook.initted': tensor([1.]), 'rvq_quantizer.layers.2._codebook.cluster_size': tensor([[4.6812, 2.0000, 2.0000,  ..., 3.0178, 2.3500, 2.0000]]), 'rvq_quantizer.layers.2._codebook.embed_avg': tensor([[[ -4.6565,   3.4543,   6.3890,  ...,   4.0470,   3.9840,   1.4129],
         [  1.4554,   4.0291,   0.5600,  ...,  -1.9671,  -1.9403,  -5.7037],
         [ -2.3587,  -9.9620,   3.2538,  ...,  -0.5490,   1.1407,  -4.4905],
         ...,
         [ -5.0314,   3.5426, -12.2967,  ...,   0.9056,   9.5592,  -8.9474],
         [ -8.4213,  -5.4071,   1.3259,  ...,  -0.8232,  -7.3534,  -3.2903],
         [ -8.8047,   0.3995,  -4.1441,  ...,  -6.3994, -10.8918, -13.7309]]]), 'rvq_quantizer.layers.2._codebook.embed': tensor([[[-0.9947,  0.7379,  1.3648,  ...,  0.8645,  0.8511,  0.3018],
         [ 0.7277,  2.0146,  0.2800,  ..., -0.9835, -0.9702, -2.8518],
         [-1.1793, -4.9810,  1.6269,  ..., -0.2745,  0.5704, -2.2453],
         ...,
         [-1.6672,  1.1739, -4.0747,  ...,  0.3001,  3.1676, -2.9649],
         [-3.5835, -2.3009,  0.5642,  ..., -0.3503, -3.1291, -1.4001],
         [-4.4023,  0.1997, -2.0721,  ..., -3.1997, -5.4459, -6.8654]]]), 'rvq_quantizer.layers.3._codebook.initted': tensor([1.]), 'rvq_quantizer.layers.3._codebook.cluster_size': tensor([[2.2000, 2.3900, 2.1700,  ..., 2.0000, 2.8300, 2.0000]]), 'rvq_quantizer.layers.3._codebook.embed_avg': tensor([[[-8.4777, -0.3115,  8.0436,  ..., -2.5272,  0.6501,  1.2937],
         [ 0.5797,  1.2166,  4.6167,  ...,  8.8553, -3.5386,  1.7025],
         [ 1.5793,  1.9407,  3.5790,  ..., -1.0895,  3.9021,  2.2315],
         ...,
         [ 4.4633, -0.4575,  7.1329,  ...,  1.9256,  0.8792,  0.6886],
         [-1.1115, -0.5152,  1.2637,  ..., -0.6110,  0.7914, -1.3296],
         [ 4.5848, -1.9642, 13.8424,  ...,  5.2966, -4.7751, -6.4594]]]), 'rvq_quantizer.layers.3._codebook.embed': tensor([[[-3.8535, -0.1416,  3.6562,  ..., -1.1487,  0.2955,  0.5880],
         [ 0.2426,  0.5090,  1.9317,  ...,  3.7051, -1.4806,  0.7124],
         [ 0.7278,  0.8943,  1.6493,  ..., -0.5021,  1.7982,  1.0284],
         ...,
         [ 2.2317, -0.2288,  3.5664,  ...,  0.9628,  0.4396,  0.3443],
         [-0.3928, -0.1820,  0.4465,  ..., -0.2159,  0.2796, -0.4698],
         [ 2.2924, -0.9821,  6.9212,  ...,  2.6483, -2.3876, -3.2297]]])})
Loss:  tensor(10.1854, grad_fn=<MeanBackward0>)
OrderedDict({'rvq_quantizer.project_in.weight': tensor([[-0.0441, -0.0934,  0.0662,  ...,  0.0411,  0.0831, -0.0025],
        [-0.0460,  0.0574, -0.0009,  ...,  0.0320, -0.1545,  0.0268],
        [-0.0021,  0.0080,  0.0401,  ...,  0.0432, -0.0825, -0.0810],
        ...,
        [ 0.0037,  0.0463, -0.0656,  ..., -0.0850, -0.1072, -0.1090],
        [ 0.0207,  0.0564, -0.0561,  ..., -0.1829, -0.1378, -0.1311],
        [ 0.0200,  0.0687, -0.1125,  ..., -0.0386, -0.1594, -0.0975]]), 'rvq_quantizer.project_in.bias': tensor([-1.9206e-01,  1.5644e-01, -8.8927e-02,  4.7824e-02,  3.8547e-02,
        -5.6865e-02, -8.5966e-02, -1.3542e-01,  2.4277e-02, -2.0015e-01,
        -6.5041e-02,  5.0398e-02, -1.8519e-01, -5.8760e-02,  8.9199e-02,
        -2.5345e-05, -7.9169e-02,  6.0495e-02,  1.5924e-01,  1.4573e-01,
         2.3653e-02,  1.1981e-01, -1.4725e-01,  1.8258e-01,  6.1736e-03,
        -1.0646e-01,  1.2853e-01,  7.5155e-02,  4.1888e-03,  1.6357e-01,
         1.5613e-01,  1.8576e-01]), 'rvq_quantizer.project_out.weight': tensor([[ 0.0863,  0.1175, -0.0987,  ..., -0.0436,  0.0902, -0.0665],
        [-0.0337,  0.0185,  0.1248,  ..., -0.1478, -0.1462, -0.0690],
        [ 0.1136,  0.0347, -0.1496,  ...,  0.1559,  0.1245, -0.1110],
        ...,
        [-0.0980,  0.0885, -0.1271,  ..., -0.0326,  0.1682, -0.0498],
        [-0.0419,  0.0095, -0.0684,  ...,  0.0084, -0.0638, -0.1158],
        [-0.0722,  0.0351, -0.0780,  ..., -0.1712,  0.1494, -0.0657]]), 'rvq_quantizer.project_out.bias': tensor([-0.0057, -0.1618, -0.0106, -0.1491,  0.1075, -0.1614, -0.1343,  0.1031,
         0.0111,  0.0539, -0.1584, -0.0913, -0.0218,  0.0136,  0.0118, -0.0675,
        -0.0649, -0.1732, -0.0018,  0.0052,  0.0404,  0.1226, -0.1440,  0.0450,
         0.1010,  0.1239,  0.1398, -0.0086, -0.0618,  0.0553,  0.1455,  0.1233,
        -0.1643,  0.0420, -0.1047,  0.1099, -0.0730, -0.0033,  0.0521, -0.1638,
         0.0447, -0.0199,  0.1100,  0.0143,  0.0467,  0.1464, -0.1500,  0.0397,
        -0.0979,  0.0147, -0.1461, -0.0785, -0.1591, -0.0969, -0.1011,  0.0893,
        -0.0945,  0.1582,  0.0263, -0.0766, -0.0984,  0.1358,  0.1505,  0.0912]), 'rvq_quantizer.layers.0._codebook.initted': tensor([1.]), 'rvq_quantizer.layers.0._codebook.cluster_size': tensor([[2.0077, 2.0000, 2.4138,  ..., 2.1914, 2.0000, 2.3882]]), 'rvq_quantizer.layers.0._codebook.embed_avg': tensor([[[ 76.7801,  14.4735,  -2.2746,  ..., -17.4487, -22.8203, -29.1498],
         [-47.0047, 139.2878, -28.8814,  ..., 130.0740, 119.7195, 122.2323],
         [ 27.4278, 123.0259,  -2.4358,  ...,  66.8337,  60.5185,  52.4395],
         ...,
         [ 62.2420,  59.7147,  16.7006,  ...,  37.7155,  12.4785,   2.0573],
         [ 33.5931,  91.8494, -15.0046,  ...,  56.4696,  52.7594,  23.2583],
         [ 45.9029,  70.2118,   8.5296,  ...,  24.8187,   7.4823,  -0.6659]]]), 'rvq_quantizer.layers.0._codebook.embed': tensor([[[ 38.2434,   7.2091,  -1.1329,  ...,  -8.6910, -11.3666, -14.5192],
         [-23.5023,  69.6439, -14.4407,  ...,  65.0370,  59.8597,  61.1161],
         [ 11.3629,  50.9677,  -1.0091,  ...,  27.6882,  25.0719,  21.7248],
         ...,
         [ 28.4032,  27.2498,   7.6210,  ...,  17.2109,   5.6943,   0.9388],
         [ 16.7966,  45.9247,  -7.5023,  ...,  28.2348,  26.3797,  11.6291],
         [ 19.2207,  29.3994,   3.5716,  ...,  10.3922,   3.1330,  -0.2788]]]), 'rvq_quantizer.layers.1._codebook.initted': tensor([1.]), 'rvq_quantizer.layers.1._codebook.cluster_size': tensor([[2.0000, 2.5156, 2.0000,  ..., 2.2000, 2.0000, 2.0000]]), 'rvq_quantizer.layers.1._codebook.embed_avg': tensor([[[  7.1205,   8.1660,   7.2080,  ...,   3.2250, -11.4504, -13.5723],
         [-16.0611,  -1.1723,   0.7286,  ...,  11.0697,   3.1453,  -3.4301],
         [  6.4844,   8.7296,   8.2267,  ...,   0.1651,  -5.6824,  -4.4286],
         ...,
         [  9.0562, -16.0380,  -1.8541,  ...,  -7.5487, -11.5221,   1.4052],
         [-16.5785,  11.1987,  -0.2723,  ...,  -5.0333,  -6.3849,   2.5118],
         [-20.4754,   6.9712,   8.9005,  ...,   4.4023,   4.3566,  13.9551]]]), 'rvq_quantizer.layers.1._codebook.embed': tensor([[[  3.5602,   4.0830,   3.6040,  ...,   1.6125,  -5.7252,  -6.7861],
         [ -6.3846,  -0.4660,   0.2896,  ...,   4.4004,   1.2503,  -1.3635],
         [  3.2422,   4.3648,   4.1134,  ...,   0.0826,  -2.8412,  -2.2143],
         ...,
         [  4.1164,  -7.2900,  -0.8428,  ...,  -3.4312,  -5.2373,   0.6387],
         [ -8.2892,   5.5993,  -0.1361,  ...,  -2.5167,  -3.1925,   1.2559],
         [-10.2377,   3.4856,   4.4502,  ...,   2.2011,   2.1783,   6.9776]]]), 'rvq_quantizer.layers.2._codebook.initted': tensor([1.]), 'rvq_quantizer.layers.2._codebook.cluster_size': tensor([[4.7131, 2.1000, 2.0000,  ..., 3.2160, 2.6150, 2.0000]]), 'rvq_quantizer.layers.2._codebook.embed_avg': tensor([[[ -4.7038,   3.0820,   6.5962,  ...,   3.8380,   3.7270,   1.2200],
         [  1.0765,   3.8706,   0.6849,  ...,  -1.8255,  -2.1320,  -5.6951],
         [-11.6942,  -8.8490,  -0.2856,  ...,  10.1562,   6.6188,  -2.6810],
         ...,
         [ -6.1668,   3.5081, -12.6132,  ...,   0.4961,  10.1735,  -9.6638],
         [ -9.7380,  -5.2861,   0.8843,  ...,  -0.1486,  -7.3670,  -4.9441],
         [  1.8192,  -2.2637,  -2.7738,  ...,  -0.7511,  -1.4249,   2.6780]]]), 'rvq_quantizer.layers.2._codebook.embed': tensor([[[-0.9980,  0.6539,  1.3996,  ...,  0.8143,  0.7908,  0.2588],
         [ 0.5126,  1.8431,  0.3262,  ..., -0.8693, -1.0152, -2.7119],
         [-5.8471, -4.4245, -0.1428,  ...,  5.0781,  3.3094, -1.3405],
         ...,
         [-1.9175,  1.0908, -3.9220,  ...,  0.1543,  3.1634, -3.0049],
         [-3.7239, -2.0215,  0.3382,  ..., -0.0568, -2.8172, -1.8907],
         [ 0.9096, -1.1318, -1.3869,  ..., -0.3755, -0.7125,  1.3390]]]), 'rvq_quantizer.layers.3._codebook.initted': tensor([1.]), 'rvq_quantizer.layers.3._codebook.cluster_size': tensor([[2.1800, 2.6510, 3.2530,  ..., 2.0000, 4.0470, 2.0000]]), 'rvq_quantizer.layers.3._codebook.embed_avg': tensor([[[-8.2343e+00, -1.0649e-01,  8.0045e+00,  ..., -3.1243e+00,
           3.2973e-01,  1.3403e+00],
         [-6.8951e-03,  1.3602e+00,  4.5959e+00,  ...,  9.8787e+00,
          -4.5477e+00,  2.2906e+00],
         [ 2.9201e+00,  3.2966e+00,  3.4619e+00,  ..., -1.3641e+00,
           5.1634e+00,  3.6471e+00],
         ...,
         [ 9.8998e-01,  3.6537e+00, -1.2848e+00,  ...,  2.6185e+00,
           9.3222e-01,  5.9200e+00],
         [-1.8271e+00,  6.8850e-01,  2.0193e+00,  ..., -1.5635e-01,
           4.9892e-01, -9.6479e-02],
         [-2.0525e+00,  4.8419e+00,  1.4668e-01,  ...,  7.9110e-01,
           4.7148e+00,  4.0815e-01]]]), 'rvq_quantizer.layers.3._codebook.embed': tensor([[[-3.7772e+00, -4.8850e-02,  3.6718e+00,  ..., -1.4332e+00,
           1.5125e-01,  6.1480e-01],
         [-2.6009e-03,  5.1311e-01,  1.7336e+00,  ...,  3.7264e+00,
          -1.7155e+00,  8.6406e-01],
         [ 8.9766e-01,  1.0134e+00,  1.0642e+00,  ..., -4.1935e-01,
           1.5873e+00,  1.1212e+00],
         ...,
         [ 4.9499e-01,  1.8269e+00, -6.4239e-01,  ...,  1.3092e+00,
           4.6611e-01,  2.9600e+00],
         [-4.5147e-01,  1.7013e-01,  4.9897e-01,  ..., -3.8635e-02,
           1.2328e-01, -2.3840e-02],
         [-1.0262e+00,  2.4209e+00,  7.3339e-02,  ...,  3.9555e-01,
           2.3574e+00,  2.0407e-01]]])})
Loss:  tensor(10.3849, grad_fn=<MeanBackward0>)
OrderedDict({'rvq_quantizer.project_in.weight': tensor([[-0.0364, -0.1014,  0.0629,  ...,  0.0473,  0.0893,  0.0040],
        [-0.0550,  0.0543,  0.0085,  ...,  0.0275, -0.1590,  0.0202],
        [-0.0020,  0.0048,  0.0465,  ...,  0.0480, -0.0777, -0.0764],
        ...,
        [-0.0051,  0.0552, -0.0592,  ..., -0.0930, -0.1153, -0.1173],
        [ 0.0120,  0.0651, -0.0490,  ..., -0.1905, -0.1455, -0.1390],
        [ 0.0111,  0.0776, -0.1122,  ..., -0.0471, -0.1680, -0.1061]]), 'rvq_quantizer.project_in.bias': tensor([-1.9934e-01,  1.6520e-01, -9.0553e-02,  5.2468e-02,  3.2530e-02,
        -6.2735e-02, -8.0036e-02, -1.4184e-01,  2.2899e-02, -2.0858e-01,
        -6.8587e-02,  4.6023e-02, -1.9354e-01, -6.3612e-02,  9.7694e-02,
        -7.0529e-03, -7.7328e-02,  6.7478e-02,  1.6192e-01,  1.5430e-01,
         3.2212e-02,  1.2891e-01, -1.5532e-01,  1.9061e-01,  1.2470e-04,
        -1.1447e-01,  1.2752e-01,  8.3137e-02,  1.0532e-02,  1.7224e-01,
         1.6468e-01,  1.9451e-01]), 'rvq_quantizer.project_out.weight': tensor([[ 0.0863,  0.1175, -0.0987,  ..., -0.0436,  0.0902, -0.0665],
        [-0.0337,  0.0185,  0.1248,  ..., -0.1478, -0.1462, -0.0690],
        [ 0.1136,  0.0347, -0.1496,  ...,  0.1559,  0.1245, -0.1110],
        ...,
        [-0.0980,  0.0885, -0.1271,  ..., -0.0326,  0.1682, -0.0498],
        [-0.0419,  0.0095, -0.0684,  ...,  0.0084, -0.0638, -0.1158],
        [-0.0722,  0.0351, -0.0780,  ..., -0.1712,  0.1494, -0.0657]]), 'rvq_quantizer.project_out.bias': tensor([-0.0057, -0.1618, -0.0106, -0.1491,  0.1075, -0.1614, -0.1343,  0.1031,
         0.0111,  0.0539, -0.1584, -0.0913, -0.0218,  0.0136,  0.0118, -0.0675,
        -0.0649, -0.1732, -0.0018,  0.0052,  0.0404,  0.1226, -0.1440,  0.0450,
         0.1010,  0.1239,  0.1398, -0.0086, -0.0618,  0.0553,  0.1455,  0.1233,
        -0.1643,  0.0420, -0.1047,  0.1099, -0.0730, -0.0033,  0.0521, -0.1638,
         0.0447, -0.0199,  0.1100,  0.0143,  0.0467,  0.1464, -0.1500,  0.0397,
        -0.0979,  0.0147, -0.1461, -0.0785, -0.1591, -0.0969, -0.1011,  0.0893,
        -0.0945,  0.1582,  0.0263, -0.0766, -0.0984,  0.1358,  0.1505,  0.0912]), 'rvq_quantizer.layers.0._codebook.initted': tensor([1.]), 'rvq_quantizer.layers.0._codebook.cluster_size': tensor([[2.0000, 2.0000, 2.1724,  ..., 2.0000, 2.0000, 2.1494]]), 'rvq_quantizer.layers.0._codebook.embed_avg': tensor([[[-42.4318, 147.5774, -25.9429,  ..., 124.8115, 109.4753, 104.3613],
         [-48.9308, 188.7796, -32.5347,  ..., 164.0061, 122.0894, 129.4937],
         [ 24.6850, 110.7234,  -2.1922,  ...,  60.1504,  54.4667,  47.1955],
         ...,
         [ 19.2157, 100.9640,   1.8610,  ...,  44.2010,  30.4971,  17.8462],
         [ 43.7084,  96.3852,  -3.6366,  ...,  31.8102,  13.2294,   9.7199],
         [ 41.3126,  63.1906,   7.6767,  ...,  22.3368,   6.7341,  -0.5993]]]), 'rvq_quantizer.layers.0._codebook.embed': tensor([[[-21.2159,  73.7887, -12.9715,  ...,  62.4057,  54.7376,  52.1806],
         [-24.4654,  94.3898, -16.2673,  ...,  82.0030,  61.0447,  64.7469],
         [ 11.3629,  50.9677,  -1.0091,  ...,  27.6882,  25.0719,  21.7248],
         ...,
         [  9.6078,  50.4820,   0.9305,  ...,  22.1005,  15.2486,   8.9231],
         [ 21.8542,  48.1926,  -1.8183,  ...,  15.9051,   6.6147,   4.8599],
         [ 19.2206,  29.3994,   3.5716,  ...,  10.3922,   3.1330,  -0.2788]]]), 'rvq_quantizer.layers.1._codebook.initted': tensor([1.]), 'rvq_quantizer.layers.1._codebook.cluster_size': tensor([[2.0000, 2.6640, 2.0000,  ..., 2.4800, 2.4000, 2.0000]]), 'rvq_quantizer.layers.1._codebook.embed_avg': tensor([[[  7.3919,  -1.7009,  -1.3608,  ...,  -0.0434, -14.2823,  -9.1226],
         [-17.0824,  -1.3849,   0.1018,  ...,  10.8777,   3.3202,  -2.8502],
         [ -8.4411,   1.6769,   5.2046,  ...,  14.3732,   9.1347, -10.2621],
         ...,
         [ 10.5650, -18.4927,  -2.7126,  ...,  -7.3567, -13.8709,   1.3806],
         [-21.5842,  13.6277,   1.3302,  ...,  -3.3872,  -7.9066,   2.1176],
         [ -0.0930,  -0.8429,  12.1762,  ...,   3.0258,   3.6192, -10.5357]]]), 'rvq_quantizer.layers.1._codebook.embed': tensor([[[ 3.6960, -0.8504, -0.6804,  ..., -0.0217, -7.1412, -4.5613],
         [-6.4122, -0.5199,  0.0382,  ...,  4.0832,  1.2463, -1.0699],
         [-4.2206,  0.8384,  2.6023,  ...,  7.1866,  4.5674, -5.1311],
         ...,
         [ 4.2601, -7.4567, -1.0938,  ..., -2.9664, -5.5931,  0.5567],
         [-8.9934,  5.6782,  0.5542,  ..., -1.4114, -3.2944,  0.8823],
         [-0.0465, -0.4215,  6.0881,  ...,  1.5129,  1.8096, -5.2679]]]), 'rvq_quantizer.layers.2._codebook.initted': tensor([1.]), 'rvq_quantizer.layers.2._codebook.cluster_size': tensor([[4.4418, 2.0900, 2.0000,  ..., 3.0944, 2.4535, 2.0000]]), 'rvq_quantizer.layers.2._codebook.embed_avg': tensor([[[ -4.1962,   2.4635,   6.5312,  ...,   3.1784,   2.8460,   1.3068],
         [  0.8143,   3.2615,   0.3765,  ...,  -1.7827,  -2.0880,  -5.5701],
         [ -4.4560, -10.6222,  -3.3780,  ...,  -9.5760,   5.0699,   6.8875],
         ...,
         [ -6.4570,   3.5874, -12.3665,  ...,   0.8798,   9.3261,  -9.4969],
         [ -9.1798,  -4.9008,   0.8543,  ...,   0.2398,  -6.6632,  -4.7270],
         [  2.4619,  -2.4761,  -2.9367,  ...,  -0.7395,  -0.9829,   2.6631]]]), 'rvq_quantizer.layers.2._codebook.embed': tensor([[[-0.9447,  0.5546,  1.4704,  ...,  0.7156,  0.6407,  0.2942],
         [ 0.3896,  1.5605,  0.1802,  ..., -0.8530, -0.9991, -2.6651],
         [-2.2280, -5.3111, -1.6890,  ..., -4.7880,  2.5349,  3.4438],
         ...,
         [-2.0867,  1.1593, -3.9964,  ...,  0.2843,  3.0138, -3.0690],
         [-3.7415, -1.9975,  0.3482,  ...,  0.0977, -2.7158, -1.9266],
         [ 1.2310, -1.2380, -1.4684,  ..., -0.3697, -0.4914,  1.3316]]]), 'rvq_quantizer.layers.3._codebook.initted': tensor([1.]), 'rvq_quantizer.layers.3._codebook.cluster_size': tensor([[2.1620, 2.7859, 3.2277,  ..., 2.2000, 4.6423, 2.1000]]), 'rvq_quantizer.layers.3._codebook.embed_avg': tensor([[[-8.9558,  0.2633,  7.8255,  ..., -2.7866, -0.1214,  0.7982],
         [-0.0298,  0.6381,  4.7290,  ..., 10.8954, -4.1964,  2.7237],
         [ 2.0182,  3.1262,  3.6400,  ..., -1.3572,  5.0425,  3.3791],
         ...,
         [ 0.4831,  4.0902, -1.5464,  ...,  2.7277,  2.0693,  6.2464],
         [-1.7601,  0.6110,  2.1948,  ...,  0.7885, -0.2103, -0.4633],
         [-2.2841,  4.6360,  0.9199,  ...,  0.4603,  4.4154,  0.7457]]]), 'rvq_quantizer.layers.3._codebook.embed': tensor([[[-4.1424,  0.1218,  3.6196,  ..., -1.2889, -0.0562,  0.3692],
         [-0.0107,  0.2291,  1.6975,  ...,  3.9109, -1.5063,  0.9777],
         [ 0.6253,  0.9686,  1.1277,  ..., -0.4205,  1.5622,  1.0469],
         ...,
         [ 0.2196,  1.8592, -0.7029,  ...,  1.2399,  0.9406,  2.8393],
         [-0.3791,  0.1316,  0.4728,  ...,  0.1699, -0.0453, -0.0998],
         [-1.0877,  2.2076,  0.4381,  ...,  0.2192,  2.1026,  0.3551]]])})
Loss:  tensor(9.6537, grad_fn=<MeanBackward0>)
OrderedDict({'rvq_quantizer.project_in.weight': tensor([[-0.0211, -0.1172,  0.0545,  ...,  0.0596,  0.1018,  0.0169],
        [-0.0726,  0.0448,  0.0272,  ...,  0.0206, -0.1658,  0.0083],
        [-0.0013, -0.0019,  0.0585,  ...,  0.0578, -0.0677, -0.0667],
        ...,
        [-0.0224,  0.0724, -0.0449,  ..., -0.1086, -0.1310, -0.1334],
        [-0.0053,  0.0822, -0.0339,  ..., -0.2053, -0.1604, -0.1543],
        [-0.0063,  0.0952, -0.1099,  ..., -0.0640, -0.1848, -0.1231]]), 'rvq_quantizer.project_in.bias': tensor([-0.2138,  0.1824, -0.0942,  0.0613,  0.0209, -0.0728, -0.0686, -0.1544,
         0.0207, -0.2253, -0.0754,  0.0374, -0.2101, -0.0730,  0.1145, -0.0211,
        -0.0738,  0.0811,  0.1668,  0.1711,  0.0490,  0.1468, -0.1709,  0.2064,
        -0.0120, -0.1302,  0.1253,  0.0990,  0.0231,  0.1893,  0.1815,  0.2118]), 'rvq_quantizer.project_out.weight': tensor([[ 0.0863,  0.1175, -0.0987,  ..., -0.0436,  0.0902, -0.0665],
        [-0.0337,  0.0185,  0.1248,  ..., -0.1478, -0.1462, -0.0690],
        [ 0.1136,  0.0347, -0.1496,  ...,  0.1559,  0.1245, -0.1110],
        ...,
        [-0.0980,  0.0885, -0.1271,  ..., -0.0326,  0.1682, -0.0498],
        [-0.0419,  0.0095, -0.0684,  ...,  0.0084, -0.0638, -0.1158],
        [-0.0722,  0.0351, -0.0780,  ..., -0.1712,  0.1494, -0.0657]]), 'rvq_quantizer.project_out.bias': tensor([-0.0057, -0.1618, -0.0106, -0.1491,  0.1075, -0.1614, -0.1343,  0.1031,
         0.0111,  0.0539, -0.1584, -0.0913, -0.0218,  0.0136,  0.0118, -0.0675,
        -0.0649, -0.1732, -0.0018,  0.0052,  0.0404,  0.1226, -0.1440,  0.0450,
         0.1010,  0.1239,  0.1398, -0.0086, -0.0618,  0.0553,  0.1455,  0.1233,
        -0.1643,  0.0420, -0.1047,  0.1099, -0.0730, -0.0033,  0.0521, -0.1638,
         0.0447, -0.0199,  0.1100,  0.0143,  0.0467,  0.1464, -0.1500,  0.0397,
        -0.0979,  0.0147, -0.1461, -0.0785, -0.1591, -0.0969, -0.1011,  0.0893,
        -0.0945,  0.1582,  0.0263, -0.0766, -0.0984,  0.1358,  0.1505,  0.0912]), 'rvq_quantizer.layers.0._codebook.initted': tensor([1.]), 'rvq_quantizer.layers.0._codebook.cluster_size': tensor([[2.1000, 3.5800, 2.0000,  ..., 2.0000, 2.0000, 2.2000]]), 'rvq_quantizer.layers.0._codebook.embed_avg': tensor([[[ -63.3307,  195.4133,  -29.6032,  ...,  162.5710,  136.6693,
           122.7367],
         [ -92.5727,  341.2073,  -52.8578,  ...,  285.3764,  225.7727,
           235.2750],
         [  12.5824,  129.4740,   -5.0445,  ...,   62.3825,   45.0458,
            43.3112],
         ...,
         [-102.8780,  189.7086,  -42.1145,  ...,  182.5684,  153.6202,
           163.3425],
         [  14.7755,  120.3044,   -3.2051,  ...,   51.6034,   38.5575,
            30.6932],
         [  13.7485,  140.8088,   -8.0073,  ...,   83.3956,   58.5185,
            39.2054]]]), 'rvq_quantizer.layers.0._codebook.embed': tensor([[[-30.1574,  93.0538, -14.0967,  ...,  77.4147,  65.0805,  58.4460],
         [-25.8583,  95.3094, -14.7648,  ...,  79.7141,  63.0650,  65.7193],
         [  6.2912,  64.7370,  -2.5222,  ...,  31.1912,  22.5229,  21.6556],
         ...,
         [-51.4390,  94.8543, -21.0573,  ...,  91.2842,  76.8101,  81.6713],
         [  7.3878,  60.1522,  -1.6025,  ...,  25.8017,  19.2788,  15.3466],
         [  6.2493,  64.0039,  -3.6397,  ...,  37.9071,  26.5993,  17.8206]]]), 'rvq_quantizer.layers.1._codebook.initted': tensor([1.]), 'rvq_quantizer.layers.1._codebook.cluster_size': tensor([[2.0000, 3.4179, 2.0000,  ..., 2.2888, 2.0000, 2.7000]]), 'rvq_quantizer.layers.1._codebook.embed_avg': tensor([[[ -4.9360,  -2.2120,  -1.8076,  ...,   3.8053,  -3.2734,  -2.3422],
         [-25.9067,  -1.4110,  -0.3556,  ...,  10.1857,   3.5908,  -2.7875],
         [ -5.8230,   2.2484,  -6.3104,  ...,   2.3160,  19.7347,   1.1678],
         ...,
         [  9.1634, -17.1820,  -2.1962,  ...,  -7.2238, -11.9439,   0.9438],
         [  8.6259, -16.6185,   3.3219,  ...,  -5.4217,  -0.2452,  -9.8279],
         [  3.0485,  -2.7130,   2.3173,  ...,   5.7646,   0.0957,   0.1401]]]), 'rvq_quantizer.layers.1._codebook.embed': tensor([[[-2.4680, -1.1060, -0.9038,  ...,  1.9026, -1.6367, -1.1711],
         [-7.5798, -0.4128, -0.1040,  ...,  2.9801,  1.0506, -0.8156],
         [-2.9115,  1.1242, -3.1552,  ...,  1.1580,  9.8673,  0.5839],
         ...,
         [ 4.0036, -7.5070, -0.9595,  ..., -3.1561, -5.2184,  0.4124],
         [ 4.3129, -8.3092,  1.6609,  ..., -2.7108, -0.1226, -4.9139],
         [ 1.1291, -1.0048,  0.8582,  ...,  2.1350,  0.0355,  0.0519]]]), 'rvq_quantizer.layers.2._codebook.initted': tensor([1.]), 'rvq_quantizer.layers.2._codebook.cluster_size': tensor([[4.2578, 2.0000, 2.0000,  ..., 2.9665, 2.1773, 2.4800]]), 'rvq_quantizer.layers.2._codebook.embed_avg': tensor([[[ -2.8902,   3.5115,   5.7787,  ...,   4.2528,   1.9994,   2.6866],
         [  4.4556,  -6.4224,  -0.6711,  ...,  -2.0056,  -0.1396,   6.9338],
         [  0.2141,   2.9104,   6.6595,  ...,  -9.8901,   4.6940,   4.9498],
         ...,
         [ -7.5510,   3.7406, -10.9953,  ...,   0.6744,   7.9648, -10.2533],
         [ -8.0527,  -4.7087,   0.6103,  ...,   0.8758,  -5.4726,  -4.3514],
         [  4.8835,  -2.6810,  -3.6395,  ...,  -0.9522,  -1.8557,   2.9973]]]), 'rvq_quantizer.layers.2._codebook.embed': tensor([[[-0.6788,  0.8247,  1.3572,  ...,  0.9988,  0.4696,  0.6310],
         [ 2.2278, -3.2112, -0.3356,  ..., -1.0028, -0.0698,  3.4669],
         [ 0.1070,  1.4552,  3.3298,  ..., -4.9450,  2.3470,  2.4749],
         ...,
         [-2.5454,  1.2610, -3.7065,  ...,  0.2273,  2.6849, -3.4564],
         [-3.6984, -2.1626,  0.2803,  ...,  0.4022, -2.5134, -1.9985],
         [ 1.9692, -1.0811, -1.4675,  ..., -0.3840, -0.7483,  1.2086]]]), 'rvq_quantizer.layers.3._codebook.initted': tensor([1.]), 'rvq_quantizer.layers.3._codebook.cluster_size': tensor([[2.2112, 2.7266, 3.0044,  ..., 2.0000, 5.5603, 2.0000]]), 'rvq_quantizer.layers.3._codebook.embed_avg': tensor([[[ -9.8822,   0.8777,   7.4192,  ...,  -2.9339,  -0.5439,   0.4248],
         [  0.5689,   0.3226,   4.9051,  ...,  10.8106,  -3.9217,   2.4905],
         [  0.7783,   2.5169,   2.9583,  ...,  -1.9632,   4.8922,   4.3062],
         ...,
         [  6.6056,   9.1841,   2.4145,  ..., -15.0522,  -8.6480,   2.4078],
         [ -2.2382,   1.3797,   2.1702,  ...,   1.2666,   0.0524,  -1.2999],
         [ -0.5013,  -1.8040,   0.9787,  ...,   2.0603,   5.5462,  -1.3030]]]), 'rvq_quantizer.layers.3._codebook.embed': tensor([[[-4.4691,  0.3969,  3.3552,  ..., -1.3268, -0.2460,  0.1921],
         [ 0.2087,  0.1183,  1.7990,  ...,  3.9649, -1.4383,  0.9134],
         [ 0.2590,  0.8377,  0.9846,  ..., -0.6534,  1.6283,  1.4333],
         ...,
         [ 3.3028,  4.5920,  1.2073,  ..., -7.5261, -4.3240,  1.2039],
         [-0.4025,  0.2481,  0.3903,  ...,  0.2278,  0.0094, -0.2338],
         [-0.2507, -0.9020,  0.4893,  ...,  1.0302,  2.7731, -0.6515]]])})
Loss:  tensor(9.1615, grad_fn=<MeanBackward0>)
OrderedDict({'rvq_quantizer.project_in.weight': tensor([[-0.0135, -0.1251,  0.0496,  ...,  0.0658,  0.1079,  0.0234],
        [-0.0813,  0.0391,  0.0364,  ...,  0.0177, -0.1685,  0.0026],
        [-0.0007, -0.0057,  0.0640,  ...,  0.0627, -0.0626, -0.0618],
        ...,
        [-0.0309,  0.0809, -0.0371,  ..., -0.1161, -0.1386, -0.1413],
        [-0.0138,  0.0906, -0.0260,  ..., -0.2125, -0.1676, -0.1618],
        [-0.0149,  0.1039, -0.1077,  ..., -0.0723, -0.1931, -0.1315]]), 'rvq_quantizer.project_in.bias': tensor([-0.2211,  0.1909, -0.0962,  0.0655,  0.0153, -0.0772, -0.0633, -0.1605,
         0.0198, -0.2335, -0.0787,  0.0332, -0.2182, -0.0775,  0.1228, -0.0280,
        -0.0723,  0.0878,  0.1690,  0.1792,  0.0572,  0.1556, -0.1784,  0.2141,
        -0.0181, -0.1379,  0.1242,  0.1068,  0.0293,  0.1976,  0.1899,  0.2203]), 'rvq_quantizer.project_out.weight': tensor([[ 0.0863,  0.1175, -0.0987,  ..., -0.0436,  0.0902, -0.0665],
        [-0.0337,  0.0185,  0.1248,  ..., -0.1478, -0.1462, -0.0690],
        [ 0.1136,  0.0347, -0.1496,  ...,  0.1559,  0.1245, -0.1110],
        ...,
        [-0.0980,  0.0885, -0.1271,  ..., -0.0326,  0.1682, -0.0498],
        [-0.0419,  0.0095, -0.0684,  ...,  0.0084, -0.0638, -0.1158],
        [-0.0722,  0.0351, -0.0780,  ..., -0.1712,  0.1494, -0.0657]]), 'rvq_quantizer.project_out.bias': tensor([-0.0057, -0.1618, -0.0106, -0.1491,  0.1075, -0.1614, -0.1343,  0.1031,
         0.0111,  0.0539, -0.1584, -0.0913, -0.0218,  0.0136,  0.0118, -0.0675,
        -0.0649, -0.1732, -0.0018,  0.0052,  0.0404,  0.1226, -0.1440,  0.0450,
         0.1010,  0.1239,  0.1398, -0.0086, -0.0618,  0.0553,  0.1455,  0.1233,
        -0.1643,  0.0420, -0.1047,  0.1099, -0.0730, -0.0033,  0.0521, -0.1638,
         0.0447, -0.0199,  0.1100,  0.0143,  0.0467,  0.1464, -0.1500,  0.0397,
        -0.0979,  0.0147, -0.1461, -0.0785, -0.1591, -0.0969, -0.1011,  0.0893,
        -0.0945,  0.1582,  0.0263, -0.0766, -0.0984,  0.1358,  0.1505,  0.0912]), 'rvq_quantizer.layers.0._codebook.initted': tensor([1.]), 'rvq_quantizer.layers.0._codebook.cluster_size': tensor([[2.0000, 3.2220, 2.2000,  ..., 2.2000, 2.0000, 2.0000]]), 'rvq_quantizer.layers.0._codebook.embed_avg': tensor([[[ -93.1867,  185.4379,  -55.0522,  ...,  208.0596,  187.3619,
           195.7041],
         [ -83.3154,  307.0865,  -47.5721,  ...,  256.8388,  203.1954,
           211.7475],
         [  13.1049,  142.2242,   -4.8650,  ...,   68.9061,   49.1517,
            46.8952],
         ...,
         [-112.8432,  207.7649,  -47.0726,  ...,  200.6344,  169.8747,
           180.4962],
         [ -76.4116,  203.5714,  -31.6345,  ...,  166.6781,  141.7925,
           141.6770],
         [-125.7849,  179.2680,  -71.0318,  ...,  192.6842,  173.1287,
           203.1865]]]), 'rvq_quantizer.layers.0._codebook.embed': tensor([[[-46.5934,  92.7189, -27.5261,  ..., 104.0298,  93.6809,  97.8521],
         [-25.8583,  95.3093, -14.7648,  ...,  79.7141,  63.0650,  65.7193],
         [  5.9568,  64.6473,  -2.2114,  ...,  31.3209,  22.3417,  21.3160],
         ...,
         [-51.2923,  94.4385, -21.3966,  ...,  91.1973,  77.2157,  82.0436],
         [-38.2058, 101.7857, -15.8172,  ...,  83.3390,  70.8963,  70.8385],
         [-62.8925,  89.6340, -35.5159,  ...,  96.3421,  86.5643, 101.5932]]]), 'rvq_quantizer.layers.1._codebook.initted': tensor([1.]), 'rvq_quantizer.layers.1._codebook.cluster_size': tensor([[2.0000, 3.1761, 2.0000,  ..., 2.0599, 2.0000, 2.7300]]), 'rvq_quantizer.layers.1._codebook.embed_avg': tensor([[[ -4.7263,  -2.4303,  -1.8916,  ...,   4.1381,  -3.1092,  -2.6428],
         [-23.5895,  -1.4123,  -1.0505,  ...,   9.4647,   3.8574,  -2.9164],
         [ -0.2996,  10.4930,   8.3787,  ...,  -7.3046,  -6.7866,   9.9594],
         ...,
         [  8.2470, -15.4638,  -1.9765,  ...,  -6.5014, -10.7495,   0.8494],
         [ -1.9672,   0.9057,  -1.2324,  ...,   3.2408,  17.2089,   9.6709],
         [  1.3990,  -2.3664,   1.9144,  ...,   6.1852,   0.1056,  -0.1202]]]), 'rvq_quantizer.layers.1._codebook.embed': tensor([[[-2.3631, -1.2152, -0.9458,  ...,  2.0690, -1.5546, -1.3214],
         [-7.4272, -0.4447, -0.3307,  ...,  2.9800,  1.2145, -0.9182],
         [-0.1498,  5.2465,  4.1893,  ..., -3.6523, -3.3933,  4.9797],
         ...,
         [ 4.0036, -7.5070, -0.9595,  ..., -3.1561, -5.2184,  0.4124],
         [-0.9836,  0.4529, -0.6162,  ...,  1.6204,  8.6044,  4.8354],
         [ 0.5125, -0.8668,  0.7012,  ...,  2.2656,  0.0387, -0.0440]]]), 'rvq_quantizer.layers.2._codebook.initted': tensor([1.]), 'rvq_quantizer.layers.2._codebook.cluster_size': tensor([[4.1321, 2.3000, 2.0000,  ..., 2.6698, 2.0000, 2.6320]]), 'rvq_quantizer.layers.2._codebook.embed_avg': tensor([[[-2.5142,  3.0581,  6.1020,  ...,  4.4777,  1.0041,  2.2511],
         [ 4.8323, -7.2698,  0.2215,  ..., -1.9541,  0.8110,  6.7144],
         [12.4770,  0.1964, -2.9789,  ...,  4.5726, -8.8613, -4.2805],
         ...,
         [-6.7959,  3.3666, -9.8958,  ...,  0.6070,  7.1684, -9.2279],
         [ 5.9708, -0.1809,  8.1746,  ...,  3.0571, -3.4145, -0.6155],
         [ 5.2820, -3.4370, -3.7837,  ..., -1.1392, -1.9714,  3.3082]]]), 'rvq_quantizer.layers.2._codebook.embed': tensor([[[-0.6085,  0.7401,  1.4767,  ...,  1.0837,  0.2430,  0.5448],
         [ 2.1010, -3.1608,  0.0963,  ..., -0.8496,  0.3526,  2.9193],
         [ 6.2385,  0.0982, -1.4894,  ...,  2.2863, -4.4307, -2.1402],
         ...,
         [-2.5454,  1.2610, -3.7065,  ...,  0.2273,  2.6849, -3.4564],
         [ 2.9854, -0.0905,  4.0873,  ...,  1.5286, -1.7073, -0.3078],
         [ 2.0068, -1.3059, -1.4376,  ..., -0.4328, -0.7490,  1.2569]]]), 'rvq_quantizer.layers.3._codebook.initted': tensor([1.]), 'rvq_quantizer.layers.3._codebook.cluster_size': tensor([[2.0901, 2.5539, 3.0040,  ..., 2.0000, 5.8042, 2.0000]]), 'rvq_quantizer.layers.3._codebook.embed_avg': tensor([[[-9.2917,  1.1888,  6.8161,  ..., -2.8350, -0.5920,  0.4088],
         [ 0.4655,  0.2441,  4.6876,  ..., 10.3261, -3.4127,  2.0167],
         [ 0.8955,  2.6492,  2.9353,  ..., -1.6387,  5.1712,  4.1199],
         ...,
         [ 0.7195, -3.2645, -4.8694,  ..., -2.7373,  4.8556,  2.0769],
         [-2.2897,  0.7701,  2.5169,  ...,  1.6184,  0.8394, -1.9362],
         [-0.0943,  2.4222, -4.0167,  ...,  2.5033,  1.6689,  1.7074]]]), 'rvq_quantizer.layers.3._codebook.embed': tensor([[[-4.4456,  0.5688,  3.2612,  ..., -1.3564, -0.2832,  0.1956],
         [ 0.1823,  0.0956,  1.8355,  ...,  4.0432, -1.3363,  0.7896],
         [ 0.2981,  0.8819,  0.9771,  ..., -0.5455,  1.7214,  1.3715],
         ...,
         [ 0.3597, -1.6322, -2.4347,  ..., -1.3686,  2.4278,  1.0385],
         [-0.3945,  0.1327,  0.4336,  ...,  0.2788,  0.1446, -0.3336],
         [-0.0471,  1.2111, -2.0084,  ...,  1.2517,  0.8344,  0.8537]]])})
Loss:  tensor(8.6292, grad_fn=<MeanBackward0>)
OrderedDict({'rvq_quantizer.project_in.weight': tensor([[-5.9698e-03, -1.3281e-01,  4.4261e-02,  ...,  7.1797e-02,
          1.1399e-01,  2.9731e-02],
        [-8.9874e-02,  3.3119e-02,  4.5537e-02,  ...,  1.4968e-02,
         -1.7102e-01, -2.9988e-03],
        [-1.0288e-04, -9.6381e-03,  6.9091e-02,  ...,  6.7519e-02,
         -5.7610e-02, -5.6956e-02],
        ...,
        [-3.9364e-02,  8.9124e-02, -2.9105e-02,  ..., -1.2350e-01,
         -1.4605e-01, -1.4896e-01],
        [-2.2184e-02,  9.8855e-02, -1.7940e-02,  ..., -2.1954e-01,
         -1.7474e-01, -1.6912e-01],
        [-2.3391e-02,  1.1241e-01, -1.0497e-01,  ..., -8.0509e-02,
         -2.0137e-01, -1.3982e-01]]), 'rvq_quantizer.project_in.bias': tensor([-0.2282,  0.1994, -0.0981,  0.0694,  0.0099, -0.0812, -0.0581, -0.1664,
         0.0190, -0.2417, -0.0819,  0.0289, -0.2263, -0.0818,  0.1311, -0.0349,
        -0.0710,  0.0943,  0.1712,  0.1872,  0.0653,  0.1643, -0.1859,  0.2217,
        -0.0242, -0.1455,  0.1231,  0.1146,  0.0354,  0.2059,  0.1981,  0.2287]), 'rvq_quantizer.project_out.weight': tensor([[ 0.0863,  0.1175, -0.0987,  ..., -0.0436,  0.0902, -0.0665],
        [-0.0337,  0.0185,  0.1248,  ..., -0.1478, -0.1462, -0.0690],
        [ 0.1136,  0.0347, -0.1496,  ...,  0.1559,  0.1245, -0.1110],
        ...,
        [-0.0980,  0.0885, -0.1271,  ..., -0.0326,  0.1682, -0.0498],
        [-0.0419,  0.0095, -0.0684,  ...,  0.0084, -0.0638, -0.1158],
        [-0.0722,  0.0351, -0.0780,  ..., -0.1712,  0.1494, -0.0657]]), 'rvq_quantizer.project_out.bias': tensor([-0.0057, -0.1618, -0.0106, -0.1491,  0.1075, -0.1614, -0.1343,  0.1031,
         0.0111,  0.0539, -0.1584, -0.0913, -0.0218,  0.0136,  0.0118, -0.0675,
        -0.0649, -0.1732, -0.0018,  0.0052,  0.0404,  0.1226, -0.1440,  0.0450,
         0.1010,  0.1239,  0.1398, -0.0086, -0.0618,  0.0553,  0.1455,  0.1233,
        -0.1643,  0.0420, -0.1047,  0.1099, -0.0730, -0.0033,  0.0521, -0.1638,
         0.0447, -0.0199,  0.1100,  0.0143,  0.0467,  0.1464, -0.1500,  0.0397,
        -0.0979,  0.0147, -0.1461, -0.0785, -0.1591, -0.0969, -0.1011,  0.0893,
        -0.0945,  0.1582,  0.0263, -0.0766, -0.0984,  0.1358,  0.1505,  0.0912]), 'rvq_quantizer.layers.0._codebook.initted': tensor([1.]), 'rvq_quantizer.layers.0._codebook.cluster_size': tensor([[2.0000, 2.8998, 2.0000,  ..., 2.0800, 2.6000, 2.8000]]), 'rvq_quantizer.layers.0._codebook.embed_avg': tensor([[[ -36.7127,  176.4857,  -19.2404,  ...,  143.2127,  121.0347,
            95.7914],
         [ -74.9838,  276.3779,  -42.8149,  ...,  231.1549,  182.8759,
           190.5727],
         [ -11.2428,  138.7940,   -4.6466,  ...,   84.9174,   63.8014,
            54.7046],
         ...,
         [-106.4634,  196.7926,  -44.3058,  ...,  189.1391,  160.9218,
           170.1543],
         [ -98.9312,  262.8415,  -39.9878,  ...,  216.4185,  185.0504,
           185.6628],
         [-179.1893,  250.8825, -101.2720,  ...,  276.4041,  245.1880,
           286.6291]]]), 'rvq_quantizer.layers.0._codebook.embed': tensor([[[-18.3563,  88.2428,  -9.6202,  ...,  71.6063,  60.5174,  47.8957],
         [-25.8583,  95.3093, -14.7648,  ...,  79.7141,  63.0650,  65.7193],
         [ -5.6214,  69.3970,  -2.3233,  ...,  42.4587,  31.9007,  27.3523],
         ...,
         [-51.1843,  94.6117, -21.3008,  ...,  90.9322,  77.3661,  81.8049],
         [-38.0504, 101.0928, -15.3799,  ...,  83.2379,  71.1732,  71.4087],
         [-63.9962,  89.6009, -36.1686,  ...,  98.7157,  87.5671, 102.3675]]]), 'rvq_quantizer.layers.1._codebook.initted': tensor([1.]), 'rvq_quantizer.layers.1._codebook.cluster_size': tensor([[2.0000, 3.5585, 2.0000,  ..., 2.1539, 2.2000, 3.0570]]), 'rvq_quantizer.layers.1._codebook.embed_avg': tensor([[[-16.3533, -10.4638,  -9.0727,  ...,   9.8551,  14.4664,   8.5834],
         [-28.5075,  -0.9873,  -1.4885,  ...,   9.0811,   4.4907,  -1.8830],
         [  4.9537,  -8.1511, -11.8777,  ...,  10.7156,  17.9546,  15.8562],
         ...,
         [  7.4152, -15.6482,  -1.0286,  ...,  -7.1121, -11.1986,   0.4621],
         [ -0.9614,   0.1986,  -2.3799,  ...,   3.3154,  19.7038,  11.9218],
         [  0.7894,  -3.1041,   1.1005,  ...,   6.2849,   0.1670,  -1.0845]]]), 'rvq_quantizer.layers.1._codebook.embed': tensor([[[-8.1766, -5.2319, -4.5364,  ...,  4.9275,  7.2332,  4.2917],
         [-8.0112, -0.2775, -0.4183,  ...,  2.5520,  1.2620, -0.5292],
         [ 2.4769, -4.0755, -5.9389,  ...,  5.3578,  8.9773,  7.9281],
         ...,
         [ 3.4426, -7.2650, -0.4776,  ..., -3.3019, -5.1991,  0.2145],
         [-0.4370,  0.0903, -1.0818,  ...,  1.5070,  8.9562,  5.4190],
         [ 0.2582, -1.0154,  0.3600,  ...,  2.0559,  0.0546, -0.3547]]]), 'rvq_quantizer.layers.2._codebook.initted': tensor([1.]), 'rvq_quantizer.layers.2._codebook.cluster_size': tensor([[3.7188, 2.5700, 2.0000,  ..., 2.4028, 2.0000, 2.5688]]), 'rvq_quantizer.layers.2._codebook.embed_avg': tensor([[[-2.2628,  2.7523,  5.4918,  ...,  4.0300,  0.9037,  2.0260],
         [ 6.2560, -7.9053, -1.4800,  ..., -2.2398,  1.6392,  6.7657],
         [-1.0454,  4.1367,  0.7756,  ...,  0.8758,  4.4142,  3.5314],
         ...,
         [-6.1163,  3.0299, -8.9062,  ...,  0.5463,  6.4515, -8.3052],
         [ 2.1345,  4.7838, -1.1860,  ..., -1.3644, -5.1589, -2.5126],
         [ 4.6920, -3.1884, -3.8368,  ..., -1.4811, -1.8020,  3.4549]]]), 'rvq_quantizer.layers.2._codebook.embed': tensor([[[-0.6085,  0.7401,  1.4767,  ...,  1.0837,  0.2430,  0.5448],
         [ 2.4342, -3.0760, -0.5759,  ..., -0.8715,  0.6378,  2.6326],
         [-0.5227,  2.0683,  0.3878,  ...,  0.4379,  2.2071,  1.7657],
         ...,
         [-2.5454,  1.2610, -3.7065,  ...,  0.2273,  2.6849, -3.4564],
         [ 1.0672,  2.3919, -0.5930,  ..., -0.6822, -2.5795, -1.2563],
         [ 1.8265, -1.2412, -1.4936,  ..., -0.5766, -0.7015,  1.3450]]]), 'rvq_quantizer.layers.3._codebook.initted': tensor([1.]), 'rvq_quantizer.layers.3._codebook.cluster_size': tensor([[2.0000, 2.5985, 2.7036,  ..., 2.0000, 6.0238, 2.3000]]), 'rvq_quantizer.layers.3._codebook.embed_avg': tensor([[[ 5.5535, -2.8337,  5.0584,  ..., -6.2645,  0.7168, -2.3504],
         [ 0.9446,  0.6719,  5.2686,  ..., 10.3802, -3.2513,  1.9575],
         [ 0.8059,  2.3843,  2.6418,  ..., -1.4748,  4.6541,  3.7079],
         ...,
         [ 0.9735, -2.7862, -5.5698,  ..., -2.6565,  4.4245,  2.5462],
         [-2.0332,  0.3311,  2.4647,  ...,  1.9969,  0.8356, -2.7542],
         [ 0.0168,  2.6362, -5.2781,  ...,  2.2748,  2.5429,  2.2497]]]), 'rvq_quantizer.layers.3._codebook.embed': tensor([[[ 2.7767, -1.4168,  2.5292,  ..., -3.1322,  0.3584, -1.1752],
         [ 0.3635,  0.2586,  2.0275,  ...,  3.9946, -1.2512,  0.7533],
         [ 0.2981,  0.8819,  0.9771,  ..., -0.5455,  1.7214,  1.3715],
         ...,
         [ 0.4868, -1.3931, -2.7849,  ..., -1.3282,  2.2123,  1.2731],
         [-0.3375,  0.0550,  0.4092,  ...,  0.3315,  0.1387, -0.4572],
         [ 0.0073,  1.1462, -2.2948,  ...,  0.9890,  1.1056,  0.9781]]])})
Loss:  tensor(8.0879, grad_fn=<MeanBackward0>)
OrderedDict({'rvq_quantizer.project_in.weight': tensor([[ 0.0015, -0.1405,  0.0385,  ...,  0.0778,  0.1200,  0.0360],
        [-0.0984,  0.0269,  0.0546,  ...,  0.0124, -0.1733, -0.0085],
        [ 0.0006, -0.0139,  0.0737,  ...,  0.0722, -0.0527, -0.0522],
        ...,
        [-0.0477,  0.0972, -0.0209,  ..., -0.1307, -0.1533, -0.1565],
        [-0.0305,  0.1070, -0.0097,  ..., -0.2264, -0.1817, -0.1763],
        [-0.0318,  0.1208, -0.1016,  ..., -0.0886, -0.2095, -0.1480]]), 'rvq_quantizer.project_in.bias': tensor([-0.2353,  0.2077, -0.1001,  0.0732,  0.0047, -0.0848, -0.0531, -0.1723,
         0.0183, -0.2498, -0.0849,  0.0247, -0.2343, -0.0860,  0.1392, -0.0417,
        -0.0700,  0.1007,  0.1733,  0.1951,  0.0734,  0.1728, -0.1932,  0.2291,
        -0.0302, -0.1530,  0.1221,  0.1223,  0.0415,  0.2140,  0.2062,  0.2371]), 'rvq_quantizer.project_out.weight': tensor([[ 0.0863,  0.1175, -0.0987,  ..., -0.0436,  0.0902, -0.0665],
        [-0.0337,  0.0185,  0.1248,  ..., -0.1478, -0.1462, -0.0690],
        [ 0.1136,  0.0347, -0.1496,  ...,  0.1559,  0.1245, -0.1110],
        ...,
        [-0.0980,  0.0885, -0.1271,  ..., -0.0326,  0.1682, -0.0498],
        [-0.0419,  0.0095, -0.0684,  ...,  0.0084, -0.0638, -0.1158],
        [-0.0722,  0.0351, -0.0780,  ..., -0.1712,  0.1494, -0.0657]]), 'rvq_quantizer.project_out.bias': tensor([-0.0057, -0.1618, -0.0106, -0.1491,  0.1075, -0.1614, -0.1343,  0.1031,
         0.0111,  0.0539, -0.1584, -0.0913, -0.0218,  0.0136,  0.0118, -0.0675,
        -0.0649, -0.1732, -0.0018,  0.0052,  0.0404,  0.1226, -0.1440,  0.0450,
         0.1010,  0.1239,  0.1398, -0.0086, -0.0618,  0.0553,  0.1455,  0.1233,
        -0.1643,  0.0420, -0.1047,  0.1099, -0.0730, -0.0033,  0.0521, -0.1638,
         0.0447, -0.0199,  0.1100,  0.0143,  0.0467,  0.1464, -0.1500,  0.0397,
        -0.0979,  0.0147, -0.1461, -0.0785, -0.1591, -0.0969, -0.1011,  0.0893,
        -0.0945,  0.1582,  0.0263, -0.0766, -0.0984,  0.1358,  0.1505,  0.0912]), 'rvq_quantizer.layers.0._codebook.initted': tensor([1.]), 'rvq_quantizer.layers.0._codebook.cluster_size': tensor([[2.0000, 2.6098, 2.0000,  ..., 2.0000, 2.8400, 2.5200]]), 'rvq_quantizer.layers.0._codebook.embed_avg': tensor([[[-109.7595,  215.9891,  -35.1252,  ...,  231.6526,  182.6940,
           199.2352],
         [ -67.4855,  248.7401,  -38.5334,  ...,  208.0394,  164.5883,
           171.5155],
         [ -32.9907,  163.2786,  -24.2149,  ...,  113.4809,  112.1494,
            90.6792],
         ...,
         [-150.3700,  231.6022,  -66.9649,  ...,  249.2398,  217.5223,
           219.5848],
         [-108.4488,  287.1399,  -43.2406,  ...,  236.7146,  202.9798,
           201.7236],
         [-161.2704,  225.7943,  -91.1448,  ...,  248.7637,  220.6693,
           257.9662]]]), 'rvq_quantizer.layers.0._codebook.embed': tensor([[[-54.8797, 107.9946, -17.5626,  ..., 115.8263,  91.3470,  99.6176],
         [-25.8583,  95.3093, -14.7648,  ...,  79.7140,  63.0650,  65.7192],
         [-16.4953,  81.6393, -12.1074,  ...,  56.7404,  56.0747,  45.3396],
         ...,
         [-75.1850, 115.8011, -33.4825,  ..., 124.6199, 108.7612, 109.7924],
         [-38.1862, 101.1056, -15.2256,  ...,  83.3502,  71.4717,  71.0294],
         [-63.9962,  89.6008, -36.1686,  ...,  98.7157,  87.5671, 102.3675]]]), 'rvq_quantizer.layers.1._codebook.initted': tensor([1.]), 'rvq_quantizer.layers.1._codebook.cluster_size': tensor([[2.0000, 3.6026, 2.5000,  ..., 2.4385, 2.6800, 3.1513]]), 'rvq_quantizer.layers.1._codebook.embed_avg': tensor([[[  1.2005,  -2.9002,  -6.4003,  ...,   2.1475, -21.8642,  -1.1491],
         [-29.6124,  -0.5038,  -1.4777,  ...,   8.6386,   5.9374,  -1.3573],
         [  6.3728, -11.2884, -13.5300,  ...,  12.8961,  18.5661,  19.7911],
         ...,
         [  8.4580, -16.9025,   0.2958,  ...,  -8.7499, -11.4898,  -0.7989],
         [ -0.3217,  -1.1514,  -5.0787,  ...,   1.8694,  21.4893,  14.9183],
         [  1.3194,  -3.3884,   0.2474,  ...,   5.9056,   0.0586,  -1.4725]]]), 'rvq_quantizer.layers.1._codebook.embed': tensor([[[  0.6002,  -1.4501,  -3.2002,  ...,   1.0737, -10.9321,  -0.5745],
         [ -8.2197,  -0.1398,  -0.4102,  ...,   2.3979,   1.6481,  -0.3768],
         [  2.5491,  -4.5154,  -5.4120,  ...,   5.1584,   7.4264,   7.9165],
         ...,
         [  3.4685,  -6.9314,   0.1213,  ...,  -3.5882,  -4.7118,  -0.3276],
         [ -0.1201,  -0.4296,  -1.8950,  ...,   0.6975,   8.0184,   5.5665],
         [  0.4187,  -1.0753,   0.0785,  ...,   1.8740,   0.0186,  -0.4673]]]), 'rvq_quantizer.layers.2._codebook.initted': tensor([1.]), 'rvq_quantizer.layers.2._codebook.cluster_size': tensor([[3.8470, 2.4130, 2.0000,  ..., 2.2626, 2.1000, 2.8119]]), 'rvq_quantizer.layers.2._codebook.embed_avg': tensor([[[-2.7555,  3.5681,  5.8970,  ...,  4.2072,  1.1542,  2.5466],
         [ 5.6642, -7.1824, -1.7023,  ..., -2.0807,  1.3305,  6.2984],
         [-5.7494,  4.8980, -4.5560,  ..., -5.1654,  7.5216, -3.3225],
         ...,
         [-6.0529,  2.6771, -8.3279,  ...,  0.2815,  5.6564, -7.6508],
         [ 1.9720,  4.7711, -1.6777,  ..., -1.8261, -5.6647, -2.6055],
         [ 5.8075, -3.9282, -3.8216,  ..., -1.7758, -2.1412,  4.5308]]]), 'rvq_quantizer.layers.2._codebook.embed': tensor([[[-0.7163,  0.9275,  1.5329,  ...,  1.0936,  0.3000,  0.6620],
         [ 2.3473, -2.9765, -0.7055,  ..., -0.8623,  0.5514,  2.6102],
         [-2.8747,  2.4490, -2.2780,  ..., -2.5827,  3.7608, -1.6613],
         ...,
         [-2.6752,  1.1832, -3.6807,  ...,  0.1244,  2.5000, -3.3815],
         [ 0.9390,  2.2719, -0.7989,  ..., -0.8696, -2.6975, -1.2407],
         [ 2.0653, -1.3970, -1.3591,  ..., -0.6315, -0.7615,  1.6113]]]), 'rvq_quantizer.layers.3._codebook.initted': tensor([1.]), 'rvq_quantizer.layers.3._codebook.cluster_size': tensor([[2.0000, 2.5387, 2.5332,  ..., 2.0000, 6.0214, 2.4700]]), 'rvq_quantizer.layers.3._codebook.embed_avg': tensor([[[ 3.1827,  1.0054, -1.1807,  ..., -4.1251,  3.0541,  3.1765],
         [ 1.4100,  0.9778,  5.2282,  ..., 10.2380, -3.3664,  2.1577],
         [ 0.3093,  2.0658,  2.4333,  ..., -1.1957,  4.5060,  3.4052],
         ...,
         [ 0.9426, -3.0729, -1.1527,  ..., -3.3190, 12.2344, -0.6609],
         [-1.9435,  0.4485,  2.5971,  ...,  2.2244,  1.0407, -3.1329],
         [ 0.1306,  2.8976, -5.6308,  ...,  3.1284,  2.3278,  2.3694]]]), 'rvq_quantizer.layers.3._codebook.embed': tensor([[[ 1.5913,  0.5027, -0.5903,  ..., -2.0625,  1.5270,  1.5882],
         [ 0.5554,  0.3852,  2.0594,  ...,  4.0328, -1.3260,  0.8499],
         [ 0.1221,  0.8155,  0.9606,  ..., -0.4720,  1.7788,  1.3442],
         ...,
         [ 0.4713, -1.5364, -0.5763,  ..., -1.6595,  6.1172, -0.3304],
         [-0.3228,  0.0745,  0.4313,  ...,  0.3694,  0.1728, -0.5203],
         [ 0.0529,  1.1731, -2.2797,  ...,  1.2666,  0.9424,  0.9593]]])})
Loss:  tensor(7.4233, grad_fn=<MeanBackward0>)
OrderedDict({'rvq_quantizer.project_in.weight': tensor([[ 0.0090, -0.1480,  0.0324,  ...,  0.0837,  0.1259,  0.0423],
        [-0.1069,  0.0205,  0.0635,  ...,  0.0100, -0.1754, -0.0140],
        [ 0.0013, -0.0184,  0.0779,  ...,  0.0766, -0.0480, -0.0475],
        ...,
        [-0.0560,  0.1052, -0.0125,  ..., -0.1377, -0.1604, -0.1639],
        [-0.0388,  0.1151, -0.0014,  ..., -0.2332, -0.1885, -0.1834],
        [-0.0402,  0.1291, -0.0977,  ..., -0.0967, -0.2175, -0.1562]]), 'rvq_quantizer.project_in.bias': tensor([-0.2424,  0.2160, -0.1019,  0.0768, -0.0003, -0.0881, -0.0484, -0.1780,
         0.0177, -0.2578, -0.0878,  0.0205, -0.2423, -0.0900,  0.1474, -0.0484,
        -0.0694,  0.1071,  0.1753,  0.2027,  0.0813,  0.1813, -0.2005,  0.2365,
        -0.0362, -0.1603,  0.1212,  0.1300,  0.0475,  0.2221,  0.2143,  0.2454]), 'rvq_quantizer.project_out.weight': tensor([[ 0.0863,  0.1175, -0.0987,  ..., -0.0436,  0.0902, -0.0665],
        [-0.0337,  0.0185,  0.1248,  ..., -0.1478, -0.1462, -0.0690],
        [ 0.1136,  0.0347, -0.1496,  ...,  0.1559,  0.1245, -0.1110],
        ...,
        [-0.0980,  0.0885, -0.1271,  ..., -0.0326,  0.1682, -0.0498],
        [-0.0419,  0.0095, -0.0684,  ...,  0.0084, -0.0638, -0.1158],
        [-0.0722,  0.0351, -0.0780,  ..., -0.1712,  0.1494, -0.0657]]), 'rvq_quantizer.project_out.bias': tensor([-0.0057, -0.1618, -0.0106, -0.1491,  0.1075, -0.1614, -0.1343,  0.1031,
         0.0111,  0.0539, -0.1584, -0.0913, -0.0218,  0.0136,  0.0118, -0.0675,
        -0.0649, -0.1732, -0.0018,  0.0052,  0.0404,  0.1226, -0.1440,  0.0450,
         0.1010,  0.1239,  0.1398, -0.0086, -0.0618,  0.0553,  0.1455,  0.1233,
        -0.1643,  0.0420, -0.1047,  0.1099, -0.0730, -0.0033,  0.0521, -0.1638,
         0.0447, -0.0199,  0.1100,  0.0143,  0.0467,  0.1464, -0.1500,  0.0397,
        -0.0979,  0.0147, -0.1461, -0.0785, -0.1591, -0.0969, -0.1011,  0.0893,
        -0.0945,  0.1582,  0.0263, -0.0766, -0.0984,  0.1358,  0.1505,  0.0912]), 'rvq_quantizer.layers.0._codebook.initted': tensor([1.]), 'rvq_quantizer.layers.0._codebook.cluster_size': tensor([[2.0000, 2.3488, 2.0000,  ..., 2.0000, 2.5560, 2.3680]]), 'rvq_quantizer.layers.0._codebook.embed_avg': tensor([[[ -89.5086,  204.6220,  -37.6759,  ...,  213.6702,  178.1130,
           159.4486],
         [ -60.7369,  223.8661,  -34.6800,  ...,  187.2355,  148.1295,
           154.3639],
         [ -73.6443,  184.0045,  -37.6332,  ...,  166.2222,  147.9991,
           135.9622],
         ...,
         [ -49.3657,  148.5331,  -41.6942,  ...,  155.1649,  108.8338,
            98.1499],
         [ -97.6039,  258.4259,  -38.9165,  ...,  213.0431,  182.6818,
           181.5513],
         [-151.3347,  212.9001,  -85.2542,  ...,  232.3412,  206.5477,
           242.4780]]]), 'rvq_quantizer.layers.0._codebook.embed': tensor([[[-44.7543, 102.3110, -18.8379,  ..., 106.8351,  89.0565,  79.7243],
         [-25.8583,  95.3092, -14.7647,  ...,  79.7140,  63.0649,  65.7192],
         [-36.8221,  92.0023, -18.8166,  ...,  83.1111,  73.9995,  67.9811],
         ...,
         [-24.6829,  74.2665, -20.8471,  ...,  77.5825,  54.4169,  49.0749],
         [-38.1862, 101.1055, -15.2255,  ...,  83.3502,  71.4717,  71.0294],
         [-63.9082,  89.9071, -36.0026,  ...,  98.1170,  87.2244, 102.3977]]]), 'rvq_quantizer.layers.1._codebook.initted': tensor([1.]), 'rvq_quantizer.layers.1._codebook.cluster_size': tensor([[2.0000, 3.4424, 3.2500,  ..., 2.1947, 3.2120, 2.9362]]), 'rvq_quantizer.layers.1._codebook.embed_avg': tensor([[[-13.3693,  10.6118,   4.5983,  ...,  -6.7394,  -9.9094,  13.1497],
         [-28.4460,   0.1318,  -1.3361,  ...,   7.2699,   5.3979,  -1.2437],
         [  9.4526, -16.6236, -16.1709,  ...,  16.7195,  18.9787,  26.0577],
         ...,
         [  7.6122, -15.2122,   0.2662,  ...,  -7.8749, -10.3408,  -0.7190],
         [  2.9496,  -2.8055,  -9.4125,  ...,   2.0387,  23.9429,  18.0161],
         [  1.2347,  -2.9962,   0.2801,  ...,   5.6439,   0.1685,  -1.3287]]]), 'rvq_quantizer.layers.1._codebook.embed': tensor([[[-6.6847,  5.3059,  2.2992,  ..., -3.3697, -4.9547,  6.5749],
         [-8.2635,  0.0383, -0.3881,  ...,  2.1119,  1.5681, -0.3613],
         [ 2.9085, -5.1150, -4.9757,  ...,  5.1445,  5.8396,  8.0177],
         ...,
         [ 3.4685, -6.9314,  0.1213,  ..., -3.5882, -4.7118, -0.3276],
         [ 0.9183, -0.8735, -2.9304,  ...,  0.6347,  7.4542,  5.6090],
         [ 0.4205, -1.0204,  0.0954,  ...,  1.9222,  0.0574, -0.4525]]]), 'rvq_quantizer.layers.2._codebook.initted': tensor([1.]), 'rvq_quantizer.layers.2._codebook.cluster_size': tensor([[3.6623, 2.5717, 2.0000,  ..., 2.0363, 2.0000, 2.7307]]), 'rvq_quantizer.layers.2._codebook.embed_avg': tensor([[[ -2.6860,   3.3705,   5.9608,  ...,   3.5441,   1.5717,   2.6663],
         [  6.0499,  -7.8938,  -2.6890,  ...,  -1.8716,   2.7332,   6.1275],
         [ -1.9248,  12.2738,   9.7326,  ...,  -5.0744,  -2.2285,   2.3598],
         ...,
         [ -5.4476,   2.4094,  -7.4951,  ...,   0.2534,   5.0907,  -6.8857],
         [  1.0933,  10.7207,   4.7991,  ...,   9.7659, -10.4409,  -4.1223],
         [  5.0553,  -3.8997,  -3.6692,  ...,  -2.0895,  -2.1810,   4.3120]]]), 'rvq_quantizer.layers.2._codebook.embed': tensor([[[-0.7334,  0.9203,  1.6276,  ...,  0.9677,  0.4292,  0.7281],
         [ 2.3525, -3.0695, -1.0456,  ..., -0.7278,  1.0628,  2.3827],
         [-0.9624,  6.1369,  4.8663,  ..., -2.5372, -1.1143,  1.1799],
         ...,
         [-2.6752,  1.1832, -3.6807,  ...,  0.1244,  2.5000, -3.3815],
         [ 0.5467,  5.3604,  2.3996,  ...,  4.8830, -5.2205, -2.0611],
         [ 1.8513, -1.4281, -1.3437,  ..., -0.7652, -0.7987,  1.5791]]]), 'rvq_quantizer.layers.3._codebook.initted': tensor([1.]), 'rvq_quantizer.layers.3._codebook.cluster_size': tensor([[2.0000, 2.5848, 2.3799,  ..., 2.0000, 5.8193, 2.2230]]), 'rvq_quantizer.layers.3._codebook.embed_avg': tensor([[[ 3.4953,  1.1348, -1.6435,  ..., -4.0573,  2.7517,  3.1429],
         [ 0.8116,  0.8287,  5.2403,  ..., 10.2405, -3.5616,  2.3201],
         [ 0.5185,  1.8129,  2.4240,  ..., -1.0639,  4.3078,  2.7251],
         ...,
         [-6.5502,  0.4909, -4.4663,  ..., -5.8473,  9.7752, -4.0947],
         [-1.9167,  0.3739,  2.7054,  ...,  2.0283,  0.7874, -3.1918],
         [ 0.1176,  2.6078, -5.0677,  ...,  2.8156,  2.0950,  2.1325]]]), 'rvq_quantizer.layers.3._codebook.embed': tensor([[[ 1.7476,  0.5674, -0.8218,  ..., -2.0287,  1.3758,  1.5714],
         [ 0.3140,  0.3206,  2.0273,  ...,  3.9618, -1.3779,  0.8976],
         [ 0.2179,  0.7618,  1.0185,  ..., -0.4470,  1.8101,  1.1451],
         ...,
         [-3.2751,  0.2455, -2.2331,  ..., -2.9236,  4.8876, -2.0474],
         [-0.3294,  0.0643,  0.4649,  ...,  0.3486,  0.1353, -0.5485],
         [ 0.0529,  1.1731, -2.2797,  ...,  1.2666,  0.9424,  0.9593]]])})
Loss:  tensor(7.4065, grad_fn=<MeanBackward0>)
OrderedDict({'rvq_quantizer.project_in.weight': tensor([[ 0.0164, -0.1554,  0.0260,  ...,  0.0895,  0.1318,  0.0485],
        [-0.1152,  0.0140,  0.0723,  ...,  0.0077, -0.1772, -0.0193],
        [ 0.0020, -0.0233,  0.0814,  ...,  0.0808, -0.0434, -0.0431],
        ...,
        [-0.0641,  0.1130, -0.0040,  ..., -0.1446, -0.1674, -0.1712],
        [-0.0469,  0.1230,  0.0070,  ..., -0.2398, -0.1952, -0.1903],
        [-0.0484,  0.1372, -0.0932,  ..., -0.1046, -0.2255, -0.1642]]), 'rvq_quantizer.project_in.bias': tensor([-0.2494,  0.2242, -0.1037,  0.0803, -0.0051, -0.0911, -0.0438, -0.1836,
         0.0174, -0.2658, -0.0906,  0.0162, -0.2501, -0.0939,  0.1554, -0.0549,
        -0.0689,  0.1133,  0.1773,  0.2103,  0.0891,  0.1897, -0.2077,  0.2437,
        -0.0422, -0.1676,  0.1204,  0.1376,  0.0534,  0.2300,  0.2222,  0.2536]), 'rvq_quantizer.project_out.weight': tensor([[ 0.0863,  0.1175, -0.0987,  ..., -0.0436,  0.0902, -0.0665],
        [-0.0337,  0.0185,  0.1248,  ..., -0.1478, -0.1462, -0.0690],
        [ 0.1136,  0.0347, -0.1496,  ...,  0.1559,  0.1245, -0.1110],
        ...,
        [-0.0980,  0.0885, -0.1271,  ..., -0.0326,  0.1682, -0.0498],
        [-0.0419,  0.0095, -0.0684,  ...,  0.0084, -0.0638, -0.1158],
        [-0.0722,  0.0351, -0.0780,  ..., -0.1712,  0.1494, -0.0657]]), 'rvq_quantizer.project_out.bias': tensor([-0.0057, -0.1618, -0.0106, -0.1491,  0.1075, -0.1614, -0.1343,  0.1031,
         0.0111,  0.0539, -0.1584, -0.0913, -0.0218,  0.0136,  0.0118, -0.0675,
        -0.0649, -0.1732, -0.0018,  0.0052,  0.0404,  0.1226, -0.1440,  0.0450,
         0.1010,  0.1239,  0.1398, -0.0086, -0.0618,  0.0553,  0.1455,  0.1233,
        -0.1643,  0.0420, -0.1047,  0.1099, -0.0730, -0.0033,  0.0521, -0.1638,
         0.0447, -0.0199,  0.1100,  0.0143,  0.0467,  0.1464, -0.1500,  0.0397,
        -0.0979,  0.0147, -0.1461, -0.0785, -0.1591, -0.0969, -0.1011,  0.0893,
        -0.0945,  0.1582,  0.0263, -0.0766, -0.0984,  0.1358,  0.1505,  0.0912]), 'rvq_quantizer.layers.0._codebook.initted': tensor([1.]), 'rvq_quantizer.layers.0._codebook.cluster_size': tensor([[2.3000, 2.1140, 2.0000,  ..., 2.1000, 2.3004, 2.2312]]), 'rvq_quantizer.layers.0._codebook.embed_avg': tensor([[[-103.7634,  233.8946,  -43.8635,  ...,  245.2345,  204.3527,
           183.6057],
         [ -54.6632,  201.4795,  -31.2120,  ...,  168.5119,  133.3165,
           138.9275],
         [-152.7214,  228.9594,  -82.7224,  ...,  299.3791,  253.0995,
           246.8045],
         ...,
         [ -52.5226,  156.3809,  -43.5095,  ...,  161.1675,  114.6833,
           104.1914],
         [ -87.8435,  232.5833,  -35.0249,  ...,  191.7388,  164.4136,
           163.3961],
         [-142.8379,  201.3216,  -79.7998,  ...,  217.8815,  194.1241,
           228.9431]]]), 'rvq_quantizer.layers.0._codebook.embed': tensor([[[-45.1145, 101.6932, -19.0711,  ..., 106.6236,  88.8489,  79.8285],
         [-25.8582,  95.3092, -14.7647,  ...,  79.7140,  63.0649,  65.7192],
         [-76.3607, 114.4797, -41.3612,  ..., 149.6896, 126.5498, 123.4023],
         ...,
         [-25.0108,  74.4670, -20.7188,  ...,  76.7463,  54.6110,  49.6149],
         [-38.1861, 101.1055, -15.2255,  ...,  83.3501,  71.4717,  71.0294],
         [-64.0184,  90.2301, -35.7654,  ...,  97.6521,  87.0042, 102.6097]]]), 'rvq_quantizer.layers.1._codebook.initted': tensor([1.]), 'rvq_quantizer.layers.1._codebook.cluster_size': tensor([[2.0000, 3.1981, 4.9250,  ..., 2.0000, 3.5908, 2.7426]]), 'rvq_quantizer.layers.1._codebook.embed_avg': tensor([[[-13.7146,  -4.1521,  -4.8972,  ...,  -2.0218,   7.1818,   0.8469],
         [-26.9290,   0.1483,  -1.2461,  ...,   5.9511,   5.2048,  -0.5056],
         [ 14.7099, -24.4770, -24.1782,  ...,  26.3915,  24.7880,  39.6201],
         ...,
         [  5.2514,   2.8892,  -0.0578,  ...,   0.9449,   3.8932,   8.3272],
         [  6.4851,  -3.2672, -12.2486,  ...,   2.6910,  25.5707,  21.8868],
         [  0.9219,  -2.5857,   0.3849,  ...,   5.3854,   0.3557,  -0.9470]]]), 'rvq_quantizer.layers.1._codebook.embed': tensor([[[-6.8573, -2.0760, -2.4486,  ..., -1.0109,  3.5909,  0.4234],
         [-8.4202,  0.0464, -0.3896,  ...,  1.8608,  1.6275, -0.1581],
         [ 2.9868, -4.9700, -4.9093,  ...,  5.3587,  5.0331,  8.0447],
         ...,
         [ 2.6257,  1.4446, -0.0289,  ...,  0.4725,  1.9466,  4.1636],
         [ 1.8060, -0.9099, -3.4111,  ...,  0.7494,  7.1212,  6.0952],
         [ 0.3361, -0.9428,  0.1403,  ...,  1.9636,  0.1297, -0.3453]]]), 'rvq_quantizer.layers.2._codebook.initted': tensor([1.]), 'rvq_quantizer.layers.2._codebook.cluster_size': tensor([[3.6960, 2.5145, 2.0000,  ..., 2.0000, 2.0000, 2.7577]]), 'rvq_quantizer.layers.2._codebook.embed_avg': tensor([[[ -2.4616,   3.8387,   6.0278,  ...,   4.4453,   1.3113,   2.8985],
         [  5.8824,  -7.8200,  -2.6907,  ...,  -1.9495,   2.7936,   5.5476],
         [ -7.6302,   6.4186,  11.8727,  ...,  -4.3180,  -7.6458, -10.6380],
         ...,
         [ -1.9094,  -9.2632,  -2.2564,  ...,  -3.1052,   6.8864,   1.4824],
         [ -6.8449,   4.9008,   4.1267,  ...,   4.0552,  -9.4566,  -4.1393],
         [  5.1754,  -4.0756,  -3.6027,  ...,  -2.5444,  -1.6173,   4.5317]]]), 'rvq_quantizer.layers.2._codebook.embed': tensor([[[-0.6660,  1.0386,  1.6309,  ...,  1.2027,  0.3548,  0.7842],
         [ 2.3394, -3.1099, -1.0700,  ..., -0.7753,  1.1110,  2.2062],
         [-3.8151,  3.2093,  5.9363,  ..., -2.1590, -3.8229, -5.3190],
         ...,
         [-0.9547, -4.6316, -1.1282,  ..., -1.5526,  3.4432,  0.7412],
         [-3.4224,  2.4504,  2.0634,  ...,  2.0276, -4.7283, -2.0696],
         [ 1.8767, -1.4779, -1.3064,  ..., -0.9227, -0.5865,  1.6433]]]), 'rvq_quantizer.layers.3._codebook.initted': tensor([1.]), 'rvq_quantizer.layers.3._codebook.cluster_size': tensor([[2.1000, 2.6263, 2.4419,  ..., 2.0000, 5.5374, 2.3007]]), 'rvq_quantizer.layers.3._codebook.embed_avg': tensor([[[  4.1667,   1.0425,  -2.3388,  ...,  -4.4823,   2.1852,   3.7244],
         [ -0.0267,   1.0074,   5.0753,  ...,  10.5317,  -3.3802,   2.1461],
         [  0.2237,   2.1923,   2.8214,  ...,  -1.1478,   4.2207,   2.7125],
         ...,
         [-10.0379, -10.2645,   3.5896,  ...,  -1.3387,  -0.7982,  -7.6922],
         [ -2.0853,   0.8130,   2.5121,  ...,   1.7001,   0.8321,  -2.8732],
         [  0.2579,   3.4094,  -4.5534,  ...,   2.6794,   2.1903,   1.8963]]]), 'rvq_quantizer.layers.3._codebook.embed': tensor([[[ 1.9841,  0.4964, -1.1137,  ..., -2.1344,  1.0406,  1.7735],
         [-0.0102,  0.3836,  1.9325,  ...,  4.0100, -1.2870,  0.8171],
         [ 0.0916,  0.8978,  1.1554,  ..., -0.4701,  1.7284,  1.1108],
         ...,
         [-5.0189, -5.1323,  1.7948,  ..., -0.6694, -0.3991, -3.8461],
         [-0.3766,  0.1468,  0.4537,  ...,  0.3070,  0.1503, -0.5189],
         [ 0.1121,  1.4819, -1.9791,  ...,  1.1646,  0.9520,  0.8242]]])})
Loss:  tensor(7.5106, grad_fn=<MeanBackward0>)
OrderedDict({'rvq_quantizer.project_in.weight': tensor([[ 0.0237, -0.1627,  0.0194,  ...,  0.0953,  0.1376,  0.0546],
        [-0.1235,  0.0075,  0.0811,  ...,  0.0056, -0.1787, -0.0246],
        [ 0.0027, -0.0285,  0.0842,  ...,  0.0846, -0.0391, -0.0388],
        ...,
        [-0.0722,  0.1207,  0.0046,  ..., -0.1512, -0.1741, -0.1783],
        [-0.0550,  0.1308,  0.0154,  ..., -0.2462, -0.2017, -0.1971],
        [-0.0566,  0.1451, -0.0882,  ..., -0.1124, -0.2333, -0.1721]]), 'rvq_quantizer.project_in.bias': tensor([-0.2564,  0.2323, -0.1054,  0.0836, -0.0098, -0.0939, -0.0394, -0.1891,
         0.0173, -0.2737, -0.0932,  0.0119, -0.2579, -0.0976,  0.1633, -0.0613,
        -0.0686,  0.1194,  0.1794,  0.2176,  0.0969,  0.1980, -0.2148,  0.2509,
        -0.0480, -0.1747,  0.1198,  0.1452,  0.0593,  0.2379,  0.2301,  0.2616]), 'rvq_quantizer.project_out.weight': tensor([[ 0.0863,  0.1175, -0.0987,  ..., -0.0436,  0.0902, -0.0665],
        [-0.0337,  0.0185,  0.1248,  ..., -0.1478, -0.1462, -0.0690],
        [ 0.1136,  0.0347, -0.1496,  ...,  0.1559,  0.1245, -0.1110],
        ...,
        [-0.0980,  0.0885, -0.1271,  ..., -0.0326,  0.1682, -0.0498],
        [-0.0419,  0.0095, -0.0684,  ...,  0.0084, -0.0638, -0.1158],
        [-0.0722,  0.0351, -0.0780,  ..., -0.1712,  0.1494, -0.0657]]), 'rvq_quantizer.project_out.bias': tensor([-0.0057, -0.1618, -0.0106, -0.1491,  0.1075, -0.1614, -0.1343,  0.1031,
         0.0111,  0.0539, -0.1584, -0.0913, -0.0218,  0.0136,  0.0118, -0.0675,
        -0.0649, -0.1732, -0.0018,  0.0052,  0.0404,  0.1226, -0.1440,  0.0450,
         0.1010,  0.1239,  0.1398, -0.0086, -0.0618,  0.0553,  0.1455,  0.1233,
        -0.1643,  0.0420, -0.1047,  0.1099, -0.0730, -0.0033,  0.0521, -0.1638,
         0.0447, -0.0199,  0.1100,  0.0143,  0.0467,  0.1464, -0.1500,  0.0397,
        -0.0979,  0.0147, -0.1461, -0.0785, -0.1591, -0.0969, -0.1011,  0.0893,
        -0.0945,  0.1582,  0.0263, -0.0766, -0.0984,  0.1358,  0.1505,  0.0912]), 'rvq_quantizer.layers.0._codebook.initted': tensor([1.]), 'rvq_quantizer.layers.0._codebook.cluster_size': tensor([[2.0700, 2.0000, 2.0000,  ..., 2.0000, 2.0704, 2.0081]]), 'rvq_quantizer.layers.0._codebook.embed_avg': tensor([[[ -93.3870,  210.5051,  -39.4772,  ...,  220.7110,  183.9174,
           165.2451],
         [-134.0903,  236.8703,  -60.9159,  ...,  222.8157,  202.4349,
           199.9206],
         [-187.2078,  219.9292,  -98.7244,  ...,  284.4172,  246.9929,
           282.7899],
         ...,
         [ -69.7971,  206.4957,  -19.7459,  ...,  154.4245,  128.0757,
           136.8533],
         [ -79.0591,  209.3250,  -31.5224,  ...,  172.5649,  147.9722,
           147.0565],
         [-128.5541,  181.1894,  -71.8198,  ...,  196.0934,  174.7117,
           206.0488]]]), 'rvq_quantizer.layers.0._codebook.embed': tensor([[[-45.1144, 101.6932, -19.0711,  ..., 106.6235,  88.8489,  79.8285],
         [-67.0452, 118.4352, -30.4579,  ..., 111.4078, 101.2175,  99.9603],
         [-93.6039, 109.9646, -49.3622,  ..., 142.2086, 123.4964, 141.3950],
         ...,
         [-34.8985, 103.2479,  -9.8730,  ...,  77.2122,  64.0378,  68.4267],
         [-38.1861, 101.1054, -15.2255,  ...,  83.3501,  71.4716,  71.0294],
         [-64.0183,  90.2300, -35.7654,  ...,  97.6520,  87.0042, 102.6097]]]), 'rvq_quantizer.layers.1._codebook.initted': tensor([1.]), 'rvq_quantizer.layers.1._codebook.cluster_size': tensor([[2.1000, 3.0783, 5.4325,  ..., 2.0000, 3.7317, 2.6683]]), 'rvq_quantizer.layers.1._codebook.embed_avg': tensor([[[-13.2847,  -4.7147,  -5.4753,  ...,  -1.6861,   7.7364,   0.6321],
         [-26.2682,   0.4661,  -1.0598,  ...,   5.2599,   4.5275,  -0.3396],
         [ 14.3258, -29.0862, -26.4292,  ...,  29.4339,  28.5665,  42.9873],
         ...,
         [ -1.5273,  -2.8743,  -3.3991,  ...,   6.4733,  -8.3438,  -5.0964],
         [  7.7501,  -6.9800, -14.3333,  ...,   4.5782,  25.2473,  21.3920],
         [  0.9028,  -2.1865,  -0.0775,  ...,   5.2075,   0.9265,  -0.1551]]]), 'rvq_quantizer.layers.1._codebook.embed': tensor([[[-6.3261, -2.2451, -2.6073,  ..., -0.8029,  3.6840,  0.3010],
         [-8.5333,  0.1514, -0.3443,  ...,  1.7087,  1.4708, -0.1103],
         [ 2.6371, -5.3541, -4.8650,  ...,  5.4181,  5.2585,  7.9130],
         ...,
         [-0.7637, -1.4371, -1.6996,  ...,  3.2366, -4.1719, -2.5482],
         [ 2.0768, -1.8704, -3.8409,  ...,  1.2268,  6.7656,  5.7325],
         [ 0.3384, -0.8194, -0.0291,  ...,  1.9516,  0.3472, -0.0581]]]), 'rvq_quantizer.layers.2._codebook.initted': tensor([1.]), 'rvq_quantizer.layers.2._codebook.cluster_size': tensor([[3.6264, 2.7631, 2.0000,  ..., 2.0000, 2.0000, 2.7819]]), 'rvq_quantizer.layers.2._codebook.embed_avg': tensor([[[-2.0811e+00,  4.7346e+00,  6.0394e+00,  ...,  4.1232e+00,
           1.5071e+00,  3.1846e+00],
         [ 6.0063e+00, -9.6036e+00, -2.5421e+00,  ..., -2.4362e+00,
           2.7174e+00,  5.3533e+00],
         [-2.2175e+00, -1.6719e+00, -4.0880e+00,  ..., -4.3629e+00,
          -5.9465e+00,  9.0888e+00],
         ...,
         [-1.2845e+00,  1.6181e+00,  1.3723e+00,  ..., -3.8922e-02,
           8.0254e-01, -4.4210e-01],
         [ 3.6198e+00,  9.9301e-04, -2.8912e-01,  ..., -5.5621e+00,
          -1.1523e-01,  1.1345e+00],
         [ 4.4702e+00, -4.7304e+00, -4.1139e+00,  ..., -2.7100e+00,
          -1.9211e+00,  4.6071e+00]]]), 'rvq_quantizer.layers.2._codebook.embed': tensor([[[-5.7388e-01,  1.3056e+00,  1.6654e+00,  ...,  1.1370e+00,
           4.1558e-01,  8.7817e-01],
         [ 2.1738e+00, -3.4757e+00, -9.2001e-01,  ..., -8.8169e-01,
           9.8345e-01,  1.9374e+00],
         [-1.1087e+00, -8.3594e-01, -2.0440e+00,  ..., -2.1814e+00,
          -2.9732e+00,  4.5444e+00],
         ...,
         [-6.4223e-01,  8.0905e-01,  6.8613e-01,  ..., -1.9461e-02,
           4.0127e-01, -2.2105e-01],
         [ 1.8099e+00,  4.9651e-04, -1.4456e-01,  ..., -2.7810e+00,
          -5.7613e-02,  5.6726e-01],
         [ 1.6069e+00, -1.7004e+00, -1.4788e+00,  ..., -9.7416e-01,
          -6.9057e-01,  1.6561e+00]]]), 'rvq_quantizer.layers.3._codebook.initted': tensor([1.]), 'rvq_quantizer.layers.3._codebook.cluster_size': tensor([[2.0900, 2.3637, 2.4977,  ..., 2.0000, 5.3836, 2.2706]]), 'rvq_quantizer.layers.3._codebook.embed_avg': tensor([[[ 4.7778,  0.7530, -2.4639,  ..., -4.3053,  1.7623,  3.2270],
         [-0.0240,  0.9066,  4.5678,  ...,  9.4785, -3.0422,  1.9315],
         [-0.2061,  2.2052,  2.5084,  ..., -1.0557,  4.7291,  3.8803],
         ...,
         [-8.0478, -6.3731, -7.5694,  ...,  3.6733, -5.7033, -2.6704],
         [-2.0646,  0.7894,  2.4484,  ...,  1.6675,  0.6589, -2.6291],
         [ 0.3752,  3.4356, -3.9625,  ...,  2.4861,  1.9791,  1.7568]]]), 'rvq_quantizer.layers.3._codebook.embed': tensor([[[ 2.2860,  0.3603, -1.1789,  ..., -2.0599,  0.8432,  1.5440],
         [-0.0102,  0.3836,  1.9325,  ...,  4.0100, -1.2870,  0.8171],
         [-0.0825,  0.8829,  1.0043,  ..., -0.4227,  1.8933,  1.5535],
         ...,
         [-4.0239, -3.1866, -3.7847,  ...,  1.8367, -2.8517, -1.3352],
         [-0.3835,  0.1466,  0.4548,  ...,  0.3097,  0.1224, -0.4884],
         [ 0.1652,  1.5131, -1.7451,  ...,  1.0949,  0.8716,  0.7737]]])})
Loss:  tensor(7.1626, grad_fn=<MeanBackward0>)
OrderedDict({'rvq_quantizer.project_in.weight': tensor([[ 0.0310, -0.1699,  0.0125,  ...,  0.1009,  0.1433,  0.0606],
        [-0.1317,  0.0013,  0.0897,  ...,  0.0036, -0.1801, -0.0298],
        [ 0.0035, -0.0339,  0.0864,  ...,  0.0881, -0.0351, -0.0349],
        ...,
        [-0.0802,  0.1282,  0.0133,  ..., -0.1577, -0.1807, -0.1853],
        [-0.0630,  0.1386,  0.0239,  ..., -0.2524, -0.2080, -0.2037],
        [-0.0646,  0.1529, -0.0826,  ..., -0.1201, -0.2410, -0.1799]]), 'rvq_quantizer.project_in.bias': tensor([-0.2633,  0.2403, -0.1069,  0.0868, -0.0142, -0.0965, -0.0352, -0.1945,
         0.0174, -0.2815, -0.0957,  0.0076, -0.2655, -0.1013,  0.1712, -0.0676,
        -0.0685,  0.1255,  0.1815,  0.2249,  0.1045,  0.2062, -0.2219,  0.2579,
        -0.0539, -0.1817,  0.1193,  0.1527,  0.0651,  0.2457,  0.2379,  0.2696]), 'rvq_quantizer.project_out.weight': tensor([[ 0.0863,  0.1175, -0.0987,  ..., -0.0436,  0.0902, -0.0665],
        [-0.0337,  0.0185,  0.1248,  ..., -0.1478, -0.1462, -0.0690],
        [ 0.1136,  0.0347, -0.1496,  ...,  0.1559,  0.1245, -0.1110],
        ...,
        [-0.0980,  0.0885, -0.1271,  ..., -0.0326,  0.1682, -0.0498],
        [-0.0419,  0.0095, -0.0684,  ...,  0.0084, -0.0638, -0.1158],
        [-0.0722,  0.0351, -0.0780,  ..., -0.1712,  0.1494, -0.0657]]), 'rvq_quantizer.project_out.bias': tensor([-0.0057, -0.1618, -0.0106, -0.1491,  0.1075, -0.1614, -0.1343,  0.1031,
         0.0111,  0.0539, -0.1584, -0.0913, -0.0218,  0.0136,  0.0118, -0.0675,
        -0.0649, -0.1732, -0.0018,  0.0052,  0.0404,  0.1226, -0.1440,  0.0450,
         0.1010,  0.1239,  0.1398, -0.0086, -0.0618,  0.0553,  0.1455,  0.1233,
        -0.1643,  0.0420, -0.1047,  0.1099, -0.0730, -0.0033,  0.0521, -0.1638,
         0.0447, -0.0199,  0.1100,  0.0143,  0.0467,  0.1464, -0.1500,  0.0397,
        -0.0979,  0.0147, -0.1461, -0.0785, -0.1591, -0.0969, -0.1011,  0.0893,
        -0.0945,  0.1582,  0.0263, -0.0766, -0.0984,  0.1358,  0.1505,  0.0912]), 'rvq_quantizer.layers.0._codebook.initted': tensor([1.]), 'rvq_quantizer.layers.0._codebook.cluster_size': tensor([[2.0000, 2.0000, 2.6000,  ..., 2.0000, 2.0000, 2.0000]]), 'rvq_quantizer.layers.0._codebook.embed_avg': tensor([[[ -93.4257,  234.6903,  -24.5524,  ...,  184.2417,  162.0980,
           157.9229],
         [ -86.7551,  227.8279,  -19.9943,  ...,  173.3355,  152.4028,
           152.7409],
         [-242.0425,  284.8788, -127.4211,  ...,  367.9760,  323.4367,
           366.6157],
         ...,
         [-149.2548,  220.2960,  -60.9454,  ...,  232.5754,  202.1284,
           216.0777],
         [ -64.3156,  203.5091,  -15.1677,  ...,  147.3281,  123.4462,
           123.1559],
         [-151.8727,  239.4527,  -47.3599,  ...,  237.8459,  213.2649,
           210.2621]]]), 'rvq_quantizer.layers.0._codebook.embed': tensor([[[-46.7128, 117.3452, -12.2762,  ...,  92.1209,  81.0490,  78.9614],
         [-43.3775, 113.9140,  -9.9971,  ...,  86.6678,  76.2014,  76.3705],
         [-93.0932, 109.5687, -49.0081,  ..., 141.5292, 124.3987, 141.0060],
         ...,
         [-74.6274, 110.1480, -30.4727,  ..., 116.2877, 101.0642, 108.0388],
         [-32.1578, 101.7546,  -7.5838,  ...,  73.6641,  61.7231,  61.5779],
         [-75.9364, 119.7263, -23.6799,  ..., 118.9230, 106.6324, 105.1311]]]), 'rvq_quantizer.layers.1._codebook.initted': tensor([1.]), 'rvq_quantizer.layers.1._codebook.cluster_size': tensor([[2.3900, 2.7705, 6.0893,  ..., 2.0000, 3.3585, 2.6015]]), 'rvq_quantizer.layers.1._codebook.embed_avg': tensor([[[-13.2098,  -5.0216,  -6.4945,  ...,  -1.2516,   8.7176,   1.7059],
         [-23.6414,   0.4195,  -0.9538,  ...,   4.7339,   4.0747,  -0.3056],
         [ 19.6239, -31.9261, -30.0119,  ...,  32.7233,  31.8416,  48.7301],
         ...,
         [ -6.3698,  -2.6046,   0.7298,  ...,  -7.1155,  -9.8383,   3.6306],
         [  6.9751,  -6.2820, -12.9000,  ...,   4.1204,  22.7226,  19.2528],
         [  0.6840,  -2.0588,  -0.1648,  ...,   5.0950,   1.0638,   0.1736]]]), 'rvq_quantizer.layers.1._codebook.embed': tensor([[[-5.5271, -2.1011, -2.7174,  ..., -0.5237,  3.6475,  0.7138],
         [-8.5333,  0.1514, -0.3443,  ...,  1.7087,  1.4708, -0.1103],
         [ 3.2227, -5.2430, -4.9287,  ...,  5.3740,  5.2292,  8.0027],
         ...,
         [-3.1849, -1.3023,  0.3649,  ..., -3.5578, -4.9191,  1.8153],
         [ 2.0768, -1.8704, -3.8409,  ...,  1.2268,  6.7656,  5.7325],
         [ 0.2629, -0.7914, -0.0634,  ...,  1.9585,  0.4089,  0.0667]]]), 'rvq_quantizer.layers.2._codebook.initted': tensor([1.]), 'rvq_quantizer.layers.2._codebook.cluster_size': tensor([[3.5638, 2.7868, 2.0000,  ..., 2.5000, 2.0000, 2.8037]]), 'rvq_quantizer.layers.2._codebook.embed_avg': tensor([[[-1.7287,  4.3452,  6.2101,  ...,  4.3212,  1.3168,  2.9047],
         [ 5.3260, -9.6769, -2.6707,  ..., -2.4087,  2.7532,  6.0608],
         [-2.8434,  0.4896,  5.6418,  ...,  0.7959, -0.4899,  0.1382],
         ...,
         [-1.4934,  2.1337,  1.8471,  ...,  0.0578,  1.0877, -0.9562],
         [-3.0039,  3.0768,  1.9320,  ..., -8.3906,  1.8434,  7.5684],
         [ 4.5073, -5.3663, -4.0928,  ..., -2.4495, -1.5299,  4.9236]]]), 'rvq_quantizer.layers.2._codebook.embed': tensor([[[-0.4851,  1.2193,  1.7425,  ...,  1.2125,  0.3695,  0.8150],
         [ 1.9112, -3.4724, -0.9583,  ..., -0.8643,  0.9880,  2.1748],
         [-1.4217,  0.2448,  2.8209,  ...,  0.3979, -0.2449,  0.0691],
         ...,
         [-0.5974,  0.8535,  0.7388,  ...,  0.0231,  0.4351, -0.3825],
         [-1.5020,  1.5384,  0.9660,  ..., -4.1953,  0.9217,  3.7842],
         [ 1.6076, -1.9140, -1.4598,  ..., -0.8736, -0.5457,  1.7561]]]), 'rvq_quantizer.layers.3._codebook.initted': tensor([1.]), 'rvq_quantizer.layers.3._codebook.cluster_size': tensor([[2.0000, 2.3273, 2.3480,  ..., 2.0000, 5.3453, 2.2436]]), 'rvq_quantizer.layers.3._codebook.embed_avg': tensor([[[ 2.2049,  7.8795,  3.4040,  ...,  1.2374, -5.4142, -2.1434],
         [ 0.2105,  0.6591,  4.5475,  ...,  9.2871, -3.4413,  1.2595],
         [ 0.0427,  1.9100,  2.1184,  ..., -0.8465,  4.1993,  3.6214],
         ...,
         [-1.7238, -0.2154,  0.6941,  ...,  1.8615, -2.1530, -1.7995],
         [-1.8867,  0.1314,  2.5243,  ...,  1.3680,  0.7397, -3.0226],
         [ 0.4150,  3.5444, -3.6213,  ...,  1.9373,  1.7611,  1.0891]]]), 'rvq_quantizer.layers.3._codebook.embed': tensor([[[ 1.1025,  3.9398,  1.7020,  ...,  0.6187, -2.7071, -1.0717],
         [ 0.0905,  0.2832,  1.9539,  ...,  3.9905, -1.4786,  0.5412],
         [ 0.0182,  0.8135,  0.9022,  ..., -0.3605,  1.7885,  1.5424],
         ...,
         [-0.8619, -0.1077,  0.3471,  ...,  0.9308, -1.0765, -0.8997],
         [-0.3530,  0.0246,  0.4723,  ...,  0.2559,  0.1384, -0.5655],
         [ 0.1850,  1.5798, -1.6141,  ...,  0.8635,  0.7849,  0.4854]]])})
Loss:  tensor(6.8727, grad_fn=<MeanBackward0>)
OrderedDict({'rvq_quantizer.project_in.weight': tensor([[ 0.0381, -0.1769,  0.0055,  ...,  0.1065,  0.1489,  0.0665],
        [-0.1397, -0.0047,  0.0982,  ...,  0.0019, -0.1810, -0.0348],
        [ 0.0045, -0.0397,  0.0878,  ...,  0.0912, -0.0313, -0.0311],
        ...,
        [-0.0881,  0.1356,  0.0220,  ..., -0.1640, -0.1872, -0.1922],
        [-0.0709,  0.1462,  0.0324,  ..., -0.2585, -0.2142, -0.2102],
        [-0.0726,  0.1605, -0.0766,  ..., -0.1276, -0.2485, -0.1876]]), 'rvq_quantizer.project_in.bias': tensor([-0.2701,  0.2482, -0.1084,  0.0900, -0.0185, -0.0989, -0.0312, -0.1998,
         0.0178, -0.2893, -0.0981,  0.0032, -0.2731, -0.1048,  0.1790, -0.0737,
        -0.0685,  0.1314,  0.1836,  0.2319,  0.1121,  0.2143, -0.2290,  0.2648,
        -0.0596, -0.1886,  0.1189,  0.1601,  0.0708,  0.2534,  0.2455,  0.2775]), 'rvq_quantizer.project_out.weight': tensor([[ 0.0863,  0.1175, -0.0987,  ..., -0.0436,  0.0902, -0.0665],
        [-0.0337,  0.0185,  0.1248,  ..., -0.1478, -0.1462, -0.0690],
        [ 0.1136,  0.0347, -0.1496,  ...,  0.1559,  0.1245, -0.1110],
        ...,
        [-0.0980,  0.0885, -0.1271,  ..., -0.0326,  0.1682, -0.0498],
        [-0.0419,  0.0095, -0.0684,  ...,  0.0084, -0.0638, -0.1158],
        [-0.0722,  0.0351, -0.0780,  ..., -0.1712,  0.1494, -0.0657]]), 'rvq_quantizer.project_out.bias': tensor([-0.0057, -0.1618, -0.0106, -0.1491,  0.1075, -0.1614, -0.1343,  0.1031,
         0.0111,  0.0539, -0.1584, -0.0913, -0.0218,  0.0136,  0.0118, -0.0675,
        -0.0649, -0.1732, -0.0018,  0.0052,  0.0404,  0.1226, -0.1440,  0.0450,
         0.1010,  0.1239,  0.1398, -0.0086, -0.0618,  0.0553,  0.1455,  0.1233,
        -0.1643,  0.0420, -0.1047,  0.1099, -0.0730, -0.0033,  0.0521, -0.1638,
         0.0447, -0.0199,  0.1100,  0.0143,  0.0467,  0.1464, -0.1500,  0.0397,
        -0.0979,  0.0147, -0.1461, -0.0785, -0.1591, -0.0969, -0.1011,  0.0893,
        -0.0945,  0.1582,  0.0263, -0.0766, -0.0984,  0.1358,  0.1505,  0.0912]), 'rvq_quantizer.layers.0._codebook.initted': tensor([1.]), 'rvq_quantizer.layers.0._codebook.cluster_size': tensor([[6.7000, 2.1000, 2.4400,  ..., 2.0000, 2.0000, 2.0000]]), 'rvq_quantizer.layers.0._codebook.embed_avg': tensor([[[-316.7203,  783.2139,  -78.7863,  ...,  615.9651,  540.5792,
           533.3750],
         [ -91.1285,  239.0271,  -21.0593,  ...,  181.8391,  159.8044,
           160.3919],
         [-227.0154,  266.9007, -119.3676,  ...,  344.9561,  303.4001,
           343.6499],
         ...,
         [-112.6327,  231.0597,  -46.9733,  ...,  204.6162,  182.0031,
           166.3335],
         [ -68.3027,  212.8513,  -10.1867,  ...,  153.5667,  126.5020,
           118.5650],
         [ -82.1560,  219.4765,  -15.1668,  ...,  166.9419,  147.7010,
           138.7466]]]), 'rvq_quantizer.layers.0._codebook.embed': tensor([[[-47.2718, 116.8978, -11.7592,  ...,  91.9353,  80.6836,  79.6084],
         [-43.3945, 113.8223, -10.0282,  ...,  86.5899,  76.0973,  76.3770],
         [-93.0390, 109.3855, -48.9211,  ..., 141.3754, 124.3442, 140.8401],
         ...,
         [-56.3163, 115.5299, -23.4867,  ..., 102.3081,  91.0016,  83.1668],
         [-34.1513, 106.4257,  -5.0934,  ...,  76.7833,  63.2510,  59.2825],
         [-41.0780, 109.7383,  -7.5834,  ...,  83.4710,  73.8505,  69.3733]]]), 'rvq_quantizer.layers.1._codebook.initted': tensor([1.]), 'rvq_quantizer.layers.1._codebook.cluster_size': tensor([[2.3510, 2.5934, 5.5803,  ..., 2.2000, 3.2227, 2.5413]]), 'rvq_quantizer.layers.1._codebook.embed_avg': tensor([[[-12.2561,  -5.0540,  -5.8892,  ...,  -0.8033,   8.9282,   1.5739],
         [-22.4206,   1.0421,  -0.7793,  ...,   4.8077,   3.2681,  -0.7497],
         [ 18.1810, -29.6255, -27.3262,  ...,  29.4342,  28.7779,  44.5959],
         ...,
         [ -6.5586,  -2.1589,   1.5852,  ...,  -7.8908, -10.9449,   4.1868],
         [  6.5155,  -6.7922, -12.9611,  ...,   4.2849,  22.0512,  19.1529],
         [  0.4732,  -1.9142,  -0.5022,  ...,   5.4416,   0.9286,   0.3911]]]), 'rvq_quantizer.layers.1._codebook.embed': tensor([[[-5.2131, -2.1497, -2.5050,  ..., -0.3417,  3.7976,  0.6695],
         [-8.6451,  0.4018, -0.3005,  ...,  1.8538,  1.2601, -0.2891],
         [ 3.2581, -5.3089, -4.8969,  ...,  5.2746,  5.1570,  7.9916],
         ...,
         [-2.9812, -0.9813,  0.7205,  ..., -3.5867, -4.9750,  1.9031],
         [ 2.0218, -2.1076, -4.0218,  ...,  1.3296,  6.8425,  5.9431],
         [ 0.1862, -0.7532, -0.1976,  ...,  2.1413,  0.3654,  0.1539]]]), 'rvq_quantizer.layers.2._codebook.initted': tensor([1.]), 'rvq_quantizer.layers.2._codebook.cluster_size': tensor([[3.2074, 2.5081, 2.0000,  ..., 2.7500, 2.0000, 2.7233]]), 'rvq_quantizer.layers.2._codebook.embed_avg': tensor([[[-1.5558,  3.9107,  5.5891,  ...,  3.8890,  1.1851,  2.6142],
         [ 4.7934, -8.7092, -2.4036,  ..., -2.1678,  2.4779,  5.4547],
         [ 1.1601,  0.1801,  0.9941,  ..., -2.2322, -1.6801, -1.2550],
         ...,
         [-1.7293,  2.5247,  1.8892,  ...,  0.0672,  0.9774, -0.7597],
         [ 3.1955,  3.1736,  2.0723,  ..., -0.4777,  0.2778,  0.7063],
         [ 4.1948, -5.1656, -4.1462,  ..., -2.1743, -1.5879,  4.9382]]]), 'rvq_quantizer.layers.2._codebook.embed': tensor([[[-0.4851,  1.2193,  1.7425,  ...,  1.2125,  0.3695,  0.8150],
         [ 1.9112, -3.4724, -0.9583,  ..., -0.8643,  0.9880,  2.1748],
         [ 0.5800,  0.0901,  0.4970,  ..., -1.1161, -0.8401, -0.6275],
         ...,
         [-0.6288,  0.9181,  0.6870,  ...,  0.0244,  0.3554, -0.2762],
         [ 1.5978,  1.5868,  1.0361,  ..., -0.2389,  0.1389,  0.3532],
         [ 1.5403, -1.8968, -1.5225,  ..., -0.7984, -0.5831,  1.8133]]]), 'rvq_quantizer.layers.3._codebook.initted': tensor([1.]), 'rvq_quantizer.layers.3._codebook.cluster_size': tensor([[2.0000, 2.0946, 2.3132,  ..., 2.0000, 5.2107, 2.1192]]), 'rvq_quantizer.layers.3._codebook.embed_avg': tensor([[[ 2.1313,  8.0878,  3.3950,  ...,  1.7226, -5.4973, -1.3834],
         [ 0.1895,  0.5932,  4.0927,  ...,  8.3584, -3.0971,  1.1336],
         [ 0.2282,  1.5318,  1.8914,  ..., -0.9254,  4.1262,  3.7345],
         ...,
         [-3.6539, -1.1417,  1.1039,  ...,  6.5124,  2.7554,  2.2579],
         [-1.9572,  0.2405,  2.2436,  ...,  0.9790,  0.2802, -3.1016],
         [ 0.1199,  3.3623, -3.4498,  ...,  1.6725,  2.0837,  1.0324]]]), 'rvq_quantizer.layers.3._codebook.embed': tensor([[[ 1.0656,  4.0439,  1.6975,  ...,  0.8613, -2.7487, -0.6917],
         [ 0.0905,  0.2832,  1.9539,  ...,  3.9905, -1.4786,  0.5412],
         [ 0.0986,  0.6622,  0.8177,  ..., -0.4001,  1.7838,  1.6145],
         ...,
         [-1.8269, -0.5708,  0.5520,  ...,  3.2562,  1.3777,  1.1290],
         [-0.3756,  0.0462,  0.4306,  ...,  0.1879,  0.0538, -0.5952],
         [ 0.0566,  1.5866, -1.6279,  ...,  0.7892,  0.9833,  0.4872]]])})
Loss:  tensor(7.1712, grad_fn=<MeanBackward0>)
OrderedDict({'rvq_quantizer.project_in.weight': tensor([[ 0.0523, -0.1904, -0.0092,  ...,  0.1172,  0.1596,  0.0780],
        [-0.1555, -0.0158,  0.1149,  ..., -0.0003, -0.1814, -0.0440],
        [ 0.0068, -0.0524,  0.0892,  ...,  0.0966, -0.0243, -0.0241],
        ...,
        [-0.1037,  0.1498,  0.0396,  ..., -0.1760, -0.1994, -0.2054],
        [-0.0865,  0.1610,  0.0495,  ..., -0.2701, -0.2261, -0.2227],
        [-0.0883,  0.1751, -0.0634,  ..., -0.1424, -0.2633, -0.2026]]), 'rvq_quantizer.project_in.bias': tensor([-0.2834,  0.2636, -0.1115,  0.0960, -0.0265, -0.1035, -0.0236, -0.2103,
         0.0189, -0.3046, -0.1026, -0.0058, -0.2879, -0.1114,  0.1943, -0.0853,
        -0.0689,  0.1430,  0.1882,  0.2457,  0.1270,  0.2303, -0.2431,  0.2785,
        -0.0709, -0.2021,  0.1187,  0.1748,  0.0819,  0.2684,  0.2607,  0.2930]), 'rvq_quantizer.project_out.weight': tensor([[ 0.0863,  0.1175, -0.0987,  ..., -0.0436,  0.0902, -0.0665],
        [-0.0337,  0.0185,  0.1248,  ..., -0.1478, -0.1462, -0.0690],
        [ 0.1136,  0.0347, -0.1496,  ...,  0.1559,  0.1245, -0.1110],
        ...,
        [-0.0980,  0.0885, -0.1271,  ..., -0.0326,  0.1682, -0.0498],
        [-0.0419,  0.0095, -0.0684,  ...,  0.0084, -0.0638, -0.1158],
        [-0.0722,  0.0351, -0.0780,  ..., -0.1712,  0.1494, -0.0657]]), 'rvq_quantizer.project_out.bias': tensor([-0.0057, -0.1618, -0.0106, -0.1491,  0.1075, -0.1614, -0.1343,  0.1031,
         0.0111,  0.0539, -0.1584, -0.0913, -0.0218,  0.0136,  0.0118, -0.0675,
        -0.0649, -0.1732, -0.0018,  0.0052,  0.0404,  0.1226, -0.1440,  0.0450,
         0.1010,  0.1239,  0.1398, -0.0086, -0.0618,  0.0553,  0.1455,  0.1233,
        -0.1643,  0.0420, -0.1047,  0.1099, -0.0730, -0.0033,  0.0521, -0.1638,
         0.0447, -0.0199,  0.1100,  0.0143,  0.0467,  0.1464, -0.1500,  0.0397,
        -0.0979,  0.0147, -0.1461, -0.0785, -0.1591, -0.0969, -0.1011,  0.0893,
        -0.0945,  0.1582,  0.0263, -0.0766, -0.0984,  0.1358,  0.1505,  0.0912]), 'rvq_quantizer.layers.0._codebook.initted': tensor([1.]), 'rvq_quantizer.layers.0._codebook.cluster_size': tensor([[7.3170, 2.0000, 2.0664,  ..., 2.3000, 2.1000, 2.4400]]), 'rvq_quantizer.layers.0._codebook.embed_avg': tensor([[[-347.2356,  856.6842,  -83.1362,  ...,  671.9656,  588.5201,
           582.1234],
         [-138.6120,  262.6125,  -38.1951,  ...,  230.2193,  211.5180,
           208.6128],
         [-192.6622,  225.8691, -101.1566,  ...,  292.3870,  257.4103,
           291.3712],
         ...,
         [-129.4436,  284.4890,  -28.3541,  ...,  231.7774,  203.6242,
           209.9498],
         [-121.6547,  249.4901,  -42.5671,  ...,  216.9790,  202.5754,
           190.4218],
         [-100.2900,  267.8475,  -18.8096,  ...,  203.1371,  178.8265,
           168.8949]]]), 'rvq_quantizer.layers.0._codebook.embed': tensor([[[-47.4561, 117.0816, -11.3621,  ...,  91.8364,  80.4321,  79.5578],
         [-69.3060, 131.3062, -19.0975,  ..., 115.1097, 105.7590, 104.3064],
         [-93.2355, 109.3055, -48.9530,  ..., 141.4956, 124.5693, 141.0041],
         ...,
         [-56.2798, 123.6908, -12.3279,  ..., 100.7727,  88.5322,  91.2824],
         [-57.9307, 118.8047, -20.2700,  ..., 103.3232,  96.4644,  90.6770],
         [-41.1024, 109.7735,  -7.7088,  ...,  83.2529,  73.2895,  69.2192]]]), 'rvq_quantizer.layers.1._codebook.initted': tensor([1.]), 'rvq_quantizer.layers.1._codebook.cluster_size': tensor([[2.0843, 2.1907, 5.7001,  ..., 3.1720, 2.7104, 2.3385]]), 'rvq_quantizer.layers.1._codebook.embed_avg': tensor([[[-1.0404e+01, -4.6445e+00, -5.4973e+00,  ..., -1.0354e+00,
           7.8069e+00,  2.0655e+00],
         [-1.9229e+01,  1.2506e+00, -1.0549e+00,  ...,  4.0506e+00,
           3.0454e+00, -4.9405e-01],
         [ 1.7168e+01, -2.8969e+01, -2.6020e+01,  ...,  2.7236e+01,
           3.0511e+01,  4.9266e+01],
         ...,
         [-7.2452e+00, -4.4833e+00,  2.1354e+00,  ..., -1.0578e+01,
          -1.5886e+01,  4.3654e+00],
         [ 5.7481e+00, -6.2065e+00, -1.0871e+01,  ...,  3.6852e+00,
           1.8201e+01,  1.6091e+01],
         [-2.3816e-02, -1.4403e+00, -2.8749e-01,  ...,  5.1602e+00,
           6.5693e-01,  7.7678e-01]]]), 'rvq_quantizer.layers.1._codebook.embed': tensor([[[-4.9917, -2.2283, -2.6374,  ..., -0.4967,  3.7456,  0.9910],
         [-8.7775,  0.5709, -0.4815,  ...,  1.8490,  1.3902, -0.2255],
         [ 3.0120, -5.0823, -4.5649,  ...,  4.7782,  5.3528,  8.6432],
         ...,
         [-2.2841, -1.4134,  0.6732,  ..., -3.3348, -5.0083,  1.3762],
         [ 2.1208, -2.2899, -4.0109,  ...,  1.3597,  6.7154,  5.9369],
         [-0.0102, -0.6159, -0.1229,  ...,  2.2066,  0.2809,  0.3322]]]), 'rvq_quantizer.layers.2._codebook.initted': tensor([1.]), 'rvq_quantizer.layers.2._codebook.cluster_size': tensor([[3.0780, 2.5116, 2.0800,  ..., 4.2575, 2.0000, 2.3859]]), 'rvq_quantizer.layers.2._codebook.embed_avg': tensor([[[-0.8936,  3.6086,  4.7766,  ...,  4.0886,  1.6856,  3.0839],
         [ 5.7404, -8.6376, -2.9207,  ..., -1.6184,  2.3378,  5.5084],
         [ 1.6728,  0.1990,  1.0002,  ..., -3.0526, -1.6199, -1.4003],
         ...,
         [-2.7594,  4.2893,  3.1276,  ...,  0.0510,  1.8132, -0.5556],
         [ 0.1188, 13.0188,  4.0244,  ..., -0.6262, 10.2463,  1.6967],
         [ 3.4143, -4.8983, -3.4869,  ..., -2.0137, -1.2020,  4.1628]]]), 'rvq_quantizer.layers.2._codebook.embed': tensor([[[-0.2903,  1.1724,  1.5518,  ...,  1.3283,  0.5476,  1.0019],
         [ 2.2856, -3.4392, -1.1629,  ..., -0.6444,  0.9308,  2.1932],
         [ 0.8042,  0.0957,  0.4809,  ..., -1.4676, -0.7788, -0.6732],
         ...,
         [-0.6481,  1.0075,  0.7346,  ...,  0.0120,  0.4259, -0.1305],
         [ 0.0594,  6.5094,  2.0122,  ..., -0.3131,  5.1231,  0.8483],
         [ 1.4310, -2.0530, -1.4615,  ..., -0.8440, -0.5038,  1.7448]]]), 'rvq_quantizer.layers.3._codebook.initted': tensor([1.]), 'rvq_quantizer.layers.3._codebook.cluster_size': tensor([[2.0000, 2.2666, 2.2537,  ..., 2.0900, 5.0607, 2.4866]]), 'rvq_quantizer.layers.3._codebook.embed_avg': tensor([[[-2.1664,  0.8550,  2.8735,  ...,  0.9767,  0.0381, -0.8350],
         [ 0.2550,  0.3145,  4.0836,  ...,  8.3345, -2.8253,  0.9172],
         [ 0.1382,  1.2352,  1.6390,  ..., -0.9086,  3.9376,  3.5701],
         ...,
         [-3.4642, -1.7838,  0.9755,  ...,  6.6512,  2.9393,  2.2251],
         [-1.6426,  0.1861,  2.4332,  ...,  0.6633, -0.1200, -3.0469],
         [ 0.2130,  4.4077, -3.5636,  ...,  2.5642,  2.8509,  0.9221]]]), 'rvq_quantizer.layers.3._codebook.embed': tensor([[[-1.0832,  0.4275,  1.4368,  ...,  0.4884,  0.0190, -0.4175],
         [ 0.1125,  0.1388,  1.8016,  ...,  3.6771, -1.2465,  0.4046],
         [ 0.0613,  0.5481,  0.7273,  ..., -0.4032,  1.7472,  1.5841],
         ...,
         [-1.6575, -0.8535,  0.4667,  ...,  3.1824,  1.4063,  1.0646],
         [-0.3246,  0.0368,  0.4808,  ...,  0.1311, -0.0237, -0.6021],
         [ 0.0857,  1.7726, -1.4331,  ...,  1.0312,  1.1465,  0.3708]]])})
Loss:  tensor(7.0349, grad_fn=<MeanBackward0>)
OrderedDict({'rvq_quantizer.project_in.weight': tensor([[ 0.0592, -0.1968, -0.0168,  ...,  0.1224,  0.1648,  0.0835],
        [-0.1632, -0.0207,  0.1231,  ..., -0.0008, -0.1808, -0.0481],
        [ 0.0082, -0.0591,  0.0893,  ...,  0.0989, -0.0210, -0.0208],
        ...,
        [-0.1113,  0.1567,  0.0484,  ..., -0.1817, -0.2053, -0.2118],
        [-0.0942,  0.1683,  0.0580,  ..., -0.2756, -0.2317, -0.2288],
        [-0.0960,  0.1822, -0.0562,  ..., -0.1495, -0.2704, -0.2100]]), 'rvq_quantizer.project_in.bias': tensor([-0.2899,  0.2711, -0.1131,  0.0989, -0.0302, -0.1057, -0.0200, -0.2154,
         0.0196, -0.3122, -0.1046, -0.0104, -0.2952, -0.1146,  0.2018, -0.0909,
        -0.0693,  0.1487,  0.1906,  0.2523,  0.1343,  0.2382, -0.2501,  0.2852,
        -0.0764, -0.2087,  0.1187,  0.1820,  0.0873,  0.2758,  0.2681,  0.3006]), 'rvq_quantizer.project_out.weight': tensor([[ 0.0863,  0.1175, -0.0987,  ..., -0.0436,  0.0902, -0.0665],
        [-0.0337,  0.0185,  0.1248,  ..., -0.1478, -0.1462, -0.0690],
        [ 0.1136,  0.0347, -0.1496,  ...,  0.1559,  0.1245, -0.1110],
        ...,
        [-0.0980,  0.0885, -0.1271,  ..., -0.0326,  0.1682, -0.0498],
        [-0.0419,  0.0095, -0.0684,  ...,  0.0084, -0.0638, -0.1158],
        [-0.0722,  0.0351, -0.0780,  ..., -0.1712,  0.1494, -0.0657]]), 'rvq_quantizer.project_out.bias': tensor([-0.0057, -0.1618, -0.0106, -0.1491,  0.1075, -0.1614, -0.1343,  0.1031,
         0.0111,  0.0539, -0.1584, -0.0913, -0.0218,  0.0136,  0.0118, -0.0675,
        -0.0649, -0.1732, -0.0018,  0.0052,  0.0404,  0.1226, -0.1440,  0.0450,
         0.1010,  0.1239,  0.1398, -0.0086, -0.0618,  0.0553,  0.1455,  0.1233,
        -0.1643,  0.0420, -0.1047,  0.1099, -0.0730, -0.0033,  0.0521, -0.1638,
         0.0447, -0.0199,  0.1100,  0.0143,  0.0467,  0.1464, -0.1500,  0.0397,
        -0.0979,  0.0147, -0.1461, -0.0785, -0.1591, -0.0969, -0.1011,  0.0893,
        -0.0945,  0.1582,  0.0263, -0.0766, -0.0984,  0.1358,  0.1505,  0.0912]), 'rvq_quantizer.layers.0._codebook.initted': tensor([1.]), 'rvq_quantizer.layers.0._codebook.cluster_size': tensor([[6.5853, 2.4000, 2.0000,  ..., 2.2700, 2.0000, 2.1960]]), 'rvq_quantizer.layers.0._codebook.embed_avg': tensor([[[-312.5120,  771.0158,  -74.8226,  ...,  604.7690,  529.6682,
           523.9111],
         [-166.7986,  315.5136,  -45.4129,  ...,  276.9330,  253.6547,
           251.2380],
         [-216.8138,  264.8455, -103.4577,  ...,  327.9640,  317.1500,
           342.9006],
         ...,
         [-127.9860,  280.9465,  -28.1319,  ...,  228.6221,  200.8692,
           206.9522],
         [-149.8874,  240.8239,  -68.6846,  ...,  240.2618,  218.1014,
           237.1594],
         [ -90.2610,  241.0627,  -16.9286,  ...,  182.8234,  160.9439,
           152.0054]]]), 'rvq_quantizer.layers.0._codebook.embed': tensor([[[ -47.4561,  117.0816,  -11.3621,  ...,   91.8364,   80.4320,
            79.5578],
         [ -69.4994,  131.4639,  -18.9220,  ...,  115.3886,  105.6894,
           104.6824],
         [-108.4069,  132.4228,  -51.7288,  ...,  163.9820,  158.5750,
           171.4503],
         ...,
         [ -56.3814,  123.7648,  -12.3929,  ...,  100.7145,   88.4885,
            91.1683],
         [ -74.9437,  120.4119,  -34.3423,  ...,  120.1309,  109.0507,
           118.5797],
         [ -41.1024,  109.7734,   -7.7088,  ...,   83.2528,   73.2895,
            69.2191]]]), 'rvq_quantizer.layers.1._codebook.initted': tensor([1.]), 'rvq_quantizer.layers.1._codebook.cluster_size': tensor([[2.0000, 2.0716, 5.4301,  ..., 3.4548, 2.4393, 2.2046]]), 'rvq_quantizer.layers.1._codebook.embed_avg': tensor([[[-3.2896e+00,  5.4560e+00, -5.7211e-01,  ..., -3.4270e+00,
          -8.7662e-02,  4.4388e-01],
         [-1.8353e+01,  1.7189e+00, -8.5879e-01,  ...,  4.1507e+00,
           2.3430e+00, -9.7832e-01],
         [ 1.5413e+01, -2.7531e+01, -2.3626e+01,  ...,  2.5473e+01,
           2.8755e+01,  4.8513e+01],
         ...,
         [-8.4552e+00, -5.6820e+00,  2.4384e+00,  ..., -1.1124e+01,
          -1.6880e+01,  3.6675e+00],
         [ 5.1733e+00, -5.5858e+00, -9.7839e+00,  ...,  3.3167e+00,
           1.6381e+01,  1.4482e+01],
         [ 9.7183e-03, -1.5726e+00, -2.8934e-01,  ...,  4.9717e+00,
           4.2124e-01,  6.9904e-01]]]), 'rvq_quantizer.layers.1._codebook.embed': tensor([[[-1.6448e+00,  2.7280e+00, -2.8605e-01,  ..., -1.7135e+00,
          -4.3831e-02,  2.2194e-01],
         [-8.8593e+00,  8.2975e-01, -4.1455e-01,  ...,  2.0036e+00,
           1.1310e+00, -4.7225e-01],
         [ 2.8385e+00, -5.0701e+00, -4.3510e+00,  ...,  4.6910e+00,
           5.2955e+00,  8.9342e+00],
         ...,
         [-2.4474e+00, -1.6447e+00,  7.0580e-01,  ..., -3.2198e+00,
          -4.8859e+00,  1.0616e+00],
         [ 2.1208e+00, -2.2899e+00, -4.0109e+00,  ...,  1.3597e+00,
           6.7154e+00,  5.9369e+00],
         [ 4.4081e-03, -7.1333e-01, -1.3124e-01,  ...,  2.2551e+00,
           1.9107e-01,  3.1708e-01]]]), 'rvq_quantizer.layers.2._codebook.initted': tensor([1.]), 'rvq_quantizer.layers.2._codebook.cluster_size': tensor([[2.7702, 2.5604, 2.0720,  ..., 4.4318, 2.0000, 2.3473]]), 'rvq_quantizer.layers.2._codebook.embed_avg': tensor([[[-0.8043,  3.2477,  4.2989,  ...,  3.6798,  1.5170,  2.7755],
         [ 5.7355, -9.3023, -2.9795,  ..., -1.5445,  2.6821,  5.8100],
         [ 1.6452, -0.0174,  1.2739,  ..., -2.9954, -1.7278, -1.3796],
         ...,
         [-2.5454,  4.3292,  3.1045,  ..., -0.0371,  1.4020, -0.6400],
         [ 2.9034, -5.1423, -3.4541,  ...,  6.5909,  4.1075,  7.2847],
         [ 2.4696, -5.3305, -4.0476,  ..., -2.4699, -2.0282,  3.9045]]]), 'rvq_quantizer.layers.2._codebook.embed': tensor([[[-0.2903,  1.1724,  1.5518,  ...,  1.3283,  0.5476,  1.0019],
         [ 2.2401, -3.6332, -1.1637,  ..., -0.6032,  1.0475,  2.2692],
         [ 0.7940, -0.0084,  0.6148,  ..., -1.4457, -0.8339, -0.6659],
         ...,
         [-0.5744,  0.9769,  0.7005,  ..., -0.0084,  0.3164, -0.1444],
         [ 1.4517, -2.5711, -1.7270,  ...,  3.2954,  2.0538,  3.6424],
         [ 1.0521, -2.2709, -1.7243,  ..., -1.0522, -0.8640,  1.6634]]]), 'rvq_quantizer.layers.3._codebook.initted': tensor([1.]), 'rvq_quantizer.layers.3._codebook.cluster_size': tensor([[2.4000, 2.2400, 2.0283,  ..., 2.0000, 5.0546, 2.3379]]), 'rvq_quantizer.layers.3._codebook.embed_avg': tensor([[[-2.4669e+00,  7.6095e-01,  3.6624e+00,  ...,  9.7479e-01,
           3.2943e-03,  2.7606e-01],
         [ 1.4907e-01,  3.9890e-01,  4.0306e+00,  ...,  7.8107e+00,
          -2.6902e+00,  9.0779e-01],
         [ 1.2438e-01,  1.1117e+00,  1.4751e+00,  ..., -8.1773e-01,
           3.5438e+00,  3.2131e+00],
         ...,
         [-1.6857e+00, -1.4673e+00, -4.4324e+00,  ..., -5.4282e+00,
          -6.3015e-01, -1.8581e+00],
         [-2.0603e+00,  6.2446e-02,  2.6184e+00,  ...,  8.0609e-01,
           4.6754e-02, -2.9790e+00],
         [ 4.8763e-01,  3.9562e+00, -3.2851e+00,  ...,  2.6239e+00,
           2.5885e+00,  9.3999e-01]]]), 'rvq_quantizer.layers.3._codebook.embed': tensor([[[-1.0279e+00,  3.1706e-01,  1.5260e+00,  ...,  4.0616e-01,
           1.3726e-03,  1.1503e-01],
         [ 6.6548e-02,  1.7808e-01,  1.7994e+00,  ...,  3.4870e+00,
          -1.2010e+00,  4.0527e-01],
         [ 6.1324e-02,  5.4807e-01,  7.2727e-01,  ..., -4.0316e-01,
           1.7472e+00,  1.5841e+00],
         ...,
         [-8.4287e-01, -7.3363e-01, -2.2162e+00,  ..., -2.7141e+00,
          -3.1507e-01, -9.2903e-01],
         [-4.0761e-01,  1.2354e-02,  5.1801e-01,  ...,  1.5948e-01,
           9.2498e-03, -5.8937e-01],
         [ 2.0858e-01,  1.6922e+00, -1.4051e+00,  ...,  1.1223e+00,
           1.1072e+00,  4.0206e-01]]])})
Loss:  tensor(6.3721, grad_fn=<MeanBackward0>)
OrderedDict({'rvq_quantizer.project_in.weight': tensor([[ 0.0660, -0.2029, -0.0245,  ...,  0.1274,  0.1698,  0.0889],
        [-0.1708, -0.0250,  0.1312,  ..., -0.0009, -0.1798, -0.0520],
        [ 0.0098, -0.0659,  0.0890,  ...,  0.1010, -0.0179, -0.0176],
        ...,
        [-0.1189,  0.1635,  0.0572,  ..., -0.1873, -0.2110, -0.2181],
        [-0.1017,  0.1755,  0.0665,  ..., -0.2810, -0.2373, -0.2346],
        [-0.1036,  0.1890, -0.0488,  ..., -0.1565, -0.2774, -0.2171]]), 'rvq_quantizer.project_in.bias': tensor([-0.2964,  0.2785, -0.1148,  0.1018, -0.0338, -0.1080, -0.0165, -0.2205,
         0.0204, -0.3196, -0.1067, -0.0150, -0.3023, -0.1177,  0.2092, -0.0963,
        -0.0697,  0.1544,  0.1931,  0.2588,  0.1415,  0.2460, -0.2571,  0.2918,
        -0.0818, -0.2152,  0.1189,  0.1892,  0.0926,  0.2832,  0.2754,  0.3081]), 'rvq_quantizer.project_out.weight': tensor([[ 0.0863,  0.1175, -0.0987,  ..., -0.0436,  0.0902, -0.0665],
        [-0.0337,  0.0185,  0.1248,  ..., -0.1478, -0.1462, -0.0690],
        [ 0.1136,  0.0347, -0.1496,  ...,  0.1559,  0.1245, -0.1110],
        ...,
        [-0.0980,  0.0885, -0.1271,  ..., -0.0326,  0.1682, -0.0498],
        [-0.0419,  0.0095, -0.0684,  ...,  0.0084, -0.0638, -0.1158],
        [-0.0722,  0.0351, -0.0780,  ..., -0.1712,  0.1494, -0.0657]]), 'rvq_quantizer.project_out.bias': tensor([-0.0057, -0.1618, -0.0106, -0.1491,  0.1075, -0.1614, -0.1343,  0.1031,
         0.0111,  0.0539, -0.1584, -0.0913, -0.0218,  0.0136,  0.0118, -0.0675,
        -0.0649, -0.1732, -0.0018,  0.0052,  0.0404,  0.1226, -0.1440,  0.0450,
         0.1010,  0.1239,  0.1398, -0.0086, -0.0618,  0.0553,  0.1455,  0.1233,
        -0.1643,  0.0420, -0.1047,  0.1099, -0.0730, -0.0033,  0.0521, -0.1638,
         0.0447, -0.0199,  0.1100,  0.0143,  0.0467,  0.1464, -0.1500,  0.0397,
        -0.0979,  0.0147, -0.1461, -0.0785, -0.1591, -0.0969, -0.1011,  0.0893,
        -0.0945,  0.1582,  0.0263, -0.0766, -0.0984,  0.1358,  0.1505,  0.0912]), 'rvq_quantizer.layers.0._codebook.initted': tensor([1.]), 'rvq_quantizer.layers.0._codebook.cluster_size': tensor([[5.9268, 2.2600, 2.0000,  ..., 2.0430, 2.3000, 2.0000]]), 'rvq_quantizer.layers.0._codebook.embed_avg': tensor([[[-281.2608,  693.9142,  -67.3403,  ...,  544.2921,  476.7013,
           471.5200],
         [-157.2076,  297.1116,  -42.5991,  ...,  260.6963,  238.5434,
           236.6745],
         [-217.0123,  265.6291, -103.3320,  ...,  328.1239,  316.5325,
           341.4782],
         ...,
         [-115.1874,  252.8518,  -25.3187,  ...,  205.7599,  180.7823,
           186.2570],
         [-172.3319,  277.4334,  -78.4492,  ...,  276.0884,  252.7155,
           274.4107],
         [ -96.3581,  218.2690,  -32.5187,  ...,  179.0353,  151.5351,
           149.6963]]]), 'rvq_quantizer.layers.0._codebook.embed': tensor([[[ -47.4561,  117.0816,  -11.3621,  ...,   91.8364,   80.4320,
            79.5578],
         [ -69.5608,  131.4652,  -18.8491,  ...,  115.3522,  105.5501,
           104.7231],
         [-108.5060,  132.8144,  -51.6659,  ...,  164.0617,  158.2660,
           170.7388],
         ...,
         [ -56.3814,  123.7648,  -12.3929,  ...,  100.7145,   88.4885,
            91.1683],
         [ -74.9269,  120.6231,  -34.1083,  ...,  120.0384,  109.8762,
           119.3089],
         [ -48.1790,  109.1345,  -16.2593,  ...,   89.5177,   75.7675,
            74.8482]]]), 'rvq_quantizer.layers.1._codebook.initted': tensor([1.]), 'rvq_quantizer.layers.1._codebook.cluster_size': tensor([[2.0000, 2.0000, 4.9871,  ..., 3.6093, 2.2954, 2.0842]]), 'rvq_quantizer.layers.1._codebook.embed_avg': tensor([[[ -4.0586,  11.9546,   2.8574,  ...,   0.6325,   2.5892,   7.6802],
         [ -3.9379,  -8.5358,  -9.0119,  ...,   1.6404,   8.2957,   2.6186],
         [ 14.3833, -25.0942, -21.6488,  ...,  23.2924,  26.2336,  44.6145],
         ...,
         [ -9.4620,  -5.1323,   3.8101,  ..., -12.7704, -18.4349,   3.4754],
         [  5.3005,  -5.8346,  -9.6070,  ...,   3.6413,  14.9216,  13.0952],
         [  0.1936,  -1.3994,  -0.2242,  ...,   4.6913,   0.4588,   0.6189]]]), 'rvq_quantizer.layers.1._codebook.embed': tensor([[[-2.0293,  5.9773,  1.4287,  ...,  0.3162,  1.2946,  3.8401],
         [-1.9690, -4.2679, -4.5060,  ...,  0.8202,  4.1478,  1.3093],
         [ 2.8841, -5.0319, -4.3410,  ...,  4.6706,  5.2603,  8.9461],
         ...,
         [-2.6215, -1.4220,  1.0556,  ..., -3.5382, -5.1076,  0.9629],
         [ 2.3092, -2.5418, -4.1853,  ...,  1.5864,  6.5006,  5.7049],
         [ 0.0929, -0.6714, -0.1076,  ...,  2.2509,  0.2201,  0.2970]]]), 'rvq_quantizer.layers.2._codebook.initted': tensor([1.]), 'rvq_quantizer.layers.2._codebook.cluster_size': tensor([[2.6932, 2.7044, 2.0648,  ..., 4.9886, 2.0000, 2.5126]]), 'rvq_quantizer.layers.2._codebook.embed_avg': tensor([[[ -0.7799,   2.1077,   4.6705,  ...,   3.7129,   1.5036,   2.5432],
         [  5.9939, -10.4992,  -3.7399,  ...,  -1.9721,   2.7146,   5.7370],
         [  2.0081,  -0.2327,   1.0516,  ...,  -3.0376,  -1.5500,  -1.3344],
         ...,
         [ -2.6549,   4.8087,   3.0671,  ...,  -0.4237,   2.0304,  -0.8590],
         [ -4.5744,  -7.4651,   7.2845,  ...,   2.0063,   2.5685,   0.5970],
         [  2.6450,  -5.7567,  -3.6848,  ...,  -2.8921,  -1.9969,   4.7694]]]), 'rvq_quantizer.layers.2._codebook.embed': tensor([[[-0.2896,  0.7826,  1.7342,  ...,  1.3786,  0.5583,  0.9443],
         [ 2.2164, -3.8823, -1.3829,  ..., -0.7292,  1.0038,  2.1214],
         [ 0.9726, -0.1127,  0.5093,  ..., -1.4711, -0.7507, -0.6463],
         ...,
         [-0.5322,  0.9639,  0.6148,  ..., -0.0849,  0.4070, -0.1722],
         [-2.2872, -3.7325,  3.6422,  ...,  1.0032,  1.2842,  0.2985],
         [ 1.0527, -2.2912, -1.4665,  ..., -1.1510, -0.7948,  1.8982]]]), 'rvq_quantizer.layers.3._codebook.initted': tensor([1.]), 'rvq_quantizer.layers.3._codebook.cluster_size': tensor([[2.4600, 2.1160, 2.0000,  ..., 2.0000, 4.8492, 2.4041]]), 'rvq_quantizer.layers.3._codebook.embed_avg': tensor([[[-2.7397,  0.9087,  4.4146,  ...,  0.8234, -0.0323, -0.0229],
         [ 0.3829,  0.1651,  3.5539,  ...,  7.2975, -2.5054,  0.8338],
         [-3.3949,  2.5111,  2.4943,  ..., -2.6362,  0.5848,  3.5439],
         ...,
         [ 0.3614, -1.0435,  0.1223,  ...,  1.3122, -0.6198,  1.8319],
         [-1.8594,  0.0555,  2.4774,  ...,  0.9191, -0.1003, -2.9142],
         [ 0.1787,  3.9109, -3.5464,  ...,  2.8991,  2.5603,  1.2636]]]), 'rvq_quantizer.layers.3._codebook.embed': tensor([[[-1.1137,  0.3694,  1.7946,  ...,  0.3347, -0.0131, -0.0093],
         [ 0.1810,  0.0780,  1.6796,  ...,  3.4488, -1.1841,  0.3941],
         [-1.6974,  1.2556,  1.2471,  ..., -1.3181,  0.2924,  1.7719],
         ...,
         [ 0.1807, -0.5218,  0.0612,  ...,  0.6561, -0.3099,  0.9160],
         [-0.3835,  0.0115,  0.5109,  ...,  0.1895, -0.0207, -0.6010],
         [ 0.0743,  1.6268, -1.4752,  ...,  1.2059,  1.0650,  0.5256]]])})
Loss:  tensor(6.2296, grad_fn=<MeanBackward0>)
OrderedDict({'rvq_quantizer.project_in.weight': tensor([[ 0.0727, -0.2088, -0.0322,  ...,  0.1323,  0.1747,  0.0942],
        [-0.1782, -0.0287,  0.1392,  ..., -0.0007, -0.1783, -0.0556],
        [ 0.0115, -0.0727,  0.0883,  ...,  0.1027, -0.0148, -0.0144],
        ...,
        [-0.1264,  0.1701,  0.0659,  ..., -0.1927, -0.2166, -0.2243],
        [-0.1093,  0.1825,  0.0750,  ..., -0.2862, -0.2426, -0.2404],
        [-0.1110,  0.1957, -0.0411,  ..., -0.1633, -0.2843, -0.2242]]), 'rvq_quantizer.project_in.bias': tensor([-0.3027,  0.2857, -0.1164,  0.1047, -0.0372, -0.1103, -0.0132, -0.2256,
         0.0214, -0.3270, -0.1086, -0.0197, -0.3094, -0.1208,  0.2165, -0.1015,
        -0.0702,  0.1600,  0.1957,  0.2653,  0.1487,  0.2537, -0.2641,  0.2984,
        -0.0872, -0.2217,  0.1192,  0.1963,  0.0978,  0.2904,  0.2827,  0.3155]), 'rvq_quantizer.project_out.weight': tensor([[ 0.0863,  0.1175, -0.0987,  ..., -0.0436,  0.0902, -0.0665],
        [-0.0337,  0.0185,  0.1248,  ..., -0.1478, -0.1462, -0.0690],
        [ 0.1136,  0.0347, -0.1496,  ...,  0.1559,  0.1245, -0.1110],
        ...,
        [-0.0980,  0.0885, -0.1271,  ..., -0.0326,  0.1682, -0.0498],
        [-0.0419,  0.0095, -0.0684,  ...,  0.0084, -0.0638, -0.1158],
        [-0.0722,  0.0351, -0.0780,  ..., -0.1712,  0.1494, -0.0657]]), 'rvq_quantizer.project_out.bias': tensor([-0.0057, -0.1618, -0.0106, -0.1491,  0.1075, -0.1614, -0.1343,  0.1031,
         0.0111,  0.0539, -0.1584, -0.0913, -0.0218,  0.0136,  0.0118, -0.0675,
        -0.0649, -0.1732, -0.0018,  0.0052,  0.0404,  0.1226, -0.1440,  0.0450,
         0.1010,  0.1239,  0.1398, -0.0086, -0.0618,  0.0553,  0.1455,  0.1233,
        -0.1643,  0.0420, -0.1047,  0.1099, -0.0730, -0.0033,  0.0521, -0.1638,
         0.0447, -0.0199,  0.1100,  0.0143,  0.0467,  0.1464, -0.1500,  0.0397,
        -0.0979,  0.0147, -0.1461, -0.0785, -0.1591, -0.0969, -0.1011,  0.0893,
        -0.0945,  0.1582,  0.0263, -0.0766, -0.0984,  0.1358,  0.1505,  0.0912]), 'rvq_quantizer.layers.0._codebook.initted': tensor([1.]), 'rvq_quantizer.layers.0._codebook.cluster_size': tensor([[5.3341, 2.0340, 2.0000,  ..., 2.0000, 2.1700, 2.0000]]), 'rvq_quantizer.layers.0._codebook.embed_avg': tensor([[[-253.1347,  624.5228,  -60.6063,  ...,  489.8629,  429.0312,
           424.3680],
         [-141.4869,  267.4004,  -38.3392,  ...,  234.6267,  214.6891,
           213.0071],
         [-153.7865,  283.8431,  -40.3343,  ...,  250.9991,  225.2698,
           225.9907],
         ...,
         [-182.3569,  303.4650,  -46.3868,  ...,  284.9376,  264.7454,
           257.4950],
         [-162.0500,  261.2282,  -73.6679,  ...,  260.2754,  238.7285,
           259.3809],
         [-228.2928,  261.3314, -123.3126,  ...,  342.4270,  330.8661,
           369.3688]]]), 'rvq_quantizer.layers.0._codebook.embed': tensor([[[ -47.4561,  117.0816,  -11.3621,  ...,   91.8364,   80.4320,
            79.5578],
         [ -69.5608,  131.4651,  -18.8491,  ...,  115.3522,  105.5500,
           104.7231],
         [ -76.8932,  141.9216,  -20.1672,  ...,  125.4996,  112.6349,
           112.9953],
         ...,
         [ -91.1784,  151.7325,  -23.1934,  ...,  142.4688,  132.3727,
           128.7475],
         [ -74.6773,  120.3815,  -33.9483,  ...,  119.9424,  110.0130,
           119.5302],
         [-114.1464,  130.6657,  -61.6563,  ...,  171.2135,  165.4331,
           184.6844]]]), 'rvq_quantizer.layers.1._codebook.initted': tensor([1.]), 'rvq_quantizer.layers.1._codebook.cluster_size': tensor([[2.0000, 2.0000, 4.4883,  ..., 3.8484, 2.0659, 2.0000]]), 'rvq_quantizer.layers.1._codebook.embed_avg': tensor([[[ -4.4336,  12.3551,   2.6785,  ...,   0.2773,   2.3122,   7.9524],
         [-13.7799, -10.4965,  -5.7713,  ...,  15.3771,   2.9055,   8.6077],
         [ 12.9450, -22.5848, -19.4839,  ...,  20.9632,  23.6102,  40.1530],
         ...,
         [-10.3083,  -5.8855,   5.1136,  ..., -15.2276, -20.7986,   4.7072],
         [  4.7705,  -5.2511,  -8.6463,  ...,   3.2772,  13.4294,  11.7857],
         [  0.1657,   1.3785,  -1.2588,  ...,  -0.0534,   3.2004,   2.2177]]]), 'rvq_quantizer.layers.1._codebook.embed': tensor([[[-2.2168,  6.1776,  1.3392,  ...,  0.1387,  1.1561,  3.9762],
         [-6.8899, -5.2482, -2.8857,  ...,  7.6886,  1.4527,  4.3038],
         [ 2.8841, -5.0319, -4.3410,  ...,  4.6706,  5.2603,  8.9461],
         ...,
         [-2.6786, -1.5294,  1.3288,  ..., -3.9569, -5.4045,  1.2232],
         [ 2.3092, -2.5418, -4.1853,  ...,  1.5864,  6.5006,  5.7049],
         [ 0.0828,  0.6893, -0.6294,  ..., -0.0267,  1.6002,  1.1089]]]), 'rvq_quantizer.layers.2._codebook.initted': tensor([1.]), 'rvq_quantizer.layers.2._codebook.cluster_size': tensor([[2.4239, 2.7339, 2.8583,  ..., 5.6897, 2.1000, 2.3613]]), 'rvq_quantizer.layers.2._codebook.embed_avg': tensor([[[ -0.7019,   1.8969,   4.2034,  ...,   3.3416,   1.3532,   2.2889],
         [  5.9134, -11.0650,  -3.9992,  ...,  -2.2760,   3.2945,   5.3069],
         [  3.4311,   0.4493,   0.7933,  ...,  -4.4003,  -1.8319,  -1.8235],
         ...,
         [ -2.1261,   5.0453,   3.2161,  ...,  -0.6461,   2.1933,  -0.9289],
         [ -4.4056,  -6.3390,   7.9612,  ...,   1.6040,   3.4242,   1.4971],
         [  2.4519,  -5.2597,  -3.2622,  ...,  -2.6545,  -1.9540,   4.5064]]]), 'rvq_quantizer.layers.2._codebook.embed': tensor([[[-0.2896,  0.7826,  1.7342,  ...,  1.3786,  0.5583,  0.9443],
         [ 2.1630, -4.0473, -1.4628,  ..., -0.8325,  1.2051,  1.9411],
         [ 1.2004,  0.1572,  0.2775,  ..., -1.5395, -0.6409, -0.6380],
         ...,
         [-0.3737,  0.8867,  0.5652,  ..., -0.1136,  0.3855, -0.1633],
         [-2.0979, -3.0186,  3.7910,  ...,  0.7638,  1.6306,  0.7129],
         [ 1.0384, -2.2275, -1.3815,  ..., -1.1242, -0.8275,  1.9084]]]), 'rvq_quantizer.layers.3._codebook.initted': tensor([1.]), 'rvq_quantizer.layers.3._codebook.cluster_size': tensor([[2.4140, 2.0044, 2.2000,  ..., 2.4000, 5.0642, 2.3637]]), 'rvq_quantizer.layers.3._codebook.embed_avg': tensor([[[-2.5263,  0.9669,  4.0607,  ...,  0.9843, -0.2587, -0.1052],
         [ 0.4277,  0.0493,  3.3158,  ...,  6.9187, -2.3902,  0.6970],
         [-3.4804,  3.4323,  2.5850,  ..., -2.9687,  0.4831,  4.0690],
         ...,
         [ 0.6336, -1.8011, -0.6187,  ...,  1.6285, -0.8709,  2.8774],
         [-2.1828,  0.2870,  2.5105,  ...,  1.1656, -0.2740, -2.5097],
         [ 0.5248,  3.6705, -3.4593,  ...,  2.3327,  2.5665,  1.6074]]]), 'rvq_quantizer.layers.3._codebook.embed': tensor([[[-1.0465,  0.4005,  1.6821,  ...,  0.4078, -0.1072, -0.0436],
         [ 0.2134,  0.0246,  1.6543,  ...,  3.4518, -1.1925,  0.3477],
         [-1.5820,  1.5601,  1.1750,  ..., -1.3494,  0.2196,  1.8496],
         ...,
         [ 0.2640, -0.7505, -0.2578,  ...,  0.6785, -0.3629,  1.1989],
         [-0.4310,  0.0567,  0.4957,  ...,  0.2302, -0.0541, -0.4956],
         [ 0.2220,  1.5528, -1.4635,  ...,  0.9869,  1.0858,  0.6800]]])})
Loss:  tensor(6.0439, grad_fn=<MeanBackward0>)
OrderedDict({'rvq_quantizer.project_in.weight': tensor([[ 7.9375e-02, -2.1449e-01, -4.0126e-02,  ...,  1.3697e-01,
          1.7938e-01,  9.9329e-02],
        [-1.8555e-01, -3.1493e-02,  1.4708e-01,  ..., -6.8286e-05,
         -1.7628e-01, -5.8905e-02],
        [ 1.3195e-02, -7.9446e-02,  8.7210e-02,  ...,  1.0425e-01,
         -1.1955e-02, -1.1445e-02],
        ...,
        [-1.3385e-01,  1.7666e-01,  7.4646e-02,  ..., -1.9799e-01,
         -2.2206e-01, -2.3033e-01],
        [-1.1669e-01,  1.8943e-01,  8.3520e-02,  ..., -2.9125e-01,
         -2.4782e-01, -2.4597e-01],
        [-1.1842e-01,  2.0210e-01, -3.3199e-02,  ..., -1.7003e-01,
         -2.9095e-01, -2.3111e-01]]), 'rvq_quantizer.project_in.bias': tensor([-0.3089,  0.2928, -0.1181,  0.1075, -0.0404, -0.1125, -0.0099, -0.2306,
         0.0226, -0.3343, -0.1104, -0.0244, -0.3163, -0.1238,  0.2237, -0.1064,
        -0.0708,  0.1655,  0.1984,  0.2716,  0.1557,  0.2613, -0.2710,  0.3049,
        -0.0924, -0.2281,  0.1195,  0.2033,  0.1029,  0.2976,  0.2898,  0.3227]), 'rvq_quantizer.project_out.weight': tensor([[ 0.0863,  0.1175, -0.0987,  ..., -0.0436,  0.0902, -0.0665],
        [-0.0337,  0.0185,  0.1248,  ..., -0.1478, -0.1462, -0.0690],
        [ 0.1136,  0.0347, -0.1496,  ...,  0.1559,  0.1245, -0.1110],
        ...,
        [-0.0980,  0.0885, -0.1271,  ..., -0.0326,  0.1682, -0.0498],
        [-0.0419,  0.0095, -0.0684,  ...,  0.0084, -0.0638, -0.1158],
        [-0.0722,  0.0351, -0.0780,  ..., -0.1712,  0.1494, -0.0657]]), 'rvq_quantizer.project_out.bias': tensor([-0.0057, -0.1618, -0.0106, -0.1491,  0.1075, -0.1614, -0.1343,  0.1031,
         0.0111,  0.0539, -0.1584, -0.0913, -0.0218,  0.0136,  0.0118, -0.0675,
        -0.0649, -0.1732, -0.0018,  0.0052,  0.0404,  0.1226, -0.1440,  0.0450,
         0.1010,  0.1239,  0.1398, -0.0086, -0.0618,  0.0553,  0.1455,  0.1233,
        -0.1643,  0.0420, -0.1047,  0.1099, -0.0730, -0.0033,  0.0521, -0.1638,
         0.0447, -0.0199,  0.1100,  0.0143,  0.0467,  0.1464, -0.1500,  0.0397,
        -0.0979,  0.0147, -0.1461, -0.0785, -0.1591, -0.0969, -0.1011,  0.0893,
        -0.0945,  0.1582,  0.0263, -0.0766, -0.0984,  0.1358,  0.1505,  0.0912]), 'rvq_quantizer.layers.0._codebook.initted': tensor([1.]), 'rvq_quantizer.layers.0._codebook.cluster_size': tensor([[4.8007, 2.0000, 2.0000,  ..., 2.0000, 2.0000, 2.0000]]), 'rvq_quantizer.layers.0._codebook.embed_avg': tensor([[[-227.8212,  562.0706,  -54.5457,  ...,  440.8766,  386.1281,
           381.9312],
         [-251.2386,  284.4147, -116.2226,  ...,  370.4448,  340.3759,
           359.4245],
         [-154.2386,  283.9879,  -40.3652,  ...,  251.3166,  225.5119,
           226.3104],
         ...,
         [-244.5305,  293.7280,  -94.9040,  ...,  356.1227,  334.3693,
           346.1622],
         [-158.2984,  292.6551,  -46.2777,  ...,  268.5783,  257.0428,
           244.4539],
         [-177.3580,  309.3686,  -41.3830,  ...,  276.0995,  253.5231,
           254.0249]]]), 'rvq_quantizer.layers.0._codebook.embed': tensor([[[ -47.4561,  117.0815,  -11.3621,  ...,   91.8363,   80.4320,
            79.5578],
         [-125.6193,  142.2073,  -58.1113,  ...,  185.2224,  170.1880,
           179.7122],
         [ -77.1192,  141.9937,  -20.1826,  ...,  125.6581,  112.7558,
           113.1550],
         ...,
         [-122.2653,  146.8640,  -47.4520,  ...,  178.0613,  167.1847,
           173.0811],
         [ -79.1492,  146.3275,  -23.1388,  ...,  134.2892,  128.5214,
           122.2269],
         [ -88.6790,  154.6843,  -20.6915,  ...,  138.0497,  126.7616,
           127.0125]]]), 'rvq_quantizer.layers.1._codebook.initted': tensor([1.]), 'rvq_quantizer.layers.1._codebook.cluster_size': tensor([[2.0000, 2.0000, 4.1395,  ..., 4.1635, 2.0000, 2.2000]]), 'rvq_quantizer.layers.1._codebook.embed_avg': tensor([[[ -4.1294,  -1.0508,  -3.4434,  ...,   0.5420,  -0.2415,   1.8909],
         [-13.3808, -11.1542,  -5.6346,  ...,  14.7975,   3.0016,   8.5570],
         [ 11.9983, -20.4477, -17.4734,  ...,  19.1052,  21.9425,  37.3037],
         ...,
         [-10.4556,  -6.5904,   4.9459,  ..., -15.7563, -20.3624,   5.2428],
         [ -8.2506,  -8.3277,   3.2821,  ...,   6.6087,   2.0125,  -0.1964],
         [  0.1745,   1.9865,  -1.5282,  ...,  -0.1827,   3.3498,   2.5092]]]), 'rvq_quantizer.layers.1._codebook.embed': tensor([[[-2.0647, -0.5254, -1.7217,  ...,  0.2710, -0.1207,  0.9455],
         [-6.6904, -5.5771, -2.8173,  ...,  7.3987,  1.5008,  4.2785],
         [ 2.8985, -4.9396, -4.2211,  ...,  4.6153,  5.3007,  9.0116],
         ...,
         [-2.5112, -1.5829,  1.1879,  ..., -3.7843, -4.8906,  1.2592],
         [-4.1253, -4.1639,  1.6410,  ...,  3.3043,  1.0063, -0.0982],
         [ 0.0793,  0.9030, -0.6946,  ..., -0.0830,  1.5226,  1.1405]]]), 'rvq_quantizer.layers.2._codebook.initted': tensor([1.]), 'rvq_quantizer.layers.2._codebook.cluster_size': tensor([[2.3815, 2.6605, 2.7725,  ..., 5.9207, 2.0000, 2.3252]]), 'rvq_quantizer.layers.2._codebook.embed_avg': tensor([[[ -1.0920,   1.8506,   4.3855,  ...,   3.5290,   1.8881,   1.6898],
         [  5.8164, -10.9175,  -4.2273,  ...,  -2.2220,   2.8092,   5.7879],
         [  3.4940,   0.2717,   0.6649,  ...,  -4.4730,  -1.6001,  -1.7518],
         ...,
         [ -2.1637,   4.7884,   3.1622,  ...,  -0.6216,   2.0202,  -0.9270],
         [  5.6991,  -1.6298,   6.5397,  ...,  -4.0595,  -9.8960,  -2.9000],
         [  2.6536,  -5.5108,  -3.2040,  ...,  -2.9584,  -2.4652,   4.1602]]]), 'rvq_quantizer.layers.2._codebook.embed': tensor([[[-0.4585,  0.7771,  1.8415,  ...,  1.4818,  0.7928,  0.7096],
         [ 2.1862, -4.1035, -1.5889,  ..., -0.8352,  1.0559,  2.1755],
         [ 1.2602,  0.0980,  0.2398,  ..., -1.6134, -0.5771, -0.6319],
         ...,
         [-0.3654,  0.8088,  0.5341,  ..., -0.1050,  0.3412, -0.1566],
         [ 2.8496, -0.8149,  3.2699,  ..., -2.0297, -4.9480, -1.4500],
         [ 1.1412, -2.3700, -1.3780,  ..., -1.2723, -1.0602,  1.7892]]]), 'rvq_quantizer.layers.3._codebook.initted': tensor([1.]), 'rvq_quantizer.layers.3._codebook.cluster_size': tensor([[2.1726, 2.0039, 2.1800,  ..., 2.3600, 4.9578, 2.1273]]), 'rvq_quantizer.layers.3._codebook.embed_avg': tensor([[[-2.2736,  0.8702,  3.6546,  ...,  0.8859, -0.2328, -0.0947],
         [ 0.0789, -0.1613,  2.7603,  ...,  6.8962, -2.2960,  0.7774],
         [-3.3951,  3.6440,  2.5996,  ..., -2.9482,  0.6050,  3.8446],
         ...,
         [ 0.6610, -1.4050, -0.6703,  ...,  1.4883, -0.8007,  2.8507],
         [-2.5819, -0.2586,  2.4862,  ...,  1.0069, -0.2365, -2.6127],
         [ 0.4723,  3.3034, -3.1133,  ...,  2.0994,  2.3099,  1.4467]]]), 'rvq_quantizer.layers.3._codebook.embed': tensor([[[-1.0465,  0.4005,  1.6821,  ...,  0.4078, -0.1072, -0.0436],
         [ 0.0394, -0.0805,  1.3774,  ...,  3.4413, -1.1458,  0.3879],
         [-1.5574,  1.6715,  1.1925,  ..., -1.3524,  0.2775,  1.7636],
         ...,
         [ 0.2801, -0.5953, -0.2840,  ...,  0.6306, -0.3393,  1.2079],
         [-0.5208, -0.0522,  0.5015,  ...,  0.2031, -0.0477, -0.5270],
         [ 0.2220,  1.5528, -1.4635,  ...,  0.9869,  1.0858,  0.6800]]])})
Loss:  tensor(6.1514, grad_fn=<MeanBackward0>)
OrderedDict({'rvq_quantizer.project_in.weight': tensor([[ 0.0859, -0.2198, -0.0481,  ...,  0.1415,  0.1839,  0.1043],
        [-0.1928, -0.0335,  0.1549,  ...,  0.0008, -0.1739, -0.0620],
        [ 0.0149, -0.0859,  0.0857,  ...,  0.1054, -0.0093, -0.0086],
        ...,
        [-0.1412,  0.1831,  0.0833,  ..., -0.2031, -0.2274, -0.2363],
        [-0.1241,  0.1962,  0.0920,  ..., -0.2961, -0.2529, -0.2514],
        [-0.1257,  0.2083, -0.0251,  ..., -0.1766, -0.2975, -0.2379]]), 'rvq_quantizer.project_in.bias': tensor([-0.3151,  0.2998, -0.1196,  0.1103, -0.0434, -0.1145, -0.0068, -0.2357,
         0.0238, -0.3415, -0.1122, -0.0291, -0.3232, -0.1268,  0.2308, -0.1112,
        -0.0715,  0.1710,  0.2012,  0.2778,  0.1627,  0.2689, -0.2779,  0.3113,
        -0.0976, -0.2344,  0.1199,  0.2103,  0.1079,  0.3046,  0.2969,  0.3299]), 'rvq_quantizer.project_out.weight': tensor([[ 0.0863,  0.1175, -0.0987,  ..., -0.0436,  0.0902, -0.0665],
        [-0.0337,  0.0185,  0.1248,  ..., -0.1478, -0.1462, -0.0690],
        [ 0.1136,  0.0347, -0.1496,  ...,  0.1559,  0.1245, -0.1110],
        ...,
        [-0.0980,  0.0885, -0.1271,  ..., -0.0326,  0.1682, -0.0498],
        [-0.0419,  0.0095, -0.0684,  ...,  0.0084, -0.0638, -0.1158],
        [-0.0722,  0.0351, -0.0780,  ..., -0.1712,  0.1494, -0.0657]]), 'rvq_quantizer.project_out.bias': tensor([-0.0057, -0.1618, -0.0106, -0.1491,  0.1075, -0.1614, -0.1343,  0.1031,
         0.0111,  0.0539, -0.1584, -0.0913, -0.0218,  0.0136,  0.0118, -0.0675,
        -0.0649, -0.1732, -0.0018,  0.0052,  0.0404,  0.1226, -0.1440,  0.0450,
         0.1010,  0.1239,  0.1398, -0.0086, -0.0618,  0.0553,  0.1455,  0.1233,
        -0.1643,  0.0420, -0.1047,  0.1099, -0.0730, -0.0033,  0.0521, -0.1638,
         0.0447, -0.0199,  0.1100,  0.0143,  0.0467,  0.1464, -0.1500,  0.0397,
        -0.0979,  0.0147, -0.1461, -0.0785, -0.1591, -0.0969, -0.1011,  0.0893,
        -0.0945,  0.1582,  0.0263, -0.0766, -0.0984,  0.1358,  0.1505,  0.0912]), 'rvq_quantizer.layers.0._codebook.initted': tensor([1.]), 'rvq_quantizer.layers.0._codebook.cluster_size': tensor([[4.3206, 2.0000, 2.0000,  ..., 2.1000, 2.4000, 4.0000]]), 'rvq_quantizer.layers.0._codebook.embed_avg': tensor([[[-205.0391,  505.8635,  -49.0911,  ...,  396.7889,  347.5153,
           343.7380],
         [-263.3165,  247.9852, -143.0068,  ...,  393.9323,  365.6617,
           411.0340],
         [-272.4283,  316.3220, -113.7247,  ...,  404.0004,  376.3267,
           388.5121],
         ...,
         [-257.1075,  308.1540,  -99.4932,  ...,  373.4093,  350.1832,
           363.9630],
         [-191.1081,  352.2159,  -55.7550,  ...,  322.7491,  307.0651,
           294.2964],
         [-355.6551,  618.5968,  -83.9445,  ...,  552.3894,  506.2500,
           507.9799]]]), 'rvq_quantizer.layers.0._codebook.embed': tensor([[[ -47.4561,  117.0815,  -11.3621,  ...,   91.8363,   80.4320,
            79.5577],
         [-131.6582,  123.9926,  -71.5034,  ...,  196.9662,  182.8309,
           205.5170],
         [-136.2141,  158.1610,  -56.8623,  ...,  202.0002,  188.1634,
           194.2561],
         ...,
         [-122.4320,  146.7398,  -47.3776,  ...,  177.8138,  166.7537,
           173.3155],
         [ -79.6283,  146.7565,  -23.2312,  ...,  134.4787,  127.9437,
           122.6234],
         [ -88.9138,  154.6494,  -20.9861,  ...,  138.0975,  126.5626,
           126.9951]]]), 'rvq_quantizer.layers.1._codebook.initted': tensor([1.]), 'rvq_quantizer.layers.1._codebook.cluster_size': tensor([[2.0000, 2.1000, 3.7256,  ..., 4.3472, 2.0000, 2.5800]]), 'rvq_quantizer.layers.1._codebook.embed_avg': tensor([[[-1.3878e+01, -1.6192e+00,  3.3702e+00,  ..., -2.3692e+00,
           6.3409e+00,  8.0402e+00],
         [-1.2906e+01, -1.1116e+01, -7.0081e+00,  ...,  1.4966e+01,
           3.4881e+00,  9.0486e+00],
         [ 1.0799e+01, -1.8403e+01, -1.5726e+01,  ...,  1.7195e+01,
           1.9748e+01,  3.3573e+01],
         ...,
         [-9.8248e+00, -8.5660e+00,  5.5641e+00,  ..., -1.6939e+01,
          -1.9884e+01,  6.3541e+00],
         [-7.5793e+00, -8.0817e+00,  3.1335e+00,  ...,  6.7963e+00,
           2.0730e+00, -8.5968e-01],
         [ 6.8710e-03,  1.8806e+00, -2.0304e+00,  ..., -1.2352e-01,
           4.0076e+00,  3.4508e+00]]]), 'rvq_quantizer.layers.1._codebook.embed': tensor([[[-6.9390e+00, -8.0960e-01,  1.6851e+00,  ..., -1.1846e+00,
           3.1705e+00,  4.0201e+00],
         [-6.1459e+00, -5.2931e+00, -3.3372e+00,  ...,  7.1269e+00,
           1.6610e+00,  4.3089e+00],
         [ 2.8985e+00, -4.9396e+00, -4.2211e+00,  ...,  4.6153e+00,
           5.3007e+00,  9.0116e+00],
         ...,
         [-2.2600e+00, -1.9705e+00,  1.2799e+00,  ..., -3.8966e+00,
          -4.5741e+00,  1.4617e+00],
         [-3.7896e+00, -4.0408e+00,  1.5667e+00,  ...,  3.3981e+00,
           1.0365e+00, -4.2984e-01],
         [ 2.6632e-03,  7.2893e-01, -7.8697e-01,  ..., -4.7877e-02,
           1.5533e+00,  1.3375e+00]]]), 'rvq_quantizer.layers.2._codebook.initted': tensor([1.]), 'rvq_quantizer.layers.2._codebook.cluster_size': tensor([[2.2433, 2.5945, 2.7952,  ..., 6.5287, 2.0000, 2.1927]]), 'rvq_quantizer.layers.2._codebook.embed_avg': tensor([[[ -0.7162,   1.7830,   4.1416,  ...,   3.7552,   1.8342,   1.3854],
         [  5.3523, -10.7368,  -3.9274,  ...,  -2.1667,   2.6818,   5.3267],
         [  3.2624,  -0.0895,   0.4220,  ...,  -4.5087,  -1.9753,  -1.7957],
         ...,
         [ -2.2852,   5.0791,   3.0818,  ...,  -0.5485,   1.7081,  -1.1373],
         [ -9.4337,  18.1318,   4.6760,  ...,   0.0849,  11.5724,   5.0176],
         [  2.3416,  -4.9105,  -3.1320,  ...,  -2.5851,  -2.5676,   3.7610]]]), 'rvq_quantizer.layers.2._codebook.embed': tensor([[[-0.3193,  0.7948,  1.8462,  ...,  1.6740,  0.8176,  0.6176],
         [ 2.0630, -4.1383, -1.5137,  ..., -0.8351,  1.0336,  2.0531],
         [ 1.1671, -0.0320,  0.1510,  ..., -1.6130, -0.7067, -0.6424],
         ...,
         [-0.3500,  0.7780,  0.4720,  ..., -0.0840,  0.2616, -0.1742],
         [-4.7168,  9.0659,  2.3380,  ...,  0.0424,  5.7862,  2.5088],
         [ 1.0679, -2.2395, -1.4284,  ..., -1.1790, -1.1710,  1.7152]]]), 'rvq_quantizer.layers.3._codebook.initted': tensor([1.]), 'rvq_quantizer.layers.3._codebook.cluster_size': tensor([[2.0553, 2.1035, 2.3620,  ..., 2.7240, 5.0620, 2.0146]]), 'rvq_quantizer.layers.3._codebook.embed_avg': tensor([[[-2.1598,  0.7084,  3.7388,  ...,  0.9853, -0.0784, -0.2815],
         [ 0.5248, -0.2197,  2.4094,  ...,  7.3745, -1.7169,  0.5760],
         [-3.7609,  3.8955,  3.1413,  ..., -3.0345,  0.7089,  3.7758],
         ...,
         [ 0.4501, -2.1584, -0.5560,  ...,  2.1548, -0.7517,  3.5864],
         [-2.2859, -0.4780,  3.1760,  ...,  1.3297, -0.4800, -2.4728],
         [ 0.5201,  3.3404, -2.8289,  ...,  1.9249,  1.9602,  1.1845]]]), 'rvq_quantizer.layers.3._codebook.embed': tensor([[[-1.0508,  0.3446,  1.8191,  ...,  0.4794, -0.0381, -0.1370],
         [ 0.2495, -0.1044,  1.1454,  ...,  3.5058, -0.8162,  0.2738],
         [-1.5923,  1.6493,  1.3299,  ..., -1.2847,  0.3001,  1.5985],
         ...,
         [ 0.1652, -0.7924, -0.2041,  ...,  0.7910, -0.2760,  1.3166],
         [-0.4516, -0.0944,  0.6274,  ...,  0.2627, -0.0948, -0.4885],
         [ 0.2582,  1.6581, -1.4042,  ...,  0.9555,  0.9730,  0.5880]]])})
Loss:  tensor(6.1742, grad_fn=<MeanBackward0>)
OrderedDict({'rvq_quantizer.project_in.weight': tensor([[ 0.0924, -0.2249, -0.0561,  ...,  0.1459,  0.1883,  0.1092],
        [-0.1999, -0.0347,  0.1625,  ...,  0.0019, -0.1713, -0.0649],
        [ 0.0166, -0.0921,  0.0839,  ...,  0.1063, -0.0067, -0.0059],
        ...,
        [-0.1485,  0.1894,  0.0919,  ..., -0.2081, -0.2326, -0.2421],
        [-0.1313,  0.2029,  0.1004,  ..., -0.3008, -0.2578, -0.2568],
        [-0.1329,  0.2144, -0.0169,  ..., -0.1829, -0.3039, -0.2445]]), 'rvq_quantizer.project_in.bias': tensor([-0.3211,  0.3066, -0.1211,  0.1130, -0.0463, -0.1165, -0.0038, -0.2407,
         0.0253, -0.3486, -0.1139, -0.0338, -0.3299, -0.1297,  0.2378, -0.1157,
        -0.0722,  0.1764,  0.2041,  0.2839,  0.1696,  0.2764, -0.2848,  0.3177,
        -0.1026, -0.2407,  0.1203,  0.2172,  0.1128,  0.3117,  0.3039,  0.3370]), 'rvq_quantizer.project_out.weight': tensor([[ 0.0863,  0.1175, -0.0987,  ..., -0.0436,  0.0902, -0.0665],
        [-0.0337,  0.0185,  0.1248,  ..., -0.1478, -0.1462, -0.0690],
        [ 0.1136,  0.0347, -0.1496,  ...,  0.1559,  0.1245, -0.1110],
        ...,
        [-0.0980,  0.0885, -0.1271,  ..., -0.0326,  0.1682, -0.0498],
        [-0.0419,  0.0095, -0.0684,  ...,  0.0084, -0.0638, -0.1158],
        [-0.0722,  0.0351, -0.0780,  ..., -0.1712,  0.1494, -0.0657]]), 'rvq_quantizer.project_out.bias': tensor([-0.0057, -0.1618, -0.0106, -0.1491,  0.1075, -0.1614, -0.1343,  0.1031,
         0.0111,  0.0539, -0.1584, -0.0913, -0.0218,  0.0136,  0.0118, -0.0675,
        -0.0649, -0.1732, -0.0018,  0.0052,  0.0404,  0.1226, -0.1440,  0.0450,
         0.1010,  0.1239,  0.1398, -0.0086, -0.0618,  0.0553,  0.1455,  0.1233,
        -0.1643,  0.0420, -0.1047,  0.1099, -0.0730, -0.0033,  0.0521, -0.1638,
         0.0447, -0.0199,  0.1100,  0.0143,  0.0467,  0.1464, -0.1500,  0.0397,
        -0.0979,  0.0147, -0.1461, -0.0785, -0.1591, -0.0969, -0.1011,  0.0893,
        -0.0945,  0.1582,  0.0263, -0.0766, -0.0984,  0.1358,  0.1505,  0.0912]), 'rvq_quantizer.layers.0._codebook.initted': tensor([1.]), 'rvq_quantizer.layers.0._codebook.cluster_size': tensor([[3.8886, 2.1000, 2.0000,  ..., 2.2900, 3.2600, 3.6000]]), 'rvq_quantizer.layers.0._codebook.embed_avg': tensor([[[-184.5352,  455.2771,  -44.1820,  ...,  357.1100,  312.7637,
           309.3642],
         [-277.3089,  260.3380, -150.4344,  ...,  413.8876,  384.2899,
           431.7491],
         [-259.1764,  316.4049,  -90.7515,  ...,  366.1194,  344.4100,
           371.7785],
         ...,
         [-281.4907,  336.1852, -108.3119,  ...,  407.2920,  381.0653,
           397.8712],
         [-262.0305,  478.2991,  -77.2853,  ...,  438.8493,  416.4136,
           399.4273],
         [-320.0895,  556.7371,  -75.5500,  ...,  497.1505,  455.6250,
           457.1819]]]), 'rvq_quantizer.layers.0._codebook.embed': tensor([[[ -47.4560,  117.0815,  -11.3621,  ...,   91.8363,   80.4320,
            79.5577],
         [-132.0517,  123.9703,  -71.6353,  ...,  197.0891,  182.9950,
           205.5946],
         [-129.5882,  158.2025,  -45.3758,  ...,  183.0597,  172.2050,
           185.8893],
         ...,
         [-122.9216,  146.8057,  -47.2977,  ...,  177.8566,  166.4039,
           173.7427],
         [ -80.3775,  146.7176,  -23.7072,  ...,  134.6164,  127.7343,
           122.5238],
         [ -88.9138,  154.6493,  -20.9861,  ...,  138.0974,  126.5626,
           126.9951]]]), 'rvq_quantizer.layers.1._codebook.initted': tensor([1.]), 'rvq_quantizer.layers.1._codebook.cluster_size': tensor([[2.0000, 2.0000, 3.6530,  ..., 4.5125, 2.0000, 2.8220]]), 'rvq_quantizer.layers.1._codebook.embed_avg': tensor([[[-10.7281,  18.3764, -13.9832,  ...,  -6.9357,  -5.0435,  -6.3328],
         [  1.1264,  13.5367,   6.8013,  ...,  -8.8326,   1.0730,  -9.3113],
         [ 10.5541, -17.4599, -15.3456,  ...,  17.1312,  21.1214,  33.6937],
         ...,
         [-10.0253,  -8.1191,   5.8618,  ..., -16.9748, -18.7531,   7.4532],
         [ -7.0277,  -7.7334,   2.5123,  ...,   6.5490,   1.7288,  -1.4073],
         [  0.1776,   2.5364,  -2.5300,  ...,   0.0535,   4.0775,   3.3371]]]), 'rvq_quantizer.layers.1._codebook.embed': tensor([[[-5.3640,  9.1882, -6.9916,  ..., -3.4678, -2.5218, -3.1664],
         [ 0.5632,  6.7683,  3.4007,  ..., -4.4163,  0.5365, -4.6557],
         [ 2.8891, -4.7796, -4.2008,  ...,  4.6896,  5.7819,  9.2236],
         ...,
         [-2.2217, -1.7993,  1.2990,  ..., -3.7617, -4.1558,  1.6517],
         [-3.5138, -3.8667,  1.2562,  ...,  3.2745,  0.8644, -0.7037],
         [ 0.0629,  0.8988, -0.8965,  ...,  0.0190,  1.4449,  1.1825]]]), 'rvq_quantizer.layers.2._codebook.initted': tensor([1.]), 'rvq_quantizer.layers.2._codebook.cluster_size': tensor([[2.1190, 2.5350, 2.7157,  ..., 6.2758, 2.0000, 2.0734]]), 'rvq_quantizer.layers.2._codebook.embed_avg': tensor([[[ -0.8333,   1.7865,   3.7561,  ...,   3.4910,   2.0907,   1.0706],
         [  4.8896, -10.5798,  -4.0803,  ...,  -1.7572,   2.3267,   4.7481],
         [  3.5861,  -0.3284,   0.3791,  ...,  -4.2205,  -2.2358,  -1.7899],
         ...,
         [ -2.1008,   4.8717,   3.0121,  ...,  -0.5636,   1.5937,  -1.1091],
         [  4.2814,  -9.2338,   2.7433,  ...,   2.2842,   1.1778,  -2.2027],
         [  2.1901,  -4.4897,  -2.9210,  ...,  -2.6848,  -2.3886,   4.1088]]]), 'rvq_quantizer.layers.2._codebook.embed': tensor([[[-0.3933,  0.8431,  1.7726,  ...,  1.6475,  0.9867,  0.5052],
         [ 1.9288, -4.1735, -1.6096,  ..., -0.6932,  0.9178,  1.8730],
         [ 1.3205, -0.1209,  0.1396,  ..., -1.5541, -0.8233, -0.6591],
         ...,
         [-0.3347,  0.7763,  0.4800,  ..., -0.0898,  0.2540, -0.1767],
         [ 2.1407, -4.6169,  1.3717,  ...,  1.1421,  0.5889, -1.1014],
         [ 1.0563, -2.1654, -1.4088,  ..., -1.2949, -1.1520,  1.9817]]]), 'rvq_quantizer.layers.3._codebook.initted': tensor([1.]), 'rvq_quantizer.layers.3._codebook.cluster_size': tensor([[2.2498, 2.1932, 2.2258,  ..., 2.6516, 4.8558, 2.0000]]), 'rvq_quantizer.layers.3._codebook.embed_avg': tensor([[[-1.6352,  0.9978,  4.7820,  ...,  1.2665,  0.3142, -1.1185],
         [ 0.9217, -0.2770,  2.0437,  ...,  7.4509, -2.1219,  0.7227],
         [-3.5576,  3.2989,  3.3181,  ..., -2.5978,  0.8751,  3.2522],
         ...,
         [ 0.3374, -2.2380, -0.4185,  ...,  2.0457, -0.7243,  3.1753],
         [-2.1984, -0.3860,  3.3729,  ...,  1.0559, -0.4943, -2.0269],
         [-7.9835, -2.4785,  3.8895,  ...,  0.7419,  0.6728, -1.7673]]]), 'rvq_quantizer.layers.3._codebook.embed': tensor([[[-0.7268,  0.4435,  2.1255,  ...,  0.5629,  0.1396, -0.4972],
         [ 0.4202, -0.1263,  0.9318,  ...,  3.3973, -0.9675,  0.3295],
         [-1.5984,  1.4821,  1.4907,  ..., -1.1671,  0.3931,  1.4611],
         ...,
         [ 0.1272, -0.8440, -0.1578,  ...,  0.7715, -0.2731,  1.1975],
         [-0.4527, -0.0795,  0.6946,  ...,  0.2174, -0.1018, -0.4174],
         [-3.9918, -1.2393,  1.9447,  ...,  0.3709,  0.3364, -0.8837]]])})
Loss:  tensor(6.1876, grad_fn=<MeanBackward0>)
OrderedDict({'rvq_quantizer.project_in.weight': tensor([[ 0.0987, -0.2296, -0.0642,  ...,  0.1501,  0.1925,  0.1139],
        [-0.2070, -0.0350,  0.1700,  ...,  0.0032, -0.1683, -0.0676],
        [ 0.0183, -0.0979,  0.0816,  ...,  0.1069, -0.0043, -0.0033],
        ...,
        [-0.1557,  0.1956,  0.1004,  ..., -0.2130, -0.2377, -0.2479],
        [-0.1385,  0.2095,  0.1087,  ..., -0.3053, -0.2625, -0.2619],
        [-0.1400,  0.2202, -0.0086,  ..., -0.1892, -0.3101, -0.2510]]), 'rvq_quantizer.project_in.bias': tensor([-0.3270,  0.3134, -0.1225,  0.1156, -0.0490, -0.1184, -0.0009, -0.2457,
         0.0268, -0.3557, -0.1155, -0.0386, -0.3365, -0.1326,  0.2447, -0.1201,
        -0.0729,  0.1817,  0.2070,  0.2899,  0.1765,  0.2838, -0.2916,  0.3240,
        -0.1076, -0.2469,  0.1208,  0.2241,  0.1176,  0.3186,  0.3109,  0.3439]), 'rvq_quantizer.project_out.weight': tensor([[ 0.0863,  0.1175, -0.0987,  ..., -0.0436,  0.0902, -0.0665],
        [-0.0337,  0.0185,  0.1248,  ..., -0.1478, -0.1462, -0.0690],
        [ 0.1136,  0.0347, -0.1496,  ...,  0.1559,  0.1245, -0.1110],
        ...,
        [-0.0980,  0.0885, -0.1271,  ..., -0.0326,  0.1682, -0.0498],
        [-0.0419,  0.0095, -0.0684,  ...,  0.0084, -0.0638, -0.1158],
        [-0.0722,  0.0351, -0.0780,  ..., -0.1712,  0.1494, -0.0657]]), 'rvq_quantizer.project_out.bias': tensor([-0.0057, -0.1618, -0.0106, -0.1491,  0.1075, -0.1614, -0.1343,  0.1031,
         0.0111,  0.0539, -0.1584, -0.0913, -0.0218,  0.0136,  0.0118, -0.0675,
        -0.0649, -0.1732, -0.0018,  0.0052,  0.0404,  0.1226, -0.1440,  0.0450,
         0.1010,  0.1239,  0.1398, -0.0086, -0.0618,  0.0553,  0.1455,  0.1233,
        -0.1643,  0.0420, -0.1047,  0.1099, -0.0730, -0.0033,  0.0521, -0.1638,
         0.0447, -0.0199,  0.1100,  0.0143,  0.0467,  0.1464, -0.1500,  0.0397,
        -0.0979,  0.0147, -0.1461, -0.0785, -0.1591, -0.0969, -0.1011,  0.0893,
        -0.0945,  0.1582,  0.0263, -0.0766, -0.0984,  0.1358,  0.1505,  0.0912]), 'rvq_quantizer.layers.0._codebook.initted': tensor([1.]), 'rvq_quantizer.layers.0._codebook.cluster_size': tensor([[3.4997, 2.0000, 2.2000,  ..., 2.0610, 3.4340, 3.3400]]), 'rvq_quantizer.layers.0._codebook.embed_avg': tensor([[[-166.0817,  409.7494,  -39.7638,  ...,  321.3990,  281.4874,
           278.4278],
         [-299.4157,  305.9616, -126.4933,  ...,  417.5283,  389.2489,
           421.3056],
         [-285.3626,  349.7684,  -99.6497,  ...,  402.6768,  378.9727,
           408.4909],
         ...,
         [-253.3416,  302.5667,  -97.4807,  ...,  366.5628,  342.9588,
           358.0840],
         [-277.3815,  504.5298,  -81.9664,  ...,  461.7574,  437.8870,
           421.6981],
         [-296.9373,  516.7822,  -70.2171,  ...,  461.2404,  422.9234,
           424.3860]]]), 'rvq_quantizer.layers.0._codebook.embed': tensor([[[ -47.4560,  117.0814,  -11.3621,  ...,   91.8363,   80.4319,
            79.5577],
         [-149.7079,  152.9808,  -63.2467,  ...,  208.7642,  194.6245,
           210.6528],
         [-129.7101,  158.9854,  -45.2952,  ...,  183.0347,  172.2601,
           185.6775],
         ...,
         [-122.9215,  146.8056,  -47.2977,  ...,  177.8565,  166.4038,
           173.7426],
         [ -80.7751,  146.9220,  -23.8691,  ...,  134.4664,  127.5152,
           122.8009],
         [ -88.9034,  154.7253,  -21.0231,  ...,  138.0960,  126.6238,
           127.0617]]]), 'rvq_quantizer.layers.1._codebook.initted': tensor([1.]), 'rvq_quantizer.layers.1._codebook.cluster_size': tensor([[2.0000, 2.0000, 3.4877,  ..., 4.6612, 2.0000, 3.0398]]), 'rvq_quantizer.layers.1._codebook.embed_avg': tensor([[[ 7.8503e-01,  9.3438e+00,  1.1078e+01,  ...,  2.0852e+00,
           1.5816e+00, -8.2394e-01],
         [ 1.0440e+00,  1.3236e+01,  7.3928e+00,  ..., -9.0340e+00,
           1.2160e+00, -9.0683e+00],
         [ 9.8343e+00, -1.7392e+01, -1.5009e+01,  ...,  1.7455e+01,
           2.0320e+01,  3.2454e+01],
         ...,
         [-9.9755e+00, -9.8390e+00,  4.8461e+00,  ..., -1.7420e+01,
          -1.7952e+01,  7.9816e+00],
         [-4.4776e+00,  5.1467e+00, -3.6659e+00,  ..., -6.5069e+00,
          -4.2880e+00,  2.0739e+00],
         [ 1.0756e-02,  2.5853e+00, -2.6656e+00,  ...,  3.1277e-01,
           4.2200e+00,  3.3209e+00]]]), 'rvq_quantizer.layers.1._codebook.embed': tensor([[[ 3.9252e-01,  4.6719e+00,  5.5388e+00,  ...,  1.0426e+00,
           7.9080e-01, -4.1197e-01],
         [ 5.2202e-01,  6.6179e+00,  3.6964e+00,  ..., -4.5170e+00,
           6.0800e-01, -4.5342e+00],
         [ 2.8197e+00, -4.9865e+00, -4.3035e+00,  ...,  5.0047e+00,
           5.8261e+00,  9.3053e+00],
         ...,
         [-2.1401e+00, -2.1108e+00,  1.0397e+00,  ..., -3.7372e+00,
          -3.8514e+00,  1.7123e+00],
         [-2.2388e+00,  2.5733e+00, -1.8330e+00,  ..., -3.2534e+00,
          -2.1440e+00,  1.0370e+00],
         [ 3.5383e-03,  8.5050e-01, -8.7689e-01,  ...,  1.0289e-01,
           1.3882e+00,  1.0925e+00]]]), 'rvq_quantizer.layers.2._codebook.initted': tensor([1.]), 'rvq_quantizer.layers.2._codebook.cluster_size': tensor([[2.0000, 2.4815, 2.5441,  ..., 6.2482, 2.0000, 2.0000]]), 'rvq_quantizer.layers.2._codebook.embed_avg': tensor([[[ -0.3886,  -3.4591,  -1.9592,  ...,  -1.5225,  -3.1461,  -3.0673],
         [  4.9958, -11.1643,  -4.4145,  ...,  -1.7220,   2.2106,   5.1350],
         [  3.6115,  -0.3757,   0.2333,  ...,  -3.8921,  -2.2010,  -1.5744],
         ...,
         [ -2.3653,   5.0304,   2.8820,  ...,  -0.5961,   1.4883,  -1.0289],
         [ -1.8121,  -5.8985,   1.9599,  ...,  -4.7060,   4.0287,   6.1857],
         [  0.1757,  -0.2645,   1.5872,  ...,   4.4934,   0.7432,  -0.6860]]]), 'rvq_quantizer.layers.2._codebook.embed': tensor([[[-0.1943, -1.7295, -0.9796,  ..., -0.7613, -1.5730, -1.5337],
         [ 2.0132, -4.4990, -1.7789,  ..., -0.6939,  0.8908,  2.0693],
         [ 1.4195, -0.1477,  0.0917,  ..., -1.5298, -0.8651, -0.6188],
         ...,
         [-0.3786,  0.8051,  0.4612,  ..., -0.0954,  0.2382, -0.1647],
         [-0.9061, -2.9492,  0.9799,  ..., -2.3530,  2.0143,  3.0929],
         [ 0.0879, -0.1322,  0.7936,  ...,  2.2467,  0.3716, -0.3430]]]), 'rvq_quantizer.layers.3._codebook.initted': tensor([1.]), 'rvq_quantizer.layers.3._codebook.cluster_size': tensor([[2.2248, 2.1739, 2.2032,  ..., 2.7864, 4.9703, 2.0000]]), 'rvq_quantizer.layers.3._codebook.embed_avg': tensor([[[-1.3596,  0.6776,  4.8974,  ...,  1.1894,  0.1381, -1.1012],
         [ 0.4391, -0.6150,  1.9491,  ...,  7.5184, -1.9982,  0.8275],
         [-3.2737,  3.6057,  3.2206,  ..., -2.6177,  0.5264,  3.2493],
         ...,
         [ 0.5145, -2.6562, -0.1502,  ...,  2.4468, -0.6517,  3.0760],
         [-2.4692, -0.6349,  3.7244,  ...,  1.3268, -0.0648, -1.8738],
         [ 3.3123, -7.3276,  8.9029,  ...,  1.6300,  3.9281,  5.8206]]]), 'rvq_quantizer.layers.3._codebook.embed': tensor([[[-0.6111,  0.3045,  2.2013,  ...,  0.5346,  0.0621, -0.4950],
         [ 0.2020, -0.2829,  0.8966,  ...,  3.4585, -0.9192,  0.3807],
         [-1.4859,  1.6366,  1.4618,  ..., -1.1881,  0.2389,  1.4748],
         ...,
         [ 0.1847, -0.9533, -0.0539,  ...,  0.8781, -0.2339,  1.1039],
         [-0.4968, -0.1277,  0.7493,  ...,  0.2669, -0.0130, -0.3770],
         [ 1.6562, -3.6638,  4.4515,  ...,  0.8150,  1.9641,  2.9103]]])})
Loss:  tensor(6.0956, grad_fn=<MeanBackward0>)
OrderedDict({'rvq_quantizer.project_in.weight': tensor([[ 1.0500e-01, -2.3402e-01, -7.2274e-02,  ...,  1.5423e-01,
          1.9663e-01,  1.1843e-01],
        [-2.1390e-01, -3.4586e-02,  1.7745e-01,  ...,  4.6144e-03,
         -1.6518e-01, -7.0239e-02],
        [ 1.9890e-02, -1.0305e-01,  7.8969e-02,  ...,  1.0721e-01,
         -2.0832e-03, -8.3918e-04],
        ...,
        [-1.6288e-01,  2.0165e-01,  1.0887e-01,  ..., -2.1784e-01,
         -2.4265e-01, -2.5355e-01],
        [-1.4566e-01,  2.1600e-01,  1.1700e-01,  ..., -3.0965e-01,
         -2.6710e-01, -2.6700e-01],
        [-1.4697e-01,  2.2589e-01, -2.7580e-04,  ..., -1.9524e-01,
         -3.1621e-01, -2.5742e-01]]), 'rvq_quantizer.project_in.bias': tensor([-0.3328,  0.3201, -0.1239,  0.1181, -0.0516, -0.1201,  0.0019, -0.2507,
         0.0283, -0.3626, -0.1171, -0.0433, -0.3429, -0.1355,  0.2515, -0.1242,
        -0.0736,  0.1870,  0.2100,  0.2958,  0.1833,  0.2912, -0.2984,  0.3303,
        -0.1125, -0.2531,  0.1213,  0.2309,  0.1222,  0.3255,  0.3177,  0.3508]), 'rvq_quantizer.project_out.weight': tensor([[ 0.0863,  0.1175, -0.0987,  ..., -0.0436,  0.0902, -0.0665],
        [-0.0337,  0.0185,  0.1248,  ..., -0.1478, -0.1462, -0.0690],
        [ 0.1136,  0.0347, -0.1496,  ...,  0.1559,  0.1245, -0.1110],
        ...,
        [-0.0980,  0.0885, -0.1271,  ..., -0.0326,  0.1682, -0.0498],
        [-0.0419,  0.0095, -0.0684,  ...,  0.0084, -0.0638, -0.1158],
        [-0.0722,  0.0351, -0.0780,  ..., -0.1712,  0.1494, -0.0657]]), 'rvq_quantizer.project_out.bias': tensor([-0.0057, -0.1618, -0.0106, -0.1491,  0.1075, -0.1614, -0.1343,  0.1031,
         0.0111,  0.0539, -0.1584, -0.0913, -0.0218,  0.0136,  0.0118, -0.0675,
        -0.0649, -0.1732, -0.0018,  0.0052,  0.0404,  0.1226, -0.1440,  0.0450,
         0.1010,  0.1239,  0.1398, -0.0086, -0.0618,  0.0553,  0.1455,  0.1233,
        -0.1643,  0.0420, -0.1047,  0.1099, -0.0730, -0.0033,  0.0521, -0.1638,
         0.0447, -0.0199,  0.1100,  0.0143,  0.0467,  0.1464, -0.1500,  0.0397,
        -0.0979,  0.0147, -0.1461, -0.0785, -0.1591, -0.0969, -0.1011,  0.0893,
        -0.0945,  0.1582,  0.0263, -0.0766, -0.0984,  0.1358,  0.1505,  0.0912]), 'rvq_quantizer.layers.0._codebook.initted': tensor([1.]), 'rvq_quantizer.layers.0._codebook.cluster_size': tensor([[3.1497, 2.0000, 2.1800,  ..., 2.0000, 3.0906, 3.0060]]), 'rvq_quantizer.layers.0._codebook.embed_avg': tensor([[[-149.4735,  368.7745,  -35.7874,  ...,  289.2592,  253.3386,
           250.5850],
         [-308.9898,  279.9011, -141.8010,  ...,  428.3221,  396.2953,
           442.0586],
         [-282.6777,  346.2805,  -99.0807,  ...,  399.7619,  376.4131,
           405.0686],
         ...,
         [-187.0262,  320.6117,  -39.9254,  ...,  279.3212,  261.4254,
           259.9298],
         [-249.6433,  454.0768,  -73.7698,  ...,  415.5817,  394.0983,
           379.5283],
         [-267.2436,  465.1040,  -63.1954,  ...,  415.1164,  380.6311,
           381.9474]]]), 'rvq_quantizer.layers.0._codebook.embed': tensor([[[ -47.4560,  117.0814,  -11.3621,  ...,   91.8362,   80.4319,
            79.5577],
         [-154.4949,  139.9505,  -70.9005,  ...,  214.1610,  198.1476,
           221.0293],
         [-129.6685,  158.8441,  -45.4498,  ...,  183.3768,  172.6664,
           185.8111],
         ...,
         [ -93.5131,  160.3058,  -19.9627,  ...,  139.6606,  130.7127,
           129.9649],
         [ -80.7751,  146.9219,  -23.8691,  ...,  134.4664,  127.5152,
           122.8009],
         [ -88.9034,  154.7253,  -21.0231,  ...,  138.0960,  126.6238,
           127.0617]]]), 'rvq_quantizer.layers.1._codebook.initted': tensor([1.]), 'rvq_quantizer.layers.1._codebook.cluster_size': tensor([[2.0000, 2.0000, 3.1389,  ..., 4.7951, 2.4000, 3.3358]]), 'rvq_quantizer.layers.1._codebook.embed_avg': tensor([[[ -1.0081,   7.9600,   0.5523,  ...,  -3.9014,  -1.7744,  -0.7407],
         [  0.1335,  13.1645,   8.2984,  ...,  -8.2938,   2.0052,  -8.1089],
         [  8.8509, -15.6524, -13.5085,  ...,  15.7095,  18.2877,  29.2087],
         ...,
         [-10.4513, -10.5795,   4.6316,  ..., -19.3747, -18.6605,   8.2470],
         [ -4.8671,   5.8437,  -2.9777,  ...,  -6.3288,  -4.1056,   2.4966],
         [ -0.5083,   3.1541,  -2.7024,  ...,   0.5390,   4.2803,   3.5343]]]), 'rvq_quantizer.layers.1._codebook.embed': tensor([[[-0.5040,  3.9800,  0.2761,  ..., -1.9507, -0.8872, -0.3703],
         [ 0.0668,  6.5822,  4.1492,  ..., -4.1469,  1.0026, -4.0544],
         [ 2.8197, -4.9865, -4.3035,  ...,  5.0047,  5.8261,  9.3053],
         ...,
         [-2.1796, -2.2063,  0.9659,  ..., -4.0405, -3.8916,  1.7199],
         [-2.0280,  2.4349, -1.2407,  ..., -2.6370, -1.7107,  1.0402],
         [-0.1524,  0.9455, -0.8101,  ...,  0.1616,  1.2831,  1.0595]]]), 'rvq_quantizer.layers.2._codebook.initted': tensor([1.]), 'rvq_quantizer.layers.2._codebook.cluster_size': tensor([[2.0000, 2.4334, 2.5897,  ..., 5.9234, 2.0000, 2.0000]]), 'rvq_quantizer.layers.2._codebook.embed_avg': tensor([[[  6.2909,  -0.6741,  -2.6529,  ...,   2.1460,   1.7812,  -5.7895],
         [  5.1910, -10.8045,  -3.8578,  ...,  -2.1533,   1.7968,   4.2840],
         [  3.9733,  -0.4328,  -0.0199,  ...,  -4.0005,  -2.3504,  -1.7540],
         ...,
         [ -2.2715,   4.3441,   2.7160,  ...,  -0.5672,   1.6005,  -1.0582],
         [ -0.5694,  -5.4395,  -1.5816,  ...,  -3.0515,  -0.9066,   6.2992],
         [ -0.1877,   1.3142,  -1.3521,  ...,   1.5886,   2.4052,   3.6869]]]), 'rvq_quantizer.layers.2._codebook.embed': tensor([[[ 3.1455, -0.3371, -1.3264,  ...,  1.0730,  0.8906, -2.8948],
         [ 2.1333, -4.4401, -1.5854,  ..., -0.8849,  0.7384,  1.7605],
         [ 1.5342, -0.1671, -0.0077,  ..., -1.5448, -0.9076, -0.6773],
         ...,
         [-0.3835,  0.7334,  0.4585,  ..., -0.0957,  0.2702, -0.1787],
         [-0.2847, -2.7197, -0.7908,  ..., -1.5257, -0.4533,  3.1496],
         [-0.0939,  0.6571, -0.6760,  ...,  0.7943,  1.2026,  1.8434]]]), 'rvq_quantizer.layers.3._codebook.initted': tensor([1.]), 'rvq_quantizer.layers.3._codebook.cluster_size': tensor([[2.3023, 2.0565, 2.5829,  ..., 2.8078, 4.4732, 2.0000]]), 'rvq_quantizer.layers.3._codebook.embed_avg': tensor([[[-1.7019,  0.3729,  5.6565,  ...,  0.9732,  0.4843, -0.8745],
         [ 0.3476, -0.5771,  1.9146,  ...,  6.9596, -2.1274,  0.8807],
         [-4.6208,  4.4276,  3.2064,  ..., -2.5754,  1.3016,  4.0119],
         ...,
         [ 0.2681, -2.3959, -0.5162,  ...,  2.5130, -0.4458,  2.9498],
         [-2.2223, -0.5714,  3.3520,  ...,  1.1941, -0.0583, -1.6864],
         [-0.0412, -0.1387, -5.6418,  ...,  1.5586,  2.7681,  5.4422]]]), 'rvq_quantizer.layers.3._codebook.embed': tensor([[[-0.7392,  0.1620,  2.4569,  ...,  0.4227,  0.2103, -0.3798],
         [ 0.1690, -0.2806,  0.9310,  ...,  3.3842, -1.0345,  0.4283],
         [-1.7890,  1.7142,  1.2414,  ..., -0.9971,  0.5039,  1.5532],
         ...,
         [ 0.0955, -0.8533, -0.1839,  ...,  0.8950, -0.1588,  1.0506],
         [-0.4968, -0.1277,  0.7493,  ...,  0.2669, -0.0130, -0.3770],
         [-0.0206, -0.0693, -2.8209,  ...,  0.7793,  1.3841,  2.7211]]])})
Loss:  tensor(6.2242, grad_fn=<MeanBackward0>)
OrderedDict({'rvq_quantizer.project_in.weight': tensor([[ 0.1173, -0.2418, -0.0885,  ...,  0.1620,  0.2044,  0.1272],
        [-0.2275, -0.0316,  0.1918,  ...,  0.0075, -0.1585, -0.0753],
        [ 0.0233, -0.1114,  0.0726,  ...,  0.1073,  0.0023,  0.0041],
        ...,
        [-0.1770,  0.2136,  0.1255,  ..., -0.2272, -0.2523, -0.2647],
        [-0.1597,  0.2286,  0.1335,  ..., -0.3178, -0.2758, -0.2767],
        [-0.1607,  0.2366,  0.0166,  ..., -0.2069, -0.3279, -0.2698]]), 'rvq_quantizer.project_in.bias': tensor([-0.3442,  0.3331, -0.1268,  0.1229, -0.0564, -0.1237,  0.0072, -0.2606,
         0.0314, -0.3763, -0.1202, -0.0528, -0.3555, -0.1414,  0.2647, -0.1320,
        -0.0746,  0.1973,  0.2161,  0.3074,  0.1967,  0.3057, -0.3117,  0.3426,
        -0.1220, -0.2655,  0.1223,  0.2443,  0.1312,  0.3391,  0.3312,  0.3641]), 'rvq_quantizer.project_out.weight': tensor([[ 0.0863,  0.1175, -0.0987,  ..., -0.0436,  0.0902, -0.0665],
        [-0.0337,  0.0185,  0.1248,  ..., -0.1478, -0.1462, -0.0690],
        [ 0.1136,  0.0347, -0.1496,  ...,  0.1559,  0.1245, -0.1110],
        ...,
        [-0.0980,  0.0885, -0.1271,  ..., -0.0326,  0.1682, -0.0498],
        [-0.0419,  0.0095, -0.0684,  ...,  0.0084, -0.0638, -0.1158],
        [-0.0722,  0.0351, -0.0780,  ..., -0.1712,  0.1494, -0.0657]]), 'rvq_quantizer.project_out.bias': tensor([-0.0057, -0.1618, -0.0106, -0.1491,  0.1075, -0.1614, -0.1343,  0.1031,
         0.0111,  0.0539, -0.1584, -0.0913, -0.0218,  0.0136,  0.0118, -0.0675,
        -0.0649, -0.1732, -0.0018,  0.0052,  0.0404,  0.1226, -0.1440,  0.0450,
         0.1010,  0.1239,  0.1398, -0.0086, -0.0618,  0.0553,  0.1455,  0.1233,
        -0.1643,  0.0420, -0.1047,  0.1099, -0.0730, -0.0033,  0.0521, -0.1638,
         0.0447, -0.0199,  0.1100,  0.0143,  0.0467,  0.1464, -0.1500,  0.0397,
        -0.0979,  0.0147, -0.1461, -0.0785, -0.1591, -0.0969, -0.1011,  0.0893,
        -0.0945,  0.1582,  0.0263, -0.0766, -0.0984,  0.1358,  0.1505,  0.0912]), 'rvq_quantizer.layers.0._codebook.initted': tensor([1.]), 'rvq_quantizer.layers.0._codebook.cluster_size': tensor([[2.5513, 2.3000, 2.3158,  ..., 2.8300, 2.5034, 2.4349]]), 'rvq_quantizer.layers.0._codebook.embed_avg': tensor([[[-121.0736,  298.7073,  -28.9878,  ...,  234.2999,  205.2043,
           202.9739],
         [-368.1946,  275.4553, -186.7847,  ...,  530.6387,  491.0340,
           560.5892],
         [-300.6959,  368.9131, -105.4856,  ...,  424.1824,  399.5009,
           429.8081],
         ...,
         [-265.8246,  458.2050,  -57.3827,  ...,  397.4966,  369.5980,
           367.6147],
         [-202.2111,  367.8022,  -59.7535,  ...,  336.6212,  319.2196,
           307.4179],
         [-216.4673,  376.7342,  -51.1882,  ...,  336.2443,  308.3112,
           309.3774]]]), 'rvq_quantizer.layers.0._codebook.embed': tensor([[[ -47.4560,  117.0813,  -11.3621,  ...,   91.8362,   80.4319,
            79.5576],
         [-160.0845,  119.7631,  -81.2107,  ...,  230.7123,  213.4929,
           243.7343],
         [-129.8452,  159.3025,  -45.5503,  ...,  183.1687,  172.5108,
           185.5980],
         ...,
         [ -93.9309,  161.9099,  -20.2766,  ...,  140.4581,  130.6000,
           129.8992],
         [ -80.7750,  146.9218,  -23.8691,  ...,  134.4663,  127.5151,
           122.8008],
         [ -88.9034,  154.7251,  -21.0231,  ...,  138.0959,  126.6237,
           127.0616]]]), 'rvq_quantizer.layers.1._codebook.initted': tensor([1.]), 'rvq_quantizer.layers.1._codebook.cluster_size': tensor([[2.0000, 2.0000, 2.5425,  ..., 4.2540, 2.1440, 2.8820]]), 'rvq_quantizer.layers.1._codebook.embed_avg': tensor([[[-19.0352,  17.3824,   2.5617,  ...,  15.6199,  25.0204,  27.0483],
         [ -6.4708,   3.3741,  -6.4925,  ...,   0.3143,  -5.6311,   0.0496],
         [  7.1692, -12.6785, -10.9419,  ...,  12.7247,  14.8131,  23.6590],
         ...,
         [ -9.3600,  -8.5880,   5.4913,  ..., -16.7521, -15.9396,   7.3648],
         [ -4.4340,   5.2588,  -2.5248,  ...,  -4.7727,  -2.9211,   2.4903],
         [ -0.3970,   2.6189,  -2.2024,  ...,   0.4418,   3.6817,   3.0728]]]), 'rvq_quantizer.layers.1._codebook.embed': tensor([[[-9.5176,  8.6912,  1.2808,  ...,  7.8100, 12.5102, 13.5242],
         [-3.2354,  1.6870, -3.2463,  ...,  0.1572, -2.8156,  0.0248],
         [ 2.8197, -4.9865, -4.3035,  ...,  5.0047,  5.8261,  9.3053],
         ...,
         [-2.2003, -2.0188,  1.2908,  ..., -3.9379, -3.7469,  1.7312],
         [-2.0681,  2.4528, -1.1776,  ..., -2.2261, -1.3624,  1.1615],
         [-0.1377,  0.9087, -0.7642,  ...,  0.1533,  1.2775,  1.0662]]]), 'rvq_quantizer.layers.2._codebook.initted': tensor([1.]), 'rvq_quantizer.layers.2._codebook.cluster_size': tensor([[2.0000, 2.2510, 2.2877,  ..., 6.1180, 2.0000, 2.1800]]), 'rvq_quantizer.layers.2._codebook.embed_avg': tensor([[[ -3.7485,  -3.6061,  -3.2274,  ...,   1.1406,  -3.9319,   3.3115],
         [  4.4502, -10.1262,  -3.6946,  ...,  -2.5088,   1.5494,   3.6759],
         [  3.4080,  -0.5160,   0.1765,  ...,  -3.6020,  -2.1106,  -1.3619],
         ...,
         [ -2.0837,   4.9422,   3.4716,  ...,  -0.1738,   1.6050,  -0.6612],
         [ -8.7346,  -0.7717,  -5.4531,  ...,  -3.6767,  -0.6303,  -3.2502],
         [ -0.7747,   2.0055,  -1.7576,  ...,   2.3651,   2.6841,   4.0820]]]), 'rvq_quantizer.layers.2._codebook.embed': tensor([[[-1.8742, -1.8030, -1.6137,  ...,  0.5703, -1.9660,  1.6557],
         [ 1.9770, -4.4985, -1.6413,  ..., -1.1145,  0.6883,  1.6330],
         [ 1.4897, -0.2256,  0.0772,  ..., -1.5745, -0.9226, -0.5953],
         ...,
         [-0.3406,  0.8078,  0.5675,  ..., -0.0284,  0.2623, -0.1081],
         [-4.3673, -0.3859, -2.7265,  ..., -1.8384, -0.3152, -1.6251],
         [-0.3553,  0.9200, -0.8062,  ...,  1.0849,  1.2313,  1.8725]]]), 'rvq_quantizer.layers.3._codebook.initted': tensor([1.]), 'rvq_quantizer.layers.3._codebook.cluster_size': tensor([[2.3249, 2.0000, 2.2721,  ..., 2.7443, 4.1133, 2.0000]]), 'rvq_quantizer.layers.3._codebook.embed_avg': tensor([[[-1.8539,  0.0960,  6.1788,  ...,  1.0425,  0.6898, -0.8272],
         [ 2.2209,  1.2842, -0.6175,  ...,  0.4281, -3.1612,  4.5758],
         [-3.7671,  4.1574,  2.5664,  ..., -2.5183,  1.2744,  3.6822],
         ...,
         [ 0.3830, -2.2741, -0.8085,  ...,  2.0449, -0.1102,  3.4183],
         [-2.3956, -0.6019,  4.0573,  ...,  1.0226,  0.0598, -1.6316],
         [-0.8590, -4.7540,  0.4343,  ..., -6.4478, -0.0875, -0.6928]]]), 'rvq_quantizer.layers.3._codebook.embed': tensor([[[-0.7974,  0.0413,  2.6577,  ...,  0.4484,  0.2967, -0.3558],
         [ 1.1105,  0.6421, -0.3087,  ...,  0.2140, -1.5806,  2.2879],
         [-1.6579,  1.8297,  1.1295,  ..., -1.1084,  0.5609,  1.6206],
         ...,
         [ 0.1396, -0.8286, -0.2946,  ...,  0.7451, -0.0401,  1.2456],
         [-0.5824, -0.1463,  0.9864,  ...,  0.2486,  0.0145, -0.3967],
         [-0.4295, -2.3770,  0.2172,  ..., -3.2239, -0.0437, -0.3464]]])})
Loss:  tensor(6.3163, grad_fn=<MeanBackward0>)
OrderedDict({'rvq_quantizer.project_in.weight': tensor([[ 0.1233, -0.2452, -0.0967,  ...,  0.1656,  0.2080,  0.1314],
        [-0.2342, -0.0292,  0.1988,  ...,  0.0089, -0.1550, -0.0777],
        [ 0.0251, -0.1144,  0.0690,  ...,  0.1071,  0.0045,  0.0067],
        ...,
        [-0.1840,  0.2194,  0.1337,  ..., -0.2317, -0.2571, -0.2701],
        [-0.1666,  0.2347,  0.1416,  ..., -0.3216, -0.2800, -0.2814],
        [-0.1673,  0.2417,  0.0252,  ..., -0.2125, -0.3335, -0.2758]]), 'rvq_quantizer.project_in.bias': tensor([-0.3498,  0.3395, -0.1283,  0.1251, -0.0587, -0.1255,  0.0097, -0.2656,
         0.0328, -0.3830, -0.1217, -0.0575, -0.3616, -0.1443,  0.2711, -0.1357,
        -0.0751,  0.2024,  0.2192,  0.3131,  0.2033,  0.3128, -0.3182,  0.3487,
        -0.1266, -0.2717,  0.1227,  0.2509,  0.1356,  0.3458,  0.3378,  0.3707]), 'rvq_quantizer.project_out.weight': tensor([[ 0.0863,  0.1175, -0.0987,  ..., -0.0436,  0.0902, -0.0665],
        [-0.0337,  0.0185,  0.1248,  ..., -0.1478, -0.1462, -0.0690],
        [ 0.1136,  0.0347, -0.1496,  ...,  0.1559,  0.1245, -0.1110],
        ...,
        [-0.0980,  0.0885, -0.1271,  ..., -0.0326,  0.1682, -0.0498],
        [-0.0419,  0.0095, -0.0684,  ...,  0.0084, -0.0638, -0.1158],
        [-0.0722,  0.0351, -0.0780,  ..., -0.1712,  0.1494, -0.0657]]), 'rvq_quantizer.project_out.bias': tensor([-0.0057, -0.1618, -0.0106, -0.1491,  0.1075, -0.1614, -0.1343,  0.1031,
         0.0111,  0.0539, -0.1584, -0.0913, -0.0218,  0.0136,  0.0118, -0.0675,
        -0.0649, -0.1732, -0.0018,  0.0052,  0.0404,  0.1226, -0.1440,  0.0450,
         0.1010,  0.1239,  0.1398, -0.0086, -0.0618,  0.0553,  0.1455,  0.1233,
        -0.1643,  0.0420, -0.1047,  0.1099, -0.0730, -0.0033,  0.0521, -0.1638,
         0.0447, -0.0199,  0.1100,  0.0143,  0.0467,  0.1464, -0.1500,  0.0397,
        -0.0979,  0.0147, -0.1461, -0.0785, -0.1591, -0.0969, -0.1011,  0.0893,
        -0.0945,  0.1582,  0.0263, -0.0766, -0.0984,  0.1358,  0.1505,  0.0912]), 'rvq_quantizer.layers.0._codebook.initted': tensor([1.]), 'rvq_quantizer.layers.0._codebook.cluster_size': tensor([[2.2962, 2.6700, 2.0842,  ..., 2.8470, 2.2530, 2.1914]]), 'rvq_quantizer.layers.0._codebook.embed_avg': tensor([[[-108.9662,  268.8366,  -26.0890,  ...,  210.8699,  184.6839,
           182.6765],
         [-428.6071,  319.9270, -219.4977,  ...,  612.7014,  570.3063,
           654.1904],
         [-270.6263,  332.0218,  -94.9370,  ...,  381.7642,  359.5508,
           386.8273],
         ...,
         [-267.6948,  461.3544,  -58.7044,  ...,  399.9308,  371.3674,
           369.8868],
         [-181.9900,  331.0220,  -53.7781,  ...,  302.9590,  287.2976,
           276.6761],
         [-194.8206,  339.0608,  -46.0694,  ...,  302.6199,  277.4800,
           278.4397]]]), 'rvq_quantizer.layers.0._codebook.embed': tensor([[[ -47.4560,  117.0813,  -11.3621,  ...,   91.8361,   80.4318,
            79.5576],
         [-160.5270,  119.8228,  -82.2089,  ...,  229.4761,  213.5978,
           245.0150],
         [-129.8452,  159.3024,  -45.5503,  ...,  183.1686,  172.5107,
           185.5979],
         ...,
         [ -94.0270,  162.0493,  -20.6197,  ...,  140.4745,  130.4416,
           129.9216],
         [ -80.7750,  146.9218,  -23.8690,  ...,  134.4662,  127.5150,
           122.8007],
         [ -88.9033,  154.7251,  -21.0231,  ...,  138.0958,  126.6236,
           127.0616]]]), 'rvq_quantizer.layers.1._codebook.initted': tensor([1.]), 'rvq_quantizer.layers.1._codebook.cluster_size': tensor([[2.0000, 2.0000, 2.2883,  ..., 4.3286, 2.1296, 2.7938]]), 'rvq_quantizer.layers.1._codebook.embed_avg': tensor([[[  2.7090,  -0.5836,  -5.5970,  ...,   0.0475,   4.6076,   2.2437],
         [ -3.3873,   2.5446,  -4.0031,  ...,   0.7448,  11.0319,  13.6054],
         [  6.4523, -11.4106,  -9.8477,  ...,  11.4522,  13.3317,  21.2931],
         ...,
         [ -8.8984, -10.0780,   5.8894,  ..., -16.8477, -16.0915,   7.8737],
         [ -4.1400,   5.1526,  -2.1652,  ...,  -5.5867,  -3.5139,   2.9694],
         [ -0.4221,   2.4965,  -2.3045,  ...,   0.2450,   3.5180,   3.1238]]]), 'rvq_quantizer.layers.1._codebook.embed': tensor([[[ 1.3545, -0.2918, -2.7985,  ...,  0.0238,  2.3038,  1.1218],
         [-1.6936,  1.2723, -2.0015,  ...,  0.3724,  5.5159,  6.8027],
         [ 2.8197, -4.9865, -4.3035,  ...,  5.0047,  5.8261,  9.3053],
         ...,
         [-2.0557, -2.3282,  1.3606,  ..., -3.8922, -3.7175,  1.8190],
         [-1.9440,  2.4195, -1.0167,  ..., -2.6234, -1.6500,  1.3944],
         [-0.1511,  0.8936, -0.8248,  ...,  0.0877,  1.2592,  1.1181]]]), 'rvq_quantizer.layers.2._codebook.initted': tensor([1.]), 'rvq_quantizer.layers.2._codebook.cluster_size': tensor([[2.0000, 2.4259, 2.6589,  ..., 6.0062, 2.0000, 2.2620]]), 'rvq_quantizer.layers.2._codebook.embed_avg': tensor([[[  3.3285, -16.3012,   3.9749,  ...,  -7.7019,  -8.2482, -12.6741],
         [  4.1866, -11.5709,  -4.8378,  ...,  -2.7311,   1.2762,   3.6100],
         [  3.8786,  -1.0581,   0.4688,  ...,  -4.5549,  -2.4959,  -0.9547],
         ...,
         [ -2.2691,   4.9075,   3.5145,  ...,  -0.2413,   1.5279,  -0.4191],
         [  3.5637,  -0.3108,   0.2351,  ...,  -1.0818,  -0.8592,   1.8598],
         [ -0.6688,   2.1467,  -1.4925,  ...,   2.6629,   3.0606,   4.5503]]]), 'rvq_quantizer.layers.2._codebook.embed': tensor([[[ 1.6642, -8.1506,  1.9875,  ..., -3.8510, -4.1241, -6.3371],
         [ 1.7258, -4.7697, -1.9942,  ..., -1.1258,  0.5261,  1.4881],
         [ 1.4587, -0.3980,  0.1763,  ..., -1.7131, -0.9387, -0.3590],
         ...,
         [-0.3778,  0.8171,  0.5852,  ..., -0.0402,  0.2544, -0.0698],
         [ 1.7819, -0.1554,  0.1176,  ..., -0.5409, -0.4296,  0.9299],
         [-0.2957,  0.9490, -0.6598,  ...,  1.1772,  1.3531,  2.0116]]]), 'rvq_quantizer.layers.3._codebook.initted': tensor([1.]), 'rvq_quantizer.layers.3._codebook.cluster_size': tensor([[2.3924, 2.0000, 2.1449,  ..., 2.8699, 4.1020, 2.0000]]), 'rvq_quantizer.layers.3._codebook.embed_avg': tensor([[[-1.3875,  0.5914,  6.6954,  ...,  1.2341,  1.1983, -1.6332],
         [ 0.9924,  0.8303,  2.1946,  ..., -1.0844, -2.5164, -2.1396],
         [-3.4807,  4.0013,  2.5536,  ..., -2.0208,  1.2205,  3.5304],
         ...,
         [ 0.2087, -2.3675, -0.5260,  ...,  1.4633,  0.1896,  3.9022],
         [-2.5380, -0.5485,  4.0992,  ...,  0.7315,  0.2947, -1.2921],
         [ 3.0417, -5.7690, -0.7354,  ..., -1.6764, -3.2335, -4.0287]]]), 'rvq_quantizer.layers.3._codebook.embed': tensor([[[-0.5800,  0.2472,  2.7986,  ...,  0.5158,  0.5009, -0.6826],
         [ 0.4962,  0.4152,  1.0973,  ..., -0.5422, -1.2582, -1.0698],
         [-1.6227,  1.8655,  1.1905,  ..., -0.9421,  0.5690,  1.6459],
         ...,
         [ 0.0727, -0.8249, -0.1833,  ...,  0.5099,  0.0661,  1.3597],
         [-0.6187, -0.1337,  0.9993,  ...,  0.1783,  0.0718, -0.3150],
         [ 1.5208, -2.8845, -0.3677,  ..., -0.8382, -1.6167, -2.0143]]])})
Loss:  tensor(6.5579, grad_fn=<MeanBackward0>)
OrderedDict({'rvq_quantizer.project_in.weight': tensor([[ 0.1292, -0.2482, -0.1048,  ...,  0.1692,  0.2115,  0.1354],
        [-0.2408, -0.0264,  0.2056,  ...,  0.0101, -0.1516, -0.0803],
        [ 0.0269, -0.1166,  0.0651,  ...,  0.1069,  0.0068,  0.0094],
        ...,
        [-0.1909,  0.2252,  0.1418,  ..., -0.2361, -0.2617, -0.2754],
        [-0.1734,  0.2407,  0.1497,  ..., -0.3253, -0.2840, -0.2859],
        [-0.1739,  0.2466,  0.0337,  ..., -0.2180, -0.3390, -0.2816]]), 'rvq_quantizer.project_in.bias': tensor([-0.3553,  0.3458, -0.1299,  0.1272, -0.0609, -0.1274,  0.0122, -0.2704,
         0.0341, -0.3895, -0.1231, -0.0621, -0.3676, -0.1473,  0.2775, -0.1392,
        -0.0756,  0.2073,  0.2224,  0.3187,  0.2098,  0.3199, -0.3246,  0.3547,
        -0.1311, -0.2778,  0.1232,  0.2574,  0.1399,  0.3524,  0.3443,  0.3771]), 'rvq_quantizer.project_out.weight': tensor([[ 0.0863,  0.1175, -0.0987,  ..., -0.0436,  0.0902, -0.0665],
        [-0.0337,  0.0185,  0.1248,  ..., -0.1478, -0.1462, -0.0690],
        [ 0.1136,  0.0347, -0.1496,  ...,  0.1559,  0.1245, -0.1110],
        ...,
        [-0.0980,  0.0885, -0.1271,  ..., -0.0326,  0.1682, -0.0498],
        [-0.0419,  0.0095, -0.0684,  ...,  0.0084, -0.0638, -0.1158],
        [-0.0722,  0.0351, -0.0780,  ..., -0.1712,  0.1494, -0.0657]]), 'rvq_quantizer.project_out.bias': tensor([-0.0057, -0.1618, -0.0106, -0.1491,  0.1075, -0.1614, -0.1343,  0.1031,
         0.0111,  0.0539, -0.1584, -0.0913, -0.0218,  0.0136,  0.0118, -0.0675,
        -0.0649, -0.1732, -0.0018,  0.0052,  0.0404,  0.1226, -0.1440,  0.0450,
         0.1010,  0.1239,  0.1398, -0.0086, -0.0618,  0.0553,  0.1455,  0.1233,
        -0.1643,  0.0420, -0.1047,  0.1099, -0.0730, -0.0033,  0.0521, -0.1638,
         0.0447, -0.0199,  0.1100,  0.0143,  0.0467,  0.1464, -0.1500,  0.0397,
        -0.0979,  0.0147, -0.1461, -0.0785, -0.1591, -0.0969, -0.1011,  0.0893,
        -0.0945,  0.1582,  0.0263, -0.0766, -0.0984,  0.1358,  0.1505,  0.0912]), 'rvq_quantizer.layers.0._codebook.initted': tensor([1.]), 'rvq_quantizer.layers.0._codebook.cluster_size': tensor([[2.0665, 3.0030, 2.1758,  ..., 2.8623, 2.0277, 2.0000]]), 'rvq_quantizer.layers.0._codebook.embed_avg': tensor([[[ -98.0696,  241.9529,  -23.4801,  ...,  189.7829,  166.2155,
           164.4088],
         [-484.5610,  359.6966, -246.9295,  ...,  687.9697,  643.2426,
           738.5592],
         [-282.6408,  346.7955,  -99.3317,  ...,  399.2367,  375.3832,
           402.8509],
         ...,
         [-269.8470,  464.2213,  -58.8622,  ...,  402.6878,  372.9291,
           372.0612],
         [-163.7910,  297.9198,  -48.4003,  ...,  272.6631,  258.5679,
           249.0085],
         [-351.8860,  350.1130, -132.4876,  ...,  484.6603,  453.9195,
           489.9098]]]), 'rvq_quantizer.layers.0._codebook.embed': tensor([[[ -47.4559,  117.0812,  -11.3621,  ...,   91.8361,   80.4318,
            79.5575],
         [-161.3590,  119.7791,  -82.2276,  ...,  229.0942,  214.2000,
           245.9405],
         [-129.9020,  159.3876,  -45.6529,  ...,  183.4896,  172.5265,
           185.1507],
         ...,
         [ -94.2763,  162.1847,  -20.5647,  ...,  140.6868,  130.2900,
           129.9868],
         [ -80.7749,  146.9217,  -23.8690,  ...,  134.4662,  127.5150,
           122.8007],
         [-175.9430,  175.0565,  -66.2438,  ...,  242.3301,  226.9597,
           244.9549]]]), 'rvq_quantizer.layers.1._codebook.initted': tensor([1.]), 'rvq_quantizer.layers.1._codebook.cluster_size': tensor([[2.0000, 2.0000, 2.0595,  ..., 3.9958, 2.0166, 2.7144]]), 'rvq_quantizer.layers.1._codebook.embed_avg': tensor([[[ -0.0751,   7.0856,  -1.0121,  ...,   2.7503,   5.6789,   2.6949],
         [  8.5277,  -4.2259,  -4.7242,  ...,  -8.7343,  -3.0486,  -9.9729],
         [  5.8070, -10.2696,  -8.8630,  ...,  10.3070,  11.9986,  19.1638],
         ...,
         [ -8.0216,  -9.0056,   5.2371,  ..., -15.7784, -14.5368,   7.3178],
         [ -3.9786,   4.6932,  -1.3401,  ...,  -4.8968,  -3.2095,   2.8487],
         [ -0.4426,   2.4792,  -2.0235,  ...,   0.1404,   3.2711,   2.8223]]]), 'rvq_quantizer.layers.1._codebook.embed': tensor([[[-0.0375,  3.5428, -0.5060,  ...,  1.3752,  2.8394,  1.3474],
         [ 4.2638, -2.1129, -2.3621,  ..., -4.3672, -1.5243, -4.9865],
         [ 2.8197, -4.9865, -4.3035,  ...,  5.0047,  5.8261,  9.3053],
         ...,
         [-2.0075, -2.2538,  1.3107,  ..., -3.9488, -3.6381,  1.8314],
         [-1.9729,  2.3273, -0.6645,  ..., -2.4282, -1.5915,  1.4126],
         [-0.1631,  0.9133, -0.7454,  ...,  0.0517,  1.2051,  1.0397]]]), 'rvq_quantizer.layers.2._codebook.initted': tensor([1.]), 'rvq_quantizer.layers.2._codebook.cluster_size': tensor([[2.0000, 2.4833, 2.4930,  ..., 5.8055, 2.3000, 2.3358]]), 'rvq_quantizer.layers.2._codebook.embed_avg': tensor([[[  1.6843,  -4.7748,  -4.5615,  ...,  -5.0575,  -4.4531,  -1.2588],
         [  4.4294, -11.3182,  -4.5775,  ...,  -2.3814,   1.1254,   3.4134],
         [  3.4942,  -0.8554,   0.4956,  ...,  -4.3409,  -2.2095,  -0.9486],
         ...,
         [ -2.1663,   4.9677,   3.2612,  ...,  -0.7607,   1.4767,  -0.3446],
         [  4.2078,  -0.5349,  -0.0394,  ...,  -1.6600,  -2.0277,   1.9959],
         [ -1.3583,   2.5348,  -1.2935,  ...,   2.2305,   3.6995,   4.7490]]]), 'rvq_quantizer.layers.2._codebook.embed': tensor([[[ 0.8421, -2.3874, -2.2808,  ..., -2.5287, -2.2265, -0.6294],
         [ 1.7837, -4.5577, -1.8433,  ..., -0.9590,  0.4532,  1.3745],
         [ 1.4016, -0.3431,  0.1988,  ..., -1.7412, -0.8863, -0.3805],
         ...,
         [-0.3731,  0.8557,  0.5617,  ..., -0.1310,  0.2544, -0.0594],
         [ 1.8295, -0.2326, -0.0171,  ..., -0.7217, -0.8816,  0.8678],
         [-0.5815,  1.0852, -0.5538,  ...,  0.9549,  1.5838,  2.0331]]]), 'rvq_quantizer.layers.3._codebook.initted': tensor([1.]), 'rvq_quantizer.layers.3._codebook.cluster_size': tensor([[2.1532, 2.0000, 2.0000,  ..., 2.7829, 3.9918, 2.0000]]), 'rvq_quantizer.layers.3._codebook.embed_avg': tensor([[[-1.2488,  0.5322,  6.0258,  ...,  1.1107,  1.0785, -1.4698],
         [ 0.9330,  0.5845,  2.3624,  ..., -1.3606, -2.7471, -2.3010],
         [10.5748, -2.8897, -0.4011,  ...,  0.8707, -1.1118,  3.4507],
         ...,
         [ 0.0166, -2.4437, -0.6917,  ...,  1.2727,  0.1905,  3.8008],
         [-2.6000, -0.5700,  4.1990,  ...,  0.7977,  0.7025, -1.3460],
         [-3.1711, -3.3145, -1.6957,  ...,  1.4349, -7.1367, -1.3216]]]), 'rvq_quantizer.layers.3._codebook.embed': tensor([[[-0.5800,  0.2472,  2.7986,  ...,  0.5158,  0.5009, -0.6826],
         [ 0.4665,  0.2923,  1.1812,  ..., -0.6803, -1.3736, -1.1505],
         [ 5.2874, -1.4449, -0.2006,  ...,  0.4353, -0.5559,  1.7254],
         ...,
         [ 0.0060, -0.8781, -0.2485,  ...,  0.4573,  0.0685,  1.3658],
         [-0.6513, -0.1428,  1.0519,  ...,  0.1998,  0.1760, -0.3372],
         [-1.5855, -1.6573, -0.8479,  ...,  0.7175, -3.5684, -0.6608]]])})
Loss:  tensor(6.6104, grad_fn=<MeanBackward0>)
OrderedDict({'rvq_quantizer.project_in.weight': tensor([[ 0.1351, -0.2508, -0.1129,  ...,  0.1726,  0.2149,  0.1394],
        [-0.2473, -0.0234,  0.2123,  ...,  0.0111, -0.1482, -0.0829],
        [ 0.0287, -0.1180,  0.0611,  ...,  0.1066,  0.0092,  0.0121],
        ...,
        [-0.1977,  0.2308,  0.1499,  ..., -0.2404, -0.2662, -0.2807],
        [-0.1802,  0.2466,  0.1577,  ..., -0.3288, -0.2879, -0.2903],
        [-0.1804,  0.2512,  0.0422,  ..., -0.2233, -0.3443, -0.2873]]), 'rvq_quantizer.project_in.bias': tensor([-0.3607,  0.3521, -0.1316,  0.1293, -0.0630, -0.1293,  0.0145, -0.2753,
         0.0354, -0.3960, -0.1244, -0.0666, -0.3735, -0.1502,  0.2837, -0.1426,
        -0.0762,  0.2122,  0.2254,  0.3242,  0.2163,  0.3269, -0.3310,  0.3607,
        -0.1355, -0.2840,  0.1236,  0.2639,  0.1441,  0.3590,  0.3508,  0.3834]), 'rvq_quantizer.project_out.weight': tensor([[ 0.0863,  0.1175, -0.0987,  ..., -0.0436,  0.0902, -0.0665],
        [-0.0337,  0.0185,  0.1248,  ..., -0.1478, -0.1462, -0.0690],
        [ 0.1136,  0.0347, -0.1496,  ...,  0.1559,  0.1245, -0.1110],
        ...,
        [-0.0980,  0.0885, -0.1271,  ..., -0.0326,  0.1682, -0.0498],
        [-0.0419,  0.0095, -0.0684,  ...,  0.0084, -0.0638, -0.1158],
        [-0.0722,  0.0351, -0.0780,  ..., -0.1712,  0.1494, -0.0657]]), 'rvq_quantizer.project_out.bias': tensor([-0.0057, -0.1618, -0.0106, -0.1491,  0.1075, -0.1614, -0.1343,  0.1031,
         0.0111,  0.0539, -0.1584, -0.0913, -0.0218,  0.0136,  0.0118, -0.0675,
        -0.0649, -0.1732, -0.0018,  0.0052,  0.0404,  0.1226, -0.1440,  0.0450,
         0.1010,  0.1239,  0.1398, -0.0086, -0.0618,  0.0553,  0.1455,  0.1233,
        -0.1643,  0.0420, -0.1047,  0.1099, -0.0730, -0.0033,  0.0521, -0.1638,
         0.0447, -0.0199,  0.1100,  0.0143,  0.0467,  0.1464, -0.1500,  0.0397,
        -0.0979,  0.0147, -0.1461, -0.0785, -0.1591, -0.0969, -0.1011,  0.0893,
        -0.0945,  0.1582,  0.0263, -0.0766, -0.0984,  0.1358,  0.1505,  0.0912]), 'rvq_quantizer.layers.0._codebook.initted': tensor([1.]), 'rvq_quantizer.layers.0._codebook.cluster_size': tensor([[2.0000, 3.1027, 2.0000,  ..., 2.6761, 2.0000, 2.0000]]), 'rvq_quantizer.layers.0._codebook.embed_avg': tensor([[[-176.2966,  273.8580,  -62.7285,  ...,  268.5758,  247.0586,
           267.8056],
         [-500.5093,  370.7703, -252.7897,  ...,  710.5834,  664.7566,
           763.1516],
         [-383.0453,  304.8637, -169.5874,  ...,  535.0630,  502.8245,
           550.2412],
         ...,
         [-252.4197,  433.9942,  -55.1696,  ...,  376.5710,  348.2731,
           347.9096],
         [-255.4323,  373.8019,  -69.1292,  ...,  363.3914,  338.6269,
           339.7029],
         [-352.4790,  350.4607, -133.5720,  ...,  484.9522,  455.0874,
           490.2250]]]), 'rvq_quantizer.layers.0._codebook.embed': tensor([[[ -88.1483,  136.9290,  -31.3642,  ...,  134.2879,  123.5293,
           133.9028],
         [-161.3142,  119.4993,  -81.4741,  ...,  229.0210,  214.2511,
           245.9638],
         [-191.5226,  152.4319,  -84.7937,  ...,  267.5315,  251.4122,
           275.1206],
         ...,
         [ -94.3247,  162.1759,  -20.6159,  ...,  140.7179,  130.1434,
           130.0076],
         [-127.7162,  186.9010,  -34.5646,  ...,  181.6957,  169.3135,
           169.8514],
         [-176.2392,  175.2301,  -66.7859,  ...,  242.4757,  227.5434,
           245.1121]]]), 'rvq_quantizer.layers.1._codebook.initted': tensor([1.]), 'rvq_quantizer.layers.1._codebook.cluster_size': tensor([[2.0000, 2.0000, 2.0000,  ..., 3.5962, 2.0000, 2.9430]]), 'rvq_quantizer.layers.1._codebook.embed_avg': tensor([[[ -9.5530,   0.9029,  -8.3883,  ...,   9.1540,   8.5279,  20.6915],
         [  0.7187,   0.6523,  23.7138,  ...,   1.6817,  -7.0176, -11.5826],
         [-15.1193,   0.8838,  -7.6041,  ...,  10.5001,  15.7681,  15.3511],
         ...,
         [ -7.2195,  -8.1050,   4.7134,  ..., -14.2005, -13.0831,   6.5860],
         [-14.5483,  -8.0710, -13.7126,  ...,   3.1361,   1.5240,  14.5956],
         [ -0.8505,   3.2195,  -2.9414,  ...,   0.1463,   3.6897,   2.7081]]]), 'rvq_quantizer.layers.1._codebook.embed': tensor([[[-4.7765,  0.4515, -4.1941,  ...,  4.5770,  4.2639, 10.3457],
         [ 0.3594,  0.3262, 11.8569,  ...,  0.8409, -3.5088, -5.7913],
         [-7.5596,  0.4419, -3.8021,  ...,  5.2501,  7.8840,  7.6755],
         ...,
         [-2.0075, -2.2538,  1.3107,  ..., -3.9488, -3.6381,  1.8314],
         [-7.2741, -4.0355, -6.8563,  ...,  1.5680,  0.7620,  7.2978],
         [-0.2890,  1.0940, -0.9995,  ...,  0.0497,  1.2537,  0.9202]]]), 'rvq_quantizer.layers.2._codebook.initted': tensor([1.]), 'rvq_quantizer.layers.2._codebook.cluster_size': tensor([[2.0000, 2.4350, 2.7437,  ..., 5.7250, 2.4700, 2.5022]]), 'rvq_quantizer.layers.2._codebook.embed_avg': tensor([[[  2.1043,  -5.0661,  -4.9196,  ...,  -5.2193,  -4.2960,  -1.0834],
         [  4.7324, -11.1763,  -5.1408,  ...,  -2.0383,   1.0950,   3.1826],
         [  4.2503,  -0.8410,   0.3128,  ...,  -5.1075,  -2.2881,  -0.6027],
         ...,
         [ -1.9982,   4.6919,   3.3306,  ...,  -0.7853,   1.8751,  -0.5005],
         [  5.1036,  -0.5981,   0.7139,  ...,  -2.6101,  -2.8911,   2.2449],
         [ -1.5529,   2.7161,  -0.4542,  ...,   3.2663,   4.4420,   5.5475]]]), 'rvq_quantizer.layers.2._codebook.embed': tensor([[[ 1.0522, -2.5331, -2.4598,  ..., -2.6096, -2.1480, -0.5417],
         [ 1.9435, -4.5899, -2.1112,  ..., -0.8371,  0.4497,  1.3070],
         [ 1.5491, -0.3065,  0.1140,  ..., -1.8615, -0.8339, -0.2197],
         ...,
         [-0.3490,  0.8196,  0.5818,  ..., -0.1372,  0.3275, -0.0874],
         [ 2.0662, -0.2421,  0.2890,  ..., -1.0567, -1.1705,  0.9089],
         [-0.6206,  1.0855, -0.1815,  ...,  1.3054,  1.7752,  2.2170]]]), 'rvq_quantizer.layers.3._codebook.initted': tensor([1.]), 'rvq_quantizer.layers.3._codebook.cluster_size': tensor([[2.1379, 2.0000, 2.0000,  ..., 3.1046, 3.7926, 2.2000]]), 'rvq_quantizer.layers.3._codebook.embed_avg': tensor([[[-1.2465,  0.7854,  5.3694,  ...,  0.8772,  0.5040, -0.9386],
         [ 1.0961, -0.3881,  1.6147,  ..., -1.7875, -3.2076, -1.7071],
         [ 1.1107,  1.9761, -0.9518,  ..., -3.8923,  0.8719,  5.0094],
         ...,
         [-0.3017, -2.5239, -0.2638,  ...,  0.9891,  0.5865,  4.3148],
         [-2.9799, -0.6522,  3.6512,  ...,  0.4685,  0.8497, -1.0235],
         [-3.4100, -3.7447, -1.6759,  ...,  1.3317, -7.5441, -1.9581]]]), 'rvq_quantizer.layers.3._codebook.embed': tensor([[[-0.5831,  0.3674,  2.5116,  ...,  0.4103,  0.2357, -0.4390],
         [ 0.5480, -0.1940,  0.8073,  ..., -0.8937, -1.6038, -0.8536],
         [ 0.5553,  0.9881, -0.4759,  ..., -1.9461,  0.4359,  2.5047],
         ...,
         [-0.0972, -0.8130, -0.0850,  ...,  0.3186,  0.1889,  1.3898],
         [-0.7857, -0.1720,  0.9627,  ...,  0.1235,  0.2240, -0.2699],
         [-1.5500, -1.7021, -0.7618,  ...,  0.6053, -3.4291, -0.8900]]])})
Loss:  tensor(6.6017, grad_fn=<MeanBackward0>)
OrderedDict({'rvq_quantizer.project_in.weight': tensor([[ 0.1408, -0.2531, -0.1210,  ...,  0.1759,  0.2182,  0.1433],
        [-0.2537, -0.0201,  0.2187,  ...,  0.0118, -0.1450, -0.0857],
        [ 0.0304, -0.1186,  0.0569,  ...,  0.1063,  0.0118,  0.0150],
        ...,
        [-0.2045,  0.2364,  0.1578,  ..., -0.2447, -0.2706, -0.2859],
        [-0.1869,  0.2524,  0.1656,  ..., -0.3321, -0.2916, -0.2946],
        [-0.1868,  0.2557,  0.0508,  ..., -0.2284, -0.3494, -0.2928]]), 'rvq_quantizer.project_in.bias': tensor([-0.3660,  0.3583, -0.1333,  0.1313, -0.0650, -0.1312,  0.0168, -0.2801,
         0.0366, -0.4024, -0.1257, -0.0711, -0.3793, -0.1531,  0.2898, -0.1460,
        -0.0769,  0.2170,  0.2285,  0.3296,  0.2228,  0.3338, -0.3373,  0.3667,
        -0.1399, -0.2901,  0.1239,  0.2703,  0.1482,  0.3655,  0.3572,  0.3896]), 'rvq_quantizer.project_out.weight': tensor([[ 0.0863,  0.1175, -0.0987,  ..., -0.0436,  0.0902, -0.0665],
        [-0.0337,  0.0185,  0.1248,  ..., -0.1478, -0.1462, -0.0690],
        [ 0.1136,  0.0347, -0.1496,  ...,  0.1559,  0.1245, -0.1110],
        ...,
        [-0.0980,  0.0885, -0.1271,  ..., -0.0326,  0.1682, -0.0498],
        [-0.0419,  0.0095, -0.0684,  ...,  0.0084, -0.0638, -0.1158],
        [-0.0722,  0.0351, -0.0780,  ..., -0.1712,  0.1494, -0.0657]]), 'rvq_quantizer.project_out.bias': tensor([-0.0057, -0.1618, -0.0106, -0.1491,  0.1075, -0.1614, -0.1343,  0.1031,
         0.0111,  0.0539, -0.1584, -0.0913, -0.0218,  0.0136,  0.0118, -0.0675,
        -0.0649, -0.1732, -0.0018,  0.0052,  0.0404,  0.1226, -0.1440,  0.0450,
         0.1010,  0.1239,  0.1398, -0.0086, -0.0618,  0.0553,  0.1455,  0.1233,
        -0.1643,  0.0420, -0.1047,  0.1099, -0.0730, -0.0033,  0.0521, -0.1638,
         0.0447, -0.0199,  0.1100,  0.0143,  0.0467,  0.1464, -0.1500,  0.0397,
        -0.0979,  0.0147, -0.1461, -0.0785, -0.1591, -0.0969, -0.1011,  0.0893,
        -0.0945,  0.1582,  0.0263, -0.0766, -0.0984,  0.1358,  0.1505,  0.0912]), 'rvq_quantizer.layers.0._codebook.initted': tensor([1.]), 'rvq_quantizer.layers.0._codebook.cluster_size': tensor([[2.1000, 2.8924, 2.0000,  ..., 2.4085, 2.0000, 2.0000]]), 'rvq_quantizer.layers.0._codebook.embed_avg': tensor([[[-185.5578,  288.2393,  -66.9146,  ...,  282.4739,  260.2066,
           282.2784],
         [-467.1917,  345.7995, -234.9932,  ...,  663.1287,  619.7287,
           711.6009],
         [-286.3734,  387.3323,  -80.4730,  ...,  400.8829,  376.0975,
           378.0015],
         ...,
         [-227.1777,  390.5948,  -49.6526,  ...,  338.9139,  313.4458,
           313.1186],
         [-329.8475,  220.1203, -182.2339,  ...,  455.5874,  429.9616,
           503.1487],
         [-352.8461,  351.1037, -134.5262,  ...,  485.3577,  456.9236,
           491.0497]]]), 'rvq_quantizer.layers.0._codebook.embed': tensor([[[ -88.3608,  137.2566,  -31.8640,  ...,  134.5112,  123.9078,
           134.4181],
         [-161.5222,  119.5533,  -81.2442,  ...,  229.2635,  214.2589,
           246.0218],
         [-143.1867,  193.6662,  -40.2365,  ...,  200.4414,  188.0487,
           189.0007],
         ...,
         [ -94.3247,  162.1759,  -20.6159,  ...,  140.7178,  130.1434,
           130.0076],
         [-164.9238,  110.0602,  -91.1170,  ...,  227.7937,  214.9808,
           251.5744],
         [-176.4228,  175.5516,  -67.2630,  ...,  242.6785,  228.4615,
           245.5245]]]), 'rvq_quantizer.layers.1._codebook.initted': tensor([1.]), 'rvq_quantizer.layers.1._codebook.cluster_size': tensor([[2.0000, 2.0000, 2.4000,  ..., 3.6366, 2.0000, 2.7487]]), 'rvq_quantizer.layers.1._codebook.embed_avg': tensor([[[ -9.6545,   1.9975,  -8.6242,  ...,   8.4902,   8.9830,  20.5501],
         [  0.0587,   0.9880,  23.4676,  ...,   1.9752,  -7.3112, -10.9604],
         [-15.4285,   1.8722,  -9.2830,  ...,  12.0486,  19.3258,  17.3487],
         ...,
         [ -7.4405,  -7.8889,   4.3417,  ..., -14.3496, -11.9524,   6.8426],
         [ -3.6930,  -3.8163,  -3.0818,  ..., -12.6429,  -2.4320,   1.0012],
         [ -0.9023,   2.9510,  -2.6321,  ...,   0.0821,   3.3192,   2.4301]]]), 'rvq_quantizer.layers.1._codebook.embed': tensor([[[-4.8272,  0.9988, -4.3121,  ...,  4.2451,  4.4915, 10.2750],
         [ 0.0293,  0.4940, 11.7338,  ...,  0.9876, -3.6556, -5.4802],
         [-6.4286,  0.7801, -3.8679,  ...,  5.0202,  8.0524,  7.2286],
         ...,
         [-2.0460, -2.1693,  1.1939,  ..., -3.9459, -3.2867,  1.8816],
         [-1.8465, -1.9082, -1.5409,  ..., -6.3215, -1.2160,  0.5006],
         [-0.3283,  1.0736, -0.9576,  ...,  0.0299,  1.2075,  0.8841]]]), 'rvq_quantizer.layers.2._codebook.initted': tensor([1.]), 'rvq_quantizer.layers.2._codebook.cluster_size': tensor([[2.3000, 2.4915, 2.6693,  ..., 5.2525, 2.2230, 2.6520]]), 'rvq_quantizer.layers.2._codebook.embed_avg': tensor([[[  1.9573,  -6.4464,  -5.9892,  ...,  -5.5323,  -4.5437,  -0.5690],
         [  4.3750, -11.4463,  -5.1213,  ...,  -2.2681,   1.0695,   3.2562],
         [  4.1523,  -0.9873,   0.1270,  ...,  -4.9818,  -2.3335,  -0.5398],
         ...,
         [ -1.9359,   4.1845,   3.0426,  ...,  -0.6044,   1.7018,  -0.4635],
         [  4.5933,  -0.5382,   0.6425,  ...,  -2.3491,  -2.6020,   2.0204],
         [ -0.9145,   2.9085,  -1.0340,  ...,   3.2481,   4.4650,   6.1382]]]), 'rvq_quantizer.layers.2._codebook.embed': tensor([[[ 0.8510, -2.8028, -2.6040,  ..., -2.4054, -1.9755, -0.2474],
         [ 1.7560, -4.5941, -2.0555,  ..., -0.9103,  0.4293,  1.3069],
         [ 1.5556, -0.3699,  0.0476,  ..., -1.8663, -0.8742, -0.2022],
         ...,
         [-0.3686,  0.7967,  0.5793,  ..., -0.1151,  0.3240, -0.0882],
         [ 2.0662, -0.2421,  0.2890,  ..., -1.0567, -1.1705,  0.9089],
         [-0.3448,  1.0967, -0.3899,  ...,  1.2248,  1.6836,  2.3146]]]), 'rvq_quantizer.layers.3._codebook.initted': tensor([1.]), 'rvq_quantizer.layers.3._codebook.cluster_size': tensor([[2.0241, 2.3000, 2.0000,  ..., 2.8941, 3.6133, 2.0800]]), 'rvq_quantizer.layers.3._codebook.embed_avg': tensor([[[-1.1317,  0.5175,  5.0340,  ...,  0.8741,  0.5355, -0.6850],
         [ 0.4282,  0.0855,  1.1658,  ..., -2.3915, -3.9736, -2.4182],
         [ 0.5661,  4.3238, -3.1987,  ...,  1.7163,  2.3199,  1.8393],
         ...,
         [-0.3438, -2.4041, -0.1726,  ...,  0.8715,  0.5584,  4.1103],
         [-3.2812, -0.4886,  3.4471,  ...,  0.1115,  1.1719, -0.7013],
         [-3.1878, -3.1485, -1.8072,  ...,  0.8988, -7.3747, -1.8721]]]), 'rvq_quantizer.layers.3._codebook.embed': tensor([[[-0.5591,  0.2557,  2.4871,  ...,  0.4318,  0.2646, -0.3384],
         [ 0.1862,  0.0372,  0.5069,  ..., -1.0398, -1.7276, -1.0514],
         [ 0.2830,  2.1619, -1.5994,  ...,  0.8581,  1.1599,  0.9196],
         ...,
         [-0.1188, -0.8307, -0.0596,  ...,  0.3011,  0.1929,  1.4202],
         [-0.9081, -0.1352,  0.9540,  ...,  0.0309,  0.3243, -0.1941],
         [-1.5326, -1.5137, -0.8689,  ...,  0.4321, -3.5455, -0.9000]]])})
Loss:  tensor(6.7312, grad_fn=<MeanBackward0>)
OrderedDict({'rvq_quantizer.project_in.weight': tensor([[ 0.1465, -0.2551, -0.1291,  ...,  0.1791,  0.2214,  0.1470],
        [-0.2600, -0.0169,  0.2250,  ...,  0.0122, -0.1419, -0.0886],
        [ 0.0319, -0.1183,  0.0525,  ...,  0.1058,  0.0142,  0.0179],
        ...,
        [-0.2112,  0.2420,  0.1657,  ..., -0.2488, -0.2750, -0.2910],
        [-0.1935,  0.2581,  0.1735,  ..., -0.3353, -0.2952, -0.2988],
        [-0.1931,  0.2600,  0.0593,  ..., -0.2333, -0.3544, -0.2983]]), 'rvq_quantizer.project_in.bias': tensor([-0.3713,  0.3644, -0.1348,  0.1332, -0.0670, -0.1330,  0.0189, -0.2848,
         0.0378, -0.4088, -0.1270, -0.0755, -0.3849, -0.1561,  0.2957, -0.1492,
        -0.0778,  0.2218,  0.2315,  0.3350,  0.2291,  0.3406, -0.3434,  0.3726,
        -0.1441, -0.2962,  0.1243,  0.2766,  0.1523,  0.3719,  0.3635,  0.3957]), 'rvq_quantizer.project_out.weight': tensor([[ 0.0863,  0.1175, -0.0987,  ..., -0.0436,  0.0902, -0.0665],
        [-0.0337,  0.0185,  0.1248,  ..., -0.1478, -0.1462, -0.0690],
        [ 0.1136,  0.0347, -0.1496,  ...,  0.1559,  0.1245, -0.1110],
        ...,
        [-0.0980,  0.0885, -0.1271,  ..., -0.0326,  0.1682, -0.0498],
        [-0.0419,  0.0095, -0.0684,  ...,  0.0084, -0.0638, -0.1158],
        [-0.0722,  0.0351, -0.0780,  ..., -0.1712,  0.1494, -0.0657]]), 'rvq_quantizer.project_out.bias': tensor([-0.0057, -0.1618, -0.0106, -0.1491,  0.1075, -0.1614, -0.1343,  0.1031,
         0.0111,  0.0539, -0.1584, -0.0913, -0.0218,  0.0136,  0.0118, -0.0675,
        -0.0649, -0.1732, -0.0018,  0.0052,  0.0404,  0.1226, -0.1440,  0.0450,
         0.1010,  0.1239,  0.1398, -0.0086, -0.0618,  0.0553,  0.1455,  0.1233,
        -0.1643,  0.0420, -0.1047,  0.1099, -0.0730, -0.0033,  0.0521, -0.1638,
         0.0447, -0.0199,  0.1100,  0.0143,  0.0467,  0.1464, -0.1500,  0.0397,
        -0.0979,  0.0147, -0.1461, -0.0785, -0.1591, -0.0969, -0.1011,  0.0893,
        -0.0945,  0.1582,  0.0263, -0.0766, -0.0984,  0.1358,  0.1505,  0.0912]), 'rvq_quantizer.layers.0._codebook.initted': tensor([1.]), 'rvq_quantizer.layers.0._codebook.cluster_size': tensor([[2.0000, 2.7032, 2.0000,  ..., 2.1676, 2.0000, 2.0000]]), 'rvq_quantizer.layers.0._codebook.embed_avg': tensor([[[-273.4452,  392.0568,  -80.3337,  ...,  390.4001,  366.3335,
           370.0517],
         [-437.1920,  323.6209, -219.9655,  ...,  620.0157,  579.6814,
           665.2028],
         [-361.8990,  251.8639, -196.7636,  ...,  484.3590,  470.4670,
           540.8173],
         ...,
         [-204.4599,  351.5353,  -44.6874,  ...,  305.0225,  282.1012,
           281.8068],
         [-330.3029,  220.9073, -182.1522,  ...,  456.2469,  430.3715,
           503.7463],
         [-293.7590,  408.0079,  -78.0053,  ...,  413.0966,  392.6714,
           395.2125]]]), 'rvq_quantizer.layers.0._codebook.embed': tensor([[[-136.7226,  196.0284,  -40.1669,  ...,  195.2000,  183.1667,
           185.0258],
         [-161.7321,  119.7183,  -81.3726,  ...,  229.3647,  214.4436,
           246.0809],
         [-180.9495,  125.9320,  -98.3818,  ...,  242.1795,  235.2335,
           270.4087],
         ...,
         [ -94.3246,  162.1758,  -20.6159,  ...,  140.7177,  130.1434,
           130.0075],
         [-165.1512,  110.4535,  -91.0760,  ...,  228.1231,  215.1854,
           251.8728],
         [-146.8795,  204.0040,  -39.0027,  ...,  206.5483,  196.3357,
           197.6063]]]), 'rvq_quantizer.layers.1._codebook.initted': tensor([1.]), 'rvq_quantizer.layers.1._codebook.cluster_size': tensor([[2.0000, 2.2000, 2.8600,  ..., 3.2729, 2.0000, 2.6738]]), 'rvq_quantizer.layers.1._codebook.embed_avg': tensor([[[ 4.4678e-01, -9.2251e+00,  3.6638e+00,  ...,  1.9633e+00,
           3.8742e+00,  1.0397e+01],
         [ 1.2499e+00,  1.6266e+00,  2.5399e+01,  ...,  2.1680e+00,
          -8.0472e+00, -1.1765e+01],
         [-1.8534e+01,  3.9798e+00, -1.0695e+01,  ...,  1.4444e+01,
           2.2008e+01,  1.8992e+01],
         ...,
         [-6.6964e+00, -7.1000e+00,  3.9076e+00,  ..., -1.2915e+01,
          -1.0757e+01,  6.1583e+00],
         [-3.9113e+00,  9.9884e+00, -7.1598e+00,  ..., -1.0598e+00,
           2.9978e+00, -5.0394e+00],
         [-9.3201e-01,  3.2874e+00, -2.4536e+00,  ..., -1.5878e-02,
           3.0172e+00,  2.3626e+00]]]), 'rvq_quantizer.layers.1._codebook.embed': tensor([[[ 2.2339e-01, -4.6125e+00,  1.8319e+00,  ...,  9.8163e-01,
           1.9371e+00,  5.1983e+00],
         [ 5.6814e-01,  7.3934e-01,  1.1545e+01,  ...,  9.8547e-01,
          -3.6578e+00, -5.3478e+00],
         [-6.4804e+00,  1.3915e+00, -3.7395e+00,  ...,  5.0502e+00,
           7.6952e+00,  6.6406e+00],
         ...,
         [-2.0460e+00, -2.1693e+00,  1.1939e+00,  ..., -3.9459e+00,
          -3.2867e+00,  1.8816e+00],
         [-1.9557e+00,  4.9942e+00, -3.5799e+00,  ..., -5.2988e-01,
           1.4989e+00, -2.5197e+00],
         [-3.4857e-01,  1.2295e+00, -9.1762e-01,  ..., -5.9382e-03,
           1.1284e+00,  8.8361e-01]]]), 'rvq_quantizer.layers.2._codebook.initted': tensor([1.]), 'rvq_quantizer.layers.2._codebook.cluster_size': tensor([[2.3700, 2.5424, 2.8024,  ..., 4.9272, 2.3007, 2.7868]]), 'rvq_quantizer.layers.2._codebook.embed_avg': tensor([[[ 2.4339e+00, -7.0957e+00, -6.2697e+00,  ..., -5.6868e+00,
          -4.6916e+00, -6.6095e-01],
         [ 4.2884e+00, -1.2029e+01, -5.3129e+00,  ..., -2.1790e+00,
           1.5890e+00,  3.0297e+00],
         [ 4.2015e+00, -7.8921e-01,  1.5313e-01,  ..., -5.5691e+00,
          -1.8194e+00, -3.6330e-01],
         ...,
         [-1.9577e+00,  4.1193e+00,  3.0199e+00,  ..., -4.2836e-01,
           1.5465e+00, -9.9213e-02],
         [ 4.5879e+00,  1.6492e-04,  4.3226e-01,  ..., -2.5695e+00,
          -2.6444e+00,  2.4429e+00],
         [-6.5172e-01,  3.5811e+00, -9.0550e-01,  ...,  3.6611e+00,
           5.5615e+00,  6.3417e+00]]]), 'rvq_quantizer.layers.2._codebook.embed': tensor([[[ 1.0270e+00, -2.9940e+00, -2.6454e+00,  ..., -2.3995e+00,
          -1.9796e+00, -2.7888e-01],
         [ 1.6868e+00, -4.7315e+00, -2.0897e+00,  ..., -8.5706e-01,
           6.2502e-01,  1.1917e+00],
         [ 1.4993e+00, -2.8162e-01,  5.4642e-02,  ..., -1.9873e+00,
          -6.4924e-01, -1.2964e-01],
         ...,
         [-3.9731e-01,  8.3602e-01,  6.1291e-01,  ..., -8.6938e-02,
           3.1387e-01, -2.0136e-02],
         [ 1.9941e+00,  7.1683e-05,  1.8788e-01,  ..., -1.1168e+00,
          -1.1494e+00,  1.0618e+00],
         [-2.3386e-01,  1.2850e+00, -3.2492e-01,  ...,  1.3137e+00,
           1.9957e+00,  2.2756e+00]]]), 'rvq_quantizer.layers.3._codebook.initted': tensor([1.]), 'rvq_quantizer.layers.3._codebook.cluster_size': tensor([[2.0000, 2.3700, 2.3000,  ..., 2.8047, 3.3520, 2.0000]]), 'rvq_quantizer.layers.3._codebook.embed_avg': tensor([[[-1.7899, -2.8930,  6.9965,  ...,  1.2963,  1.4841, -0.2346],
         [ 0.3219,  0.2073,  1.0279,  ..., -1.9822, -3.8101, -2.8003],
         [-0.0793,  5.2294, -3.9082,  ...,  2.1449,  2.8916,  1.8179],
         ...,
         [-0.0354, -2.1761, -0.7755,  ...,  0.8698,  0.6307,  3.7865],
         [-3.0205, -0.4646,  3.2944,  ...,  0.0451,  0.9751, -0.4833],
         [ 0.1078,  0.3634,  3.9242,  ...,  2.5790,  4.3245, -1.9076]]]), 'rvq_quantizer.layers.3._codebook.embed': tensor([[[-0.8950, -1.4465,  3.4982,  ...,  0.6482,  0.7420, -0.1173],
         [ 0.1358,  0.0875,  0.4337,  ..., -0.8364, -1.6076, -1.1816],
         [-0.0345,  2.2737, -1.6992,  ...,  0.9326,  1.2572,  0.7904],
         ...,
         [-0.0126, -0.7759, -0.2765,  ...,  0.3101,  0.2249,  1.3500],
         [-0.9011, -0.1386,  0.9828,  ...,  0.0135,  0.2909, -0.1442],
         [ 0.0539,  0.1817,  1.9621,  ...,  1.2895,  2.1622, -0.9538]]])})
Loss:  tensor(6.7755, grad_fn=<MeanBackward0>)
OrderedDict({'rvq_quantizer.project_in.weight': tensor([[ 0.1522, -0.2566, -0.1371,  ...,  0.1822,  0.2245,  0.1507],
        [-0.2663, -0.0139,  0.2311,  ...,  0.0124, -0.1389, -0.0916],
        [ 0.0331, -0.1171,  0.0478,  ...,  0.1052,  0.0166,  0.0206],
        ...,
        [-0.2178,  0.2474,  0.1735,  ..., -0.2529, -0.2792, -0.2960],
        [-0.2000,  0.2636,  0.1814,  ..., -0.3383, -0.2987, -0.3029],
        [-0.1994,  0.2641,  0.0678,  ..., -0.2382, -0.3593, -0.3036]]), 'rvq_quantizer.project_in.bias': tensor([-0.3764,  0.3705, -0.1361,  0.1352, -0.0689, -0.1348,  0.0210, -0.2895,
         0.0390, -0.4150, -0.1281, -0.0798, -0.3905, -0.1590,  0.3016, -0.1523,
        -0.0787,  0.2264,  0.2345,  0.3404,  0.2355,  0.3474, -0.3495,  0.3785,
        -0.1483, -0.3023,  0.1246,  0.2828,  0.1563,  0.3783,  0.3697,  0.4017]), 'rvq_quantizer.project_out.weight': tensor([[ 0.0863,  0.1175, -0.0987,  ..., -0.0436,  0.0902, -0.0665],
        [-0.0337,  0.0185,  0.1248,  ..., -0.1478, -0.1462, -0.0690],
        [ 0.1136,  0.0347, -0.1496,  ...,  0.1559,  0.1245, -0.1110],
        ...,
        [-0.0980,  0.0885, -0.1271,  ..., -0.0326,  0.1682, -0.0498],
        [-0.0419,  0.0095, -0.0684,  ...,  0.0084, -0.0638, -0.1158],
        [-0.0722,  0.0351, -0.0780,  ..., -0.1712,  0.1494, -0.0657]]), 'rvq_quantizer.project_out.bias': tensor([-0.0057, -0.1618, -0.0106, -0.1491,  0.1075, -0.1614, -0.1343,  0.1031,
         0.0111,  0.0539, -0.1584, -0.0913, -0.0218,  0.0136,  0.0118, -0.0675,
        -0.0649, -0.1732, -0.0018,  0.0052,  0.0404,  0.1226, -0.1440,  0.0450,
         0.1010,  0.1239,  0.1398, -0.0086, -0.0618,  0.0553,  0.1455,  0.1233,
        -0.1643,  0.0420, -0.1047,  0.1099, -0.0730, -0.0033,  0.0521, -0.1638,
         0.0447, -0.0199,  0.1100,  0.0143,  0.0467,  0.1464, -0.1500,  0.0397,
        -0.0979,  0.0147, -0.1461, -0.0785, -0.1591, -0.0969, -0.1011,  0.0893,
        -0.0945,  0.1582,  0.0263, -0.0766, -0.0984,  0.1358,  0.1505,  0.0912]), 'rvq_quantizer.layers.0._codebook.initted': tensor([1.]), 'rvq_quantizer.layers.0._codebook.cluster_size': tensor([[2.4000, 2.4329, 2.0000,  ..., 2.0000, 2.0000, 4.3000]]), 'rvq_quantizer.layers.0._codebook.embed_avg': tensor([[[-329.1353,  470.7866,  -97.1609,  ...,  467.6755,  440.1951,
           444.8415],
         [-393.4728,  291.2588, -197.9689,  ...,  558.0141,  521.7133,
           598.6825],
         [-362.8262,  252.4090, -196.8278,  ...,  485.1459,  471.5829,
           541.7355],
         ...,
         [-453.0003,  388.1656, -172.7031,  ...,  622.3395,  587.3893,
           622.2018],
         [-240.4292,  260.7551,  -93.2014,  ...,  332.9072,  303.6862,
           348.0026],
         [-633.9754,  880.8693, -167.8828,  ...,  891.1730,  838.9991,
           845.1475]]]), 'rvq_quantizer.layers.0._codebook.embed': tensor([[[-137.1396,  196.1609,  -40.4837,  ...,  194.8647,  183.4145,
           185.3505],
         [-161.7320,  119.7182,  -81.3726,  ...,  229.3646,  214.4436,
           246.0808],
         [-181.4128,  126.2043,  -98.4137,  ...,  242.5726,  235.7911,
           270.8673],
         ...,
         [-226.5001,  194.0828,  -86.3516,  ...,  311.1698,  293.6947,
           311.1009],
         [-120.2146,  130.3776,  -46.6007,  ...,  166.4536,  151.8431,
           174.0013],
         [-147.4363,  204.8536,  -39.0426,  ...,  207.2498,  195.1163,
           196.5462]]]), 'rvq_quantizer.layers.1._codebook.initted': tensor([1.]), 'rvq_quantizer.layers.1._codebook.cluster_size': tensor([[2.0000, 2.0800, 2.8740,  ..., 2.9456, 2.0000, 2.8064]]), 'rvq_quantizer.layers.1._codebook.embed_avg': tensor([[[ -8.8098,   1.5795,  -2.2388,  ...,  11.2161,   8.8387,  11.2101],
         [  1.5205,   1.1973,  23.3948,  ...,   1.7599,  -7.3442, -10.4989],
         [-18.8548,   4.7187, -10.2033,  ...,  14.4778,  21.5070,  18.6975],
         ...,
         [ -6.0268,  -6.3900,   3.5168,  ..., -11.6232,  -9.6814,   5.5425],
         [ -5.1631,  13.1351,  -0.3497,  ...,   4.7980,  10.6270,  -4.0875],
         [ -1.1250,   3.8834,  -3.2245,  ...,  -0.4101,   3.1129,   2.5362]]]), 'rvq_quantizer.layers.1._codebook.embed': tensor([[[-4.4049,  0.7897, -1.1194,  ...,  5.6081,  4.4193,  5.6051],
         [ 0.7310,  0.5756, 11.2475,  ...,  0.8461, -3.5309, -5.0475],
         [-6.5605,  1.6418, -3.5502,  ...,  5.0375,  7.4833,  6.5058],
         ...,
         [-2.0460, -2.1693,  1.1939,  ..., -3.9459, -3.2867,  1.8816],
         [-2.5815,  6.5675, -0.1748,  ...,  2.3990,  5.3135, -2.0438],
         [-0.4009,  1.3837, -1.1490,  ..., -0.1461,  1.1092,  0.9037]]]), 'rvq_quantizer.layers.2._codebook.initted': tensor([1.]), 'rvq_quantizer.layers.2._codebook.cluster_size': tensor([[2.4330, 2.5881, 2.5222,  ..., 4.5345, 2.0706, 2.8081]]), 'rvq_quantizer.layers.2._codebook.embed_avg': tensor([[[ 2.6579e+00, -7.6690e+00, -6.4442e+00,  ..., -6.3750e+00,
          -4.7120e+00, -7.2876e-01],
         [ 4.2312e+00, -1.2949e+01, -6.7654e+00,  ..., -2.7506e+00,
           1.8823e+00,  3.9473e+00],
         [ 3.7814e+00, -7.1029e-01,  1.3782e-01,  ..., -5.0122e+00,
          -1.6375e+00, -3.2697e-01],
         ...,
         [-1.8737e+00,  3.9464e+00,  2.7140e+00,  ..., -3.2774e-01,
           1.3942e+00, -1.6366e-01],
         [ 4.1291e+00,  1.4843e-04,  3.8903e-01,  ..., -2.3126e+00,
          -2.3800e+00,  2.1986e+00],
         [-7.0743e-01,  3.1586e+00, -1.3154e+00,  ...,  4.6715e+00,
           5.7379e+00,  6.1026e+00]]]), 'rvq_quantizer.layers.2._codebook.embed': tensor([[[ 1.0924e+00, -3.1521e+00, -2.6487e+00,  ..., -2.6202e+00,
          -1.9367e+00, -2.9953e-01],
         [ 1.6349e+00, -5.0034e+00, -2.6140e+00,  ..., -1.0628e+00,
           7.2730e-01,  1.5252e+00],
         [ 1.4993e+00, -2.8162e-01,  5.4642e-02,  ..., -1.9873e+00,
          -6.4924e-01, -1.2964e-01],
         ...,
         [-4.1322e-01,  8.7030e-01,  5.9852e-01,  ..., -7.2276e-02,
           3.0747e-01, -3.6091e-02],
         [ 1.9941e+00,  7.1683e-05,  1.8788e-01,  ..., -1.1168e+00,
          -1.1494e+00,  1.0618e+00],
         [-2.5192e-01,  1.1248e+00, -4.6842e-01,  ...,  1.6636e+00,
           2.0433e+00,  2.1732e+00]]]), 'rvq_quantizer.layers.3._codebook.initted': tensor([1.]), 'rvq_quantizer.layers.3._codebook.cluster_size': tensor([[2.0000, 2.4330, 2.5700,  ..., 2.6243, 3.3168, 2.0000]]), 'rvq_quantizer.layers.3._codebook.embed_avg': tensor([[[-2.3086e+00, -3.0305e+00,  6.8115e+00,  ...,  1.1758e+00,
           1.8655e+00, -1.2425e-01],
         [ 1.1274e-01,  5.4883e-01,  1.1036e+00,  ..., -2.0087e+00,
          -4.1605e+00, -3.3000e+00],
         [-6.2624e-01,  5.8044e+00, -4.3837e+00,  ...,  2.2607e+00,
           3.7376e+00,  1.9736e+00],
         ...,
         [ 1.5245e-01, -2.1716e+00, -6.7694e-01,  ...,  7.8916e-01,
           4.2075e-01,  3.7360e+00],
         [-3.2182e+00, -4.0767e-01,  3.5466e+00,  ...,  3.4106e-01,
           7.4894e-01, -8.1870e-01],
         [-6.0117e-01,  4.4339e-03, -1.0126e+00,  ..., -1.0850e-01,
           2.6404e+00, -1.1715e+00]]]), 'rvq_quantizer.layers.3._codebook.embed': tensor([[[-1.1543e+00, -1.5152e+00,  3.4058e+00,  ...,  5.8791e-01,
           9.3276e-01, -6.2127e-02],
         [ 4.6336e-02,  2.2558e-01,  4.5359e-01,  ..., -8.2561e-01,
          -1.7100e+00, -1.3563e+00],
         [-2.4367e-01,  2.2585e+00, -1.7057e+00,  ...,  8.7963e-01,
           1.4543e+00,  7.6792e-01],
         ...,
         [ 5.8094e-02, -8.2751e-01, -2.5795e-01,  ...,  3.0072e-01,
           1.6033e-01,  1.4236e+00],
         [-9.7028e-01, -1.2291e-01,  1.0693e+00,  ...,  1.0283e-01,
           2.2580e-01, -2.4683e-01],
         [-3.0058e-01,  2.2170e-03, -5.0629e-01,  ..., -5.4249e-02,
           1.3202e+00, -5.8575e-01]]])})
Loss:  tensor(6.9688, grad_fn=<MeanBackward0>)
OrderedDict({'rvq_quantizer.project_in.weight': tensor([[ 0.1577, -0.2579, -0.1451,  ...,  0.1852,  0.2275,  0.1543],
        [-0.2725, -0.0112,  0.2371,  ...,  0.0123, -0.1360, -0.0948],
        [ 0.0341, -0.1151,  0.0429,  ...,  0.1043,  0.0190,  0.0233],
        ...,
        [-0.2244,  0.2528,  0.1812,  ..., -0.2569, -0.2834, -0.3009],
        [-0.2065,  0.2691,  0.1892,  ..., -0.3412, -0.3020, -0.3069],
        [-0.2055,  0.2679,  0.0763,  ..., -0.2428, -0.3639, -0.3087]]), 'rvq_quantizer.project_in.bias': tensor([-0.3815,  0.3765, -0.1372,  0.1371, -0.0708, -0.1366,  0.0229, -0.2942,
         0.0402, -0.4211, -0.1291, -0.0840, -0.3959, -0.1619,  0.3073, -0.1554,
        -0.0796,  0.2310,  0.2375,  0.3456,  0.2418,  0.3541, -0.3556,  0.3843,
        -0.1524, -0.3083,  0.1250,  0.2890,  0.1602,  0.3846,  0.3759,  0.4076]), 'rvq_quantizer.project_out.weight': tensor([[ 0.0863,  0.1175, -0.0987,  ..., -0.0436,  0.0902, -0.0665],
        [-0.0337,  0.0185,  0.1248,  ..., -0.1478, -0.1462, -0.0690],
        [ 0.1136,  0.0347, -0.1496,  ...,  0.1559,  0.1245, -0.1110],
        ...,
        [-0.0980,  0.0885, -0.1271,  ..., -0.0326,  0.1682, -0.0498],
        [-0.0419,  0.0095, -0.0684,  ...,  0.0084, -0.0638, -0.1158],
        [-0.0722,  0.0351, -0.0780,  ..., -0.1712,  0.1494, -0.0657]]), 'rvq_quantizer.project_out.bias': tensor([-0.0057, -0.1618, -0.0106, -0.1491,  0.1075, -0.1614, -0.1343,  0.1031,
         0.0111,  0.0539, -0.1584, -0.0913, -0.0218,  0.0136,  0.0118, -0.0675,
        -0.0649, -0.1732, -0.0018,  0.0052,  0.0404,  0.1226, -0.1440,  0.0450,
         0.1010,  0.1239,  0.1398, -0.0086, -0.0618,  0.0553,  0.1455,  0.1233,
        -0.1643,  0.0420, -0.1047,  0.1099, -0.0730, -0.0033,  0.0521, -0.1638,
         0.0447, -0.0199,  0.1100,  0.0143,  0.0467,  0.1464, -0.1500,  0.0397,
        -0.0979,  0.0147, -0.1461, -0.0785, -0.1591, -0.0969, -0.1011,  0.0893,
        -0.0945,  0.1582,  0.0263, -0.0766, -0.0984,  0.1358,  0.1505,  0.0912]), 'rvq_quantizer.layers.0._codebook.initted': tensor([1.]), 'rvq_quantizer.layers.0._codebook.cluster_size': tensor([[2.2600, 2.1896, 2.0000,  ..., 2.3000, 2.0000, 5.1700]]), 'rvq_quantizer.layers.0._codebook.embed_avg': tensor([[[-310.2986,  443.3514,  -91.4066,  ...,  440.3846,  414.5563,
           418.8640],
         [-354.1255,  262.1329, -178.1720,  ...,  502.2127,  469.5419,
           538.8143],
         [-291.5546,  408.7340,  -85.9913,  ...,  412.3413,  388.2365,
           391.4427],
         ...,
         [-522.3726,  446.7762, -202.0956,  ...,  716.0756,  678.1661,
           718.7959],
         [-315.7831,  425.5746,  -87.5920,  ...,  439.1077,  414.9226,
           418.1123],
         [-762.9218, 1060.6545, -202.3308,  ..., 1071.1376, 1007.8583,
          1015.8285]]]), 'rvq_quantizer.layers.0._codebook.embed': tensor([[[-137.3001,  196.1730,  -40.4454,  ...,  194.8603,  183.4318,
           185.3379],
         [-161.7319,  119.7182,  -81.3726,  ...,  229.3645,  214.4435,
           246.0807],
         [-145.7773,  204.3670,  -42.9957,  ...,  206.1707,  194.1183,
           195.7213],
         ...,
         [-227.1183,  194.2504,  -87.8676,  ...,  311.3370,  294.8546,
           312.5197],
         [-157.8916,  212.7873,  -43.7960,  ...,  219.5538,  207.4613,
           209.0562],
         [-147.5673,  205.1560,  -39.1356,  ...,  207.1836,  194.9439,
           196.4855]]]), 'rvq_quantizer.layers.1._codebook.initted': tensor([1.]), 'rvq_quantizer.layers.1._codebook.cluster_size': tensor([[2.1000, 2.2720, 2.7866,  ..., 2.7511, 2.0000, 2.6258]]), 'rvq_quantizer.layers.1._codebook.embed_avg': tensor([[[ -9.1410,   1.7030,  -2.3374,  ...,  11.6496,   9.3158,  11.7082],
         [  2.6792,   2.7678,  24.9010,  ...,   2.0893,  -8.1355, -11.3453],
         [-18.3253,   5.3601,  -9.8860,  ...,  13.7985,  20.9189,  17.8457],
         ...,
         [ -5.4384,  -5.9889,   3.1275,  ..., -10.8610,  -9.0645,   5.3453],
         [ -8.1059,   2.3897,  -9.2094,  ...,   7.3089,   0.4104,  -0.3593],
         [ -1.0595,   3.8623,  -3.0388,  ...,  -0.3450,   2.8706,   2.3778]]]), 'rvq_quantizer.layers.1._codebook.embed': tensor([[[-4.3529,  0.8109, -1.1131,  ...,  5.5474,  4.4361,  5.5753],
         [ 1.1792,  1.2182, 10.9599,  ...,  0.9196, -3.5808, -4.9935],
         [-6.5762,  1.9235, -3.5477,  ...,  4.9517,  7.5069,  6.4041],
         ...,
         [-1.9768, -2.1770,  1.1368,  ..., -3.9479, -3.2949,  1.9430],
         [-4.0529,  1.1949, -4.6047,  ...,  3.6544,  0.2052, -0.1797],
         [-0.4035,  1.4709, -1.1573,  ..., -0.1314,  1.0932,  0.9055]]]), 'rvq_quantizer.layers.2._codebook.initted': tensor([1.]), 'rvq_quantizer.layers.2._codebook.cluster_size': tensor([[2.6897, 2.7293, 2.7700,  ..., 4.4811, 2.0636, 3.4273]]), 'rvq_quantizer.layers.2._codebook.embed_avg': tensor([[[ 3.5403e+00, -8.7169e+00, -7.4916e+00,  ..., -7.3981e+00,
          -5.7341e+00, -1.0126e+00],
         [ 4.3113e+00, -1.4347e+01, -6.8758e+00,  ..., -2.1163e+00,
           2.1121e+00,  3.0087e+00],
         [ 4.1009e+00, -5.3695e-01,  2.8653e-03,  ..., -5.4137e+00,
          -1.6155e+00, -1.4352e-01],
         ...,
         [-1.4866e+00,  3.5796e+00,  2.6541e+00,  ..., -2.5677e-01,
           1.2680e+00, -3.8965e-01],
         [ 3.6581e+00, -2.6202e-01,  1.6851e-01,  ..., -2.6021e+00,
          -2.3352e+00,  2.4611e+00],
         [-1.0608e+00,  3.5906e+00, -1.1291e+00,  ...,  6.1802e+00,
           7.7235e+00,  7.2908e+00]]]), 'rvq_quantizer.layers.2._codebook.embed': tensor([[[ 1.3162e+00, -3.2408e+00, -2.7853e+00,  ..., -2.7505e+00,
          -2.1319e+00, -3.7649e-01],
         [ 1.5796e+00, -5.2565e+00, -2.5192e+00,  ..., -7.7539e-01,
           7.7387e-01,  1.1024e+00],
         [ 1.4805e+00, -1.9385e-01,  1.0344e-03,  ..., -1.9544e+00,
          -5.8324e-01, -5.1815e-02],
         ...,
         [-3.3176e-01,  7.9883e-01,  5.9229e-01,  ..., -5.7301e-02,
           2.8297e-01, -8.6955e-02],
         [ 1.7727e+00, -1.2697e-01,  8.1657e-02,  ..., -1.2610e+00,
          -1.1316e+00,  1.1927e+00],
         [-3.0951e-01,  1.0476e+00, -3.2943e-01,  ...,  1.8032e+00,
           2.2535e+00,  2.1273e+00]]]), 'rvq_quantizer.layers.3._codebook.initted': tensor([1.]), 'rvq_quantizer.layers.3._codebook.cluster_size': tensor([[2.0000, 2.3897, 2.6130,  ..., 2.4618, 3.1851, 2.0000]]), 'rvq_quantizer.layers.3._codebook.embed_avg': tensor([[[ 0.6492,  1.4101, 15.1542,  ..., -0.6778, -6.5832,  0.5034],
         [ 0.3720,  0.5126,  0.6278,  ..., -1.7242, -4.1811, -3.1862],
         [-0.5958,  6.0652, -4.7020,  ...,  2.0414,  4.0361,  2.2110],
         ...,
         [ 0.2452, -2.1813, -0.7354,  ...,  0.5804,  0.2470,  3.4979],
         [-2.9133, -0.3316,  3.6368,  ...,  0.2661,  0.5603, -0.6650],
         [-0.0303,  0.1793,  0.7375,  ..., -5.4132,  1.8337,  0.8614]]]), 'rvq_quantizer.layers.3._codebook.embed': tensor([[[ 0.3246,  0.7051,  7.5771,  ..., -0.3389, -3.2916,  0.2517],
         [ 0.1557,  0.2145,  0.2627,  ..., -0.7215, -1.7496, -1.3333],
         [-0.2280,  2.3212, -1.7994,  ...,  0.7813,  1.5446,  0.8461],
         ...,
         [ 0.0996, -0.8860, -0.2987,  ...,  0.2358,  0.1003,  1.4208],
         [-0.9147, -0.1041,  1.1418,  ...,  0.0836,  0.1759, -0.2088],
         [-0.0151,  0.0897,  0.3687,  ..., -2.7066,  0.9169,  0.4307]]])})
Loss:  tensor(7.2488, grad_fn=<MeanBackward0>)
OrderedDict({'rvq_quantizer.project_in.weight': tensor([[ 0.1632, -0.2587, -0.1530,  ...,  0.1881,  0.2304,  0.1578],
        [-0.2785, -0.0090,  0.2429,  ...,  0.0120, -0.1333, -0.0980],
        [ 0.0348, -0.1125,  0.0379,  ...,  0.1033,  0.0213,  0.0260],
        ...,
        [-0.2309,  0.2581,  0.1888,  ..., -0.2608, -0.2875, -0.3058],
        [-0.2129,  0.2743,  0.1969,  ..., -0.3438, -0.3052, -0.3107],
        [-0.2115,  0.2716,  0.0848,  ..., -0.2473, -0.3684, -0.3137]]), 'rvq_quantizer.project_in.bias': tensor([-0.3866,  0.3825, -0.1382,  0.1390, -0.0726, -0.1383,  0.0247, -0.2988,
         0.0414, -0.4271, -0.1299, -0.0881, -0.4012, -0.1647,  0.3129, -0.1584,
        -0.0805,  0.2355,  0.2403,  0.3508,  0.2480,  0.3607, -0.3615,  0.3901,
        -0.1564, -0.3143,  0.1253,  0.2951,  0.1641,  0.3908,  0.3820,  0.4134]), 'rvq_quantizer.project_out.weight': tensor([[ 0.0863,  0.1175, -0.0987,  ..., -0.0436,  0.0902, -0.0665],
        [-0.0337,  0.0185,  0.1248,  ..., -0.1478, -0.1462, -0.0690],
        [ 0.1136,  0.0347, -0.1496,  ...,  0.1559,  0.1245, -0.1110],
        ...,
        [-0.0980,  0.0885, -0.1271,  ..., -0.0326,  0.1682, -0.0498],
        [-0.0419,  0.0095, -0.0684,  ...,  0.0084, -0.0638, -0.1158],
        [-0.0722,  0.0351, -0.0780,  ..., -0.1712,  0.1494, -0.0657]]), 'rvq_quantizer.project_out.bias': tensor([-0.0057, -0.1618, -0.0106, -0.1491,  0.1075, -0.1614, -0.1343,  0.1031,
         0.0111,  0.0539, -0.1584, -0.0913, -0.0218,  0.0136,  0.0118, -0.0675,
        -0.0649, -0.1732, -0.0018,  0.0052,  0.0404,  0.1226, -0.1440,  0.0450,
         0.1010,  0.1239,  0.1398, -0.0086, -0.0618,  0.0553,  0.1455,  0.1233,
        -0.1643,  0.0420, -0.1047,  0.1099, -0.0730, -0.0033,  0.0521, -0.1638,
         0.0447, -0.0199,  0.1100,  0.0143,  0.0467,  0.1464, -0.1500,  0.0397,
        -0.0979,  0.0147, -0.1461, -0.0785, -0.1591, -0.0969, -0.1011,  0.0893,
        -0.0945,  0.1582,  0.0263, -0.0766, -0.0984,  0.1358,  0.1505,  0.0912]), 'rvq_quantizer.layers.0._codebook.initted': tensor([1.]), 'rvq_quantizer.layers.0._codebook.cluster_size': tensor([[2.0340, 2.0000, 2.2000,  ..., 2.7700, 4.9000, 4.7530]]), 'rvq_quantizer.layers.0._codebook.embed_avg': tensor([[[-279.2687,  399.0162,  -82.2660,  ...,  396.3462,  373.1007,
           376.9776],
         [-301.7200,  419.2540,  -79.8753,  ...,  421.3870,  394.6420,
           400.6169],
         [-321.6432,  449.7930,  -94.1644,  ...,  453.5985,  426.6671,
           430.6477],
         ...,
         [-628.7264,  538.2286, -247.9637,  ...,  862.1094,  817.5302,
           867.8466],
         [-773.7709, 1046.1686, -209.4526,  ..., 1078.0063, 1012.8798,
          1021.4282],
         [-701.5438,  975.6428, -186.4706,  ...,  984.9064,  926.8730,
           934.0731]]]), 'rvq_quantizer.layers.0._codebook.embed': tensor([[[-137.3001,  196.1729,  -40.4454,  ...,  194.8602,  183.4318,
           185.3378],
         [-150.8600,  209.6270,  -39.9377,  ...,  210.6935,  197.3210,
           200.3084],
         [-146.2013,  204.4511,  -42.8020,  ...,  206.1809,  193.9394,
           195.7488],
         ...,
         [-226.9770,  194.3063,  -89.5176,  ...,  311.2308,  295.1372,
           313.3020],
         [-157.9126,  213.5041,  -42.7455,  ...,  220.0016,  206.7104,
           208.4550],
         [-147.6004,  205.2691,  -39.2323,  ...,  207.2181,  195.0083,
           196.5231]]]), 'rvq_quantizer.layers.1._codebook.initted': tensor([1.]), 'rvq_quantizer.layers.1._codebook.cluster_size': tensor([[2.0000, 2.3448, 3.1079,  ..., 2.6760, 2.2000, 2.6632]]), 'rvq_quantizer.layers.1._codebook.embed_avg': tensor([[[  3.0606,   5.5826,  -4.4358,  ...,  -7.1384,  -3.5356,  -1.2660],
         [  2.6216,   4.6224,  24.9912,  ...,   2.6239,  -8.2903, -11.6523],
         [-19.7789,   7.9945, -12.5986,  ...,  15.2122,  22.9272,  19.1551],
         ...,
         [ -4.5849,  -7.2063,   3.8718,  ..., -10.4169,  -9.0065,   5.0416],
         [ -8.5069,   3.5276, -10.7221,  ...,   7.8442,   0.6544,  -0.2400],
         [ -1.1152,   4.5769,  -3.1873,  ...,  -0.1904,   2.8999,   2.3046]]]), 'rvq_quantizer.layers.1._codebook.embed': tensor([[[ 1.5303,  2.7913, -2.2179,  ..., -3.5692, -1.7678, -0.6330],
         [ 1.1181,  1.9713, 10.6581,  ...,  1.1190, -3.5356, -4.9694],
         [-6.3640,  2.5723, -4.0537,  ...,  4.8946,  7.3770,  6.1633],
         ...,
         [-1.7134, -2.6930,  1.4469,  ..., -3.8928, -3.3657,  1.8840],
         [-3.8668,  1.6035, -4.8737,  ...,  3.5656,  0.2974, -0.1091],
         [-0.4188,  1.7186, -1.1968,  ..., -0.0715,  1.0889,  0.8654]]]), 'rvq_quantizer.layers.2._codebook.initted': tensor([1.]), 'rvq_quantizer.layers.2._codebook.cluster_size': tensor([[2.9207, 2.7564, 2.8930,  ..., 4.4330, 2.0000, 3.5846]]), 'rvq_quantizer.layers.2._codebook.embed_avg': tensor([[[  4.2898,  -9.4403,  -9.1499,  ...,  -8.5436,  -6.7833,  -0.9715],
         [  4.2324, -14.7035,  -7.1776,  ...,  -1.2085,   2.0595,   3.7248],
         [  4.4383,  -0.7468,   0.0694,  ...,  -5.9089,  -1.8094,  -0.5056],
         ...,
         [ -1.2001,   3.6117,   2.6789,  ...,  -0.4901,   1.0646,  -0.5653],
         [  3.1711, -16.5489, -11.3017,  ...,   1.5316,  -5.0877,  -2.6266],
         [ -1.0635,   4.1299,  -1.0718,  ...,   7.2882,   8.0445,   7.0112]]]), 'rvq_quantizer.layers.2._codebook.embed': tensor([[[ 1.4688, -3.2322, -3.1327,  ..., -2.9252, -2.3225, -0.3326],
         [ 1.5355, -5.3344, -2.6040,  ..., -0.4385,  0.7472,  1.3513],
         [ 1.5342, -0.2582,  0.0240,  ..., -2.0425, -0.6255, -0.1748],
         ...,
         [-0.2707,  0.8147,  0.6043,  ..., -0.1106,  0.2401, -0.1275],
         [ 1.5856, -8.2744, -5.6508,  ...,  0.7658, -2.5439, -1.3133],
         [-0.2967,  1.1521, -0.2990,  ...,  2.0332,  2.2442,  1.9559]]]), 'rvq_quantizer.layers.3._codebook.initted': tensor([1.]), 'rvq_quantizer.layers.3._codebook.cluster_size': tensor([[2.0000, 2.2507, 2.5517,  ..., 2.4156, 3.0666, 2.0000]]), 'rvq_quantizer.layers.3._codebook.embed_avg': tensor([[[-1.6123,  2.6259,  2.0732,  ..., -2.7919,  3.7889, -7.2252],
         [ 0.2107,  0.6902,  0.6950,  ..., -1.7817, -3.9438, -2.7186],
         [-0.7978,  5.4656, -4.3124,  ...,  1.8836,  4.1428,  2.2665],
         ...,
         [-0.0449, -2.2364, -0.3337,  ...,  0.2406,  0.2579,  3.4236],
         [-2.5079, -0.5361,  3.9048,  ..., -0.1362,  0.4891, -0.6048],
         [-0.2618,  1.3544,  4.4022,  ...,  4.1703,  0.2210, -7.5788]]]), 'rvq_quantizer.layers.3._codebook.embed': tensor([[[-0.8061,  1.3130,  1.0366,  ..., -1.3959,  1.8945, -3.6126],
         [ 0.0936,  0.3066,  0.3088,  ..., -0.7916, -1.7522, -1.2079],
         [-0.3127,  2.1419, -1.6900,  ...,  0.7382,  1.6236,  0.8882],
         ...,
         [-0.0186, -0.9258, -0.1382,  ...,  0.0996,  0.1068,  1.4172],
         [-0.8178, -0.1748,  1.2733,  ..., -0.0444,  0.1595, -0.1972],
         [-0.1309,  0.6772,  2.2011,  ...,  2.0851,  0.1105, -3.7894]]])})
Loss:  tensor(7.5236, grad_fn=<MeanBackward0>)
OrderedDict({'rvq_quantizer.project_in.weight': tensor([[ 0.1740, -0.2595, -0.1686,  ...,  0.1937,  0.2359,  0.1646],
        [-0.2904, -0.0068,  0.2540,  ...,  0.0110, -0.1278, -0.1044],
        [ 0.0361, -0.1064,  0.0273,  ...,  0.1013,  0.0262,  0.0317],
        ...,
        [-0.2437,  0.2685,  0.2038,  ..., -0.2683, -0.2953, -0.3152],
        [-0.2255,  0.2844,  0.2122,  ..., -0.3486, -0.3110, -0.3180],
        [-0.2233,  0.2784,  0.1016,  ..., -0.2558, -0.3770, -0.3234]]), 'rvq_quantizer.project_in.bias': tensor([-0.3964,  0.3941, -0.1402,  0.1429, -0.0760, -0.1414,  0.0279, -0.3078,
         0.0438, -0.4390, -0.1313, -0.0960, -0.4115, -0.1703,  0.3237, -0.1643,
        -0.0817,  0.2442,  0.2459,  0.3609,  0.2602,  0.3736, -0.3732,  0.4015,
        -0.1643, -0.3263,  0.1258,  0.3071,  0.1717,  0.4031,  0.3939,  0.4247]), 'rvq_quantizer.project_out.weight': tensor([[ 0.0863,  0.1175, -0.0987,  ..., -0.0436,  0.0902, -0.0665],
        [-0.0337,  0.0185,  0.1248,  ..., -0.1478, -0.1462, -0.0690],
        [ 0.1136,  0.0347, -0.1496,  ...,  0.1559,  0.1245, -0.1110],
        ...,
        [-0.0980,  0.0885, -0.1271,  ..., -0.0326,  0.1682, -0.0498],
        [-0.0419,  0.0095, -0.0684,  ...,  0.0084, -0.0638, -0.1158],
        [-0.0722,  0.0351, -0.0780,  ..., -0.1712,  0.1494, -0.0657]]), 'rvq_quantizer.project_out.bias': tensor([-0.0057, -0.1618, -0.0106, -0.1491,  0.1075, -0.1614, -0.1343,  0.1031,
         0.0111,  0.0539, -0.1584, -0.0913, -0.0218,  0.0136,  0.0118, -0.0675,
        -0.0649, -0.1732, -0.0018,  0.0052,  0.0404,  0.1226, -0.1440,  0.0450,
         0.1010,  0.1239,  0.1398, -0.0086, -0.0618,  0.0553,  0.1455,  0.1233,
        -0.1643,  0.0420, -0.1047,  0.1099, -0.0730, -0.0033,  0.0521, -0.1638,
         0.0447, -0.0199,  0.1100,  0.0143,  0.0467,  0.1464, -0.1500,  0.0397,
        -0.0979,  0.0147, -0.1461, -0.0785, -0.1591, -0.0969, -0.1011,  0.0893,
        -0.0945,  0.1582,  0.0263, -0.0766, -0.0984,  0.1358,  0.1505,  0.0912]), 'rvq_quantizer.layers.0._codebook.initted': tensor([1.]), 'rvq_quantizer.layers.0._codebook.cluster_size': tensor([[2.9000, 2.2000, 2.0000,  ..., 2.9037, 9.0890, 4.0399]]), 'rvq_quantizer.layers.0._codebook.embed_avg': tensor([[[ -534.5089,   283.9375,  -291.8261,  ...,   751.9227,
            691.5476,   817.4521],
         [ -386.3441,   205.2489,  -219.3215,  ...,   511.7409,
            505.0114,   602.5355],
         [ -360.8090,   403.1238,  -119.9284,  ...,   499.8676,
            467.7299,   484.0243],
         ...,
         [ -658.7285,   565.4773,  -262.5420,  ...,   904.5663,
            857.7567,   912.6766],
         [-1436.1370,  1949.6691,  -384.9925,  ...,  1999.8452,
           1878.8521,  1892.8308],
         [ -596.1994,   829.1846,  -158.9889,  ...,   836.8523,
            787.7938,   794.0800]]]), 'rvq_quantizer.layers.0._codebook.embed': tensor([[[-184.3134,   97.9095, -100.6297,  ...,  259.2837,  238.4647,
           281.8801],
         [-175.6108,   93.2949,  -99.6915,  ...,  232.6093,  229.5504,
           273.8795],
         [-180.4045,  201.5619,  -59.9642,  ...,  249.9338,  233.8649,
           242.0121],
         ...,
         [-226.8584,  194.7437,  -90.4164,  ...,  311.5220,  295.4013,
           314.3151],
         [-158.0087,  214.5092,  -42.3582,  ...,  220.0297,  206.7177,
           208.2556],
         [-147.5768,  205.2475,  -39.3544,  ...,  207.1454,  195.0020,
           196.5581]]]), 'rvq_quantizer.layers.1._codebook.initted': tensor([1.]), 'rvq_quantizer.layers.1._codebook.cluster_size': tensor([[2.1000, 2.4793, 3.4474,  ..., 2.4675, 2.0000, 2.6272]]), 'rvq_quantizer.layers.1._codebook.embed_avg': tensor([[[ -4.7590,  18.8100,  -1.3020,  ...,   8.0319,   4.7729,   9.9195],
         [  3.9315,   8.6283,  24.7705,  ...,   3.5130,  -9.2910, -11.3833],
         [-20.9354,   7.3416, -15.6107,  ...,  15.6807,  26.8903,  22.4987],
         ...,
         [ -4.0345,  -5.9474,   4.8465,  ...,  -8.8521,  -7.7194,   4.4371],
         [ -3.0554,   2.8665,  -4.9178,  ...,   7.2096,   7.5871,   5.8251],
         [ -0.9733,   5.1832,  -3.2237,  ...,  -0.0638,   2.3748,   2.5165]]]), 'rvq_quantizer.layers.1._codebook.embed': tensor([[[-2.2662,  8.9571, -0.6200,  ...,  3.8247,  2.2728,  4.7236],
         [ 1.5858,  3.4802,  9.9910,  ...,  1.4169, -3.7474, -4.5913],
         [-6.0727,  2.1296, -4.5282,  ...,  4.5485,  7.8001,  6.5262],
         ...,
         [-1.6351, -2.4103,  1.9641,  ..., -3.5875, -3.1284,  1.7982],
         [-1.5277,  1.4332, -2.4589,  ...,  3.6048,  3.7936,  2.9125],
         [-0.3705,  1.9729, -1.2270,  ..., -0.0243,  0.9039,  0.9579]]]), 'rvq_quantizer.layers.2._codebook.initted': tensor([1.]), 'rvq_quantizer.layers.2._codebook.cluster_size': tensor([[3.0458, 2.8727, 2.8033,  ..., 4.3507, 2.0000, 3.5535]]), 'rvq_quantizer.layers.2._codebook.embed_avg': tensor([[[  4.7537, -10.3035, -10.5434,  ...,  -9.3172,  -7.2196,  -1.4510],
         [  3.9989, -15.4904,  -8.1015,  ...,  -1.4379,   1.6202,   3.6759],
         [  4.1362,  -0.9828,   0.2862,  ...,  -5.6995,  -1.8821,  -0.4632],
         ...,
         [ -1.2098,   3.2407,   3.3548,  ...,  -0.5380,   0.8069,  -0.3148],
         [  5.8814,  -2.6860,   4.3618,  ...,   7.8800,   9.9734,  -0.8643],
         [ -0.0920,   3.1554,  -0.1827,  ...,   7.5099,   8.2224,   6.1055]]]), 'rvq_quantizer.layers.2._codebook.embed': tensor([[[ 1.5607, -3.3829, -3.4616,  ..., -3.0590, -2.3704, -0.4764],
         [ 1.3920, -5.3923, -2.8202,  ..., -0.5005,  0.5640,  1.2796],
         [ 1.4755, -0.3506,  0.1021,  ..., -2.0332, -0.6714, -0.1652],
         ...,
         [-0.2781,  0.7449,  0.7711,  ..., -0.1237,  0.1855, -0.0723],
         [ 2.9407, -1.3430,  2.1809,  ...,  3.9400,  4.9867, -0.4322],
         [-0.0259,  0.8880, -0.0514,  ...,  2.1134,  2.3139,  1.7182]]]), 'rvq_quantizer.layers.3._codebook.initted': tensor([1.]), 'rvq_quantizer.layers.3._codebook.cluster_size': tensor([[2.0000, 2.0000, 2.4469,  ..., 2.6367, 2.7740, 2.0000]]), 'rvq_quantizer.layers.3._codebook.embed_avg': tensor([[[-1.2210, -0.2836, -1.1465,  ...,  6.2879,  6.2295, -3.1231],
         [-2.2897,  1.1327, -0.4077,  ..., -0.0490,  0.4007,  0.5441],
         [-0.7771,  5.4657, -4.2760,  ...,  1.9347,  3.5488,  2.5236],
         ...,
         [-0.0832, -2.6294,  0.1137,  ...,  0.6733,  0.7830,  3.6594],
         [-2.5339, -1.2416,  2.9869,  ..., -0.1378,  0.6424,  0.0870],
         [-2.2318,  3.3066,  4.3773,  ...,  4.5188,  5.0669, -0.6369]]]), 'rvq_quantizer.layers.3._codebook.embed': tensor([[[-0.6105, -0.1418, -0.5732,  ...,  3.1439,  3.1148, -1.5616],
         [-1.1448,  0.5663, -0.2039,  ..., -0.0245,  0.2003,  0.2721],
         [-0.3176,  2.2337, -1.7475,  ...,  0.7907,  1.4503,  1.0314],
         ...,
         [-0.0315, -0.9973,  0.0431,  ...,  0.2554,  0.2970,  1.3879],
         [-0.9134, -0.4476,  1.0767,  ..., -0.0497,  0.2316,  0.0314],
         [-1.1159,  1.6533,  2.1886,  ...,  2.2594,  2.5334, -0.3185]]])})
Loss:  tensor(7.5899, grad_fn=<MeanBackward0>)
OrderedDict({'rvq_quantizer.project_in.weight': tensor([[ 0.1792, -0.2594, -0.1763,  ...,  0.1964,  0.2385,  0.1678],
        [-0.2961, -0.0070,  0.2594,  ...,  0.0105, -0.1250, -0.1076],
        [ 0.0369, -0.1033,  0.0219,  ...,  0.1004,  0.0290,  0.0347],
        ...,
        [-0.2500,  0.2736,  0.2112,  ..., -0.2719, -0.2990, -0.3197],
        [-0.2317,  0.2892,  0.2198,  ..., -0.3507, -0.3137, -0.3214],
        [-0.2291,  0.2815,  0.1099,  ..., -0.2598, -0.3810, -0.3280]]), 'rvq_quantizer.project_in.bias': tensor([-0.4013,  0.3998, -0.1413,  0.1449, -0.0777, -0.1427,  0.0293, -0.3122,
         0.0449, -0.4447, -0.1319, -0.0998, -0.4166, -0.1730,  0.3289, -0.1672,
        -0.0822,  0.2485,  0.2485,  0.3659,  0.2663,  0.3800, -0.3789,  0.4072,
        -0.1681, -0.3322,  0.1261,  0.3129,  0.1755,  0.4092,  0.3998,  0.4302]), 'rvq_quantizer.project_out.weight': tensor([[ 0.0863,  0.1175, -0.0987,  ..., -0.0436,  0.0902, -0.0665],
        [-0.0337,  0.0185,  0.1248,  ..., -0.1478, -0.1462, -0.0690],
        [ 0.1136,  0.0347, -0.1496,  ...,  0.1559,  0.1245, -0.1110],
        ...,
        [-0.0980,  0.0885, -0.1271,  ..., -0.0326,  0.1682, -0.0498],
        [-0.0419,  0.0095, -0.0684,  ...,  0.0084, -0.0638, -0.1158],
        [-0.0722,  0.0351, -0.0780,  ..., -0.1712,  0.1494, -0.0657]]), 'rvq_quantizer.project_out.bias': tensor([-0.0057, -0.1618, -0.0106, -0.1491,  0.1075, -0.1614, -0.1343,  0.1031,
         0.0111,  0.0539, -0.1584, -0.0913, -0.0218,  0.0136,  0.0118, -0.0675,
        -0.0649, -0.1732, -0.0018,  0.0052,  0.0404,  0.1226, -0.1440,  0.0450,
         0.1010,  0.1239,  0.1398, -0.0086, -0.0618,  0.0553,  0.1455,  0.1233,
        -0.1643,  0.0420, -0.1047,  0.1099, -0.0730, -0.0033,  0.0521, -0.1638,
         0.0447, -0.0199,  0.1100,  0.0143,  0.0467,  0.1464, -0.1500,  0.0397,
        -0.0979,  0.0147, -0.1461, -0.0785, -0.1591, -0.0969, -0.1011,  0.0893,
        -0.0945,  0.1582,  0.0263, -0.0766, -0.0984,  0.1358,  0.1505,  0.0912]), 'rvq_quantizer.layers.0._codebook.initted': tensor([1.]), 'rvq_quantizer.layers.0._codebook.cluster_size': tensor([[3.0100, 2.3800, 2.0000,  ..., 2.9133, 8.5801, 3.7359]]), 'rvq_quantizer.layers.0._codebook.embed_avg': tensor([[[ -553.9225,   294.7903,  -302.8206,  ...,   780.3925,
            717.2120,   848.3588],
         [ -419.7740,   221.4240,  -236.5980,  ...,   555.9621,
            547.7126,   653.4028],
         [ -360.8566,   191.2535,  -173.6422,  ...,   514.8347,
            454.7132,   573.3955],
         ...,
         [ -660.3969,   567.1989,  -263.4211,  ...,   906.9359,
            859.1564,   916.2525],
         [-1356.4663,  1841.1091,  -363.3567,  ...,  1887.8469,
           1773.9060,  1787.2561],
         [ -551.6575,   766.8007,  -147.3110,  ...,   773.8340,
            728.7944,   734.5811]]]), 'rvq_quantizer.layers.0._codebook.embed': tensor([[[-184.0275,   97.9370, -100.6049,  ...,  259.2667,  238.2765,
           281.8469],
         [-176.3755,   93.0352,  -99.4109,  ...,  233.5974,  230.1312,
           274.5388],
         [-180.4283,   95.6268,  -86.8211,  ...,  257.4173,  227.3566,
           286.6978],
         ...,
         [-226.6811,  194.6909,  -90.4193,  ...,  311.3056,  294.9053,
           314.5035],
         [-158.0948,  214.5795,  -42.3489,  ...,  220.0267,  206.7470,
           208.3030],
         [-147.6626,  205.2501,  -39.4308,  ...,  207.1327,  195.0769,
           196.6258]]]), 'rvq_quantizer.layers.1._codebook.initted': tensor([1.]), 'rvq_quantizer.layers.1._codebook.cluster_size': tensor([[2.0000, 2.2314, 3.7027,  ..., 2.5208, 2.2000, 2.6645]]), 'rvq_quantizer.layers.1._codebook.embed_avg': tensor([[[ -0.2212,   4.9226,   1.4833,  ...,  -0.4245,   3.6658,   1.4732],
         [  3.5384,   7.7655,  22.2934,  ...,   3.1617,  -8.3619, -10.2449],
         [-21.2332,   6.9709, -17.1963,  ...,  17.1572,  29.2049,  24.4289],
         ...,
         [ -4.1790,  -6.8915,   5.8668,  ...,  -8.6081,  -7.8548,   4.5804],
         [ -3.3430,   4.4252,  -4.8528,  ...,   7.1245,   8.1540,   6.2222],
         [ -1.0100,   5.0301,  -3.7020,  ...,   0.1188,   1.9436,   2.7490]]]), 'rvq_quantizer.layers.1._codebook.embed': tensor([[[-0.1106,  2.4613,  0.7417,  ..., -0.2122,  1.8329,  0.7366],
         [ 1.5858,  3.4802,  9.9910,  ...,  1.4169, -3.7474, -4.5913],
         [-5.7345,  1.8827, -4.6443,  ...,  4.6337,  7.8875,  6.5976],
         ...,
         [-1.6578, -2.7339,  2.3274,  ..., -3.4148, -3.1160,  1.8171],
         [-1.5196,  2.0114, -2.2058,  ...,  3.2384,  3.7063,  2.8283],
         [-0.3791,  1.8878, -1.3894,  ...,  0.0446,  0.7295,  1.0317]]]), 'rvq_quantizer.layers.2._codebook.initted': tensor([1.]), 'rvq_quantizer.layers.2._codebook.cluster_size': tensor([[3.1412, 3.2854, 2.5230,  ..., 4.2156, 2.0000, 3.4982]]), 'rvq_quantizer.layers.2._codebook.embed_avg': tensor([[[  4.0318, -11.3029, -10.8780,  ...,  -9.4287,  -7.2087,  -2.0686],
         [  5.0296, -17.9855,  -9.2228,  ...,  -0.8802,   1.0014,   3.3469],
         [  3.7226,  -0.8845,   0.2575,  ...,  -5.1296,  -1.6938,  -0.4169],
         ...,
         [ -1.1815,   3.4705,   3.3023,  ...,  -0.5241,   0.6978,  -0.2956],
         [  5.4521,   1.3279,   8.1331,  ...,   3.5280,  -1.5937,   5.9522],
         [  0.6844,   2.7843,  -0.0824,  ...,   7.4232,   8.3836,   5.8841]]]), 'rvq_quantizer.layers.2._codebook.embed': tensor([[[ 1.2835, -3.5982, -3.4630,  ..., -3.0016, -2.2949, -0.6585],
         [ 1.5309, -5.4744, -2.8072,  ..., -0.2679,  0.3048,  1.0187],
         [ 1.4755, -0.3506,  0.1021,  ..., -2.0331, -0.6714, -0.1652],
         ...,
         [-0.2803,  0.8232,  0.7833,  ..., -0.1243,  0.1655, -0.0701],
         [ 2.7260,  0.6639,  4.0665,  ...,  1.7640, -0.7969,  2.9761],
         [ 0.1957,  0.7959, -0.0236,  ...,  2.1220,  2.3966,  1.6821]]]), 'rvq_quantizer.layers.3._codebook.initted': tensor([1.]), 'rvq_quantizer.layers.3._codebook.cluster_size': tensor([[2.1000, 2.0000, 2.3022,  ..., 2.6730, 2.7966, 2.0000]]), 'rvq_quantizer.layers.3._codebook.embed_avg': tensor([[[-1.2791, -0.6309, -1.1225,  ...,  6.8442,  6.1195, -2.8382],
         [-0.8984,  0.7921, -0.7082,  ...,  5.0823,  2.2000, -5.2827],
         [-0.9505,  5.4358, -3.8730,  ...,  1.7564,  3.5063,  2.2893],
         ...,
         [ 0.0977, -2.7491,  0.3926,  ...,  0.6676,  0.8814,  3.8611],
         [-3.2655, -1.8512,  3.1461,  ...,  0.2440,  0.9155,  0.1250],
         [ 1.4406, -3.2625, -0.9054,  ..., -4.2731, -4.9099, -2.1648]]]), 'rvq_quantizer.layers.3._codebook.embed': tensor([[[-0.6091, -0.3004, -0.5345,  ...,  3.2591,  2.9141, -1.3515],
         [-0.4492,  0.3960, -0.3541,  ...,  2.5411,  1.1000, -2.6413],
         [-0.4129,  2.3611, -1.6823,  ...,  0.7629,  1.5230,  0.9944],
         ...,
         [ 0.0366, -1.0285,  0.1469,  ...,  0.2498,  0.3297,  1.4445],
         [-1.1677, -0.6620,  1.1250,  ...,  0.0873,  0.3274,  0.0447],
         [ 0.7203, -1.6312, -0.4527,  ..., -2.1366, -2.4550, -1.0824]]])})
Loss:  tensor(7.5335, grad_fn=<MeanBackward0>)
OrderedDict({'rvq_quantizer.project_in.weight': tensor([[ 0.1845, -0.2590, -0.1840,  ...,  0.1990,  0.2410,  0.1710],
        [-0.3018, -0.0081,  0.2646,  ...,  0.0099, -0.1222, -0.1108],
        [ 0.0379, -0.1003,  0.0165,  ...,  0.0996,  0.0319,  0.0379],
        ...,
        [-0.2562,  0.2786,  0.2185,  ..., -0.2754, -0.3026, -0.3241],
        [-0.2378,  0.2938,  0.2273,  ..., -0.3525, -0.3162, -0.3247],
        [-0.2347,  0.2845,  0.1183,  ..., -0.2637, -0.3849, -0.3324]]), 'rvq_quantizer.project_in.bias': tensor([-0.4060,  0.4054, -0.1426,  0.1468, -0.0793, -0.1440,  0.0306, -0.3165,
         0.0460, -0.4504, -0.1324, -0.1035, -0.4215, -0.1757,  0.3340, -0.1700,
        -0.0827,  0.2526,  0.2510,  0.3707,  0.2723,  0.3863, -0.3845,  0.4128,
        -0.1718, -0.3380,  0.1263,  0.3187,  0.1792,  0.4151,  0.4055,  0.4356]), 'rvq_quantizer.project_out.weight': tensor([[ 0.0863,  0.1175, -0.0987,  ..., -0.0436,  0.0902, -0.0665],
        [-0.0337,  0.0185,  0.1248,  ..., -0.1478, -0.1462, -0.0690],
        [ 0.1136,  0.0347, -0.1496,  ...,  0.1559,  0.1245, -0.1110],
        ...,
        [-0.0980,  0.0885, -0.1271,  ..., -0.0326,  0.1682, -0.0498],
        [-0.0419,  0.0095, -0.0684,  ...,  0.0084, -0.0638, -0.1158],
        [-0.0722,  0.0351, -0.0780,  ..., -0.1712,  0.1494, -0.0657]]), 'rvq_quantizer.project_out.bias': tensor([-0.0057, -0.1618, -0.0106, -0.1491,  0.1075, -0.1614, -0.1343,  0.1031,
         0.0111,  0.0539, -0.1584, -0.0913, -0.0218,  0.0136,  0.0118, -0.0675,
        -0.0649, -0.1732, -0.0018,  0.0052,  0.0404,  0.1226, -0.1440,  0.0450,
         0.1010,  0.1239,  0.1398, -0.0086, -0.0618,  0.0553,  0.1455,  0.1233,
        -0.1643,  0.0420, -0.1047,  0.1099, -0.0730, -0.0033,  0.0521, -0.1638,
         0.0447, -0.0199,  0.1100,  0.0143,  0.0467,  0.1464, -0.1500,  0.0397,
        -0.0979,  0.0147, -0.1461, -0.0785, -0.1591, -0.0969, -0.1011,  0.0893,
        -0.0945,  0.1582,  0.0263, -0.0766, -0.0984,  0.1358,  0.1505,  0.0912]), 'rvq_quantizer.layers.0._codebook.initted': tensor([1.]), 'rvq_quantizer.layers.0._codebook.cluster_size': tensor([[2.8090, 2.2420, 2.0000,  ..., 3.1220, 7.7221, 3.3623]]), 'rvq_quantizer.layers.0._codebook.embed_avg': tensor([[[ -517.0178,   274.2481,  -282.6495,  ...,   728.0138,
            669.0768,   791.9449],
         [ -395.9349,   208.3349,  -222.8362,  ...,   524.6475,
            516.6349,   615.9484],
         [ -361.3130,   190.9710,  -173.9170,  ...,   515.5192,
            455.3555,   574.1100],
         ...,
         [ -707.4128,   609.3522,  -282.0579,  ...,   970.8038,
            919.1111,   982.9268],
         [-1220.8197,  1656.9982,  -327.0210,  ...,  1699.0623,
           1596.5154,  1608.5305],
         [ -496.4918,   690.1206,  -132.5799,  ...,   696.4506,
            655.9149,   661.1230]]]), 'rvq_quantizer.layers.0._codebook.embed': tensor([[[-184.0576,   97.6319, -100.6228,  ...,  259.1719,  238.1904,
           281.9313],
         [-176.5988,   92.9236,  -99.3916,  ...,  234.0085,  230.4346,
           274.7314],
         [-180.6563,   95.4854,  -86.9584,  ...,  257.7592,  227.6774,
           287.0546],
         ...,
         [-226.5899,  195.1803,  -90.3454,  ...,  310.9562,  294.3986,
           314.8393],
         [-158.0948,  214.5795,  -42.3489,  ...,  220.0267,  206.7470,
           208.3029],
         [-147.6625,  205.2500,  -39.4308,  ...,  207.1326,  195.0768,
           196.6258]]]), 'rvq_quantizer.layers.1._codebook.initted': tensor([1.]), 'rvq_quantizer.layers.1._codebook.cluster_size': tensor([[2.1000, 2.1082, 4.6324,  ..., 2.2687, 2.2800, 2.7980]]), 'rvq_quantizer.layers.1._codebook.embed_avg': tensor([[[-6.3190e-01,  4.8189e+00,  1.2707e+00,  ..., -1.9836e-01,
           4.0077e+00,  1.6565e+00],
         [ 3.5283e+00,  7.4550e+00,  2.1337e+01,  ...,  2.9491e+00,
          -8.2864e+00, -9.5045e+00],
         [-2.4707e+01,  9.8872e+00, -2.2599e+01,  ...,  2.4055e+01,
           3.6888e+01,  2.9044e+01],
         ...,
         [-3.7611e+00, -6.2024e+00,  5.2801e+00,  ..., -7.7472e+00,
          -7.0693e+00,  4.1224e+00],
         [-3.6690e+00,  4.9144e+00, -4.7314e+00,  ...,  7.1059e+00,
           8.3426e+00,  6.0628e+00],
         [-7.2976e-01,  5.0575e+00, -4.7470e+00,  ..., -4.5704e-03,
           2.0441e+00,  3.2121e+00]]]), 'rvq_quantizer.layers.1._codebook.embed': tensor([[[-3.0090e-01,  2.2947e+00,  6.0508e-01,  ..., -9.4458e-02,
           1.9084e+00,  7.8882e-01],
         [ 1.6736e+00,  3.5362e+00,  1.0121e+01,  ...,  1.3988e+00,
          -3.9305e+00, -4.5083e+00],
         [-5.3336e+00,  2.1344e+00, -4.8784e+00,  ...,  5.1927e+00,
           7.9630e+00,  6.2696e+00],
         ...,
         [-1.6578e+00, -2.7339e+00,  2.3274e+00,  ..., -3.4148e+00,
          -3.1160e+00,  1.8171e+00],
         [-1.6092e+00,  2.1554e+00, -2.0752e+00,  ...,  3.1166e+00,
           3.6590e+00,  2.6591e+00],
         [-2.6081e-01,  1.8075e+00, -1.6966e+00,  ..., -1.6334e-03,
           7.3053e-01,  1.1480e+00]]]), 'rvq_quantizer.layers.2._codebook.initted': tensor([1.]), 'rvq_quantizer.layers.2._codebook.cluster_size': tensor([[3.2271, 3.5569, 2.3707,  ..., 4.4941, 2.0000, 3.3483]]), 'rvq_quantizer.layers.2._codebook.embed_avg': tensor([[[ 4.1493e+00, -1.1925e+01, -1.1623e+01,  ..., -9.1823e+00,
          -8.2668e+00, -2.6106e+00],
         [ 5.9190e+00, -1.9237e+01, -9.8404e+00,  ..., -1.6294e-02,
           1.7956e+00,  4.0366e+00],
         [ 3.6138e+00, -1.0909e+00,  1.3976e-01,  ..., -4.6769e+00,
          -1.6615e+00, -1.9077e-01],
         ...,
         [-1.6518e+00,  3.8895e+00,  3.8180e+00,  ..., -4.6739e-01,
           1.0738e+00, -4.2546e-01],
         [ 5.3584e+00,  7.0918e-01,  8.2922e+00,  ...,  4.0743e+00,
          -1.8654e+00,  5.0818e+00],
         [ 1.0218e+00,  3.0418e+00, -5.7515e-01,  ...,  7.1551e+00,
           7.7606e+00,  5.6644e+00]]]), 'rvq_quantizer.layers.2._codebook.embed': tensor([[[ 1.2858e+00, -3.6953e+00, -3.6016e+00,  ..., -2.8454e+00,
          -2.5617e+00, -8.0897e-01],
         [ 1.6641e+00, -5.4083e+00, -2.7666e+00,  ..., -4.5809e-03,
           5.0484e-01,  1.1349e+00],
         [ 1.5244e+00, -4.6016e-01,  5.8952e-02,  ..., -1.9728e+00,
          -7.0084e-01, -8.0472e-02],
         ...,
         [-3.6755e-01,  8.6547e-01,  8.4956e-01,  ..., -1.0400e-01,
           2.3894e-01, -9.4673e-02],
         [ 2.6792e+00,  3.5459e-01,  4.1461e+00,  ...,  2.0371e+00,
          -9.3269e-01,  2.5409e+00],
         [ 3.0518e-01,  9.0844e-01, -1.7177e-01,  ...,  2.1369e+00,
           2.3177e+00,  1.6917e+00]]]), 'rvq_quantizer.layers.3._codebook.initted': tensor([1.]), 'rvq_quantizer.layers.3._codebook.cluster_size': tensor([[2.0000, 2.0000, 2.3720,  ..., 2.5057, 2.9169, 2.0000]]), 'rvq_quantizer.layers.3._codebook.embed_avg': tensor([[[-9.7581e-01, -2.2066e+00,  1.3128e+00,  ..., -1.6593e-01,
          -2.4842e-01, -4.3815e+00],
         [-9.7712e-01, -1.5724e+00, -3.8385e-01,  ...,  2.6401e+00,
          -3.2779e-01, -1.0506e+00],
         [-1.0753e+00,  5.6307e+00, -4.1937e+00,  ...,  1.5511e+00,
           3.9215e+00,  2.4282e+00],
         ...,
         [-1.1093e-01, -2.6573e+00,  4.0962e-01,  ...,  6.7003e-01,
           7.8271e-01,  3.5880e+00],
         [-3.9953e+00, -1.9518e+00,  2.9076e+00,  ...,  4.7012e-01,
           9.4328e-01,  7.7381e-02],
         [ 5.0911e-01, -1.4752e-01, -7.6975e-01,  ..., -7.2365e-01,
           4.1400e-01, -2.8314e-03]]]), 'rvq_quantizer.layers.3._codebook.embed': tensor([[[-4.8791e-01, -1.1033e+00,  6.5640e-01,  ..., -8.2965e-02,
          -1.2421e-01, -2.1908e+00],
         [-4.8856e-01, -7.8620e-01, -1.9192e-01,  ...,  1.3201e+00,
          -1.6389e-01, -5.2531e-01],
         [-4.5335e-01,  2.3739e+00, -1.7680e+00,  ...,  6.5393e-01,
           1.6532e+00,  1.0237e+00],
         ...,
         [-4.4271e-02, -1.0605e+00,  1.6347e-01,  ...,  2.6740e-01,
           3.1237e-01,  1.4319e+00],
         [-1.3697e+00, -6.6912e-01,  9.9682e-01,  ...,  1.6117e-01,
           3.2338e-01,  2.6529e-02],
         [ 2.5455e-01, -7.3759e-02, -3.8488e-01,  ..., -3.6183e-01,
           2.0700e-01, -1.4157e-03]]])})
Loss:  tensor(7.7065, grad_fn=<MeanBackward0>)
OrderedDict({'rvq_quantizer.project_in.weight': tensor([[ 0.1896, -0.2583, -0.1915,  ...,  0.2015,  0.2435,  0.1742],
        [-0.3073, -0.0101,  0.2697,  ...,  0.0093, -0.1193, -0.1139],
        [ 0.0388, -0.0975,  0.0111,  ...,  0.0988,  0.0349,  0.0412],
        ...,
        [-0.2624,  0.2835,  0.2258,  ..., -0.2787, -0.3061, -0.3284],
        [-0.2438,  0.2981,  0.2348,  ..., -0.3542, -0.3186, -0.3278],
        [-0.2403,  0.2872,  0.1265,  ..., -0.2673, -0.3886, -0.3368]]), 'rvq_quantizer.project_in.bias': tensor([-0.4107,  0.4109, -0.1439,  0.1486, -0.0809, -0.1453,  0.0319, -0.3207,
         0.0471, -0.4560, -0.1329, -0.1072, -0.4263, -0.1783,  0.3390, -0.1728,
        -0.0831,  0.2566,  0.2535,  0.3755,  0.2782,  0.3925, -0.3901,  0.4184,
        -0.1754, -0.3438,  0.1265,  0.3244,  0.1828,  0.4210,  0.4112,  0.4409]), 'rvq_quantizer.project_out.weight': tensor([[ 0.0863,  0.1175, -0.0987,  ..., -0.0436,  0.0902, -0.0665],
        [-0.0337,  0.0185,  0.1248,  ..., -0.1478, -0.1462, -0.0690],
        [ 0.1136,  0.0347, -0.1496,  ...,  0.1559,  0.1245, -0.1110],
        ...,
        [-0.0980,  0.0885, -0.1271,  ..., -0.0326,  0.1682, -0.0498],
        [-0.0419,  0.0095, -0.0684,  ...,  0.0084, -0.0638, -0.1158],
        [-0.0722,  0.0351, -0.0780,  ..., -0.1712,  0.1494, -0.0657]]), 'rvq_quantizer.project_out.bias': tensor([-0.0057, -0.1618, -0.0106, -0.1491,  0.1075, -0.1614, -0.1343,  0.1031,
         0.0111,  0.0539, -0.1584, -0.0913, -0.0218,  0.0136,  0.0118, -0.0675,
        -0.0649, -0.1732, -0.0018,  0.0052,  0.0404,  0.1226, -0.1440,  0.0450,
         0.1010,  0.1239,  0.1398, -0.0086, -0.0618,  0.0553,  0.1455,  0.1233,
        -0.1643,  0.0420, -0.1047,  0.1099, -0.0730, -0.0033,  0.0521, -0.1638,
         0.0447, -0.0199,  0.1100,  0.0143,  0.0467,  0.1464, -0.1500,  0.0397,
        -0.0979,  0.0147, -0.1461, -0.0785, -0.1591, -0.0969, -0.1011,  0.0893,
        -0.0945,  0.1582,  0.0263, -0.0766, -0.0984,  0.1358,  0.1505,  0.0912]), 'rvq_quantizer.layers.0._codebook.initted': tensor([1.]), 'rvq_quantizer.layers.0._codebook.cluster_size': tensor([[2.5281, 2.0178, 2.0000,  ..., 3.1098, 6.9499, 3.0261]]), 'rvq_quantizer.layers.0._codebook.embed_avg': tensor([[[ -465.3160,   246.8233,  -254.3846,  ...,   655.2124,
            602.1691,   712.7504],
         [ -356.3414,   187.5014,  -200.5526,  ...,   472.1828,
            464.9715,   554.3535],
         [ -275.4260,   433.7261,   -60.0092,  ...,   383.4032,
            360.6132,   352.7585],
         ...,
         [ -703.4899,   607.3894,  -279.7154,  ...,   967.4927,
            914.3768,   979.1093],
         [-1098.7377,  1491.2983,  -294.3189,  ...,  1529.1560,
           1436.8639,  1447.6775],
         [ -446.8426,   621.1085,  -119.3219,  ...,   626.8055,
            590.3234,   595.0107]]]), 'rvq_quantizer.layers.0._codebook.embed': tensor([[[-184.0575,   97.6319, -100.6228,  ...,  259.1718,  238.1903,
           281.9312],
         [-176.5987,   92.9235,  -99.3916,  ...,  234.0084,  230.4345,
           274.7312],
         [-137.7130,  216.8630,  -30.0046,  ...,  191.7016,  180.3066,
           176.3792],
         ...,
         [-226.2174,  195.3148,  -89.9465,  ...,  311.1113,  294.0311,
           314.8467],
         [-158.0948,  214.5794,  -42.3489,  ...,  220.0267,  206.7470,
           208.3029],
         [-147.6625,  205.2499,  -39.4308,  ...,  207.1325,  195.0768,
           196.6257]]]), 'rvq_quantizer.layers.1._codebook.initted': tensor([1.]), 'rvq_quantizer.layers.1._codebook.cluster_size': tensor([[2.2900, 2.0974, 5.2692,  ..., 2.5418, 2.4520, 2.7182]]), 'rvq_quantizer.layers.1._codebook.embed_avg': tensor([[[-9.4466e-01,  4.6312e+00,  1.2369e+00,  ...,  3.8524e-02,
           4.1264e+00,  2.0376e+00],
         [ 3.2984e+00,  8.1650e+00,  2.0259e+01,  ...,  3.5111e+00,
          -8.0793e+00, -9.4000e+00],
         [-3.0118e+01,  1.0128e+01, -2.6582e+01,  ...,  2.6062e+01,
           4.1187e+01,  3.4054e+01],
         ...,
         [-4.2572e+00, -7.6128e+00,  6.4563e+00,  ..., -8.4127e+00,
          -8.3714e+00,  4.9790e+00],
         [-3.5787e+00,  6.2557e+00, -4.8947e+00,  ...,  6.7189e+00,
           8.4999e+00,  6.4180e+00],
         [-6.4863e-01,  5.0745e+00, -4.7043e+00,  ...,  6.6567e-02,
           1.9102e+00,  3.2152e+00]]]), 'rvq_quantizer.layers.1._codebook.embed': tensor([[[-0.4125,  2.0224,  0.5401,  ...,  0.0168,  1.8019,  0.8898],
         [ 1.5726,  3.8929,  9.6591,  ...,  1.6740, -3.8520, -4.4818],
         [-5.7159,  1.9221, -5.0447,  ...,  4.9460,  7.8166,  6.4629],
         ...,
         [-1.6749, -2.9950,  2.5400,  ..., -3.3097, -3.2935,  1.9588],
         [-1.4595,  2.5513, -1.9962,  ...,  2.7402,  3.4665,  2.6175],
         [-0.2386,  1.8668, -1.7306,  ...,  0.0245,  0.7027,  1.1828]]]), 'rvq_quantizer.layers.2._codebook.initted': tensor([1.]), 'rvq_quantizer.layers.2._codebook.cluster_size': tensor([[3.1044, 3.5012, 2.2336,  ..., 4.6447, 2.0000, 3.2135]]), 'rvq_quantizer.layers.2._codebook.embed_avg': tensor([[[  4.0369, -11.9359, -11.2900,  ...,  -8.8711,  -8.2541,  -3.0403],
         [  5.8539, -18.7316,  -9.8423,  ...,   0.6043,   2.8650,   3.5598],
         [  3.2523,  -1.2127,   0.0386,  ...,  -4.0606,  -1.4777,   0.0820],
         ...,
         [ -1.8280,   3.9539,   3.8902,  ...,  -0.3061,   0.4177,  -0.3015],
         [  5.1996,   0.6490,   8.3225,  ...,   4.3306,  -1.2521,   5.4557],
         [  1.0366,   3.0149,  -1.0209,  ...,   6.8624,   7.4159,   5.5884]]]), 'rvq_quantizer.layers.2._codebook.embed': tensor([[[ 1.3004, -3.8449, -3.6368,  ..., -2.8576, -2.6588, -0.9793],
         [ 1.6720, -5.3501, -2.8111,  ...,  0.1726,  0.8183,  1.0168],
         [ 1.4561, -0.5429,  0.0173,  ..., -1.8179, -0.6616,  0.0367],
         ...,
         [-0.3936,  0.8513,  0.8376,  ..., -0.0659,  0.0899, -0.0649],
         [ 2.5998,  0.3245,  4.1612,  ...,  2.1653, -0.6261,  2.7278],
         [ 0.3226,  0.9382, -0.3177,  ...,  2.1355,  2.3077,  1.7390]]]), 'rvq_quantizer.layers.3._codebook.initted': tensor([1.]), 'rvq_quantizer.layers.3._codebook.cluster_size': tensor([[2.0000, 2.0000, 2.4348,  ..., 2.4551, 2.9252, 2.0000]]), 'rvq_quantizer.layers.3._codebook.embed_avg': tensor([[[-5.9640,  5.7840,  5.0326,  ..., -2.3436,  5.5471,  9.6225],
         [ 2.7245,  5.6192, -0.4525,  ...,  0.6421, -4.3883,  3.7972],
         [-1.2350,  6.1891, -4.2380,  ...,  1.7271,  4.1103,  2.8940],
         ...,
         [-0.3816, -3.0331,  0.5189,  ...,  1.1195,  0.6267,  3.4298],
         [-4.1071, -1.9428,  2.9054,  ...,  0.5339,  1.1159,  0.0547],
         [ 0.8835, -2.5350, -4.1888,  ..., -3.2626,  0.4407, -1.0342]]]), 'rvq_quantizer.layers.3._codebook.embed': tensor([[[-2.9820,  2.8920,  2.5163,  ..., -1.1718,  2.7735,  4.8113],
         [ 1.3622,  2.8096, -0.2262,  ...,  0.3210, -2.1942,  1.8986],
         [-0.5072,  2.5419, -1.7406,  ...,  0.7094,  1.6882,  1.1886],
         ...,
         [-0.1554, -1.2354,  0.2113,  ...,  0.4560,  0.2553,  1.3970],
         [-1.4040, -0.6641,  0.9932,  ...,  0.1825,  0.3815,  0.0187],
         [ 0.4417, -1.2675, -2.0944,  ..., -1.6313,  0.2204, -0.5171]]])})
Loss:  tensor(7.6804, grad_fn=<MeanBackward0>)
OrderedDict({'rvq_quantizer.project_in.weight': tensor([[ 0.1947, -0.2574, -0.1990,  ...,  0.2040,  0.2459,  0.1772],
        [-0.3127, -0.0128,  0.2746,  ...,  0.0087, -0.1164, -0.1170],
        [ 0.0397, -0.0949,  0.0056,  ...,  0.0979,  0.0379,  0.0445],
        ...,
        [-0.2685,  0.2883,  0.2330,  ..., -0.2819, -0.3095, -0.3326],
        [-0.2498,  0.3023,  0.2423,  ..., -0.3557, -0.3208, -0.3309],
        [-0.2458,  0.2898,  0.1348,  ..., -0.2708, -0.3921, -0.3409]]), 'rvq_quantizer.project_in.bias': tensor([-0.4154,  0.4163, -0.1451,  0.1504, -0.0824, -0.1465,  0.0331, -0.3248,
         0.0481, -0.4616, -0.1333, -0.1108, -0.4311, -0.1809,  0.3438, -0.1756,
        -0.0836,  0.2606,  0.2559,  0.3802,  0.2840,  0.3986, -0.3955,  0.4239,
        -0.1790, -0.3496,  0.1268,  0.3300,  0.1865,  0.4269,  0.4169,  0.4461]), 'rvq_quantizer.project_out.weight': tensor([[ 0.0863,  0.1175, -0.0987,  ..., -0.0436,  0.0902, -0.0665],
        [-0.0337,  0.0185,  0.1248,  ..., -0.1478, -0.1462, -0.0690],
        [ 0.1136,  0.0347, -0.1496,  ...,  0.1559,  0.1245, -0.1110],
        ...,
        [-0.0980,  0.0885, -0.1271,  ..., -0.0326,  0.1682, -0.0498],
        [-0.0419,  0.0095, -0.0684,  ...,  0.0084, -0.0638, -0.1158],
        [-0.0722,  0.0351, -0.0780,  ..., -0.1712,  0.1494, -0.0657]]), 'rvq_quantizer.project_out.bias': tensor([-0.0057, -0.1618, -0.0106, -0.1491,  0.1075, -0.1614, -0.1343,  0.1031,
         0.0111,  0.0539, -0.1584, -0.0913, -0.0218,  0.0136,  0.0118, -0.0675,
        -0.0649, -0.1732, -0.0018,  0.0052,  0.0404,  0.1226, -0.1440,  0.0450,
         0.1010,  0.1239,  0.1398, -0.0086, -0.0618,  0.0553,  0.1455,  0.1233,
        -0.1643,  0.0420, -0.1047,  0.1099, -0.0730, -0.0033,  0.0521, -0.1638,
         0.0447, -0.0199,  0.1100,  0.0143,  0.0467,  0.1464, -0.1500,  0.0397,
        -0.0979,  0.0147, -0.1461, -0.0785, -0.1591, -0.0969, -0.1011,  0.0893,
        -0.0945,  0.1582,  0.0263, -0.0766, -0.0984,  0.1358,  0.1505,  0.0912]), 'rvq_quantizer.layers.0._codebook.initted': tensor([1.]), 'rvq_quantizer.layers.0._codebook.cluster_size': tensor([[2.2753, 2.0000, 2.0000,  ..., 3.0988, 6.3549, 2.7235]]), 'rvq_quantizer.layers.0._codebook.embed_avg': tensor([[[ -418.7844,   222.1410,  -228.9461,  ...,   589.6912,
            541.9522,   641.4754],
         [ -385.4268,   249.5268,  -205.5780,  ...,   543.6715,
            522.6159,   593.9561],
         [ -426.8754,   323.8167,  -228.8758,  ...,   624.7097,
            603.7856,   655.3704],
         ...,
         [ -701.4071,   606.4995,  -278.0587,  ...,   964.5243,
            911.4477,   976.2279],
         [-1005.1010,  1363.6860,  -269.3714,  ...,  1398.2556,
           1314.2977,  1324.1188],
         [ -402.1584,   558.9977,  -107.3897,  ...,   564.1249,
            531.2911,   535.5096]]]), 'rvq_quantizer.layers.0._codebook.embed': tensor([[[-184.0574,   97.6319, -100.6227,  ...,  259.1717,  238.1902,
           281.9310],
         [-192.7134,  124.7634, -102.7890,  ...,  271.8358,  261.3080,
           296.9780],
         [-213.4377,  161.9083, -114.4379,  ...,  312.3549,  301.8928,
           327.6852],
         ...,
         [-226.3468,  195.7197,  -89.7306,  ...,  311.2557,  294.1277,
           315.0325],
         [-158.1621,  214.5888,  -42.3881,  ...,  220.0286,  206.8171,
           208.3625],
         [-147.6624,  205.2498,  -39.4308,  ...,  207.1324,  195.0767,
           196.6256]]]), 'rvq_quantizer.layers.1._codebook.initted': tensor([1.]), 'rvq_quantizer.layers.1._codebook.cluster_size': tensor([[2.2610, 2.0000, 5.1423,  ..., 2.6876, 2.5068, 2.7464]]), 'rvq_quantizer.layers.1._codebook.embed_avg': tensor([[[ -1.3730,   3.9584,   1.1737,  ...,   0.3078,   4.1367,   2.3805],
         [  5.0589,  -5.5995,  14.0881,  ...,  13.0470,  -1.8361,   8.2553],
         [-28.7413,   9.8558, -26.0719,  ...,  25.5882,  40.4568,  33.2021],
         ...,
         [ -4.5881,  -9.1495,   6.1466,  ...,  -8.7467,  -8.3567,   4.9449],
         [ -3.9347,   6.7865,  -5.2625,  ...,   6.1202,   8.9990,   6.5537],
         [ -0.5056,   4.8522,  -5.1344,  ...,   0.1513,   1.9100,   3.1562]]]), 'rvq_quantizer.layers.1._codebook.embed': tensor([[[-0.6072,  1.7507,  0.5191,  ...,  0.1361,  1.8296,  1.0528],
         [ 2.5294, -2.7997,  7.0440,  ...,  6.5235, -0.9181,  4.1277],
         [-5.5892,  1.9166, -5.0701,  ...,  4.9761,  7.8675,  6.4567],
         ...,
         [-1.7071, -3.4043,  2.2870,  ..., -3.2544, -3.1093,  1.8399],
         [-1.5696,  2.7072, -2.0993,  ...,  2.4414,  3.5898,  2.6144],
         [-0.1841,  1.7667, -1.8695,  ...,  0.0551,  0.6955,  1.1492]]]), 'rvq_quantizer.layers.2._codebook.initted': tensor([1.]), 'rvq_quantizer.layers.2._codebook.cluster_size': tensor([[2.8939, 3.1511, 2.1102,  ..., 4.6802, 2.0000, 3.2922]]), 'rvq_quantizer.layers.2._codebook.embed_avg': tensor([[[  3.8368, -11.2252, -10.7239,  ...,  -8.5686,  -7.9166,  -3.1231],
         [  5.2685, -16.8585,  -8.8580,  ...,   0.5439,   2.5785,   3.2039],
         [  3.0534,  -1.3984,  -0.0744,  ...,  -3.9035,  -1.2193,  -0.0784],
         ...,
         [ -1.4424,   4.0798,   3.4981,  ...,  -0.5698,   0.5333,  -0.8812],
         [  0.3133,  -5.1528,   0.7980,  ...,  -2.9487,  -0.8381,  -0.5232],
         [  1.8568,   2.4418,  -2.0900,  ...,   8.5644,   8.6952,   5.4823]]]), 'rvq_quantizer.layers.2._codebook.embed': tensor([[[ 1.3258, -3.8789, -3.7056,  ..., -2.9609, -2.7356, -1.0792],
         [ 1.6720, -5.3501, -2.8111,  ...,  0.1726,  0.8183,  1.0168],
         [ 1.4470, -0.6627, -0.0352,  ..., -1.8498, -0.5778, -0.0371],
         ...,
         [-0.3082,  0.8717,  0.7474,  ..., -0.1217,  0.1140, -0.1883],
         [ 0.1567, -2.5764,  0.3990,  ..., -1.4743, -0.4190, -0.2616],
         [ 0.5640,  0.7417, -0.6348,  ...,  2.6015,  2.6412,  1.6653]]]), 'rvq_quantizer.layers.3._codebook.initted': tensor([1.]), 'rvq_quantizer.layers.3._codebook.cluster_size': tensor([[2.0000, 2.0000, 2.3913,  ..., 2.3096, 2.9327, 2.0000]]), 'rvq_quantizer.layers.3._codebook.embed_avg': tensor([[[-0.7577, -0.0883,  0.2058,  ..., -0.5482, -0.6572,  0.2378],
         [-2.5786, -1.1551, -1.1276,  ...,  3.8041,  1.9092,  2.9209],
         [-1.2386,  6.2094, -4.5734,  ...,  1.7462,  4.1950,  3.3385],
         ...,
         [-0.5480, -3.0257,  0.1964,  ...,  0.9678,  0.6587,  3.3663],
         [-4.4393, -1.9181,  2.7152,  ...,  0.4733,  0.7713,  0.1499],
         [ 0.7182, -2.1991, -4.7115,  ..., -2.6708,  0.6848, -0.7937]]]), 'rvq_quantizer.layers.3._codebook.embed': tensor([[[-0.3788, -0.0442,  0.1029,  ..., -0.2741, -0.3286,  0.1189],
         [-1.2893, -0.5775, -0.5638,  ...,  1.9020,  0.9546,  1.4604],
         [-0.5180,  2.5967, -1.9125,  ...,  0.7302,  1.7543,  1.3961],
         ...,
         [-0.2373, -1.3101,  0.0850,  ...,  0.4190,  0.2852,  1.4575],
         [-1.5137, -0.6540,  0.9258,  ...,  0.1614,  0.2630,  0.0511],
         [ 0.3591, -1.0996, -2.3557,  ..., -1.3354,  0.3424, -0.3968]]])})
Loss:  tensor(7.7889, grad_fn=<MeanBackward0>)
OrderedDict({'rvq_quantizer.project_in.weight': tensor([[ 1.9969e-01, -2.5631e-01, -2.0645e-01,  ...,  2.0635e-01,
          2.4818e-01,  1.8017e-01],
        [-3.1809e-01, -1.6084e-02,  2.7939e-01,  ...,  7.9163e-03,
         -1.1350e-01, -1.2009e-01],
        [ 4.0298e-02, -9.2542e-02, -5.8709e-05,  ...,  9.6826e-02,
          4.0766e-02,  4.7596e-02],
        ...,
        [-2.7450e-01,  2.9296e-01,  2.4017e-01,  ..., -2.8497e-01,
         -3.1263e-01, -3.3660e-01],
        [-2.5567e-01,  3.0634e-01,  2.4967e-01,  ..., -3.5706e-01,
         -3.2289e-01, -3.3379e-01],
        [-2.5121e-01,  2.9222e-01,  1.4298e-01,  ..., -2.7417e-01,
         -3.9541e-01, -3.4499e-01]]), 'rvq_quantizer.project_in.bias': tensor([-0.4200,  0.4217, -0.1460,  0.1521, -0.0839, -0.1478,  0.0342, -0.3288,
         0.0490, -0.4670, -0.1338, -0.1143, -0.4358, -0.1834,  0.3486, -0.1783,
        -0.0841,  0.2645,  0.2582,  0.3848,  0.2898,  0.4047, -0.4010,  0.4294,
        -0.1825, -0.3552,  0.1270,  0.3356,  0.1901,  0.4326,  0.4224,  0.4512]), 'rvq_quantizer.project_out.weight': tensor([[ 0.0863,  0.1175, -0.0987,  ..., -0.0436,  0.0902, -0.0665],
        [-0.0337,  0.0185,  0.1248,  ..., -0.1478, -0.1462, -0.0690],
        [ 0.1136,  0.0347, -0.1496,  ...,  0.1559,  0.1245, -0.1110],
        ...,
        [-0.0980,  0.0885, -0.1271,  ..., -0.0326,  0.1682, -0.0498],
        [-0.0419,  0.0095, -0.0684,  ...,  0.0084, -0.0638, -0.1158],
        [-0.0722,  0.0351, -0.0780,  ..., -0.1712,  0.1494, -0.0657]]), 'rvq_quantizer.project_out.bias': tensor([-0.0057, -0.1618, -0.0106, -0.1491,  0.1075, -0.1614, -0.1343,  0.1031,
         0.0111,  0.0539, -0.1584, -0.0913, -0.0218,  0.0136,  0.0118, -0.0675,
        -0.0649, -0.1732, -0.0018,  0.0052,  0.0404,  0.1226, -0.1440,  0.0450,
         0.1010,  0.1239,  0.1398, -0.0086, -0.0618,  0.0553,  0.1455,  0.1233,
        -0.1643,  0.0420, -0.1047,  0.1099, -0.0730, -0.0033,  0.0521, -0.1638,
         0.0447, -0.0199,  0.1100,  0.0143,  0.0467,  0.1464, -0.1500,  0.0397,
        -0.0979,  0.0147, -0.1461, -0.0785, -0.1591, -0.0969, -0.1011,  0.0893,
        -0.0945,  0.1582,  0.0263, -0.0766, -0.0984,  0.1358,  0.1505,  0.0912]), 'rvq_quantizer.layers.0._codebook.initted': tensor([1.]), 'rvq_quantizer.layers.0._codebook.cluster_size': tensor([[2.0478, 2.1000, 2.0000,  ..., 3.0889, 5.7194, 2.4511]]), 'rvq_quantizer.layers.0._codebook.embed_avg': tensor([[[-376.9059,  199.9269, -206.0515,  ...,  530.7220,  487.7570,
           577.3279],
         [-404.6867,  261.5964, -214.9800,  ...,  571.2878,  548.4901,
           624.2524],
         [-239.5851,  286.4641,  -87.0715,  ...,  339.6590,  313.5094,
           356.3109],
         ...,
         [-699.5821,  604.6749, -277.3893,  ...,  961.2452,  908.6384,
           973.1753],
         [-904.5909, 1227.3174, -242.4343,  ..., 1258.4301, 1182.8679,
          1191.7069],
         [-361.9425,  503.0979,  -96.6508,  ...,  507.7124,  478.1620,
           481.9586]]]), 'rvq_quantizer.layers.0._codebook.embed': tensor([[[-184.0573,   97.6318, -100.6227,  ...,  259.1715,  238.1901,
           281.9309],
         [-192.7077,  124.5696, -102.3713,  ...,  272.0415,  261.1854,
           297.2627],
         [-119.7926,  143.2321,  -43.5358,  ...,  169.8295,  156.7547,
           178.1555],
         ...,
         [-226.4800,  195.7552,  -89.8010,  ...,  311.1899,  294.1591,
           315.0521],
         [-158.1620,  214.5887,  -42.3881,  ...,  220.0286,  206.8170,
           208.3625],
         [-147.6623,  205.2498,  -39.4308,  ...,  207.1324,  195.0766,
           196.6255]]]), 'rvq_quantizer.layers.1._codebook.initted': tensor([1.]), 'rvq_quantizer.layers.1._codebook.cluster_size': tensor([[2.4349, 2.0000, 4.8280,  ..., 2.8189, 2.4561, 2.6718]]), 'rvq_quantizer.layers.1._codebook.embed_avg': tensor([[[ -1.4133,   3.6491,   1.7513,  ...,   0.5605,   4.2427,   1.8755],
         [  5.2547,  -4.9285,  13.1365,  ...,  13.1689,  -1.4025,   8.3790],
         [-26.8333,   9.7106, -24.1515,  ...,  24.0737,  37.7278,  30.9863],
         ...,
         [ -5.0485,  -9.1472,   5.8140,  ...,  -8.7400,  -8.9751,   5.9458],
         [ -3.3744,   6.4113,  -5.3524,  ...,   5.7053,   8.4737,   6.4404],
         [ -0.4245,   4.4797,  -5.1754,  ...,   0.3058,   2.0103,   3.1176]]]), 'rvq_quantizer.layers.1._codebook.embed': tensor([[[-0.5804,  1.4986,  0.7192,  ...,  0.2302,  1.7425,  0.7702],
         [ 2.6274, -2.4643,  6.5682,  ...,  6.5844, -0.7013,  4.1895],
         [-5.5578,  2.0113, -5.0024,  ...,  4.9862,  7.8143,  6.4180],
         ...,
         [-1.7910, -3.2450,  2.0625,  ..., -3.1005, -3.1839,  2.1093],
         [-1.3739,  2.6103, -2.1792,  ...,  2.3229,  3.4500,  2.6222],
         [-0.1589,  1.6767, -1.9371,  ...,  0.1144,  0.7524,  1.1669]]]), 'rvq_quantizer.layers.2._codebook.initted': tensor([1.]), 'rvq_quantizer.layers.2._codebook.cluster_size': tensor([[2.8045, 3.4359, 2.0000,  ..., 4.4122, 2.0000, 3.4629]]), 'rvq_quantizer.layers.2._codebook.embed_avg': tensor([[[  4.0110, -10.5094, -10.4321,  ...,  -8.4939,  -7.7626,  -3.1820],
         [  5.5107, -19.1714, -11.1996,  ...,   0.1057,   3.7394,   3.3724],
         [  2.6689,  -0.8799,   0.3217,  ...,  -0.5026,  -6.3492,  -2.4723],
         ...,
         [ -1.2868,   3.6934,   3.2003,  ...,  -0.4039,   0.4408,  -0.9003],
         [  0.3343,  -4.8863,   1.0376,  ...,  -2.4931,  -1.0884,  -0.7007],
         [  1.1220,   2.3364,  -2.8642,  ...,   9.4070,   9.7419,   5.4853]]]), 'rvq_quantizer.layers.2._codebook.embed': tensor([[[ 1.4302, -3.7473, -3.7197,  ..., -3.0286, -2.7679, -1.1346],
         [ 1.6038, -5.5797, -3.2595,  ...,  0.0308,  1.0883,  0.9815],
         [ 1.3345, -0.4400,  0.1608,  ..., -0.2513, -3.1746, -1.2361],
         ...,
         [-0.2917,  0.8371,  0.7253,  ..., -0.0916,  0.0999, -0.2041],
         [ 0.1671, -2.4432,  0.5188,  ..., -1.2466, -0.5442, -0.3504],
         [ 0.3240,  0.6747, -0.8271,  ...,  2.7165,  2.8132,  1.5840]]]), 'rvq_quantizer.layers.3._codebook.initted': tensor([1.]), 'rvq_quantizer.layers.3._codebook.cluster_size': tensor([[2.0000, 2.2000, 2.5522,  ..., 2.1787, 2.8394, 2.0000]]), 'rvq_quantizer.layers.3._codebook.embed_avg': tensor([[[-0.8594, -0.1289,  0.1053,  ..., -0.6829, -0.4436,  0.1512],
         [-2.5623, -0.9407, -1.3040,  ...,  4.5145,  1.6009,  3.1226],
         [-0.9622,  6.2575, -4.6455,  ...,  2.0281,  4.7587,  3.9377],
         ...,
         [-0.5942, -2.7221,  0.2880,  ...,  0.9338,  0.6201,  3.0884],
         [-4.1135, -2.0968,  2.6726,  ...,  0.3973,  0.3457, -0.0475],
         [-0.3543,  0.4499, -1.7513,  ..., -0.1205, -0.3284,  0.4036]]]), 'rvq_quantizer.layers.3._codebook.embed': tensor([[[-0.4297, -0.0644,  0.0526,  ..., -0.3415, -0.2218,  0.0756],
         [-1.1647, -0.4276, -0.5927,  ...,  2.0521,  0.7277,  1.4193],
         [-0.3770,  2.4518, -1.8202,  ...,  0.7946,  1.8646,  1.5429],
         ...,
         [-0.2727, -1.2494,  0.1322,  ...,  0.4286,  0.2846,  1.4176],
         [-1.4487, -0.7385,  0.9413,  ...,  0.1399,  0.1218, -0.0167],
         [-0.1772,  0.2250, -0.8756,  ..., -0.0602, -0.1642,  0.2018]]])})
Loss:  tensor(7.7636, grad_fn=<MeanBackward0>)
OrderedDict({'rvq_quantizer.project_in.weight': tensor([[ 0.2046, -0.2550, -0.2138,  ...,  0.2086,  0.2504,  0.1831],
        [-0.3233, -0.0200,  0.2840,  ...,  0.0070, -0.1107, -0.1233],
        [ 0.0406, -0.0906, -0.0058,  ...,  0.0954,  0.0434,  0.0505],
        ...,
        [-0.2804,  0.2976,  0.2473,  ..., -0.2878, -0.3156, -0.3405],
        [-0.2615,  0.3101,  0.2570,  ..., -0.3582, -0.3248, -0.3366],
        [-0.2565,  0.2945,  0.1511,  ..., -0.2773, -0.3986, -0.3489]]), 'rvq_quantizer.project_in.bias': tensor([-0.4245,  0.4269, -0.1466,  0.1537, -0.0854, -0.1491,  0.0354, -0.3327,
         0.0498, -0.4724, -0.1343, -0.1178, -0.4404, -0.1858,  0.3532, -0.1810,
        -0.0845,  0.2683,  0.2605,  0.3894,  0.2956,  0.4107, -0.4063,  0.4348,
        -0.1860, -0.3608,  0.1273,  0.3410,  0.1936,  0.4382,  0.4279,  0.4563]), 'rvq_quantizer.project_out.weight': tensor([[ 0.0863,  0.1175, -0.0987,  ..., -0.0436,  0.0902, -0.0665],
        [-0.0337,  0.0185,  0.1248,  ..., -0.1478, -0.1462, -0.0690],
        [ 0.1136,  0.0347, -0.1496,  ...,  0.1559,  0.1245, -0.1110],
        ...,
        [-0.0980,  0.0885, -0.1271,  ..., -0.0326,  0.1682, -0.0498],
        [-0.0419,  0.0095, -0.0684,  ...,  0.0084, -0.0638, -0.1158],
        [-0.0722,  0.0351, -0.0780,  ..., -0.1712,  0.1494, -0.0657]]), 'rvq_quantizer.project_out.bias': tensor([-0.0057, -0.1618, -0.0106, -0.1491,  0.1075, -0.1614, -0.1343,  0.1031,
         0.0111,  0.0539, -0.1584, -0.0913, -0.0218,  0.0136,  0.0118, -0.0675,
        -0.0649, -0.1732, -0.0018,  0.0052,  0.0404,  0.1226, -0.1440,  0.0450,
         0.1010,  0.1239,  0.1398, -0.0086, -0.0618,  0.0553,  0.1455,  0.1233,
        -0.1643,  0.0420, -0.1047,  0.1099, -0.0730, -0.0033,  0.0521, -0.1638,
         0.0447, -0.0199,  0.1100,  0.0143,  0.0467,  0.1464, -0.1500,  0.0397,
        -0.0979,  0.0147, -0.1461, -0.0785, -0.1591, -0.0969, -0.1011,  0.0893,
        -0.0945,  0.1582,  0.0263, -0.0766, -0.0984,  0.1358,  0.1505,  0.0912]), 'rvq_quantizer.layers.0._codebook.initted': tensor([1.]), 'rvq_quantizer.layers.0._codebook.cluster_size': tensor([[2.0000, 2.1900, 2.0000,  ..., 3.2800, 5.1475, 2.2060]]), 'rvq_quantizer.layers.0._codebook.embed_avg': tensor([[[-327.8067,  457.7005,  -94.0374,  ...,  454.7359,  435.5756,
           427.0459],
         [-422.6617,  272.7433, -223.9737,  ...,  597.0845,  572.6218,
           652.4869],
         [-520.1585,  383.7163, -182.0614,  ...,  694.0802,  626.9719,
           720.3389],
         ...,
         [-742.9584,  642.5006, -295.4088,  ..., 1020.6228,  966.2136,
          1033.7892],
         [-814.1318, 1104.5857, -218.1908,  ..., 1132.5870, 1064.5812,
          1072.5363],
         [-325.7483,  452.7881,  -86.9857,  ...,  456.9412,  430.3458,
           433.7628]]]), 'rvq_quantizer.layers.0._codebook.embed': tensor([[[-163.9034,  228.8502,  -47.0187,  ...,  227.3680,  217.7878,
           213.5229],
         [-192.9960,  124.5402, -102.2710,  ...,  272.6411,  261.4709,
           297.9389],
         [-260.0793,  191.8582,  -91.0307,  ...,  347.0401,  313.4859,
           360.1694],
         ...,
         [-226.5089,  195.8819,  -90.0625,  ...,  311.1617,  294.5737,
           315.1758],
         [-158.1620,  214.5887,  -42.3881,  ...,  220.0285,  206.8170,
           208.3624],
         [-147.6623,  205.2497,  -39.4308,  ...,  207.1323,  195.0765,
           196.6254]]]), 'rvq_quantizer.layers.1._codebook.initted': tensor([1.]), 'rvq_quantizer.layers.1._codebook.cluster_size': tensor([[2.4914, 2.0000, 4.8452,  ..., 2.9370, 2.4105, 2.8046]]), 'rvq_quantizer.layers.1._codebook.embed_avg': tensor([[[ -1.5957,   3.7471,   1.7647,  ...,   0.4376,   4.3584,   1.5507],
         [-18.8863,  17.5943,  12.6344,  ...,  -4.7185,   6.4402, -11.1215],
         [-28.1409,   8.9846, -25.8367,  ...,  23.6160,  38.2267,  32.0582],
         ...,
         [ -4.8141,  -9.5579,   6.3035,  ...,  -9.3066, -10.5750,   5.1328],
         [ -2.7505,   6.3195,  -5.2194,  ...,   5.8570,   7.4115,   6.0916],
         [ -0.1636,   4.3454,  -5.6052,  ...,   0.4487,   2.6154,   2.8737]]]), 'rvq_quantizer.layers.1._codebook.embed': tensor([[[-0.6405,  1.5040,  0.7083,  ...,  0.1756,  1.7494,  0.6224],
         [-9.4432,  8.7971,  6.3172,  ..., -2.3593,  3.2201, -5.5607],
         [-5.8080,  1.8543, -5.3324,  ...,  4.8741,  7.8896,  6.6164],
         ...,
         [-1.6391, -3.2543,  2.1463,  ..., -3.1687, -3.6006,  1.7477],
         [-1.1410,  2.6216, -2.1652,  ...,  2.4298,  3.0747,  2.5271],
         [-0.0583,  1.5494, -1.9986,  ...,  0.1600,  0.9325,  1.0246]]]), 'rvq_quantizer.layers.2._codebook.initted': tensor([1.]), 'rvq_quantizer.layers.2._codebook.cluster_size': tensor([[2.8241, 3.5924, 2.0000,  ..., 4.2710, 2.1000, 3.5166]]), 'rvq_quantizer.layers.2._codebook.embed_avg': tensor([[[  4.6686, -11.3808, -10.3555,  ...,  -8.3525,  -7.7813,  -3.8178],
         [  5.4395, -20.2185, -12.2051,  ...,   1.0903,   5.4775,   2.8663],
         [  0.3222,  -4.4517,   1.3490,  ...,   1.7405,   1.7719,  -4.0632],
         ...,
         [ -1.1179,   3.4968,   3.2978,  ...,  -0.2654,   0.5072,  -1.0224],
         [  0.9996,  -4.9130,   0.5574,  ...,  -2.5159,  -1.5451,  -1.1332],
         [  1.1486,   1.9282,  -2.6897,  ...,   9.9357,  10.0076,   5.7402]]]), 'rvq_quantizer.layers.2._codebook.embed': tensor([[[ 1.6531, -4.0299, -3.6669,  ..., -2.9576, -2.7553, -1.3519],
         [ 1.5142, -5.6282, -3.3975,  ...,  0.3035,  1.5248,  0.7979],
         [ 0.1611, -2.2259,  0.6745,  ...,  0.8702,  0.8860, -2.0316],
         ...,
         [-0.2617,  0.8188,  0.7722,  ..., -0.0621,  0.1188, -0.2394],
         [ 0.4760, -2.3395,  0.2654,  ..., -1.1980, -0.7357, -0.5396],
         [ 0.3266,  0.5483, -0.7648,  ...,  2.8253,  2.8458,  1.6323]]]), 'rvq_quantizer.layers.3._codebook.initted': tensor([1.]), 'rvq_quantizer.layers.3._codebook.cluster_size': tensor([[2.3000, 2.0000, 2.5969,  ..., 2.1608, 2.7555, 2.0000]]), 'rvq_quantizer.layers.3._codebook.embed_avg': tensor([[[-0.8964, -0.3361,  0.0465,  ..., -0.6598, -0.6672,  0.4144],
         [ 2.1771, -4.6677, -4.0439,  ...,  8.0200,  0.9553, -0.2916],
         [-1.2856,  6.6821, -4.7939,  ...,  1.9113,  5.7786,  4.1264],
         ...,
         [-0.8322, -2.6620,  0.0173,  ...,  1.2610,  0.8113,  3.1363],
         [-4.8397, -1.9086,  3.0540,  ..., -0.0578,  0.2193,  0.0832],
         [-0.3734,  0.1450, -1.6024,  ..., -0.2845, -0.6056,  0.4770]]]), 'rvq_quantizer.layers.3._codebook.embed': tensor([[[-0.3897, -0.1462,  0.0202,  ..., -0.2869, -0.2901,  0.1802],
         [ 1.0885, -2.3338, -2.0219,  ...,  4.0100,  0.4776, -0.1458],
         [-0.4950,  2.5731, -1.8460,  ...,  0.7360,  2.2252,  1.5889],
         ...,
         [-0.3851, -1.2320,  0.0080,  ...,  0.5836,  0.3755,  1.4515],
         [-1.7564, -0.6927,  1.1083,  ..., -0.0210,  0.0796,  0.0302],
         [-0.1867,  0.0725, -0.8012,  ..., -0.1422, -0.3028,  0.2385]]])})
Loss:  tensor(7.9818, grad_fn=<MeanBackward0>)
OrderedDict({'rvq_quantizer.project_in.weight': tensor([[ 0.2095, -0.2535, -0.2211,  ...,  0.2108,  0.2525,  0.1859],
        [-0.3285, -0.0243,  0.2885,  ...,  0.0059, -0.1081, -0.1265],
        [ 0.0406, -0.0890, -0.0117,  ...,  0.0936,  0.0458,  0.0531],
        ...,
        [-0.2863,  0.3020,  0.2544,  ..., -0.2905, -0.3184, -0.3442],
        [-0.2673,  0.3137,  0.2643,  ..., -0.3591, -0.3266, -0.3392],
        [-0.2618,  0.2966,  0.1592,  ..., -0.2803, -0.4016, -0.3526]]), 'rvq_quantizer.project_in.bias': tensor([-0.4289,  0.4321, -0.1468,  0.1551, -0.0869, -0.1506,  0.0365, -0.3365,
         0.0504, -0.4777, -0.1347, -0.1212, -0.4449, -0.1882,  0.3577, -0.1837,
        -0.0848,  0.2721,  0.2627,  0.3938,  0.3012,  0.4166, -0.4116,  0.4401,
        -0.1894, -0.3663,  0.1276,  0.3464,  0.1971,  0.4438,  0.4333,  0.4612]), 'rvq_quantizer.project_out.weight': tensor([[ 0.0863,  0.1175, -0.0987,  ..., -0.0436,  0.0902, -0.0665],
        [-0.0337,  0.0185,  0.1248,  ..., -0.1478, -0.1462, -0.0690],
        [ 0.1136,  0.0347, -0.1496,  ...,  0.1559,  0.1245, -0.1110],
        ...,
        [-0.0980,  0.0885, -0.1271,  ..., -0.0326,  0.1682, -0.0498],
        [-0.0419,  0.0095, -0.0684,  ...,  0.0084, -0.0638, -0.1158],
        [-0.0722,  0.0351, -0.0780,  ..., -0.1712,  0.1494, -0.0657]]), 'rvq_quantizer.project_out.bias': tensor([-0.0057, -0.1618, -0.0106, -0.1491,  0.1075, -0.1614, -0.1343,  0.1031,
         0.0111,  0.0539, -0.1584, -0.0913, -0.0218,  0.0136,  0.0118, -0.0675,
        -0.0649, -0.1732, -0.0018,  0.0052,  0.0404,  0.1226, -0.1440,  0.0450,
         0.1010,  0.1239,  0.1398, -0.0086, -0.0618,  0.0553,  0.1455,  0.1233,
        -0.1643,  0.0420, -0.1047,  0.1099, -0.0730, -0.0033,  0.0521, -0.1638,
         0.0447, -0.0199,  0.1100,  0.0143,  0.0467,  0.1464, -0.1500,  0.0397,
        -0.0979,  0.0147, -0.1461, -0.0785, -0.1591, -0.0969, -0.1011,  0.0893,
        -0.0945,  0.1582,  0.0263, -0.0766, -0.0984,  0.1358,  0.1505,  0.0912]), 'rvq_quantizer.layers.0._codebook.initted': tensor([1.]), 'rvq_quantizer.layers.0._codebook.cluster_size': tensor([[2.0000, 2.0000, 2.3000,  ..., 3.4520, 4.6327, 2.0000]]), 'rvq_quantizer.layers.0._codebook.embed_avg': tensor([[[-394.7664,  224.7880, -212.1755,  ...,  569.2287,  533.8723,
           620.4476],
         [-379.0758,  475.4029, -100.7309,  ...,  511.0854,  485.2106,
           488.0527],
         [-598.6714,  441.1052, -213.0713,  ...,  800.2392,  723.9966,
           832.1366],
         ...,
         [-780.2281,  676.7878, -310.0879,  ..., 1074.3925, 1016.0478,
          1088.1464],
         [-732.7186,  994.1271, -196.3717,  ..., 1019.3283,  958.1230,
           965.2827],
         [-413.7503,  478.7827, -112.9409,  ...,  562.1721,  529.4398,
           536.9072]]]), 'rvq_quantizer.layers.0._codebook.embed': tensor([[[-197.3832,  112.3940, -106.0878,  ...,  284.6143,  266.9361,
           310.2238],
         [-189.5379,  237.7014,  -50.3654,  ...,  255.5427,  242.6053,
           244.0263],
         [-260.2917,  191.7847,  -92.6396,  ...,  347.9298,  314.7809,
           361.7983],
         ...,
         [-226.0197,  196.0547,  -89.8275,  ...,  311.2344,  294.3329,
           315.2187],
         [-158.1620,  214.5887,  -42.3881,  ...,  220.0285,  206.8170,
           208.3624],
         [-206.8752,  239.3914,  -56.4704,  ...,  281.0861,  264.7199,
           268.4536]]]), 'rvq_quantizer.layers.1._codebook.initted': tensor([1.]), 'rvq_quantizer.layers.1._codebook.cluster_size': tensor([[2.5423, 2.1000, 4.9607,  ..., 3.0433, 2.2695, 2.8241]]), 'rvq_quantizer.layers.1._codebook.embed_avg': tensor([[[ -1.6434,   3.5430,   1.8474,  ...,   0.5347,   4.4764,   1.3773],
         [-19.7254,  17.7789,  12.5111,  ...,  -4.9199,   7.3896,  -9.9292],
         [-28.8693,   7.1292, -26.2660,  ...,  24.3958,  38.4784,  32.9284],
         ...,
         [ -4.2263,  -9.9519,   6.9160,  ..., -10.4080, -11.6853,   4.7854],
         [ -2.8049,   5.9721,  -4.8236,  ...,   5.5552,   7.2224,   5.7074],
         [  0.4022,   4.4248,  -6.8422,  ...,   0.4376,   2.2981,   3.2891]]]), 'rvq_quantizer.layers.1._codebook.embed': tensor([[[-0.6464,  1.3936,  0.7267,  ...,  0.2103,  1.7608,  0.5417],
         [-9.3931,  8.4661,  5.9577,  ..., -2.3428,  3.5188, -4.7282],
         [-5.8196,  1.4371, -5.2948,  ...,  4.9178,  7.7567,  6.6379],
         ...,
         [-1.3887, -3.2701,  2.2725,  ..., -3.4200, -3.8397,  1.5724],
         [-1.2359,  2.6315, -2.1254,  ...,  2.4478,  3.1824,  2.5149],
         [ 0.1424,  1.5668, -2.4228,  ...,  0.1550,  0.8137,  1.1646]]]), 'rvq_quantizer.layers.2._codebook.initted': tensor([1.]), 'rvq_quantizer.layers.2._codebook.cluster_size': tensor([[2.7417, 3.5331, 2.0000,  ..., 4.2439, 2.0000, 3.4650]]), 'rvq_quantizer.layers.2._codebook.embed_avg': tensor([[[  3.9225, -11.0252, -10.3548,  ...,  -7.6009,  -7.7610,  -3.8907],
         [  5.2857, -19.9555, -12.9131,  ...,   1.1796,   5.2831,   2.7030],
         [  0.7954,  -4.4672,   0.3877,  ...,   2.2217,   2.3158,  -3.8028],
         ...,
         [ -0.9799,   3.4926,   3.2934,  ...,  -0.2057,   0.6392,  -1.1269],
         [ -2.0195,   4.8809,   4.5089,  ...,  -4.8712,   7.0614,   1.6167],
         [  1.4043,   1.1503,  -2.4712,  ...,  10.4600,  10.1487,   5.1540]]]), 'rvq_quantizer.layers.2._codebook.embed': tensor([[[ 1.4307, -4.0213, -3.7768,  ..., -2.7724, -2.8307, -1.4191],
         [ 1.4961, -5.6481, -3.6549,  ...,  0.3339,  1.4953,  0.7651],
         [ 0.3977, -2.2336,  0.1939,  ...,  1.1108,  1.1579, -1.9014],
         ...,
         [-0.2309,  0.8230,  0.7760,  ..., -0.0485,  0.1506, -0.2655],
         [-1.0097,  2.4405,  2.2545,  ..., -2.4356,  3.5307,  0.8084],
         [ 0.4053,  0.3320, -0.7132,  ...,  3.0188,  2.9289,  1.4874]]]), 'rvq_quantizer.layers.3._codebook.initted': tensor([1.]), 'rvq_quantizer.layers.3._codebook.cluster_size': tensor([[2.5700, 2.0000, 2.5373,  ..., 2.0447, 2.9799, 2.3000]]), 'rvq_quantizer.layers.3._codebook.embed_avg': tensor([[[-1.0910e+00, -4.1434e-01,  1.1411e-01,  ..., -7.0450e-01,
          -6.1383e-01,  6.6725e-01],
         [-8.1688e+00,  4.4048e-03,  9.1159e-01,  ...,  1.4227e+00,
           5.4290e-01, -4.3643e+00],
         [-1.5562e+00,  5.9999e+00, -4.6067e+00,  ...,  1.3964e+00,
           5.9186e+00,  4.0283e+00],
         ...,
         [-9.5367e-01, -2.4906e+00, -1.4657e-01,  ...,  1.1986e+00,
           8.8694e-01,  2.8084e+00],
         [-5.3476e+00, -3.0825e+00,  2.7787e+00,  ..., -1.7580e-01,
          -4.4544e-01, -3.4482e-01],
         [-7.5440e-01,  3.6983e-01, -1.7245e+00,  ..., -4.0948e-01,
          -8.2220e-01,  1.0914e+00]]]), 'rvq_quantizer.layers.3._codebook.embed': tensor([[[-4.2453e-01, -1.6122e-01,  4.4399e-02,  ..., -2.7412e-01,
          -2.3884e-01,  2.5963e-01],
         [-4.0844e+00,  2.2024e-03,  4.5579e-01,  ...,  7.1134e-01,
           2.7145e-01, -2.1822e+00],
         [-6.1332e-01,  2.3647e+00, -1.8156e+00,  ...,  5.5034e-01,
           2.3327e+00,  1.5877e+00],
         ...,
         [-4.6641e-01, -1.2180e+00, -7.1683e-02,  ...,  5.8622e-01,
           4.3377e-01,  1.3735e+00],
         [-1.7945e+00, -1.0344e+00,  9.3248e-01,  ..., -5.8994e-02,
          -1.4948e-01, -1.1571e-01],
         [-3.2800e-01,  1.6080e-01, -7.4977e-01,  ..., -1.7803e-01,
          -3.5748e-01,  4.7451e-01]]])})
Loss:  tensor(7.9900, grad_fn=<MeanBackward0>)
OrderedDict({'rvq_quantizer.project_in.weight': tensor([[ 0.2144, -0.2518, -0.2283,  ...,  0.2129,  0.2545,  0.1886],
        [-0.3336, -0.0289,  0.2927,  ...,  0.0045, -0.1058, -0.1300],
        [ 0.0405, -0.0881, -0.0177,  ...,  0.0916,  0.0481,  0.0555],
        ...,
        [-0.2921,  0.3064,  0.2615,  ..., -0.2930, -0.3210, -0.3477],
        [-0.2729,  0.3170,  0.2715,  ..., -0.3599, -0.3282, -0.3418],
        [-0.2669,  0.2985,  0.1673,  ..., -0.2832, -0.4044, -0.3563]]), 'rvq_quantizer.project_in.bias': tensor([-0.4333,  0.4373, -0.1468,  0.1565, -0.0883, -0.1521,  0.0375, -0.3403,
         0.0509, -0.4829, -0.1352, -0.1245, -0.4494, -0.1905,  0.3621, -0.1863,
        -0.0849,  0.2758,  0.2649,  0.3982,  0.3068,  0.4224, -0.4167,  0.4454,
        -0.1927, -0.3717,  0.1279,  0.3517,  0.2006,  0.4493,  0.4387,  0.4660]), 'rvq_quantizer.project_out.weight': tensor([[ 0.0863,  0.1175, -0.0987,  ..., -0.0436,  0.0902, -0.0665],
        [-0.0337,  0.0185,  0.1248,  ..., -0.1478, -0.1462, -0.0690],
        [ 0.1136,  0.0347, -0.1496,  ...,  0.1559,  0.1245, -0.1110],
        ...,
        [-0.0980,  0.0885, -0.1271,  ..., -0.0326,  0.1682, -0.0498],
        [-0.0419,  0.0095, -0.0684,  ...,  0.0084, -0.0638, -0.1158],
        [-0.0722,  0.0351, -0.0780,  ..., -0.1712,  0.1494, -0.0657]]), 'rvq_quantizer.project_out.bias': tensor([-0.0057, -0.1618, -0.0106, -0.1491,  0.1075, -0.1614, -0.1343,  0.1031,
         0.0111,  0.0539, -0.1584, -0.0913, -0.0218,  0.0136,  0.0118, -0.0675,
        -0.0649, -0.1732, -0.0018,  0.0052,  0.0404,  0.1226, -0.1440,  0.0450,
         0.1010,  0.1239,  0.1398, -0.0086, -0.0618,  0.0553,  0.1455,  0.1233,
        -0.1643,  0.0420, -0.1047,  0.1099, -0.0730, -0.0033,  0.0521, -0.1638,
         0.0447, -0.0199,  0.1100,  0.0143,  0.0467,  0.1464, -0.1500,  0.0397,
        -0.0979,  0.0147, -0.1461, -0.0785, -0.1591, -0.0969, -0.1011,  0.0893,
        -0.0945,  0.1582,  0.0263, -0.0766, -0.0984,  0.1358,  0.1505,  0.0912]), 'rvq_quantizer.layers.0._codebook.initted': tensor([1.]), 'rvq_quantizer.layers.0._codebook.cluster_size': tensor([[2.0000, 2.0000, 2.7700,  ..., 3.2068, 4.1694, 2.0000]]), 'rvq_quantizer.layers.0._codebook.embed_avg': tensor([[[-479.8689,  463.4609, -172.5238,  ...,  651.2777,  628.5898,
           643.1450],
         [-427.1679,  486.3608, -120.6754,  ...,  568.1096,  543.9999,
           557.4242],
         [-721.4351,  530.3778, -260.5479,  ...,  966.7783,  874.4606,
          1003.3362],
         ...,
         [-724.6613,  628.8984, -287.7448,  ...,  998.1213,  943.9283,
          1011.2220],
         [-659.4467,  894.7144, -176.7346,  ...,  917.3954,  862.3107,
           868.7544],
         [-392.8554,  473.8221, -121.7294,  ...,  547.8136,  519.5562,
           518.4177]]]), 'rvq_quantizer.layers.0._codebook.embed': tensor([[[-239.9344,  231.7305,  -86.2619,  ...,  325.6389,  314.2949,
           321.5725],
         [-213.5839,  243.1804,  -60.3377,  ...,  284.0548,  272.0000,
           278.7121],
         [-260.4459,  191.4721,  -94.0606,  ...,  349.0175,  315.6898,
           362.2152],
         ...,
         [-225.9741,  196.1120,  -89.7286,  ...,  311.2483,  294.3491,
           315.3336],
         [-158.1619,  214.5886,  -42.3881,  ...,  220.0285,  206.8169,
           208.3624],
         [-196.4277,  236.9110,  -60.8647,  ...,  273.9068,  259.7781,
           259.2089]]]), 'rvq_quantizer.layers.1._codebook.initted': tensor([1.]), 'rvq_quantizer.layers.1._codebook.cluster_size': tensor([[2.7880, 2.0000, 4.9646,  ..., 2.8390, 2.6425, 2.5417]]), 'rvq_quantizer.layers.1._codebook.embed_avg': tensor([[[ -2.3201,   3.9871,   2.0355,  ...,   0.4713,   4.3018,   1.3967],
         [ -6.7236,   1.9036,  -1.1944,  ...,   8.8515,   7.1762,   7.9043],
         [-28.6624,   6.8219, -26.9134,  ...,  24.4821,  38.4077,  32.8726],
         ...,
         [ -3.9968,  -9.0920,   6.0918,  ..., -10.1662, -10.8371,   4.8724],
         [ -3.8093,   7.9939,  -5.1903,  ...,   6.0604,   8.8314,   6.4135],
         [  0.3620,   3.9823,  -6.1580,  ...,   0.3938,   2.0683,   2.9602]]]), 'rvq_quantizer.layers.1._codebook.embed': tensor([[[-0.8322,  1.4301,  0.7301,  ...,  0.1690,  1.5430,  0.5010],
         [-3.3618,  0.9518, -0.5972,  ...,  4.4258,  3.5881,  3.9521],
         [-5.7733,  1.3741, -5.4210,  ...,  4.9313,  7.7363,  6.6214],
         ...,
         [-1.4078, -3.2026,  2.1458,  ..., -3.5810, -3.8173,  1.7163],
         [-1.4415,  3.0251, -1.9642,  ...,  2.2934,  3.3421,  2.4270],
         [ 0.1424,  1.5668, -2.4228,  ...,  0.1550,  0.8137,  1.1646]]]), 'rvq_quantizer.layers.2._codebook.initted': tensor([1.]), 'rvq_quantizer.layers.2._codebook.cluster_size': tensor([[2.5675, 3.6798, 2.0000,  ..., 4.3195, 2.0000, 3.4185]]), 'rvq_quantizer.layers.2._codebook.embed_avg': tensor([[[  3.6976, -10.2528,  -9.5647,  ...,  -6.9914,  -6.9354,  -3.9853],
         [  6.3295, -21.1842, -14.1438,  ...,   1.0233,   5.0016,   3.0162],
         [  0.0875,  -4.2509,   0.5197,  ...,   2.1825,   2.1938,  -3.0091],
         ...,
         [ -1.2136,   3.8030,   4.2711,  ...,  -0.3002,   0.9038,  -0.9821],
         [  8.7003,  -1.6094,   2.5663,  ...,  -2.2725,   5.1954,  -6.0341],
         [  1.2960,   0.7931,  -2.5994,  ...,  10.7162,  10.8626,   4.6884]]]), 'rvq_quantizer.layers.2._codebook.embed': tensor([[[ 1.4401, -3.9933, -3.7253,  ..., -2.7230, -2.7012, -1.5522],
         [ 1.7201, -5.7569, -3.8436,  ...,  0.2781,  1.3592,  0.8197],
         [ 0.0438, -2.1255,  0.2599,  ...,  1.0913,  1.0969, -1.5045],
         ...,
         [-0.2810,  0.8804,  0.9888,  ..., -0.0695,  0.2092, -0.2274],
         [ 4.3501, -0.8047,  1.2832,  ..., -1.1362,  2.5977, -3.0170],
         [ 0.3791,  0.2320, -0.7604,  ...,  3.1348,  3.1776,  1.3715]]]), 'rvq_quantizer.layers.3._codebook.initted': tensor([1.]), 'rvq_quantizer.layers.3._codebook.cluster_size': tensor([[2.4130, 2.2000, 2.5835,  ..., 2.1402, 3.0819, 2.0700]]), 'rvq_quantizer.layers.3._codebook.embed_avg': tensor([[[-0.9893, -0.4048, -0.0241,  ..., -0.5581, -0.5793,  0.5760],
         [-8.0990,  0.1828,  1.3285,  ...,  1.6711, -0.0224, -4.5780],
         [-2.2301,  5.9389, -5.2988,  ...,  1.2782,  6.1534,  3.7150],
         ...,
         [-1.1079, -2.7888, -0.3085,  ...,  1.4395,  0.7180,  2.7386],
         [-6.1645, -3.4202,  3.1483,  ...,  0.4690, -0.8871, -0.6805],
         [-0.6790,  0.3328, -1.5520,  ..., -0.3685, -0.7400,  0.9822]]]), 'rvq_quantizer.layers.3._codebook.embed': tensor([[[-0.4100, -0.1677, -0.0100,  ..., -0.2313, -0.2401,  0.2387],
         [-3.6814,  0.0831,  0.6038,  ...,  0.7596, -0.0102, -2.0809],
         [-0.8632,  2.2987, -2.0510,  ...,  0.4947,  2.3818,  1.4380],
         ...,
         [-0.5177, -1.3030, -0.1441,  ...,  0.6726,  0.3355,  1.2796],
         [-2.0002, -1.1098,  1.0215,  ...,  0.1522, -0.2878, -0.2208],
         [-0.3280,  0.1608, -0.7498,  ..., -0.1780, -0.3575,  0.4745]]])})
Loss:  tensor(8.2325, grad_fn=<MeanBackward0>)
OrderedDict({'rvq_quantizer.project_in.weight': tensor([[ 0.2238, -0.2482, -0.2424,  ...,  0.2169,  0.2583,  0.1938],
        [-0.3435, -0.0388,  0.3006,  ...,  0.0007, -0.1018, -0.1373],
        [ 0.0405, -0.0884, -0.0296,  ...,  0.0873,  0.0525,  0.0602],
        ...,
        [-0.3034,  0.3147,  0.2756,  ..., -0.2974, -0.3256, -0.3541],
        [-0.2841,  0.3230,  0.2859,  ..., -0.3608, -0.3309, -0.3465],
        [-0.2770,  0.3020,  0.1833,  ..., -0.2883, -0.4096, -0.3631]]), 'rvq_quantizer.project_in.bias': tensor([-0.4418,  0.4474, -0.1467,  0.1590, -0.0910, -0.1552,  0.0395, -0.3474,
         0.0515, -0.4931, -0.1360, -0.1308, -0.4581, -0.1949,  0.3706, -0.1915,
        -0.0846,  0.2830,  0.2691,  0.4066,  0.3177,  0.4338, -0.4269,  0.4558,
        -0.1992, -0.3822,  0.1288,  0.3621,  0.2073,  0.4600,  0.4491,  0.4754]), 'rvq_quantizer.project_out.weight': tensor([[ 0.0863,  0.1175, -0.0987,  ..., -0.0436,  0.0902, -0.0665],
        [-0.0337,  0.0185,  0.1248,  ..., -0.1478, -0.1462, -0.0690],
        [ 0.1136,  0.0347, -0.1496,  ...,  0.1559,  0.1245, -0.1110],
        ...,
        [-0.0980,  0.0885, -0.1271,  ..., -0.0326,  0.1682, -0.0498],
        [-0.0419,  0.0095, -0.0684,  ...,  0.0084, -0.0638, -0.1158],
        [-0.0722,  0.0351, -0.0780,  ..., -0.1712,  0.1494, -0.0657]]), 'rvq_quantizer.project_out.bias': tensor([-0.0057, -0.1618, -0.0106, -0.1491,  0.1075, -0.1614, -0.1343,  0.1031,
         0.0111,  0.0539, -0.1584, -0.0913, -0.0218,  0.0136,  0.0118, -0.0675,
        -0.0649, -0.1732, -0.0018,  0.0052,  0.0404,  0.1226, -0.1440,  0.0450,
         0.1010,  0.1239,  0.1398, -0.0086, -0.0618,  0.0553,  0.1455,  0.1233,
        -0.1643,  0.0420, -0.1047,  0.1099, -0.0730, -0.0033,  0.0521, -0.1638,
         0.0447, -0.0199,  0.1100,  0.0143,  0.0467,  0.1464, -0.1500,  0.0397,
        -0.0979,  0.0147, -0.1461, -0.0785, -0.1591, -0.0969, -0.1011,  0.0893,
        -0.0945,  0.1582,  0.0263, -0.0766, -0.0984,  0.1358,  0.1505,  0.0912]), 'rvq_quantizer.layers.0._codebook.initted': tensor([1.]), 'rvq_quantizer.layers.0._codebook.cluster_size': tensor([[2.0000, 2.0000, 3.4637,  ..., 2.7775, 3.3773, 2.0000]]), 'rvq_quantizer.layers.0._codebook.embed_avg': tensor([[[-412.9806,  512.8836,  -98.9153,  ...,  559.3468,  525.4142,
           521.4872],
         [-437.0520,  525.2742, -114.8053,  ...,  603.1385,  566.6160,
           564.3192],
         [-907.9277,  662.8355, -332.6405,  ..., 1218.7546, 1100.8833,
          1259.5331],
         ...,
         [-627.7040,  544.7831, -248.8618,  ...,  865.4132,  817.9832,
           877.1355],
         [-534.1518,  724.7187, -143.1550,  ...,  743.0903,  698.4717,
           703.6910],
         [-350.6005,  379.4219, -119.1541,  ...,  491.2504,  455.3842,
           473.3031]]]), 'rvq_quantizer.layers.0._codebook.embed': tensor([[[-206.4903,  256.4418,  -49.4577,  ...,  279.6734,  262.7071,
           260.7436],
         [-218.5260,  262.6371,  -57.4027,  ...,  301.5693,  283.3080,
           282.1596],
         [-262.1267,  191.3664,  -96.0362,  ...,  351.8652,  317.8347,
           363.6383],
         ...,
         [-225.9931,  196.1390,  -89.5981,  ...,  311.5759,  294.4996,
           315.7963],
         [-158.1618,  214.5885,  -42.3881,  ...,  220.0283,  206.8168,
           208.3622],
         [-175.3003,  189.7110,  -59.5770,  ...,  245.6252,  227.6921,
           236.6515]]]), 'rvq_quantizer.layers.1._codebook.initted': tensor([1.]), 'rvq_quantizer.layers.1._codebook.cluster_size': tensor([[3.4883, 2.1800, 5.4514,  ..., 2.4896, 2.8104, 2.6188]]), 'rvq_quantizer.layers.1._codebook.embed_avg': tensor([[[ -2.7729,   5.5611,   3.4567,  ...,   0.3919,   4.0460,   0.8924],
         [ -7.2634,   2.0550,  -1.2452,  ...,   9.6373,   7.7544,   8.5925],
         [-30.2060,   3.0687, -27.2517,  ...,  25.7527,  41.2260,  36.8347],
         ...,
         [ -3.6951,  -7.2916,   5.5518,  ...,  -9.1570,  -9.9536,   4.1735],
         [ -3.7369,   8.6578,  -6.0642,  ...,   5.7943,   9.3867,   6.9698],
         [  0.4714,   4.5189,  -6.2740,  ...,   0.4859,   2.0504,   3.1208]]]), 'rvq_quantizer.layers.1._codebook.embed': tensor([[[-0.7949,  1.5942,  0.9909,  ...,  0.1123,  1.1599,  0.2558],
         [-3.3318,  0.9427, -0.5712,  ...,  4.4208,  3.5571,  3.9415],
         [-5.5410,  0.5629, -4.9991,  ...,  4.7241,  7.5625,  6.7570],
         ...,
         [-1.4842, -2.9289,  2.2300,  ..., -3.6782, -3.9981,  1.6764],
         [-1.3296,  3.0806, -2.1578,  ...,  2.0617,  3.3400,  2.4800],
         [ 0.1800,  1.7256, -2.3957,  ...,  0.1855,  0.7830,  1.1917]]]), 'rvq_quantizer.layers.2._codebook.initted': tensor([1.]), 'rvq_quantizer.layers.2._codebook.cluster_size': tensor([[2.3597, 3.4606, 2.0000,  ..., 4.1488, 2.0000, 3.1590]]), 'rvq_quantizer.layers.2._codebook.embed_avg': tensor([[[  3.7189,  -9.8255,  -9.7499,  ...,  -6.7842,  -5.7921,  -3.5904],
         [  6.6325, -20.5544, -14.5906,  ...,   1.9229,   3.9090,   2.8428],
         [  0.1333,  -5.1373,   0.3194,  ...,   2.4835,   2.5310,  -3.0024],
         ...,
         [ -1.1518,   3.9307,   4.1356,  ...,   0.1579,   0.7456,  -1.1754],
         [ -4.4437,  -5.3197,  -6.4237,  ...,   6.1951,   9.9161,  10.7769],
         [  1.1205,   0.1474,  -2.2037,  ...,   9.9806,  10.1894,   5.0595]]]), 'rvq_quantizer.layers.2._codebook.embed': tensor([[[ 1.5760, -4.1639, -4.1318,  ..., -2.8751, -2.4546, -1.5215],
         [ 1.9166, -5.9395, -4.2162,  ...,  0.5556,  1.1296,  0.8215],
         [ 0.0667, -2.5687,  0.1597,  ...,  1.2418,  1.2655, -1.5012],
         ...,
         [-0.2776,  0.9474,  0.9968,  ...,  0.0381,  0.1797, -0.2833],
         [-2.2219, -2.6599, -3.2119,  ...,  3.0975,  4.9581,  5.3885],
         [ 0.3547,  0.0467, -0.6976,  ...,  3.1595,  3.2255,  1.6016]]]), 'rvq_quantizer.layers.3._codebook.initted': tensor([1.]), 'rvq_quantizer.layers.3._codebook.cluster_size': tensor([[2.4345, 2.0000, 2.4727,  ..., 2.0136, 2.8864, 2.0567]]), 'rvq_quantizer.layers.3._codebook.embed_avg': tensor([[[-1.3091, -0.2429,  0.0526,  ..., -0.2895, -0.0982,  0.6659],
         [-2.8175,  2.0043,  0.1169,  ...,  8.5993,  0.4103,  5.4496],
         [-2.1100,  6.0132, -5.1534,  ...,  0.6928,  5.5695,  3.8244],
         ...,
         [-1.3861, -2.8408, -0.1975,  ...,  1.6604,  0.5260,  2.9504],
         [-6.0816, -3.8278,  3.0466,  ...,  0.7210, -0.6672, -0.5948],
         [-0.9982,  0.0788, -1.6156,  ..., -0.4338, -0.7260,  1.1770]]]), 'rvq_quantizer.layers.3._codebook.embed': tensor([[[-0.5377, -0.0998,  0.0216,  ..., -0.1189, -0.0403,  0.2735],
         [-1.4088,  1.0022,  0.0584,  ...,  4.2996,  0.2052,  2.7248],
         [-0.8533,  2.4319, -2.0841,  ...,  0.2802,  2.2524,  1.5467],
         ...,
         [-0.6884, -1.4108, -0.0981,  ...,  0.8246,  0.2612,  1.4653],
         [-2.1070, -1.3262,  1.0555,  ...,  0.2498, -0.2311, -0.2061],
         [-0.4853,  0.0383, -0.7855,  ..., -0.2109, -0.3530,  0.5723]]])})
Loss:  tensor(8.1759, grad_fn=<MeanBackward0>)
OrderedDict({'rvq_quantizer.project_in.weight': tensor([[ 0.2284, -0.2462, -0.2494,  ...,  0.2187,  0.2600,  0.1962],
        [-0.3483, -0.0439,  0.3042,  ..., -0.0016, -0.1002, -0.1411],
        [ 0.0411, -0.0898, -0.0355,  ...,  0.0853,  0.0549,  0.0627],
        ...,
        [-0.3089,  0.3187,  0.2827,  ..., -0.2992, -0.3275, -0.3571],
        [-0.2896,  0.3256,  0.2929,  ..., -0.3610, -0.3321, -0.3486],
        [-0.2820,  0.3035,  0.1912,  ..., -0.2906, -0.4119, -0.3662]]), 'rvq_quantizer.project_in.bias': tensor([-0.4460,  0.4523, -0.1470,  0.1602, -0.0922, -0.1567,  0.0405, -0.3507,
         0.0517, -0.4981, -0.1364, -0.1338, -0.4624, -0.1971,  0.3748, -0.1940,
        -0.0845,  0.2864,  0.2712,  0.4107,  0.3230,  0.4394, -0.4319,  0.4609,
        -0.2024, -0.3873,  0.1292,  0.3672,  0.2107,  0.4652,  0.4542,  0.4799]), 'rvq_quantizer.project_out.weight': tensor([[ 0.0863,  0.1175, -0.0987,  ..., -0.0436,  0.0902, -0.0665],
        [-0.0337,  0.0185,  0.1248,  ..., -0.1478, -0.1462, -0.0690],
        [ 0.1136,  0.0347, -0.1496,  ...,  0.1559,  0.1245, -0.1110],
        ...,
        [-0.0980,  0.0885, -0.1271,  ..., -0.0326,  0.1682, -0.0498],
        [-0.0419,  0.0095, -0.0684,  ...,  0.0084, -0.0638, -0.1158],
        [-0.0722,  0.0351, -0.0780,  ..., -0.1712,  0.1494, -0.0657]]), 'rvq_quantizer.project_out.bias': tensor([-0.0057, -0.1618, -0.0106, -0.1491,  0.1075, -0.1614, -0.1343,  0.1031,
         0.0111,  0.0539, -0.1584, -0.0913, -0.0218,  0.0136,  0.0118, -0.0675,
        -0.0649, -0.1732, -0.0018,  0.0052,  0.0404,  0.1226, -0.1440,  0.0450,
         0.1010,  0.1239,  0.1398, -0.0086, -0.0618,  0.0553,  0.1455,  0.1233,
        -0.1643,  0.0420, -0.1047,  0.1099, -0.0730, -0.0033,  0.0521, -0.1638,
         0.0447, -0.0199,  0.1100,  0.0143,  0.0467,  0.1464, -0.1500,  0.0397,
        -0.0979,  0.0147, -0.1461, -0.0785, -0.1591, -0.0969, -0.1011,  0.0893,
        -0.0945,  0.1582,  0.0263, -0.0766, -0.0984,  0.1358,  0.1505,  0.0912]), 'rvq_quantizer.layers.0._codebook.initted': tensor([1.]), 'rvq_quantizer.layers.0._codebook.cluster_size': tensor([[3.9000, 3.4000, 3.3173,  ..., 2.5998, 3.0395, 2.4000]]), 'rvq_quantizer.layers.0._codebook.embed_avg': tensor([[[-802.1019, 1008.4486, -191.7277,  ..., 1088.4247, 1024.9010,
          1016.4810],
         [-748.2728,  893.9915, -195.5911,  ..., 1024.3400,  964.2093,
           960.2311],
         [-869.3905,  635.8968, -319.1754,  ..., 1167.4375, 1055.1533,
          1206.2441],
         ...,
         [-586.9407,  509.9613, -233.7249,  ...,  809.6904,  765.7883,
           821.0443],
         [-480.7366,  652.2468, -128.8395,  ...,  668.7812,  628.6245,
           633.3220],
         [-419.4458,  455.4019, -145.2136,  ...,  587.9215,  544.7953,
           568.4495]]]), 'rvq_quantizer.layers.0._codebook.embed': tensor([[[-205.6674,  258.5768,  -49.1610,  ...,  279.0835,  262.7954,
           260.6364],
         [-220.0804,  262.9388,  -57.5268,  ...,  301.2766,  283.5911,
           282.4211],
         [-262.0755,  191.6894,  -96.2146,  ...,  351.9210,  318.0732,
           363.6192],
         ...,
         [-225.7653,  196.1553,  -89.9017,  ...,  311.4454,  294.5586,
           315.8127],
         [-158.1618,  214.5884,  -42.3880,  ...,  220.0282,  206.8167,
           208.3622],
         [-174.7690,  189.7507,  -60.5056,  ...,  244.9671,  226.9979,
           236.8538]]]), 'rvq_quantizer.layers.1._codebook.initted': tensor([1.]), 'rvq_quantizer.layers.1._codebook.cluster_size': tensor([[3.3395, 2.1620, 5.5062,  ..., 2.4406, 2.7294, 2.4569]]), 'rvq_quantizer.layers.1._codebook.embed_avg': tensor([[[ -2.6892,   5.3422,   3.6328,  ...,   0.5019,   4.0015,   0.8542],
         [ -7.1480,   2.1405,  -1.2250,  ...,   9.3963,   7.7417,   8.5834],
         [-30.4597,   1.8766, -25.6752,  ...,  26.8646,  41.7003,  37.4858],
         ...,
         [ -4.7516,  -6.7267,   5.0146,  ...,  -8.5993,  -9.4579,   4.1279],
         [ -3.8487,   8.8365,  -6.0337,  ...,   5.6935,   9.3583,   6.8974],
         [  0.4930,   4.3215,  -5.9190,  ...,   0.4841,   2.1911,   2.8766]]]), 'rvq_quantizer.layers.1._codebook.embed': tensor([[[-0.8053,  1.5997,  1.0878,  ...,  0.1503,  1.1982,  0.2558],
         [-3.3062,  0.9900, -0.5666,  ...,  4.3461,  3.5808,  3.9701],
         [-5.5319,  0.3408, -4.6630,  ...,  4.8790,  7.5733,  6.8079],
         ...,
         [-1.9469, -2.7562,  2.0547,  ..., -3.5234, -3.8752,  1.6913],
         [-1.4101,  3.2375, -2.2106,  ...,  2.0860,  3.4287,  2.5271],
         [ 0.2006,  1.7589, -2.4091,  ...,  0.1970,  0.8918,  1.1708]]]), 'rvq_quantizer.layers.2._codebook.initted': tensor([1.]), 'rvq_quantizer.layers.2._codebook.cluster_size': tensor([[2.1237, 3.2146, 2.0000,  ..., 4.7339, 2.0000, 3.0431]]), 'rvq_quantizer.layers.2._codebook.embed_avg': tensor([[[  3.3470,  -8.8430,  -8.7749,  ...,  -6.1058,  -5.2129,  -3.2313],
         [  6.0644, -19.0844, -14.0922,  ...,   2.0307,   4.3472,   2.8292],
         [  4.0848,  -9.9803,  -4.1530,  ...,  -2.3983,  -0.4213,   2.3628],
         ...,
         [ -0.7103,   5.1400,   5.4128,  ...,  -0.0386,   1.0906,  -1.3523],
         [ 13.9833,   3.0893,   0.7305,  ...,   2.7903,   0.0720,  -3.6543],
         [  1.5367,   0.3373,  -1.9335,  ...,   8.9602,   9.7027,   4.6911]]]), 'rvq_quantizer.layers.2._codebook.embed': tensor([[[ 1.5760, -4.1639, -4.1318,  ..., -2.8751, -2.4546, -1.5215],
         [ 1.8865, -5.9368, -4.3839,  ...,  0.6317,  1.3524,  0.8801],
         [ 2.0424, -4.9901, -2.0765,  ..., -1.1992, -0.2107,  1.1814],
         ...,
         [-0.1500,  1.0858,  1.1434,  ..., -0.0082,  0.2304, -0.2857],
         [ 6.9917,  1.5446,  0.3653,  ...,  1.3952,  0.0360, -1.8272],
         [ 0.5050,  0.1108, -0.6354,  ...,  2.9444,  3.1885,  1.5416]]]), 'rvq_quantizer.layers.3._codebook.initted': tensor([1.]), 'rvq_quantizer.layers.3._codebook.cluster_size': tensor([[2.2911, 2.0000, 2.5254,  ..., 2.0000, 2.6977, 2.4510]]), 'rvq_quantizer.layers.3._codebook.embed_avg': tensor([[[-1.2070, -0.1308,  0.0718,  ..., -0.4143, -0.0238,  0.7313],
         [-6.7482, -6.1791,  3.4249,  ...,  3.4921, -2.2857,  1.6452],
         [-2.0731,  6.2393, -5.4364,  ...,  0.4259,  5.7309,  3.4753],
         ...,
         [13.9786,  2.0072,  4.3340,  ..., -0.3842, -9.3698, -5.9593],
         [-5.8105, -3.7370,  2.7315,  ...,  0.6800, -0.5854, -0.6021],
         [-1.4602, -0.3554, -2.1419,  ..., -0.6302, -1.1135,  1.8731]]]), 'rvq_quantizer.layers.3._codebook.embed': tensor([[[-0.5268, -0.0571,  0.0313,  ..., -0.1808, -0.0104,  0.3192],
         [-3.3741, -3.0895,  1.7124,  ...,  1.7461, -1.1428,  0.8226],
         [-0.8209,  2.4706, -2.1527,  ...,  0.1686,  2.2693,  1.3761],
         ...,
         [ 6.9893,  1.0036,  2.1670,  ..., -0.1921, -4.6849, -2.9796],
         [-2.1538, -1.3852,  1.0125,  ...,  0.2520, -0.2170, -0.2232],
         [-0.5957, -0.1450, -0.8739,  ..., -0.2571, -0.4543,  0.7642]]])})
Loss:  tensor(8.3199, grad_fn=<MeanBackward0>)
OrderedDict({'rvq_quantizer.project_in.weight': tensor([[ 0.2330, -0.2442, -0.2562,  ...,  0.2204,  0.2616,  0.1986],
        [-0.3531, -0.0489,  0.3076,  ..., -0.0040, -0.0987, -0.1450],
        [ 0.0420, -0.0918, -0.0413,  ...,  0.0832,  0.0573,  0.0652],
        ...,
        [-0.3144,  0.3225,  0.2897,  ..., -0.3008, -0.3291, -0.3598],
        [-0.2950,  0.3280,  0.3000,  ..., -0.3610, -0.3331, -0.3507],
        [-0.2868,  0.3049,  0.1991,  ..., -0.2927, -0.4140, -0.3693]]), 'rvq_quantizer.project_in.bias': tensor([-0.4501,  0.4572, -0.1476,  0.1614, -0.0935, -0.1581,  0.0413, -0.3540,
         0.0519, -0.5030, -0.1366, -0.1367, -0.4665, -0.1992,  0.3788, -0.1965,
        -0.0845,  0.2898,  0.2733,  0.4146,  0.3283,  0.4449, -0.4367,  0.4659,
        -0.2055, -0.3924,  0.1297,  0.3722,  0.2140,  0.4703,  0.4593,  0.4844]), 'rvq_quantizer.project_out.weight': tensor([[ 0.0863,  0.1175, -0.0987,  ..., -0.0436,  0.0902, -0.0665],
        [-0.0337,  0.0185,  0.1248,  ..., -0.1478, -0.1462, -0.0690],
        [ 0.1136,  0.0347, -0.1496,  ...,  0.1559,  0.1245, -0.1110],
        ...,
        [-0.0980,  0.0885, -0.1271,  ..., -0.0326,  0.1682, -0.0498],
        [-0.0419,  0.0095, -0.0684,  ...,  0.0084, -0.0638, -0.1158],
        [-0.0722,  0.0351, -0.0780,  ..., -0.1712,  0.1494, -0.0657]]), 'rvq_quantizer.project_out.bias': tensor([-0.0057, -0.1618, -0.0106, -0.1491,  0.1075, -0.1614, -0.1343,  0.1031,
         0.0111,  0.0539, -0.1584, -0.0913, -0.0218,  0.0136,  0.0118, -0.0675,
        -0.0649, -0.1732, -0.0018,  0.0052,  0.0404,  0.1226, -0.1440,  0.0450,
         0.1010,  0.1239,  0.1398, -0.0086, -0.0618,  0.0553,  0.1455,  0.1233,
        -0.1643,  0.0420, -0.1047,  0.1099, -0.0730, -0.0033,  0.0521, -0.1638,
         0.0447, -0.0199,  0.1100,  0.0143,  0.0467,  0.1464, -0.1500,  0.0397,
        -0.0979,  0.0147, -0.1461, -0.0785, -0.1591, -0.0969, -0.1011,  0.0893,
        -0.0945,  0.1582,  0.0263, -0.0766, -0.0984,  0.1358,  0.1505,  0.0912]), 'rvq_quantizer.layers.0._codebook.initted': tensor([1.]), 'rvq_quantizer.layers.0._codebook.cluster_size': tensor([[5.5100, 5.2600, 3.0856,  ..., 2.3398, 2.7356, 2.8600]]), 'rvq_quantizer.layers.0._codebook.embed_avg': tensor([[[-1131.8536,  1428.8572,  -269.4620,  ...,  1535.3993,
           1446.8064,  1433.5756],
         [-1159.1586,  1387.8402,  -300.8382,  ...,  1580.4335,
           1489.9268,  1484.6820],
         [ -808.4851,   591.8112,  -297.7280,  ...,  1086.0107,
            982.3069,  1122.2155],
         ...,
         [ -528.2466,   458.9651,  -210.3524,  ...,   728.7213,
            689.2095,   738.9398],
         [ -432.6629,   587.0222,  -115.9555,  ...,   601.9031,
            565.7621,   569.9897],
         [ -500.6183,   544.0612,  -174.9537,  ...,   699.4068,
            647.8604,   679.5084]]]), 'rvq_quantizer.layers.0._codebook.embed': tensor([[[-205.4184,  259.3212,  -48.9043,  ...,  278.6573,  262.5788,
           260.1775],
         [-220.3727,  263.8484,  -57.1937,  ...,  300.4631,  283.2565,
           282.2594],
         [-262.0191,  191.7980,  -96.4896,  ...,  351.9614,  318.3524,
           363.6949],
         ...,
         [-225.7652,  196.1553,  -89.9017,  ...,  311.4453,  294.5585,
           315.8125],
         [-158.1617,  214.5884,  -42.3880,  ...,  220.0282,  206.8167,
           208.3621],
         [-175.0414,  190.2312,  -61.1726,  ...,  244.5478,  226.5246,
           237.5904]]]), 'rvq_quantizer.layers.1._codebook.initted': tensor([1.]), 'rvq_quantizer.layers.1._codebook.cluster_size': tensor([[3.3055, 2.0458, 5.2556,  ..., 2.1965, 2.7565, 2.8112]]), 'rvq_quantizer.layers.1._codebook.embed_avg': tensor([[[ -2.6467,   5.1983,   3.6380,  ...,   0.4622,   3.9167,   0.6122],
         [ -6.7719,   2.0177,  -1.2269,  ...,   8.9194,   7.2878,   8.0954],
         [-28.5427,   2.0665, -23.6774,  ...,  25.1637,  38.5598,  35.3556],
         ...,
         [ -4.2764,  -6.0541,   4.5131,  ...,  -7.7394,  -8.5121,   3.7151],
         [ -4.3979,   8.9810,  -4.4978,  ...,   5.1300,   9.1864,   7.0358],
         [  0.9750,   4.4716,  -7.2865,  ...,   0.9937,   2.1258,   2.9288]]]), 'rvq_quantizer.layers.1._codebook.embed': tensor([[[-0.8007,  1.5726,  1.1006,  ...,  0.1398,  1.1849,  0.1852],
         [-3.3101,  0.9863, -0.5997,  ...,  4.3599,  3.5623,  3.9571],
         [-5.4309,  0.3932, -4.5052,  ...,  4.7880,  7.3369,  6.7272],
         ...,
         [-1.9469, -2.7562,  2.0547,  ..., -3.5234, -3.8752,  1.6913],
         [-1.5955,  3.2582, -1.6317,  ...,  1.8611,  3.3327,  2.5525],
         [ 0.3468,  1.5906, -2.5919,  ...,  0.3535,  0.7562,  1.0418]]]), 'rvq_quantizer.layers.2._codebook.initted': tensor([1.]), 'rvq_quantizer.layers.2._codebook.cluster_size': tensor([[2.2113, 3.2931, 2.0000,  ..., 5.0605, 2.0000, 3.1388]]), 'rvq_quantizer.layers.2._codebook.embed_avg': tensor([[[ 3.5809e+00, -9.2613e+00, -9.3439e+00,  ..., -6.7488e+00,
          -5.1352e+00, -3.2830e+00],
         [ 6.8412e+00, -1.9098e+01, -1.4508e+01,  ...,  1.9201e+00,
           4.5714e+00,  2.6690e+00],
         [-5.7088e-01,  1.0025e+01,  1.2507e+01,  ...,  2.4182e+00,
           9.9862e-01, -3.5074e+00],
         ...,
         [-1.3963e+00,  5.8507e+00,  6.2879e+00,  ...,  1.7044e-01,
           9.5948e-01, -1.8846e+00],
         [-4.4077e-01,  5.1879e+00,  1.8738e+00,  ..., -9.6078e-03,
           6.8232e-01,  1.8199e+00],
         [ 2.0386e+00,  6.9926e-01, -1.6832e+00,  ...,  9.5274e+00,
           1.0403e+01,  4.2455e+00]]]), 'rvq_quantizer.layers.2._codebook.embed': tensor([[[ 1.6193e+00, -4.1881e+00, -4.2254e+00,  ..., -3.0519e+00,
          -2.3222e+00, -1.4846e+00],
         [ 2.0774e+00, -5.7994e+00, -4.4057e+00,  ...,  5.8307e-01,
           1.3882e+00,  8.1048e-01],
         [-2.8544e-01,  5.0123e+00,  6.2536e+00,  ...,  1.2091e+00,
           4.9931e-01, -1.7537e+00],
         ...,
         [-2.7592e-01,  1.1562e+00,  1.2425e+00,  ...,  3.3681e-02,
           1.8960e-01, -3.7242e-01],
         [-2.2038e-01,  2.5939e+00,  9.3688e-01,  ..., -4.8039e-03,
           3.4116e-01,  9.0994e-01],
         [ 6.4949e-01,  2.2278e-01, -5.3628e-01,  ...,  3.0354e+00,
           3.3145e+00,  1.3526e+00]]]), 'rvq_quantizer.layers.3._codebook.initted': tensor([1.]), 'rvq_quantizer.layers.3._codebook.cluster_size': tensor([[2.0620, 2.0000, 2.4729,  ..., 2.0000, 2.6280, 2.8059]]), 'rvq_quantizer.layers.3._codebook.embed_avg': tensor([[[ -1.0863,  -0.1177,   0.0646,  ...,  -0.3729,  -0.0214,   0.6581],
         [ -0.3362,  -2.2715,  -0.8303,  ...,  -0.7884,  -1.2643,  -0.7570],
         [ -1.9808,   5.7238,  -5.4058,  ...,   0.6429,   5.4262,   3.2514],
         ...,
         [  1.1756, -10.2142,  -2.0563,  ...,  -4.9426,  -5.2034,  -1.1894],
         [ -5.5681,  -3.6803,   3.0787,  ...,   0.4360,  -0.4299,  -0.7840],
         [ -1.2502,  -0.2356,  -2.6781,  ...,  -0.7048,  -1.3523,   1.4128]]]), 'rvq_quantizer.layers.3._codebook.embed': tensor([[[-0.5268, -0.0571,  0.0313,  ..., -0.1808, -0.0104,  0.3192],
         [-0.1681, -1.1357, -0.4152,  ..., -0.3942, -0.6321, -0.3785],
         [-0.8010,  2.3147, -2.1861,  ...,  0.2600,  2.1943,  1.3148],
         ...,
         [ 0.5878, -5.1071, -1.0282,  ..., -2.4713, -2.6017, -0.5947],
         [-2.1188, -1.4004,  1.1715,  ...,  0.1659, -0.1636, -0.2983],
         [-0.4456, -0.0840, -0.9544,  ..., -0.2512, -0.4819,  0.5035]]])})
Loss:  tensor(8.2504, grad_fn=<MeanBackward0>)
OrderedDict({'rvq_quantizer.project_in.weight': tensor([[ 0.2375, -0.2422, -0.2630,  ...,  0.2220,  0.2631,  0.2008],
        [-0.3577, -0.0539,  0.3109,  ..., -0.0064, -0.0972, -0.1488],
        [ 0.0431, -0.0944, -0.0470,  ...,  0.0811,  0.0597,  0.0678],
        ...,
        [-0.3198,  0.3262,  0.2967,  ..., -0.3021, -0.3306, -0.3623],
        [-0.3003,  0.3301,  0.3070,  ..., -0.3609, -0.3340, -0.3526],
        [-0.2916,  0.3062,  0.2069,  ..., -0.2947, -0.4159, -0.3721]]), 'rvq_quantizer.project_in.bias': tensor([-0.4540,  0.4620, -0.1483,  0.1627, -0.0947, -0.1595,  0.0421, -0.3572,
         0.0521, -0.5079, -0.1368, -0.1395, -0.4706, -0.2012,  0.3827, -0.1989,
        -0.0845,  0.2932,  0.2754,  0.4184,  0.3335,  0.4503, -0.4415,  0.4708,
        -0.2086, -0.3973,  0.1302,  0.3771,  0.2172,  0.4753,  0.4643,  0.4887]), 'rvq_quantizer.project_out.weight': tensor([[ 0.0863,  0.1175, -0.0987,  ..., -0.0436,  0.0902, -0.0665],
        [-0.0337,  0.0185,  0.1248,  ..., -0.1478, -0.1462, -0.0690],
        [ 0.1136,  0.0347, -0.1496,  ...,  0.1559,  0.1245, -0.1110],
        ...,
        [-0.0980,  0.0885, -0.1271,  ..., -0.0326,  0.1682, -0.0498],
        [-0.0419,  0.0095, -0.0684,  ...,  0.0084, -0.0638, -0.1158],
        [-0.0722,  0.0351, -0.0780,  ..., -0.1712,  0.1494, -0.0657]]), 'rvq_quantizer.project_out.bias': tensor([-0.0057, -0.1618, -0.0106, -0.1491,  0.1075, -0.1614, -0.1343,  0.1031,
         0.0111,  0.0539, -0.1584, -0.0913, -0.0218,  0.0136,  0.0118, -0.0675,
        -0.0649, -0.1732, -0.0018,  0.0052,  0.0404,  0.1226, -0.1440,  0.0450,
         0.1010,  0.1239,  0.1398, -0.0086, -0.0618,  0.0553,  0.1455,  0.1233,
        -0.1643,  0.0420, -0.1047,  0.1099, -0.0730, -0.0033,  0.0521, -0.1638,
         0.0447, -0.0199,  0.1100,  0.0143,  0.0467,  0.1464, -0.1500,  0.0397,
        -0.0979,  0.0147, -0.1461, -0.0785, -0.1591, -0.0969, -0.1011,  0.0893,
        -0.0945,  0.1582,  0.0263, -0.0766, -0.0984,  0.1358,  0.1505,  0.0912]), 'rvq_quantizer.layers.0._codebook.initted': tensor([1.]), 'rvq_quantizer.layers.0._codebook.cluster_size': tensor([[6.7590, 6.1340, 2.8770,  ..., 2.1058, 2.4620, 2.9740]]), 'rvq_quantizer.layers.0._codebook.embed_avg': tensor([[[-1388.0730,  1758.4940,  -330.0901,  ...,  1881.6602,
           1773.8901,  1758.4105],
         [-1353.8217,  1619.7191,  -350.7809,  ...,  1841.5194,
           1737.8575,  1731.2048],
         [ -754.0067,   551.7942,  -278.2058,  ...,  1012.4756,
            915.9214,  1045.7983],
         ...,
         [ -475.4219,   413.0686,  -189.3172,  ...,   655.8492,
            620.2885,   665.0458],
         [ -389.3966,   528.3199,  -104.3600,  ...,   541.7128,
            509.1859,   512.9908],
         [ -521.6381,   566.2465,  -183.3401,  ...,   727.5388,
            674.3696,   708.0153]]]), 'rvq_quantizer.layers.0._codebook.embed': tensor([[[-205.3671,  260.1713,  -48.8372,  ...,  278.3939,  262.4492,
           260.1589],
         [-220.7082,  264.0564,  -57.1864,  ...,  300.2157,  283.3161,
           282.2315],
         [-262.0775,  191.7925,  -96.6987,  ...,  351.9161,  318.3558,
           363.4984],
         ...,
         [-225.7651,  196.1552,  -89.9016,  ...,  311.4452,  294.5583,
           315.8124],
         [-158.1617,  214.5883,  -42.3880,  ...,  220.0281,  206.8166,
           208.3620],
         [-175.3995,  190.3990,  -61.6476,  ...,  244.6331,  226.7551,
           238.0684]]]), 'rvq_quantizer.layers.1._codebook.initted': tensor([1.]), 'rvq_quantizer.layers.1._codebook.cluster_size': tensor([[3.3750, 2.1412, 4.9300,  ..., 2.2769, 2.7808, 2.9301]]), 'rvq_quantizer.layers.1._codebook.embed_avg': tensor([[[-3.5124e+00,  5.2534e+00,  3.6770e+00,  ...,  2.4607e-02,
           4.0063e+00,  5.8468e-01],
         [-7.1335e+00,  2.2274e+00, -2.2686e+00,  ...,  9.1779e+00,
           7.7500e+00,  8.3297e+00],
         [-2.6289e+01,  2.3722e+00, -2.2707e+01,  ...,  2.3915e+01,
           3.5906e+01,  3.2921e+01],
         ...,
         [-5.8239e+00, -6.1779e+00,  3.5778e+00,  ..., -7.4484e+00,
          -9.6594e+00,  3.6456e+00],
         [-4.7192e+00,  8.9683e+00, -4.8209e+00,  ...,  5.4356e+00,
           8.9194e+00,  6.7324e+00],
         [ 9.1360e-01,  4.5004e+00, -7.3570e+00,  ...,  1.0283e+00,
           2.0821e+00,  3.2703e+00]]]), 'rvq_quantizer.layers.1._codebook.embed': tensor([[[-1.0407,  1.5566,  1.0895,  ...,  0.0073,  1.1871,  0.1732],
         [-3.3315,  1.0402, -1.0595,  ...,  4.2863,  3.6194,  3.8901],
         [-5.3324,  0.4812, -4.6060,  ...,  4.8510,  7.2832,  6.6776],
         ...,
         [-2.5578, -2.7133,  1.5714,  ..., -3.2713, -4.2424,  1.6011],
         [-1.6971,  3.2251, -1.7336,  ...,  1.9547,  3.2075,  2.4210],
         [ 0.3118,  1.5359, -2.5108,  ...,  0.3509,  0.7106,  1.1161]]]), 'rvq_quantizer.layers.2._codebook.initted': tensor([1.]), 'rvq_quantizer.layers.2._codebook.cluster_size': tensor([[2.2902, 2.9638, 2.0000,  ..., 5.0545, 2.0000, 3.0249]]), 'rvq_quantizer.layers.2._codebook.embed_avg': tensor([[[  3.5728, -10.3015, -10.4008,  ...,  -6.4920,  -5.5601,  -3.3735],
         [  6.1571, -17.1882, -13.0576,  ...,   1.7281,   4.1142,   2.4021],
         [  0.8135,   9.3756,   2.5519,  ...,  -6.7948,  -3.1895,   3.1424],
         ...,
         [ -1.7412,   5.7737,   5.9919,  ...,   0.2546,   0.5025,  -1.7799],
         [  0.2062,   2.7196,   3.9144,  ...,   0.8360,  -3.6466,   4.3322],
         [  2.0188,   0.6410,  -1.8075,  ...,   8.8549,  10.0256,   4.0438]]]), 'rvq_quantizer.layers.2._codebook.embed': tensor([[[ 1.5600, -4.4980, -4.5414,  ..., -2.8347, -2.4278, -1.4730],
         [ 2.0774, -5.7994, -4.4057,  ...,  0.5831,  1.3882,  0.8105],
         [ 0.4067,  4.6878,  1.2759,  ..., -3.3974, -1.5947,  1.5712],
         ...,
         [-0.3445,  1.1423,  1.1855,  ...,  0.0504,  0.0994, -0.3522],
         [ 0.1031,  1.3598,  1.9572,  ...,  0.4180, -1.8233,  2.1661],
         [ 0.6674,  0.2119, -0.5975,  ...,  2.9274,  3.3144,  1.3368]]]), 'rvq_quantizer.layers.3._codebook.initted': tensor([1.]), 'rvq_quantizer.layers.3._codebook.cluster_size': tensor([[2.0000, 2.1000, 2.4256,  ..., 2.0000, 2.6652, 3.0253]]), 'rvq_quantizer.layers.3._codebook.embed_avg': tensor([[[-3.6185, -1.0686,  2.4799,  ...,  2.4732,  3.2050, -1.6319],
         [-0.4494, -2.5063, -1.0258,  ..., -0.7637, -1.2343, -0.4483],
         [-1.6171,  6.2211, -4.2753,  ...,  1.1564,  5.5543,  3.1409],
         ...,
         [-6.3423,  3.5315, -2.0830,  ...,  2.8862,  3.6516,  3.8597],
         [-5.6516, -3.0522,  2.8335,  ...,  0.6612, -0.6000, -0.9295],
         [-0.4785, -0.4779, -3.3366,  ..., -0.1022, -1.4746,  1.4383]]]), 'rvq_quantizer.layers.3._codebook.embed': tensor([[[-1.8092, -0.5343,  1.2400,  ...,  1.2366,  1.6025, -0.8160],
         [-0.2140, -1.1935, -0.4885,  ..., -0.3637, -0.5878, -0.2135],
         [-0.6667,  2.5648, -1.7626,  ...,  0.4767,  2.2899,  1.2949],
         ...,
         [-3.1711,  1.7657, -1.0415,  ...,  1.4431,  1.8258,  1.9299],
         [-2.1205, -1.1452,  1.0632,  ...,  0.2481, -0.2251, -0.3487],
         [-0.1582, -0.1580, -1.1029,  ..., -0.0338, -0.4874,  0.4754]]])})
Loss:  tensor(8.3607, grad_fn=<MeanBackward0>)
OrderedDict({'rvq_quantizer.project_in.weight': tensor([[ 0.2419, -0.2401, -0.2697,  ...,  0.2235,  0.2644,  0.2029],
        [-0.3622, -0.0588,  0.3139,  ..., -0.0086, -0.0954, -0.1524],
        [ 0.0442, -0.0973, -0.0528,  ...,  0.0788,  0.0620,  0.0701],
        ...,
        [-0.3251,  0.3298,  0.3037,  ..., -0.3032, -0.3317, -0.3646],
        [-0.3056,  0.3319,  0.3139,  ..., -0.3606, -0.3347, -0.3544],
        [-0.2963,  0.3074,  0.2146,  ..., -0.2965, -0.4177, -0.3749]]), 'rvq_quantizer.project_in.bias': tensor([-0.4580,  0.4666, -0.1488,  0.1640, -0.0959, -0.1607,  0.0429, -0.3603,
         0.0523, -0.5126, -0.1369, -0.1421, -0.4746, -0.2032,  0.3866, -0.2013,
        -0.0846,  0.2964,  0.2774,  0.4222,  0.3386,  0.4557, -0.4462,  0.4757,
        -0.2117, -0.4022,  0.1306,  0.3819,  0.2205,  0.4803,  0.4692,  0.4930]), 'rvq_quantizer.project_out.weight': tensor([[ 0.0863,  0.1175, -0.0987,  ..., -0.0436,  0.0902, -0.0665],
        [-0.0337,  0.0185,  0.1248,  ..., -0.1478, -0.1462, -0.0690],
        [ 0.1136,  0.0347, -0.1496,  ...,  0.1559,  0.1245, -0.1110],
        ...,
        [-0.0980,  0.0885, -0.1271,  ..., -0.0326,  0.1682, -0.0498],
        [-0.0419,  0.0095, -0.0684,  ...,  0.0084, -0.0638, -0.1158],
        [-0.0722,  0.0351, -0.0780,  ..., -0.1712,  0.1494, -0.0657]]), 'rvq_quantizer.project_out.bias': tensor([-0.0057, -0.1618, -0.0106, -0.1491,  0.1075, -0.1614, -0.1343,  0.1031,
         0.0111,  0.0539, -0.1584, -0.0913, -0.0218,  0.0136,  0.0118, -0.0675,
        -0.0649, -0.1732, -0.0018,  0.0052,  0.0404,  0.1226, -0.1440,  0.0450,
         0.1010,  0.1239,  0.1398, -0.0086, -0.0618,  0.0553,  0.1455,  0.1233,
        -0.1643,  0.0420, -0.1047,  0.1099, -0.0730, -0.0033,  0.0521, -0.1638,
         0.0447, -0.0199,  0.1100,  0.0143,  0.0467,  0.1464, -0.1500,  0.0397,
        -0.0979,  0.0147, -0.1461, -0.0785, -0.1591, -0.0969, -0.1011,  0.0893,
        -0.0945,  0.1582,  0.0263, -0.0766, -0.0984,  0.1358,  0.1505,  0.0912]), 'rvq_quantizer.layers.0._codebook.initted': tensor([1.]), 'rvq_quantizer.layers.0._codebook.cluster_size': tensor([[6.6831, 6.2206, 2.8893,  ..., 2.0000, 2.3158, 3.1766]]), 'rvq_quantizer.layers.0._codebook.embed_avg': tensor([[[-1372.7120,  1739.6559,  -326.8592,  ...,  1859.8778,
           1753.8950,  1739.2122],
         [-1374.2222,  1643.7183,  -356.1963,  ...,  1867.1157,
           1762.9688,  1756.0961],
         [ -757.9671,   553.9980,  -280.8722,  ...,  1017.6566,
            920.6705,  1049.7654],
         ...,
         [ -390.5931,   215.7424,  -207.4883,  ...,   541.4170,
            499.7420,   606.3273],
         [ -365.4467,   495.9230,   -98.3718,  ...,   509.0484,
            477.9988,   481.9014],
         [ -558.4369,   606.1754,  -198.6793,  ...,   778.5064,
            722.0081,   758.3091]]]), 'rvq_quantizer.layers.0._codebook.embed': tensor([[[-205.4009,  260.3073,  -48.9084,  ...,  278.2963,  262.4379,
           260.2409],
         [-220.9152,  264.2384,  -57.2609,  ...,  300.1510,  283.4087,
           282.3039],
         [-262.3329,  191.7391,  -97.2100,  ...,  352.2116,  318.6446,
           363.3244],
         ...,
         [-195.2966,  107.8712, -103.7441,  ...,  270.7085,  249.8710,
           303.1637],
         [-157.8047,  214.1461,  -42.4782,  ...,  219.8139,  206.4062,
           208.0914],
         [-175.7971,  190.8253,  -62.5447,  ...,  245.0755,  227.2897,
           238.7173]]]), 'rvq_quantizer.layers.1._codebook.initted': tensor([1.]), 'rvq_quantizer.layers.1._codebook.cluster_size': tensor([[3.4375, 2.0000, 5.1370,  ..., 2.3492, 3.0027, 2.9371]]), 'rvq_quantizer.layers.1._codebook.embed_avg': tensor([[[ -3.4488,   6.1394,   3.2506,  ...,  -0.0992,   3.7256,   0.4194],
         [ -3.0791, -13.0216,  -2.9250,  ...,  -0.2335,   2.2662,   8.2231],
         [-27.6669,   1.3645, -24.0582,  ...,  24.7556,  37.6197,  34.0230],
         ...,
         [ -7.2942,  -5.8380,   3.8594,  ...,  -8.6606, -10.4849,   3.5859],
         [ -6.5717,  10.1494,  -5.4336,  ...,   4.6720,   9.8021,   7.6688],
         [  0.6857,   4.6269,  -7.6167,  ...,   0.9979,   2.1304,   3.7230]]]), 'rvq_quantizer.layers.1._codebook.embed': tensor([[[-1.0033,  1.7860,  0.9456,  ..., -0.0289,  1.0838,  0.1220],
         [-1.5395, -6.5108, -1.4625,  ..., -0.1168,  1.1331,  4.1116],
         [-5.3858,  0.2656, -4.6833,  ...,  4.8191,  7.3233,  6.6231],
         ...,
         [-3.1050, -2.4851,  1.6429,  ..., -3.6866, -4.4632,  1.5264],
         [-2.1886,  3.3801, -1.8096,  ...,  1.5559,  3.2644,  2.5540],
         [ 0.2335,  1.5753, -2.5933,  ...,  0.3398,  0.7253,  1.2676]]]), 'rvq_quantizer.layers.2._codebook.initted': tensor([1.]), 'rvq_quantizer.layers.2._codebook.cluster_size': tensor([[2.5612, 3.0674, 2.2000,  ..., 4.9490, 2.0000, 2.8224]]), 'rvq_quantizer.layers.2._codebook.embed_avg': tensor([[[  3.4541, -11.6832, -11.2945,  ...,  -6.6425,  -6.1372,  -3.9932],
         [  7.1881, -16.8948, -13.2974,  ...,   0.9967,   3.6698,   2.5910],
         [  1.1391,  10.5115,   2.9306,  ...,  -6.9964,  -3.5043,   3.5227],
         ...,
         [ -1.8502,   5.1340,   5.3337,  ...,   0.4248,   0.4561,  -1.8779],
         [  0.3261,   3.1694,   3.7798,  ...,   1.1051,  -3.6805,   3.5965],
         [  1.9430,   0.4767,  -1.8212,  ...,   8.0240,   9.2022,   3.7374]]]), 'rvq_quantizer.layers.2._codebook.embed': tensor([[[ 1.3486, -4.5616, -4.4098,  ..., -2.5935, -2.3962, -1.5591],
         [ 2.3433, -5.5078, -4.3350,  ...,  0.3249,  1.1964,  0.8447],
         [ 0.5178,  4.7779,  1.3321,  ..., -3.1802, -1.5929,  1.6012],
         ...,
         [-0.3738,  1.0374,  1.0777,  ...,  0.0858,  0.0922, -0.3795],
         [ 0.1630,  1.5847,  1.8899,  ...,  0.5525, -1.8402,  1.7983],
         [ 0.6884,  0.1689, -0.6453,  ...,  2.8430,  3.2604,  1.3242]]]), 'rvq_quantizer.layers.3._codebook.initted': tensor([1.]), 'rvq_quantizer.layers.3._codebook.cluster_size': tensor([[2.0000, 2.1900, 2.1830,  ..., 2.1000, 2.6986, 3.3228]]), 'rvq_quantizer.layers.3._codebook.embed_avg': tensor([[[-3.7248, -0.7834,  2.9386,  ...,  2.4236,  3.3696, -1.5045],
         [-0.6877, -2.7465, -0.6865,  ..., -1.3636, -1.3521, -0.0856],
         [-1.4554,  5.5990, -3.8477,  ...,  1.0407,  4.9989,  2.8268],
         ...,
         [-6.0145,  3.7088, -2.0301,  ...,  3.1928,  3.5490,  3.9585],
         [-5.8800, -3.5853,  2.7108,  ...,  0.1627, -1.0567, -0.8489],
         [-0.3223, -0.7676, -4.1331,  ..., -0.1210, -1.7765,  1.3013]]]), 'rvq_quantizer.layers.3._codebook.embed': tensor([[[-1.8624, -0.3917,  1.4693,  ...,  1.2118,  1.6848, -0.7523],
         [-0.3140, -1.2541, -0.3135,  ..., -0.6226, -0.6174, -0.0391],
         [-0.6667,  2.5648, -1.7626,  ...,  0.4767,  2.2899,  1.2949],
         ...,
         [-2.8641,  1.7661, -0.9667,  ...,  1.5204,  1.6900,  1.8850],
         [-2.1789, -1.3286,  1.0045,  ...,  0.0603, -0.3916, -0.3146],
         [-0.0970, -0.2310, -1.2439,  ..., -0.0364, -0.5346,  0.3916]]])})
Loss:  tensor(8.3421, grad_fn=<MeanBackward0>)
OrderedDict({'rvq_quantizer.project_in.weight': tensor([[ 0.2462, -0.2380, -0.2764,  ...,  0.2247,  0.2656,  0.2049],
        [-0.3666, -0.0635,  0.3168,  ..., -0.0103, -0.0933, -0.1557],
        [ 0.0451, -0.1002, -0.0586,  ...,  0.0761,  0.0639,  0.0721],
        ...,
        [-0.3303,  0.3332,  0.3107,  ..., -0.3040, -0.3327, -0.3667],
        [-0.3108,  0.3335,  0.3208,  ..., -0.3601, -0.3354, -0.3561],
        [-0.3009,  0.3085,  0.2223,  ..., -0.2981, -0.4192, -0.3775]]), 'rvq_quantizer.project_in.bias': tensor([-0.4618,  0.4711, -0.1491,  0.1653, -0.0970, -0.1619,  0.0435, -0.3633,
         0.0527, -0.5173, -0.1369, -0.1447, -0.4786, -0.2052,  0.3903, -0.2036,
        -0.0844,  0.2996,  0.2794,  0.4257,  0.3436,  0.4609, -0.4509,  0.4804,
        -0.2147, -0.4069,  0.1310,  0.3867,  0.2237,  0.4851,  0.4741,  0.4972]), 'rvq_quantizer.project_out.weight': tensor([[ 0.0863,  0.1175, -0.0987,  ..., -0.0436,  0.0902, -0.0665],
        [-0.0337,  0.0185,  0.1248,  ..., -0.1478, -0.1462, -0.0690],
        [ 0.1136,  0.0347, -0.1496,  ...,  0.1559,  0.1245, -0.1110],
        ...,
        [-0.0980,  0.0885, -0.1271,  ..., -0.0326,  0.1682, -0.0498],
        [-0.0419,  0.0095, -0.0684,  ...,  0.0084, -0.0638, -0.1158],
        [-0.0722,  0.0351, -0.0780,  ..., -0.1712,  0.1494, -0.0657]]), 'rvq_quantizer.project_out.bias': tensor([-0.0057, -0.1618, -0.0106, -0.1491,  0.1075, -0.1614, -0.1343,  0.1031,
         0.0111,  0.0539, -0.1584, -0.0913, -0.0218,  0.0136,  0.0118, -0.0675,
        -0.0649, -0.1732, -0.0018,  0.0052,  0.0404,  0.1226, -0.1440,  0.0450,
         0.1010,  0.1239,  0.1398, -0.0086, -0.0618,  0.0553,  0.1455,  0.1233,
        -0.1643,  0.0420, -0.1047,  0.1099, -0.0730, -0.0033,  0.0521, -0.1638,
         0.0447, -0.0199,  0.1100,  0.0143,  0.0467,  0.1464, -0.1500,  0.0397,
        -0.0979,  0.0147, -0.1461, -0.0785, -0.1591, -0.0969, -0.1011,  0.0893,
        -0.0945,  0.1582,  0.0263, -0.0766, -0.0984,  0.1358,  0.1505,  0.0912]), 'rvq_quantizer.layers.0._codebook.initted': tensor([1.]), 'rvq_quantizer.layers.0._codebook.cluster_size': tensor([[6.0148, 5.8985, 2.7004,  ..., 2.0000, 2.1842, 3.1589]]), 'rvq_quantizer.layers.0._codebook.embed_avg': tensor([[[-1235.4408,  1565.6903,  -294.1733,  ...,  1673.8900,
           1578.5055,  1565.2909],
         [-1303.3319,  1559.0417,  -338.6898,  ...,  1770.6721,
           1671.3019,  1665.6138],
         [ -708.4536,   517.3113,  -262.5988,  ...,   951.4366,
            861.4141,   981.2753],
         ...,
         [ -357.8243,   513.2625,   -68.5396,  ...,   483.5658,
            453.4311,   447.0547],
         [ -344.1421,   467.0416,   -93.0171,  ...,   479.9304,
            450.2559,   454.2022],
         [ -556.4244,   602.8185,  -199.4763,  ...,   774.6234,
            719.3589,   754.6478]]]), 'rvq_quantizer.layers.0._codebook.embed': tensor([[[-205.4009,  260.3073,  -48.9084,  ...,  278.2962,  262.4379,
           260.2408],
         [-220.9588,  264.3103,  -57.4194,  ...,  300.1888,  283.3421,
           282.3778],
         [-262.3513,  191.5684,  -97.2444,  ...,  352.3317,  318.9949,
           363.3814],
         ...,
         [-178.9121,  256.6312,  -34.2698,  ...,  241.7829,  226.7156,
           223.5274],
         [-157.5573,  213.8239,  -42.5857,  ...,  219.7247,  206.1389,
           207.9457],
         [-176.1428,  190.8294,  -63.1466,  ...,  245.2163,  227.7217,
           238.8928]]]), 'rvq_quantizer.layers.1._codebook.initted': tensor([1.]), 'rvq_quantizer.layers.1._codebook.cluster_size': tensor([[3.4937, 2.1000, 4.9233,  ..., 2.4143, 2.9025, 3.0434]]), 'rvq_quantizer.layers.1._codebook.embed_avg': tensor([[[ -3.4355,   6.2436,   3.0257,  ...,  -0.1440,   3.4358,   0.1891],
         [ -3.2465, -13.3464,  -3.4369,  ...,   0.5644,   3.2905,   8.4076],
         [-27.5868,   1.5075, -23.8028,  ...,  23.8181,  36.3149,  32.7918],
         ...,
         [ -7.1300,  -5.8446,   4.0539,  ...,  -9.4598, -10.6100,   2.7278],
         [ -6.1075,   9.7754,  -5.7090,  ...,   4.4358,   9.5916,   6.8931],
         [  0.6539,   5.5784,  -7.5539,  ...,   0.9431,   1.8896,   3.6031]]]), 'rvq_quantizer.layers.1._codebook.embed': tensor([[[-0.9833,  1.7871,  0.8660,  ..., -0.0412,  0.9834,  0.0541],
         [-1.5460, -6.3554, -1.6366,  ...,  0.2688,  1.5669,  4.0036],
         [-5.6033,  0.3062, -4.8347,  ...,  4.8378,  7.3761,  6.6605],
         ...,
         [-2.9533, -2.4208,  1.6791,  ..., -3.9183, -4.3947,  1.1299],
         [-2.1042,  3.3680, -1.9670,  ...,  1.5283,  3.3047,  2.3749],
         [ 0.2148,  1.8330, -2.4821,  ...,  0.3099,  0.6209,  1.1839]]]), 'rvq_quantizer.layers.2._codebook.initted': tensor([1.]), 'rvq_quantizer.layers.2._codebook.cluster_size': tensor([[2.4051, 2.8607, 2.6800,  ..., 4.7541, 2.0000, 2.6402]]), 'rvq_quantizer.layers.2._codebook.embed_avg': tensor([[[  3.4826, -10.7989, -10.6216,  ...,  -6.1525,  -5.7465,  -3.9470],
         [  6.6546, -15.6651, -12.1107,  ...,   0.8831,   3.4827,   2.6055],
         [  1.6071,  12.8895,   2.5687,  ...,  -7.8348,  -4.4966,   5.0742],
         ...,
         [ -2.1192,   4.9190,   4.8903,  ...,   0.6773,   0.7519,  -1.7653],
         [ -3.0611, -10.5237,  -2.9724,  ...,  -0.8428,  -5.3803, -11.2616],
         [  2.0374,   0.3186,  -1.5352,  ...,   7.6769,   8.9227,   3.6320]]]), 'rvq_quantizer.layers.2._codebook.embed': tensor([[[ 1.4480, -4.4900, -4.4163,  ..., -2.5582, -2.3893, -1.6411],
         [ 2.3262, -5.4760, -4.2335,  ...,  0.3087,  1.2174,  0.9108],
         [ 0.5996,  4.8095,  0.9585,  ..., -2.9234, -1.6778,  1.8934],
         ...,
         [-0.4458,  1.0347,  1.0287,  ...,  0.1425,  0.1582, -0.3713],
         [-1.5305, -5.2619, -1.4862,  ..., -0.4214, -2.6902, -5.6308],
         [ 0.7717,  0.1207, -0.5815,  ...,  2.9078,  3.3796,  1.3757]]]), 'rvq_quantizer.layers.3._codebook.initted': tensor([1.]), 'rvq_quantizer.layers.3._codebook.cluster_size': tensor([[2.0000, 2.0000, 2.0647,  ..., 2.3900, 3.0288, 3.4905]]), 'rvq_quantizer.layers.3._codebook.embed_avg': tensor([[[-3.7624, -0.6619,  2.8303,  ...,  2.7038,  4.1903, -1.2797],
         [ 5.1105,  2.8971, -3.4293,  ..., -1.5892,  2.2319,  0.4938],
         [-1.3434,  5.3912, -3.4299,  ...,  1.1189,  4.3185,  2.9046],
         ...,
         [-6.4489,  4.4786, -2.9135,  ...,  3.3026,  4.5277,  4.3933],
         [-6.3609, -3.8731,  3.8114,  ..., -0.3377, -0.7899, -1.3103],
         [-0.3236, -0.4585, -4.9063,  ...,  0.0204, -2.2243,  1.2635]]]), 'rvq_quantizer.layers.3._codebook.embed': tensor([[[-1.8812, -0.3309,  1.4152,  ...,  1.3519,  2.0952, -0.6399],
         [ 2.5553,  1.4485, -1.7146,  ..., -0.7946,  1.1160,  0.2469],
         [-0.6506,  2.6111, -1.6612,  ...,  0.5419,  2.0916,  1.4068],
         ...,
         [-2.6983,  1.8739, -1.2190,  ...,  1.3819,  1.8944,  1.8382],
         [-2.1001, -1.2788,  1.2584,  ..., -0.1115, -0.2608, -0.4326],
         [-0.0927, -0.1314, -1.4056,  ...,  0.0059, -0.6372,  0.3620]]])})
Loss:  tensor(8.2707, grad_fn=<MeanBackward0>)
OrderedDict({'rvq_quantizer.project_in.weight': tensor([[ 0.2505, -0.2360, -0.2830,  ...,  0.2259,  0.2667,  0.2067],
        [-0.3708, -0.0680,  0.3196,  ..., -0.0114, -0.0907, -0.1586],
        [ 0.0456, -0.1030, -0.0645,  ...,  0.0730,  0.0653,  0.0735],
        ...,
        [-0.3354,  0.3365,  0.3177,  ..., -0.3046, -0.3334, -0.3686],
        [-0.3160,  0.3347,  0.3276,  ..., -0.3594, -0.3358, -0.3577],
        [-0.3054,  0.3094,  0.2300,  ..., -0.2995, -0.4206, -0.3799]]), 'rvq_quantizer.project_in.bias': tensor([-0.4655,  0.4754, -0.1489,  0.1666, -0.0981, -0.1631,  0.0442, -0.3663,
         0.0530, -0.5219, -0.1369, -0.1471, -0.4825, -0.2071,  0.3940, -0.2059,
        -0.0841,  0.3027,  0.2814,  0.4292,  0.3485,  0.4661, -0.4554,  0.4851,
        -0.2176, -0.4116,  0.1313,  0.3913,  0.2269,  0.4899,  0.4789,  0.5012]), 'rvq_quantizer.project_out.weight': tensor([[ 0.0863,  0.1175, -0.0987,  ..., -0.0436,  0.0902, -0.0665],
        [-0.0337,  0.0185,  0.1248,  ..., -0.1478, -0.1462, -0.0690],
        [ 0.1136,  0.0347, -0.1496,  ...,  0.1559,  0.1245, -0.1110],
        ...,
        [-0.0980,  0.0885, -0.1271,  ..., -0.0326,  0.1682, -0.0498],
        [-0.0419,  0.0095, -0.0684,  ...,  0.0084, -0.0638, -0.1158],
        [-0.0722,  0.0351, -0.0780,  ..., -0.1712,  0.1494, -0.0657]]), 'rvq_quantizer.project_out.bias': tensor([-0.0057, -0.1618, -0.0106, -0.1491,  0.1075, -0.1614, -0.1343,  0.1031,
         0.0111,  0.0539, -0.1584, -0.0913, -0.0218,  0.0136,  0.0118, -0.0675,
        -0.0649, -0.1732, -0.0018,  0.0052,  0.0404,  0.1226, -0.1440,  0.0450,
         0.1010,  0.1239,  0.1398, -0.0086, -0.0618,  0.0553,  0.1455,  0.1233,
        -0.1643,  0.0420, -0.1047,  0.1099, -0.0730, -0.0033,  0.0521, -0.1638,
         0.0447, -0.0199,  0.1100,  0.0143,  0.0467,  0.1464, -0.1500,  0.0397,
        -0.0979,  0.0147, -0.1461, -0.0785, -0.1591, -0.0969, -0.1011,  0.0893,
        -0.0945,  0.1582,  0.0263, -0.0766, -0.0984,  0.1358,  0.1505,  0.0912]), 'rvq_quantizer.layers.0._codebook.initted': tensor([1.]), 'rvq_quantizer.layers.0._codebook.cluster_size': tensor([[5.8133, 5.4087, 2.4304,  ..., 2.0000, 2.0658, 3.0430]]), 'rvq_quantizer.layers.0._codebook.embed_avg': tensor([[[-1193.8583,  1513.2603,  -284.6749,  ...,  1617.0371,
           1525.1863,  1512.5892],
         [-1195.2070,  1429.9434,  -311.0384,  ...,  1623.7671,
           1532.8752,  1527.3408],
         [ -637.6083,   465.5802,  -236.3389,  ...,   856.2930,
            775.2726,   883.1478],
         ...,
         [ -519.6723,   324.7393,  -205.4514,  ...,   696.3700,
            619.5851,   722.4757],
         [ -325.2139,   441.3125,   -88.2107,  ...,   453.9958,
            425.6068,   429.5485],
         [ -536.8829,   581.4283,  -193.1909,  ...,   746.6470,
            694.0330,   727.9058]]]), 'rvq_quantizer.layers.0._codebook.embed': tensor([[[-205.3667,  260.3100,  -48.9696,  ...,  278.1617,  262.3615,
           260.1946],
         [-220.9796,  264.3795,  -57.5073,  ...,  300.2152,  283.4104,
           282.3871],
         [-262.3512,  191.5683,  -97.2444,  ...,  352.3315,  318.9948,
           363.3813],
         ...,
         [-259.8362,  162.3697, -102.7257,  ...,  348.1850,  309.7925,
           361.2379],
         [-157.4267,  213.6266,  -42.7003,  ...,  219.7663,  206.0240,
           207.9320],
         [-176.4295,  191.0679,  -63.4861,  ...,  245.3618,  228.0719,
           239.2031]]]), 'rvq_quantizer.layers.1._codebook.initted': tensor([1.]), 'rvq_quantizer.layers.1._codebook.cluster_size': tensor([[3.1444, 2.0000, 4.7310,  ..., 2.4729, 3.4122, 3.0390]]), 'rvq_quantizer.layers.1._codebook.embed_avg': tensor([[[ -3.0920,   5.6192,   2.7231,  ...,  -0.1296,   3.0922,   0.1702],
         [ -1.1420, -11.5865, -10.9133,  ...,   7.0518,   6.6705,  23.5338],
         [-27.6352,   1.4058, -22.5291,  ...,  22.9522,  34.9165,  31.7918],
         ...,
         [ -7.4861,  -4.7403,   4.0004,  ..., -10.3267, -12.1943,   2.4347],
         [ -7.0147,  11.6678,  -7.4123,  ...,   5.2947,  12.3014,   7.6303],
         [  0.7201,   5.5346,  -7.6203,  ...,   0.6987,   1.5003,   3.9288]]]), 'rvq_quantizer.layers.1._codebook.embed': tensor([[[-0.9833,  1.7871,  0.8660,  ..., -0.0412,  0.9834,  0.0541],
         [-0.5710, -5.7932, -5.4566,  ...,  3.5259,  3.3352, 11.7669],
         [-5.8413,  0.2971, -4.7620,  ...,  4.8515,  7.3804,  6.7199],
         ...,
         [-3.0273, -1.9169,  1.6177,  ..., -4.1760, -4.9313,  0.9846],
         [-2.0558,  3.4194, -2.1723,  ...,  1.5517,  3.6051,  2.2362],
         [ 0.2369,  1.8212, -2.5075,  ...,  0.2299,  0.4937,  1.2928]]]), 'rvq_quantizer.layers.2._codebook.initted': tensor([1.]), 'rvq_quantizer.layers.2._codebook.cluster_size': tensor([[2.4646, 2.7746, 2.7120,  ..., 4.6787, 2.0000, 2.6761]]), 'rvq_quantizer.layers.2._codebook.embed_avg': tensor([[[  3.4462, -10.5544, -10.0699,  ...,  -5.8762,  -6.0033,  -4.1181],
         [  7.0921, -14.6653, -11.3176,  ...,   1.0363,   3.5145,   2.4861],
         [  1.4376,  14.0142,   3.2270,  ...,  -8.2161,  -5.1734,   5.5520],
         ...,
         [ -1.9224,   5.2216,   4.4785,  ...,   0.2305,   0.9573,  -1.7770],
         [-13.0482,  -7.1384,  -0.4598,  ...,  10.4942,  -2.2259, -18.6261],
         [  3.1048,   0.0410,  -1.4461,  ...,   6.8286,   8.8114,   3.6587]]]), 'rvq_quantizer.layers.2._codebook.embed': tensor([[[ 1.3983, -4.2824, -4.0859,  ..., -2.3843, -2.4358, -1.6709],
         [ 2.5561, -5.2855, -4.0790,  ...,  0.3735,  1.2667,  0.8960],
         [ 0.5301,  5.1675,  1.1899,  ..., -3.0295, -1.9076,  2.0472],
         ...,
         [-0.4109,  1.1160,  0.9572,  ...,  0.0493,  0.2046, -0.3798],
         [-6.5241, -3.5692, -0.2299,  ...,  5.2471, -1.1129, -9.3131],
         [ 1.1602,  0.0153, -0.5404,  ...,  2.5517,  3.2926,  1.3672]]]), 'rvq_quantizer.layers.3._codebook.initted': tensor([1.]), 'rvq_quantizer.layers.3._codebook.cluster_size': tensor([[2.0000, 2.1000, 2.0000,  ..., 2.5510, 3.1259, 3.9415]]), 'rvq_quantizer.layers.3._codebook.embed_avg': tensor([[[ 3.0453,  8.1147, -4.0553,  ..., -0.3963, -0.5990,  0.5914],
         [ 5.8521,  3.2358, -3.0519,  ..., -1.8455,  2.8956,  0.7943],
         [-0.6237,  1.2936,  2.2537,  ...,  1.7612,  2.4857,  1.7530],
         ...,
         [-6.6969,  5.0473, -3.2415,  ...,  2.9140,  4.9451,  5.1388],
         [-5.8856, -3.8010,  4.3866,  ..., -0.5929, -1.1585, -0.6956],
         [-0.3981,  0.2119, -5.8740,  ..., -0.1062, -2.3625,  1.6221]]]), 'rvq_quantizer.layers.3._codebook.embed': tensor([[[ 1.5226,  4.0574, -2.0277,  ..., -0.1981, -0.2995,  0.2957],
         [ 2.7867,  1.5409, -1.4533,  ..., -0.8788,  1.3788,  0.3783],
         [-0.3119,  0.6468,  1.1268,  ...,  0.8806,  1.2428,  0.8765],
         ...,
         [-2.6252,  1.9785, -1.2707,  ...,  1.1423,  1.9385,  2.0144],
         [-1.8828, -1.2160,  1.4033,  ..., -0.1897, -0.3706, -0.2225],
         [-0.1010,  0.0538, -1.4903,  ..., -0.0269, -0.5994,  0.4115]]])})
Loss:  tensor(8.2160, grad_fn=<MeanBackward0>)
OrderedDict({'rvq_quantizer.project_in.weight': tensor([[ 0.2546, -0.2339, -0.2895,  ...,  0.2269,  0.2675,  0.2084],
        [-0.3749, -0.0722,  0.3223,  ..., -0.0120, -0.0877, -0.1610],
        [ 0.0457, -0.1055, -0.0705,  ...,  0.0694,  0.0662,  0.0744],
        ...,
        [-0.3405,  0.3396,  0.3247,  ..., -0.3050, -0.3338, -0.3703],
        [-0.3211,  0.3357,  0.3344,  ..., -0.3585, -0.3361, -0.3591],
        [-0.3099,  0.3103,  0.2376,  ..., -0.3007, -0.4218, -0.3822]]), 'rvq_quantizer.project_in.bias': tensor([-0.4691,  0.4796, -0.1483,  0.1678, -0.0991, -0.1642,  0.0448, -0.3691,
         0.0534, -0.5264, -0.1369, -0.1495, -0.4862, -0.2089,  0.3976, -0.2081,
        -0.0834,  0.3057,  0.2833,  0.4325,  0.3533,  0.4711, -0.4599,  0.4897,
        -0.2205, -0.4162,  0.1316,  0.3959,  0.2300,  0.4945,  0.4836,  0.5052]), 'rvq_quantizer.project_out.weight': tensor([[ 0.0863,  0.1175, -0.0987,  ..., -0.0436,  0.0902, -0.0665],
        [-0.0337,  0.0185,  0.1248,  ..., -0.1478, -0.1462, -0.0690],
        [ 0.1136,  0.0347, -0.1496,  ...,  0.1559,  0.1245, -0.1110],
        ...,
        [-0.0980,  0.0885, -0.1271,  ..., -0.0326,  0.1682, -0.0498],
        [-0.0419,  0.0095, -0.0684,  ...,  0.0084, -0.0638, -0.1158],
        [-0.0722,  0.0351, -0.0780,  ..., -0.1712,  0.1494, -0.0657]]), 'rvq_quantizer.project_out.bias': tensor([-0.0057, -0.1618, -0.0106, -0.1491,  0.1075, -0.1614, -0.1343,  0.1031,
         0.0111,  0.0539, -0.1584, -0.0913, -0.0218,  0.0136,  0.0118, -0.0675,
        -0.0649, -0.1732, -0.0018,  0.0052,  0.0404,  0.1226, -0.1440,  0.0450,
         0.1010,  0.1239,  0.1398, -0.0086, -0.0618,  0.0553,  0.1455,  0.1233,
        -0.1643,  0.0420, -0.1047,  0.1099, -0.0730, -0.0033,  0.0521, -0.1638,
         0.0447, -0.0199,  0.1100,  0.0143,  0.0467,  0.1464, -0.1500,  0.0397,
        -0.0979,  0.0147, -0.1461, -0.0785, -0.1591, -0.0969, -0.1011,  0.0893,
        -0.0945,  0.1582,  0.0263, -0.0766, -0.0984,  0.1358,  0.1505,  0.0912]), 'rvq_quantizer.layers.0._codebook.initted': tensor([1.]), 'rvq_quantizer.layers.0._codebook.cluster_size': tensor([[5.2320, 4.8678, 2.1873,  ..., 2.0000, 2.0592, 2.8387]]), 'rvq_quantizer.layers.0._codebook.embed_avg': tensor([[[-1074.4724,  1361.9342,  -256.2074,  ...,  1455.3334,
           1372.6676,  1361.3303],
         [-1075.6863,  1286.9490,  -279.9346,  ...,  1461.3904,
           1379.5878,  1374.6067],
         [ -573.8475,   419.0222,  -212.7050,  ...,   770.6637,
            697.7454,   794.8330],
         ...,
         [ -519.7928,   323.9220,  -206.1239,  ...,   696.6780,
            620.1420,   722.6758],
         [ -323.8338,   439.4502,   -87.3359,  ...,   451.6555,
            422.8943,   427.7950],
         [ -501.6820,   542.7636,  -180.9736,  ...,   696.8962,
            648.0334,   679.6254]]]), 'rvq_quantizer.layers.0._codebook.embed': tensor([[[-205.3667,  260.3100,  -48.9696,  ...,  278.1616,  262.3615,
           260.1945],
         [-220.9795,  264.3795,  -57.5073,  ...,  300.2152,  283.4104,
           282.3871],
         [-262.3511,  191.5682,  -97.2443,  ...,  352.3314,  318.9947,
           363.3811],
         ...,
         [-259.8961,  161.9608, -103.0618,  ...,  348.3385,  310.0705,
           361.3374],
         [-157.2596,  213.4050,  -42.4119,  ...,  219.3321,  205.3651,
           207.7450],
         [-176.7270,  191.1987,  -63.7514,  ...,  245.4948,  228.2820,
           239.4109]]]), 'rvq_quantizer.layers.1._codebook.initted': tensor([1.]), 'rvq_quantizer.layers.1._codebook.cluster_size': tensor([[3.2299, 2.0000, 4.2579,  ..., 2.6256, 3.2710, 3.1351]]), 'rvq_quantizer.layers.1._codebook.embed_avg': tensor([[[ -3.2533,   5.8461,   2.9019,  ...,  -0.4837,   2.9861,   0.1382],
         [ -0.9014, -11.0404, -10.7565,  ...,   7.5488,   6.9103,  22.8792],
         [-24.8717,   1.2652, -20.2762,  ...,  20.6570,  31.4249,  28.6126],
         ...,
         [ -8.2882,  -3.4717,   4.0702,  ..., -12.0019, -12.5285,   3.4828],
         [ -7.2821,  10.9880,  -6.8304,  ...,   4.7798,  11.1791,   7.5174],
         [  0.5822,   5.5909,  -7.3860,  ...,   0.8591,   1.8095,   3.8875]]]), 'rvq_quantizer.layers.1._codebook.embed': tensor([[[-1.0072,  1.8100,  0.8984,  ..., -0.1497,  0.9245,  0.0428],
         [-0.4507, -5.5202, -5.3782,  ...,  3.7744,  3.4552, 11.4396],
         [-5.8413,  0.2971, -4.7620,  ...,  4.8515,  7.3804,  6.7199],
         ...,
         [-3.1567, -1.3223,  1.5502,  ..., -4.5712, -4.7717,  1.3265],
         [-2.2263,  3.3592, -2.0882,  ...,  1.4613,  3.4177,  2.2982],
         [ 0.1857,  1.7833, -2.3559,  ...,  0.2740,  0.5772,  1.2400]]]), 'rvq_quantizer.layers.2._codebook.initted': tensor([1.]), 'rvq_quantizer.layers.2._codebook.cluster_size': tensor([[2.5181, 2.6972, 2.8408,  ..., 4.5108, 2.0000, 2.7085]]), 'rvq_quantizer.layers.2._codebook.embed_avg': tensor([[[  3.4078, -10.6462, -10.6809,  ...,  -6.4603,  -6.8999,  -4.5817],
         [  7.4777, -13.7015, -11.0831,  ...,   0.2220,   4.0896,   2.5603],
         [  2.3548,  16.0958,   3.6954,  ...,  -9.2472,  -5.3858,   6.1744],
         ...,
         [ -2.0447,   4.9730,   4.5251,  ...,   0.6745,   1.0185,  -1.9271],
         [  6.3366,  10.2074, -12.9169,  ...,  -2.4385,  -3.7839,  -0.6158],
         [  3.2601,  -0.2834,  -1.0662,  ...,   7.0582,   9.5337,   4.5331]]]), 'rvq_quantizer.layers.2._codebook.embed': tensor([[[ 1.3533, -4.2279, -4.2416,  ..., -2.5655, -2.7401, -1.8195],
         [ 2.7724, -5.0800, -4.1092,  ...,  0.0823,  1.5163,  0.9493],
         [ 0.8289,  5.6660,  1.3008,  ..., -3.2551, -1.8959,  2.1735],
         ...,
         [-0.4533,  1.1025,  1.0032,  ...,  0.1495,  0.2258, -0.4272],
         [ 3.1683,  5.1037, -6.4585,  ..., -1.2193, -1.8920, -0.3079],
         [ 1.2036, -0.1046, -0.3936,  ...,  2.6059,  3.5199,  1.6736]]]), 'rvq_quantizer.layers.3._codebook.initted': tensor([1.]), 'rvq_quantizer.layers.3._codebook.cluster_size': tensor([[2.0000, 2.0000, 2.0000,  ..., 2.6959, 3.0133, 3.8473]]), 'rvq_quantizer.layers.3._codebook.embed_avg': tensor([[[ 3.1667,  7.5222, -4.1794,  ..., -0.9424, -0.4581,  1.0846],
         [-7.9538, -7.7453, -2.2999,  ..., 17.3552,  1.4073, 10.1882],
         [-0.8367,  0.5022, -0.1127,  ..., -0.4015, -0.1059, -0.2648],
         ...,
         [-6.4902,  4.6707, -3.5039,  ...,  2.2682,  5.5632,  5.3993],
         [-6.1795, -3.9757,  4.0131,  ..., -1.2585, -0.7927, -1.0230],
         [-0.7150,  0.3646, -5.6691,  ...,  0.1664, -2.2462,  1.6041]]]), 'rvq_quantizer.layers.3._codebook.embed': tensor([[[ 1.5834,  3.7611, -2.0897,  ..., -0.4712, -0.2290,  0.5423],
         [-3.9769, -3.8726, -1.1499,  ...,  8.6776,  0.7036,  5.0941],
         [-0.4184,  0.2511, -0.0563,  ..., -0.2008, -0.0529, -0.1324],
         ...,
         [-2.4074,  1.7325, -1.2997,  ...,  0.8413,  2.0636,  2.0028],
         [-2.0507, -1.3194,  1.3318,  ..., -0.4177, -0.2631, -0.3395],
         [-0.1859,  0.0948, -1.4735,  ...,  0.0433, -0.5838,  0.4169]]])})
Loss:  tensor(8.3220, grad_fn=<MeanBackward0>)
OrderedDict({'rvq_quantizer.project_in.weight': tensor([[ 0.2587, -0.2320, -0.2959,  ...,  0.2277,  0.2682,  0.2099],
        [-0.3788, -0.0759,  0.3248,  ..., -0.0120, -0.0842, -0.1631],
        [ 0.0458, -0.1078, -0.0766,  ...,  0.0656,  0.0668,  0.0751],
        ...,
        [-0.3455,  0.3427,  0.3316,  ..., -0.3052, -0.3340, -0.3718],
        [-0.3261,  0.3365,  0.3412,  ..., -0.3574, -0.3363, -0.3605],
        [-0.3143,  0.3110,  0.2451,  ..., -0.3017, -0.4228, -0.3843]]), 'rvq_quantizer.project_in.bias': tensor([-0.4726,  0.4835, -0.1475,  0.1690, -0.1001, -0.1654,  0.0454, -0.3719,
         0.0537, -0.5309, -0.1368, -0.1518, -0.4900, -0.2107,  0.4011, -0.2103,
        -0.0825,  0.3087,  0.2851,  0.4357,  0.3581,  0.4761, -0.4642,  0.4942,
        -0.2233, -0.4207,  0.1318,  0.4004,  0.2330,  0.4991,  0.4883,  0.5091]), 'rvq_quantizer.project_out.weight': tensor([[ 0.0863,  0.1175, -0.0987,  ..., -0.0436,  0.0902, -0.0665],
        [-0.0337,  0.0185,  0.1248,  ..., -0.1478, -0.1462, -0.0690],
        [ 0.1136,  0.0347, -0.1496,  ...,  0.1559,  0.1245, -0.1110],
        ...,
        [-0.0980,  0.0885, -0.1271,  ..., -0.0326,  0.1682, -0.0498],
        [-0.0419,  0.0095, -0.0684,  ...,  0.0084, -0.0638, -0.1158],
        [-0.0722,  0.0351, -0.0780,  ..., -0.1712,  0.1494, -0.0657]]), 'rvq_quantizer.project_out.bias': tensor([-0.0057, -0.1618, -0.0106, -0.1491,  0.1075, -0.1614, -0.1343,  0.1031,
         0.0111,  0.0539, -0.1584, -0.0913, -0.0218,  0.0136,  0.0118, -0.0675,
        -0.0649, -0.1732, -0.0018,  0.0052,  0.0404,  0.1226, -0.1440,  0.0450,
         0.1010,  0.1239,  0.1398, -0.0086, -0.0618,  0.0553,  0.1455,  0.1233,
        -0.1643,  0.0420, -0.1047,  0.1099, -0.0730, -0.0033,  0.0521, -0.1638,
         0.0447, -0.0199,  0.1100,  0.0143,  0.0467,  0.1464, -0.1500,  0.0397,
        -0.0979,  0.0147, -0.1461, -0.0785, -0.1591, -0.0969, -0.1011,  0.0893,
        -0.0945,  0.1582,  0.0263, -0.0766, -0.0984,  0.1358,  0.1505,  0.0912]), 'rvq_quantizer.layers.0._codebook.initted': tensor([1.]), 'rvq_quantizer.layers.0._codebook.cluster_size': tensor([[4.8088, 4.4810, 2.0686,  ..., 2.1000, 2.0000, 2.5549]]), 'rvq_quantizer.layers.0._codebook.embed_avg': tensor([[[-987.9607, 1251.9841, -235.2570,  ..., 1337.2208, 1261.0322,
          1251.4924],
         [-989.9989, 1183.2528, -257.9135,  ..., 1345.9270, 1270.1810,
          1265.5667],
         [-542.4115,  396.1948, -201.5361,  ...,  728.5796,  660.2533,
           750.6374],
         ...,
         [-546.2676,  338.8013, -217.4369,  ...,  732.1673,  651.7734,
           759.4293],
         [-421.5729,  558.6652,  -85.2765,  ...,  562.6320,  528.9803,
           513.4454],
         [-451.5138,  488.4872, -162.8762,  ...,  627.2066,  583.2301,
           611.6629]]]), 'rvq_quantizer.layers.0._codebook.embed': tensor([[[-205.4496,  260.3541,  -48.9224,  ...,  278.0793,  262.2357,
           260.2518],
         [-220.9311,  264.0583,  -57.5568,  ...,  300.3611,  283.4574,
           282.4276],
         [-262.2126,  191.5285,  -97.4266,  ...,  352.2101,  319.1797,
           362.8732],
         ...,
         [-260.1272,  161.3338, -103.5413,  ...,  348.6507,  310.3680,
           361.6326],
         [-210.7864,  279.3326,  -42.6382,  ...,  281.3160,  264.4901,
           256.7227],
         [-176.7269,  191.1986,  -63.7513,  ...,  245.4947,  228.2819,
           239.4108]]]), 'rvq_quantizer.layers.1._codebook.initted': tensor([1.]), 'rvq_quantizer.layers.1._codebook.cluster_size': tensor([[3.4069, 2.0000, 4.1321,  ..., 2.6630, 3.7439, 3.0216]]), 'rvq_quantizer.layers.1._codebook.embed_avg': tensor([[[ -4.0609,   5.3401,   2.9260,  ...,  -0.2498,   3.0615,  -0.2048],
         [  1.7678,   1.3314,   5.7617,  ...,   6.0101,  18.7043,  -1.2407],
         [-24.1167,   0.7833, -18.9367,  ...,  20.0162,  29.4862,  27.6589],
         ...,
         [ -8.7860,  -1.9758,   4.6514,  ..., -13.1333, -12.9823,   3.7905],
         [ -9.1601,  12.8445,  -7.1821,  ...,   4.8445,  12.1300,   8.8010],
         [  0.3737,   5.3688,  -6.7688,  ...,   0.6235,   1.6262,   3.7124]]]), 'rvq_quantizer.layers.1._codebook.embed': tensor([[[-1.1920,  1.5674,  0.8588,  ..., -0.0733,  0.8986, -0.0601],
         [ 0.8839,  0.6657,  2.8808,  ...,  3.0051,  9.3522, -0.6203],
         [-5.8364,  0.1896, -4.5828,  ...,  4.8441,  7.1359,  6.6937],
         ...,
         [-3.2993, -0.7419,  1.7467,  ..., -4.9318, -4.8750,  1.4234],
         [-2.4467,  3.4308, -1.9184,  ...,  1.2940,  3.2399,  2.3508],
         [ 0.1237,  1.7768, -2.2401,  ...,  0.2063,  0.5382,  1.2286]]]), 'rvq_quantizer.layers.2._codebook.initted': tensor([1.]), 'rvq_quantizer.layers.2._codebook.cluster_size': tensor([[2.2663, 2.8274, 2.8567,  ..., 4.6597, 2.0000, 2.7377]]), 'rvq_quantizer.layers.2._codebook.embed_avg': tensor([[[  3.0670,  -9.5816,  -9.6128,  ...,  -5.8143,  -6.2099,  -4.1235],
         [  7.2720, -14.6246, -11.6669,  ...,   1.1207,   5.0098,   2.6022],
         [  2.7138,  16.2870,   3.8877,  ...,  -9.4451,  -5.7915,   6.2119],
         ...,
         [ -2.6457,   4.7731,   5.0022,  ...,   0.8960,   1.2345,  -1.8891],
         [  7.0421,   3.9967,   6.0794,  ...,  -2.7623,  -2.1811,  -1.8336],
         [  4.2494,  -0.6477,  -0.9238,  ...,   7.6605,   9.7785,   5.2793]]]), 'rvq_quantizer.layers.2._codebook.embed': tensor([[[ 1.3533, -4.2279, -4.2416,  ..., -2.5655, -2.7401, -1.8195],
         [ 2.5719, -5.1724, -4.1263,  ...,  0.3964,  1.7718,  0.9203],
         [ 0.9500,  5.7013,  1.3609,  ..., -3.3063, -2.0273,  2.1745],
         ...,
         [-0.5678,  1.0243,  1.0735,  ...,  0.1923,  0.2649, -0.4054],
         [ 3.5210,  1.9984,  3.0397,  ..., -1.3811, -1.0906, -0.9168],
         [ 1.5522, -0.2366, -0.3374,  ...,  2.7982,  3.5718,  1.9284]]]), 'rvq_quantizer.layers.3._codebook.initted': tensor([1.]), 'rvq_quantizer.layers.3._codebook.cluster_size': tensor([[2.0000, 2.0000, 2.0000,  ..., 2.6263, 2.9120, 4.2626]]), 'rvq_quantizer.layers.3._codebook.embed_avg': tensor([[[ -1.4500,  11.1637,   2.7610,  ...,   0.2303,  -4.3120,   0.5019],
         [  4.7338,   2.3629, -17.7517,  ...,  -7.8472,  -3.9023,   2.9980],
         [ -0.8293,   0.3978,  -0.0411,  ...,  -0.4871,  -0.0969,  -0.3352],
         ...,
         [ -5.9290,   4.0490,  -3.2360,  ...,   1.4586,   5.3662,   5.4323],
         [ -6.0353,  -4.1176,   3.9102,  ...,  -1.7009,  -0.5844,  -0.9802],
         [  0.0824,   0.4329,  -6.5142,  ...,  -0.1663,  -1.9089,   1.8581]]]), 'rvq_quantizer.layers.3._codebook.embed': tensor([[[-0.7250,  5.5819,  1.3805,  ...,  0.1151, -2.1560,  0.2509],
         [ 2.3669,  1.1815, -8.8759,  ..., -3.9236, -1.9512,  1.4990],
         [-0.4147,  0.1989, -0.0206,  ..., -0.2436, -0.0484, -0.1676],
         ...,
         [-2.2575,  1.5417, -1.2321,  ...,  0.5554,  2.0433,  2.0684],
         [-2.0726, -1.4140,  1.3428,  ..., -0.5841, -0.2007, -0.3366],
         [ 0.0193,  0.1016, -1.5282,  ..., -0.0390, -0.4478,  0.4359]]])})
Loss:  tensor(8.3584, grad_fn=<MeanBackward0>)
OrderedDict({'rvq_quantizer.project_in.weight': tensor([[ 0.2667, -0.2282, -0.3084,  ...,  0.2288,  0.2692,  0.2126],
        [-0.3864, -0.0813,  0.3293,  ..., -0.0112, -0.0768, -0.1664],
        [ 0.0469, -0.1121, -0.0881,  ...,  0.0583,  0.0685,  0.0768],
        ...,
        [-0.3553,  0.3485,  0.3454,  ..., -0.3048, -0.3338, -0.3741],
        [-0.3359,  0.3370,  0.3546,  ..., -0.3546, -0.3359, -0.3626],
        [-0.3228,  0.3122,  0.2601,  ..., -0.3032, -0.4242, -0.3880]]), 'rvq_quantizer.project_in.bias': tensor([-0.4794,  0.4911, -0.1469,  0.1712, -0.1018, -0.1676,  0.0464, -0.3772,
         0.0539, -0.5395, -0.1368, -0.1561, -0.4972, -0.2143,  0.4078, -0.2144,
        -0.0808,  0.3143,  0.2885,  0.4416,  0.3675,  0.4859, -0.4727,  0.5030,
        -0.2286, -0.4295,  0.1321,  0.4092,  0.2388,  0.5081,  0.4973,  0.5166]), 'rvq_quantizer.project_out.weight': tensor([[ 0.0863,  0.1175, -0.0987,  ..., -0.0436,  0.0902, -0.0665],
        [-0.0337,  0.0185,  0.1248,  ..., -0.1478, -0.1462, -0.0690],
        [ 0.1136,  0.0347, -0.1496,  ...,  0.1559,  0.1245, -0.1110],
        ...,
        [-0.0980,  0.0885, -0.1271,  ..., -0.0326,  0.1682, -0.0498],
        [-0.0419,  0.0095, -0.0684,  ...,  0.0084, -0.0638, -0.1158],
        [-0.0722,  0.0351, -0.0780,  ..., -0.1712,  0.1494, -0.0657]]), 'rvq_quantizer.project_out.bias': tensor([-0.0057, -0.1618, -0.0106, -0.1491,  0.1075, -0.1614, -0.1343,  0.1031,
         0.0111,  0.0539, -0.1584, -0.0913, -0.0218,  0.0136,  0.0118, -0.0675,
        -0.0649, -0.1732, -0.0018,  0.0052,  0.0404,  0.1226, -0.1440,  0.0450,
         0.1010,  0.1239,  0.1398, -0.0086, -0.0618,  0.0553,  0.1455,  0.1233,
        -0.1643,  0.0420, -0.1047,  0.1099, -0.0730, -0.0033,  0.0521, -0.1638,
         0.0447, -0.0199,  0.1100,  0.0143,  0.0467,  0.1464, -0.1500,  0.0397,
        -0.0979,  0.0147, -0.1461, -0.0785, -0.1591, -0.0969, -0.1011,  0.0893,
        -0.0945,  0.1582,  0.0263, -0.0766, -0.0984,  0.1358,  0.1505,  0.0912]), 'rvq_quantizer.layers.0._codebook.initted': tensor([1.]), 'rvq_quantizer.layers.0._codebook.cluster_size': tensor([[3.9951, 3.6296, 2.1000,  ..., 2.0810, 2.4000, 2.2594]]), 'rvq_quantizer.layers.0._codebook.embed_avg': tensor([[[-821.0031, 1040.8516, -195.5207,  ..., 1110.8196, 1047.4666,
          1039.9130],
         [-801.8991,  958.4348, -208.9100,  ..., 1090.2009, 1028.8467,
          1025.1090],
         [-404.4097,  430.2371, -121.1105,  ...,  535.2825,  494.7910,
           545.0896],
         ...,
         [-540.8761,  333.7926, -216.1650,  ...,  725.7095,  645.8949,
           753.0068],
         [-505.7892,  671.9693, -102.0707,  ...,  674.4639,  636.2491,
           617.8278],
         [-400.1531,  431.4234, -145.3886,  ...,  554.6912,  515.7135,
           542.0891]]]), 'rvq_quantizer.layers.0._codebook.embed': tensor([[[-205.5021,  260.5315,  -48.9400,  ...,  278.0449,  262.1873,
           260.2966],
         [-220.9310,  264.0581,  -57.5567,  ...,  300.3610,  283.4572,
           282.4275],
         [-192.5758,  204.8746,  -57.6716,  ...,  254.8962,  235.6145,
           259.5662],
         ...,
         [-259.9113,  160.3999, -103.8755,  ...,  348.7308,  310.3768,
           361.8481],
         [-210.7454,  279.9871,  -42.5294,  ...,  281.0265,  265.1037,
           257.4281],
         [-177.1025,  190.9422,  -64.3471,  ...,  245.4990,  228.2479,
           239.9214]]]), 'rvq_quantizer.layers.1._codebook.initted': tensor([1.]), 'rvq_quantizer.layers.1._codebook.cluster_size': tensor([[3.5996, 2.0900, 3.4370,  ..., 2.7370, 3.5925, 2.5375]]), 'rvq_quantizer.layers.1._codebook.embed_avg': tensor([[[ -5.0155,   5.0830,   2.9628,  ...,   0.0264,   3.0367,  -0.1672],
         [  2.3281,   2.0407,   6.6801,  ...,   7.9516,  19.2296,  -0.9782],
         [-20.0321,   0.1301, -15.6277,  ...,  16.7427,  24.6701,  22.6524],
         ...,
         [-10.1462,  -3.4568,   7.1523,  ..., -15.8247, -14.8773,   3.3823],
         [ -9.1711,  11.3710,  -6.4077,  ...,   5.3685,  11.6221,   7.9798],
         [  0.4017,   4.2657,  -5.5704,  ...,   0.4100,   1.3979,   3.0565]]]), 'rvq_quantizer.layers.1._codebook.embed': tensor([[[-1.3933e+00,  1.4121e+00,  8.2308e-01,  ...,  7.3430e-03,
           8.4362e-01, -4.6458e-02],
         [ 1.1139e+00,  9.7643e-01,  3.1962e+00,  ...,  3.8046e+00,
           9.2008e+00, -4.6806e-01],
         [-5.8284e+00,  3.7857e-02, -4.5469e+00,  ...,  4.8713e+00,
           7.1778e+00,  6.5907e+00],
         ...,
         [-3.7070e+00, -1.2630e+00,  2.6131e+00,  ..., -5.7817e+00,
          -5.4356e+00,  1.2358e+00],
         [-2.5528e+00,  3.1652e+00, -1.7836e+00,  ...,  1.4944e+00,
           3.2351e+00,  2.2212e+00],
         [ 1.5830e-01,  1.6810e+00, -2.1952e+00,  ...,  1.6159e-01,
           5.5089e-01,  1.2045e+00]]]), 'rvq_quantizer.layers.2._codebook.initted': tensor([1.]), 'rvq_quantizer.layers.2._codebook.cluster_size': tensor([[2.0000, 2.5702, 2.7039,  ..., 4.3444, 2.6800, 2.6875]]), 'rvq_quantizer.layers.2._codebook.embed_avg': tensor([[[ -7.5452,   6.4221,  -1.9554,  ...,  -6.6091,   7.4297,  -0.0499],
         [  6.2654, -13.1108, -10.5811,  ...,   1.1003,   5.1316,   2.6654],
         [  3.3524,  15.2010,   4.0471,  ...,  -9.0626,  -4.7473,   6.2313],
         ...,
         [ -2.6202,   4.1471,   5.3034,  ...,   0.9232,   1.0992,  -2.1602],
         [  7.3361,   5.9437,   9.4797,  ...,  -3.6344,  -1.7372,  -0.6365],
         [  3.9875,  -1.0132,  -0.8444,  ...,   7.5931,   9.9315,   5.5148]]]), 'rvq_quantizer.layers.2._codebook.embed': tensor([[[-3.7726,  3.2111, -0.9777,  ..., -3.3046,  3.7148, -0.0250],
         [ 2.4377, -5.1010, -4.1168,  ...,  0.4281,  1.9965,  1.0370],
         [ 1.2398,  5.6218,  1.4967,  ..., -3.3516, -1.7557,  2.3045],
         ...,
         [-0.6031,  0.9546,  1.2208,  ...,  0.2125,  0.2530, -0.4972],
         [ 2.7374,  2.2178,  3.5372,  ..., -1.3561, -0.6482, -0.2375],
         [ 1.4837, -0.3770, -0.3142,  ...,  2.8253,  3.6954,  2.0520]]]), 'rvq_quantizer.layers.3._codebook.initted': tensor([1.]), 'rvq_quantizer.layers.3._codebook.cluster_size': tensor([[2.0000, 2.0000, 2.0000,  ..., 2.5873, 2.6387, 3.8527]]), 'rvq_quantizer.layers.3._codebook.embed_avg': tensor([[[-0.7491, -6.1330,  1.3002,  ..., -3.4447,  2.9556,  5.0628],
         [ 3.9464, -0.1149,  1.1247,  ...,  3.3478, -0.4110, -5.5502],
         [-1.4054, -2.3205, -0.0472,  ...,  2.6465,  0.5811, -0.5818],
         ...,
         [-6.4457,  3.6609, -1.7926,  ...,  1.4626,  5.4941,  4.9975],
         [-5.0849, -3.8992,  3.8073,  ..., -2.0790, -1.1104, -0.6238],
         [-0.0197,  0.1380, -5.6169,  ..., -0.6145, -1.7425,  1.3222]]]), 'rvq_quantizer.layers.3._codebook.embed': tensor([[[-0.3745, -3.0665,  0.6501,  ..., -1.7223,  1.4778,  2.5314],
         [ 1.9732, -0.0575,  0.5623,  ...,  1.6739, -0.2055, -2.7751],
         [-0.7027, -1.1602, -0.0236,  ...,  1.3233,  0.2905, -0.2909],
         ...,
         [-2.4913,  1.4150, -0.6928,  ...,  0.5653,  2.1235,  1.9316],
         [-1.9271, -1.4777,  1.4429,  ..., -0.7879, -0.4208, -0.2364],
         [-0.0051,  0.0358, -1.4579,  ..., -0.1595, -0.4523,  0.3432]]])})
Loss:  tensor(8.2822, grad_fn=<MeanBackward0>)
OrderedDict({'rvq_quantizer.project_in.weight': tensor([[ 0.2705, -0.2265, -0.3146,  ...,  0.2292,  0.2694,  0.2136],
        [-0.3900, -0.0827,  0.3312,  ..., -0.0107, -0.0730, -0.1679],
        [ 0.0484, -0.1142, -0.0932,  ...,  0.0554,  0.0701,  0.0783],
        ...,
        [-0.3601,  0.3512,  0.3523,  ..., -0.3042, -0.3333, -0.3750],
        [-0.3407,  0.3368,  0.3613,  ..., -0.3528, -0.3354, -0.3633],
        [-0.3270,  0.3126,  0.2675,  ..., -0.3036, -0.4245, -0.3896]]), 'rvq_quantizer.project_in.bias': tensor([-0.4826,  0.4947, -0.1477,  0.1721, -0.1026, -0.1686,  0.0468, -0.3798,
         0.0538, -0.5437, -0.1369, -0.1581, -0.5006, -0.2160,  0.4111, -0.2164,
        -0.0802,  0.3169,  0.2901,  0.4444,  0.3720,  0.4906, -0.4767,  0.5072,
        -0.2312, -0.4338,  0.1322,  0.4135,  0.2414,  0.5124,  0.5017,  0.5202]), 'rvq_quantizer.project_out.weight': tensor([[ 0.0863,  0.1175, -0.0987,  ..., -0.0436,  0.0902, -0.0665],
        [-0.0337,  0.0185,  0.1248,  ..., -0.1478, -0.1462, -0.0690],
        [ 0.1136,  0.0347, -0.1496,  ...,  0.1559,  0.1245, -0.1110],
        ...,
        [-0.0980,  0.0885, -0.1271,  ..., -0.0326,  0.1682, -0.0498],
        [-0.0419,  0.0095, -0.0684,  ...,  0.0084, -0.0638, -0.1158],
        [-0.0722,  0.0351, -0.0780,  ..., -0.1712,  0.1494, -0.0657]]), 'rvq_quantizer.project_out.bias': tensor([-0.0057, -0.1618, -0.0106, -0.1491,  0.1075, -0.1614, -0.1343,  0.1031,
         0.0111,  0.0539, -0.1584, -0.0913, -0.0218,  0.0136,  0.0118, -0.0675,
        -0.0649, -0.1732, -0.0018,  0.0052,  0.0404,  0.1226, -0.1440,  0.0450,
         0.1010,  0.1239,  0.1398, -0.0086, -0.0618,  0.0553,  0.1455,  0.1233,
        -0.1643,  0.0420, -0.1047,  0.1099, -0.0730, -0.0033,  0.0521, -0.1638,
         0.0447, -0.0199,  0.1100,  0.0143,  0.0467,  0.1464, -0.1500,  0.0397,
        -0.0979,  0.0147, -0.1461, -0.0785, -0.1591, -0.0969, -0.1011,  0.0893,
        -0.0945,  0.1582,  0.0263, -0.0766, -0.0984,  0.1358,  0.1505,  0.0912]), 'rvq_quantizer.layers.0._codebook.initted': tensor([1.]), 'rvq_quantizer.layers.0._codebook.cluster_size': tensor([[3.5956, 3.2667, 2.0900,  ..., 2.0000, 2.3600, 2.2335]]), 'rvq_quantizer.layers.0._codebook.embed_avg': tensor([[[-738.9028,  936.7664, -175.9686,  ...,  999.7376,  942.7199,
           935.9217],
         [-721.7092,  862.5912, -188.0190,  ...,  981.1808,  925.9620,
           922.5981],
         [-403.0110,  427.8365, -121.3153,  ...,  533.8788,  493.6210,
           543.6168],
         ...,
         [-424.3970,  569.6620,  -87.1292,  ...,  567.3052,  540.0287,
           523.2141],
         [-497.3518,  661.4696, -100.2961,  ...,  663.2659,  625.6115,
           607.8376],
         [-396.2250,  426.5731, -144.3917,  ...,  547.7694,  510.1812,
           537.2487]]]), 'rvq_quantizer.layers.0._codebook.embed': tensor([[[-205.5020,  260.5314,  -48.9400,  ...,  278.0448,  262.1872,
           260.2965],
         [-220.9309,  264.0580,  -57.5567,  ...,  300.3609,  283.4572,
           282.4274],
         [-192.8280,  204.7063,  -58.0455,  ...,  255.4441,  236.1821,
           260.1035],
         ...,
         [-212.1985,  284.8310,  -43.5646,  ...,  283.6526,  270.0144,
           261.6070],
         [-210.7422,  280.2835,  -42.4983,  ...,  281.0447,  265.0894,
           257.5581],
         [-177.4010,  190.9886,  -64.6482,  ...,  245.2516,  228.4223,
           240.5412]]]), 'rvq_quantizer.layers.1._codebook.initted': tensor([1.]), 'rvq_quantizer.layers.1._codebook.cluster_size': tensor([[3.3397, 2.0000, 3.0933,  ..., 2.9633, 3.2333, 2.3838]]), 'rvq_quantizer.layers.1._codebook.embed_avg': tensor([[[ -5.0479,   4.2497,   2.7643,  ...,   0.0987,   2.5821,   0.0350],
         [  6.4824,  -1.5015,  -3.9812,  ...,  -4.6151,   4.0879,   4.2761],
         [-18.0289,   0.1171, -14.0649,  ...,  15.0684,  22.2031,  20.3872],
         ...,
         [-12.3210,  -5.0654,   8.7173,  ..., -16.9783, -17.0127,   3.2638],
         [ -8.2540,  10.2339,  -5.7670,  ...,   4.8317,  10.4599,   7.1818],
         [  0.4681,   4.2219,  -5.1600,  ...,   0.3060,   1.2886,   2.8575]]]), 'rvq_quantizer.layers.1._codebook.embed': tensor([[[-1.5115,  1.2725,  0.8277,  ...,  0.0296,  0.7732,  0.0105],
         [ 3.2412, -0.7507, -1.9906,  ..., -2.3076,  2.0439,  2.1380],
         [-5.8284,  0.0379, -4.5469,  ...,  4.8713,  7.1778,  6.5907],
         ...,
         [-4.1578, -1.7093,  2.9417,  ..., -5.7295, -5.7411,  1.1014],
         [-2.5528,  3.1652, -1.7836,  ...,  1.4944,  3.2351,  2.2212],
         [ 0.1964,  1.7711, -2.1646,  ...,  0.1284,  0.5406,  1.1987]]]), 'rvq_quantizer.layers.2._codebook.initted': tensor([1.]), 'rvq_quantizer.layers.2._codebook.cluster_size': tensor([[2.0000, 2.6132, 2.7335,  ..., 4.2100, 2.7120, 2.6188]]), 'rvq_quantizer.layers.2._codebook.embed_avg': tensor([[[ -1.3457,  -3.2822,   1.6094,  ...,  -3.5668,   1.2846,   0.9905],
         [  6.2341, -13.2944, -11.9335,  ...,   1.1694,   4.2936,   2.4242],
         [  3.9621,  16.3046,   3.2903,  ...,  -9.3419,  -4.8526,   5.9795],
         ...,
         [ -2.4605,   3.6787,   5.6470,  ...,   1.2119,   0.7013,  -2.2320],
         [  6.7537,   5.5762,   9.4630,  ...,  -3.3951,  -1.5797,  -0.7685],
         [  3.4567,  -0.9904,  -0.8242,  ...,   7.4273,   9.8412,   5.4020]]]), 'rvq_quantizer.layers.2._codebook.embed': tensor([[[-0.6728, -1.6411,  0.8047,  ..., -1.7834,  0.6423,  0.4952],
         [ 2.3856, -5.0874, -4.5666,  ...,  0.4475,  1.6430,  0.9277],
         [ 1.4494,  5.9646,  1.2037,  ..., -3.4175, -1.7752,  2.1874],
         ...,
         [-0.5844,  0.8738,  1.3413,  ...,  0.2879,  0.1666, -0.5302],
         [ 2.4903,  2.0561,  3.4893,  ..., -1.2519, -0.5825, -0.2834],
         [ 1.3200, -0.3782, -0.3147,  ...,  2.8362,  3.7579,  2.0628]]]), 'rvq_quantizer.layers.3._codebook.initted': tensor([1.]), 'rvq_quantizer.layers.3._codebook.cluster_size': tensor([[2.0000, 2.0000, 2.0000,  ..., 2.4286, 2.4748, 3.7674]]), 'rvq_quantizer.layers.3._codebook.embed_avg': tensor([[[ -2.5348,   3.0672,  12.3584,  ...,  -4.4182,   2.3999,  -0.8357],
         [  4.0788, -18.8353,   2.8915,  ...,   9.2635,   7.2972,   1.5881],
         [  6.7911,  -0.4887,  -2.9831,  ...,  -3.7254,   2.8650,   0.3926],
         ...,
         [ -6.2438,   3.6832,  -1.4478,  ...,   1.7464,   5.1895,   4.6417],
         [ -4.4218,  -3.5166,   4.1322,  ...,  -1.9451,  -1.0458,  -0.4830],
         [ -0.0536,   0.1196,  -5.0897,  ...,  -0.5805,  -1.4253,   1.0140]]]), 'rvq_quantizer.layers.3._codebook.embed': tensor([[[-1.2674,  1.5336,  6.1792,  ..., -2.2091,  1.2000, -0.4179],
         [ 2.0394, -9.4176,  1.4457,  ...,  4.6318,  3.6486,  0.7940],
         [ 3.3955, -0.2443, -1.4915,  ..., -1.8627,  1.4325,  0.1963],
         ...,
         [-2.5710,  1.5166, -0.5961,  ...,  0.7191,  2.1368,  1.9113],
         [-1.7867, -1.4209,  1.6697,  ..., -0.7860, -0.4226, -0.1952],
         [-0.0142,  0.0317, -1.3510,  ..., -0.1541, -0.3783,  0.2692]]])})
Loss:  tensor(8.1549, grad_fn=<MeanBackward0>)
OrderedDict({'rvq_quantizer.project_in.weight': tensor([[ 0.2743, -0.2249, -0.3207,  ...,  0.2293,  0.2694,  0.2146],
        [-0.3936, -0.0834,  0.3329,  ..., -0.0103, -0.0694, -0.1695],
        [ 0.0505, -0.1161, -0.0980,  ...,  0.0530,  0.0721,  0.0803],
        ...,
        [-0.3649,  0.3538,  0.3592,  ..., -0.3034, -0.3326, -0.3757],
        [-0.3454,  0.3363,  0.3679,  ..., -0.3507, -0.3347, -0.3639],
        [-0.3311,  0.3129,  0.2748,  ..., -0.3038, -0.4247, -0.3910]]), 'rvq_quantizer.project_in.bias': tensor([-0.4858,  0.4983, -0.1491,  0.1729, -0.1033, -0.1694,  0.0473, -0.3823,
         0.0536, -0.5478, -0.1370, -0.1600, -0.5040, -0.2177,  0.4142, -0.2182,
        -0.0799,  0.3195,  0.2916,  0.4470,  0.3765,  0.4953, -0.4807,  0.5113,
        -0.2337, -0.4380,  0.1323,  0.4177,  0.2439,  0.5167,  0.5060,  0.5237]), 'rvq_quantizer.project_out.weight': tensor([[ 0.0863,  0.1175, -0.0987,  ..., -0.0436,  0.0902, -0.0665],
        [-0.0337,  0.0185,  0.1248,  ..., -0.1478, -0.1462, -0.0690],
        [ 0.1136,  0.0347, -0.1496,  ...,  0.1559,  0.1245, -0.1110],
        ...,
        [-0.0980,  0.0885, -0.1271,  ..., -0.0326,  0.1682, -0.0498],
        [-0.0419,  0.0095, -0.0684,  ...,  0.0084, -0.0638, -0.1158],
        [-0.0722,  0.0351, -0.0780,  ..., -0.1712,  0.1494, -0.0657]]), 'rvq_quantizer.project_out.bias': tensor([-0.0057, -0.1618, -0.0106, -0.1491,  0.1075, -0.1614, -0.1343,  0.1031,
         0.0111,  0.0539, -0.1584, -0.0913, -0.0218,  0.0136,  0.0118, -0.0675,
        -0.0649, -0.1732, -0.0018,  0.0052,  0.0404,  0.1226, -0.1440,  0.0450,
         0.1010,  0.1239,  0.1398, -0.0086, -0.0618,  0.0553,  0.1455,  0.1233,
        -0.1643,  0.0420, -0.1047,  0.1099, -0.0730, -0.0033,  0.0521, -0.1638,
         0.0447, -0.0199,  0.1100,  0.0143,  0.0467,  0.1464, -0.1500,  0.0397,
        -0.0979,  0.0147, -0.1461, -0.0785, -0.1591, -0.0969, -0.1011,  0.0893,
        -0.0945,  0.1582,  0.0263, -0.0766, -0.0984,  0.1358,  0.1505,  0.0912]), 'rvq_quantizer.layers.0._codebook.initted': tensor([1.]), 'rvq_quantizer.layers.0._codebook.cluster_size': tensor([[3.2360, 2.9400, 2.0000,  ..., 2.1000, 2.4240, 2.3101]]), 'rvq_quantizer.layers.0._codebook.embed_avg': tensor([[[-665.0125,  843.0898, -158.3718,  ...,  899.7639,  848.4479,
           842.3295],
         [-649.5383,  776.3321, -169.2171,  ...,  883.0627,  833.3658,
           830.3383],
         [-372.9626,  409.6733, -107.1763,  ...,  478.1527,  451.6256,
           483.6873],
         ...,
         [-446.1639,  598.6181,  -91.5638,  ...,  596.2580,  567.0530,
           549.7784],
         [-510.4347,  679.2479, -103.6914,  ...,  680.2773,  642.4360,
           625.2571],
         [-411.3642,  441.1836, -149.5824,  ...,  566.0536,  527.3030,
           557.0127]]]), 'rvq_quantizer.layers.0._codebook.embed': tensor([[[-205.5020,  260.5313,  -48.9400,  ...,  278.0448,  262.1871,
           260.2964],
         [-220.9308,  264.0579,  -57.5567,  ...,  300.3607,  283.4571,
           282.4273],
         [-186.4813,  204.8367,  -53.5881,  ...,  239.0763,  225.8128,
           241.8436],
         ...,
         [-212.4588,  285.0559,  -43.6018,  ...,  283.9321,  270.0249,
           261.7990],
         [-210.5753,  280.2177,  -42.7769,  ...,  280.6423,  265.0312,
           257.9442],
         [-178.0682,  190.9762,  -64.7501,  ...,  245.0290,  228.2549,
           241.1154]]]), 'rvq_quantizer.layers.1._codebook.initted': tensor([1.]), 'rvq_quantizer.layers.1._codebook.cluster_size': tensor([[3.4057, 2.0000, 2.7840,  ..., 2.7670, 3.0100, 2.1454]]), 'rvq_quantizer.layers.1._codebook.embed_avg': tensor([[[ -5.4106,   3.9163,   2.5481,  ...,   0.4564,   2.4566,   0.0367],
         [-15.9376, -13.7812,  -3.9273,  ...,  16.1385,   5.0997,   1.5253],
         [-16.2260,   0.1054, -12.6584,  ...,  13.5616,  19.9828,  18.3485],
         ...,
         [-12.0250,  -4.9775,   7.9930,  ..., -16.0556, -15.9192,   3.5203],
         [ -7.8303,   9.3948,  -5.5250,  ...,   4.7167,   9.9690,   6.7634],
         [  0.4213,   3.7997,  -4.6440,  ...,   0.2754,   1.1598,   2.5718]]]), 'rvq_quantizer.layers.1._codebook.embed': tensor([[[-1.5887,  1.1499,  0.7482,  ...,  0.1340,  0.7213,  0.0108],
         [-7.9688, -6.8906, -1.9637,  ...,  8.0692,  2.5498,  0.7626],
         [-5.8284,  0.0379, -4.5469,  ...,  4.8713,  7.1778,  6.5907],
         ...,
         [-4.3459, -1.7989,  2.8887,  ..., -5.8025, -5.7532,  1.2722],
         [-2.6015,  3.1212, -1.8356,  ...,  1.5670,  3.3120,  2.2470],
         [ 0.1964,  1.7711, -2.1646,  ...,  0.1284,  0.5406,  1.1987]]]), 'rvq_quantizer.layers.2._codebook.initted': tensor([1.]), 'rvq_quantizer.layers.2._codebook.cluster_size': tensor([[2.3000, 2.9519, 2.8602,  ..., 4.1890, 2.6408, 2.4569]]), 'rvq_quantizer.layers.2._codebook.embed_avg': tensor([[[ -1.9247,  -3.9770,   1.4829,  ...,  -4.6683,   0.9099,   1.4314],
         [  7.1415, -16.2150, -13.4335,  ...,   1.0496,   3.8595,   3.3822],
         [  4.4418,  16.7957,   3.6077,  ..., -10.1801,  -5.0734,   6.3262],
         ...,
         [ -2.1613,   3.1748,   5.4367,  ...,   1.0397,   0.6842,  -1.8149],
         [  7.0025,   4.9128,   9.0863,  ...,  -2.9226,  -1.2839,  -1.1166],
         [  3.0504,  -1.0714,  -0.6783,  ...,   7.1135,   9.4692,   5.0653]]]), 'rvq_quantizer.layers.2._codebook.embed': tensor([[[-0.8368, -1.7291,  0.6448,  ..., -2.0297,  0.3956,  0.6223],
         [ 2.4193, -5.4931, -4.5508,  ...,  0.3556,  1.3075,  1.1458],
         [ 1.5530,  5.8722,  1.2614,  ..., -3.5592, -1.7738,  2.2118],
         ...,
         [-0.5159,  0.7579,  1.2979,  ...,  0.2482,  0.1633, -0.4333],
         [ 2.6517,  1.8603,  3.4407,  ..., -1.1067, -0.4862, -0.4228],
         [ 1.2416, -0.4361, -0.2761,  ...,  2.8953,  3.8541,  2.0617]]]), 'rvq_quantizer.layers.3._codebook.initted': tensor([1.]), 'rvq_quantizer.layers.3._codebook.cluster_size': tensor([[2.0000, 2.0000, 2.0000,  ..., 2.5857, 2.5274, 3.8907]]), 'rvq_quantizer.layers.3._codebook.embed_avg': tensor([[[-3.2052,  3.1758, -4.2344,  ..., -0.2367,  1.2608,  1.0284],
         [ 3.0151, -1.6212,  4.0455,  ...,  6.6623,  2.6160, -1.3049],
         [-1.0590, -8.9706, -5.8358,  ..., 11.8028,  2.2369,  0.5930],
         ...,
         [-6.2814,  4.1604, -1.3276,  ...,  2.1452,  5.7828,  5.2052],
         [-4.1615, -4.4566,  3.8758,  ..., -2.3435, -1.4961, -0.5127],
         [ 0.0800,  0.2479, -5.3959,  ..., -0.3501, -1.5502,  1.1936]]]), 'rvq_quantizer.layers.3._codebook.embed': tensor([[[-1.6026,  1.5879, -2.1172,  ..., -0.1183,  0.6304,  0.5142],
         [ 1.5076, -0.8106,  2.0228,  ...,  3.3312,  1.3080, -0.6525],
         [-0.5295, -4.4853, -2.9179,  ...,  5.9014,  1.1184,  0.2965],
         ...,
         [-2.4293,  1.6090, -0.5134,  ...,  0.8296,  2.2364,  2.0130],
         [-1.6466, -1.7633,  1.5336,  ..., -0.9273, -0.5920, -0.2029],
         [ 0.0206,  0.0637, -1.3869,  ..., -0.0900, -0.3984,  0.3068]]])})
Loss:  tensor(7.9541, grad_fn=<MeanBackward0>)
OrderedDict({'rvq_quantizer.project_in.weight': tensor([[ 0.2780, -0.2234, -0.3267,  ...,  0.2293,  0.2692,  0.2153],
        [-0.3971, -0.0832,  0.3343,  ..., -0.0100, -0.0658, -0.1712],
        [ 0.0528, -0.1178, -0.1023,  ...,  0.0509,  0.0744,  0.0825],
        ...,
        [-0.3695,  0.3564,  0.3660,  ..., -0.3023, -0.3315, -0.3761],
        [-0.3500,  0.3356,  0.3745,  ..., -0.3483, -0.3337, -0.3642],
        [-0.3351,  0.3131,  0.2821,  ..., -0.3039, -0.4247, -0.3922]]), 'rvq_quantizer.project_in.bias': tensor([-0.4888,  0.5017, -0.1509,  0.1736, -0.1039, -0.1702,  0.0477, -0.3847,
         0.0533, -0.5518, -0.1373, -0.1618, -0.5073, -0.2194,  0.4173, -0.2200,
        -0.0799,  0.3220,  0.2930,  0.4496,  0.3809,  0.4999, -0.4845,  0.5153,
        -0.2360, -0.4421,  0.1324,  0.4218,  0.2462,  0.5208,  0.5102,  0.5271]), 'rvq_quantizer.project_out.weight': tensor([[ 0.0863,  0.1175, -0.0987,  ..., -0.0436,  0.0902, -0.0665],
        [-0.0337,  0.0185,  0.1248,  ..., -0.1478, -0.1462, -0.0690],
        [ 0.1136,  0.0347, -0.1496,  ...,  0.1559,  0.1245, -0.1110],
        ...,
        [-0.0980,  0.0885, -0.1271,  ..., -0.0326,  0.1682, -0.0498],
        [-0.0419,  0.0095, -0.0684,  ...,  0.0084, -0.0638, -0.1158],
        [-0.0722,  0.0351, -0.0780,  ..., -0.1712,  0.1494, -0.0657]]), 'rvq_quantizer.project_out.bias': tensor([-0.0057, -0.1618, -0.0106, -0.1491,  0.1075, -0.1614, -0.1343,  0.1031,
         0.0111,  0.0539, -0.1584, -0.0913, -0.0218,  0.0136,  0.0118, -0.0675,
        -0.0649, -0.1732, -0.0018,  0.0052,  0.0404,  0.1226, -0.1440,  0.0450,
         0.1010,  0.1239,  0.1398, -0.0086, -0.0618,  0.0553,  0.1455,  0.1233,
        -0.1643,  0.0420, -0.1047,  0.1099, -0.0730, -0.0033,  0.0521, -0.1638,
         0.0447, -0.0199,  0.1100,  0.0143,  0.0467,  0.1464, -0.1500,  0.0397,
        -0.0979,  0.0147, -0.1461, -0.0785, -0.1591, -0.0969, -0.1011,  0.0893,
        -0.0945,  0.1582,  0.0263, -0.0766, -0.0984,  0.1358,  0.1505,  0.0912]), 'rvq_quantizer.layers.0._codebook.initted': tensor([1.]), 'rvq_quantizer.layers.0._codebook.cluster_size': tensor([[2.9124, 2.6460, 2.0000,  ..., 2.1900, 2.5816, 2.2791]]), 'rvq_quantizer.layers.0._codebook.embed_avg': tensor([[[-598.5112,  758.7808, -142.5346,  ...,  809.7875,  763.6031,
           758.0966],
         [-584.5844,  698.6989, -152.2954,  ...,  794.7565,  750.0292,
           747.3044],
         [-508.9213,  565.1016, -144.7001,  ...,  687.3605,  655.5331,
           644.0989],
         ...,
         [-465.6140,  624.1633,  -96.2247,  ...,  621.6041,  590.7598,
           574.1198],
         [-543.0576,  723.8425, -110.9661,  ...,  723.4799,  684.2261,
           664.9805],
         [-406.9614,  435.7029, -148.4880,  ...,  558.6514,  521.3156,
           551.3771]]]), 'rvq_quantizer.layers.0._codebook.embed': tensor([[[-205.5019,  260.5313,  -48.9400,  ...,  278.0447,  262.1870,
           260.2963],
         [-220.9308,  264.0578,  -57.5567,  ...,  300.3607,  283.4570,
           282.4272],
         [-254.4607,  282.5508,  -72.3500,  ...,  343.6803,  327.7665,
           322.0494],
         ...,
         [-212.6090,  285.0059,  -43.9382,  ...,  283.8372,  269.7531,
           262.1550],
         [-210.3569,  280.3852,  -42.9834,  ...,  280.2447,  265.0395,
           257.5846],
         [-178.5596,  191.1703,  -65.1510,  ...,  245.1156,  228.7339,
           241.9238]]]), 'rvq_quantizer.layers.1._codebook.initted': tensor([1.]), 'rvq_quantizer.layers.1._codebook.cluster_size': tensor([[3.2651, 2.1000, 2.5056,  ..., 2.6903, 3.0090, 2.1308]]), 'rvq_quantizer.layers.1._codebook.embed_avg': tensor([[[-4.5707e+00,  4.1117e+00,  1.9338e+00,  ...,  6.0243e-01,
           2.0961e+00, -1.0612e-02],
         [-1.6638e+01, -1.3785e+01, -4.4743e+00,  ...,  1.6393e+01,
           5.3638e+00,  1.4303e+00],
         [-1.4603e+01,  9.4854e-02, -1.1393e+01,  ...,  1.2205e+01,
           1.7984e+01,  1.6514e+01],
         ...,
         [-1.2298e+01, -5.4748e+00,  7.9356e+00,  ..., -1.5833e+01,
          -1.5661e+01,  3.2969e+00],
         [-7.7335e+00,  9.0716e+00, -5.8389e+00,  ...,  4.4352e+00,
           1.0300e+01,  6.8323e+00],
         [ 5.3351e-01,  3.7005e+00, -4.8350e+00,  ...,  4.5584e-01,
           1.3399e+00,  2.3388e+00]]]), 'rvq_quantizer.layers.1._codebook.embed': tensor([[[-1.3998e+00,  1.2593e+00,  5.9225e-01,  ...,  1.8450e-01,
           6.4196e-01, -3.2502e-03],
         [-7.9229e+00, -6.5641e+00, -2.1306e+00,  ...,  7.8061e+00,
           2.5542e+00,  6.8109e-01],
         [-5.8283e+00,  3.7857e-02, -4.5469e+00,  ...,  4.8713e+00,
           7.1778e+00,  6.5907e+00],
         ...,
         [-4.5711e+00, -2.0350e+00,  2.9497e+00,  ..., -5.8852e+00,
          -5.8214e+00,  1.2255e+00],
         [-2.5701e+00,  3.0149e+00, -1.9405e+00,  ...,  1.4740e+00,
           3.4230e+00,  2.2706e+00],
         [ 2.5037e-01,  1.7366e+00, -2.2690e+00,  ...,  2.1393e-01,
           6.2882e-01,  1.0976e+00]]]), 'rvq_quantizer.layers.2._codebook.initted': tensor([1.]), 'rvq_quantizer.layers.2._codebook.cluster_size': tensor([[2.8700, 3.1567, 2.8742,  ..., 4.1701, 2.4767, 2.3112]]), 'rvq_quantizer.layers.2._codebook.embed_avg': tensor([[[ -3.6105,  -3.4781,   0.9996,  ...,  -5.7122,   0.6431,   0.9309],
         [  7.8546, -18.8792, -14.6320,  ...,   0.8802,   2.6943,   3.7735],
         [  4.2032,  16.9670,   3.8709,  ..., -10.1039,  -5.9284,   6.2967],
         ...,
         [ -1.7936,   3.1559,   5.1006,  ...,   0.9698,   0.6231,  -1.4414],
         [  6.3376,   4.2203,   8.7190,  ...,  -3.0817,  -1.5704,  -0.9426],
         [  3.1021,  -1.1706,  -0.6586,  ...,   6.6274,   9.4625,   4.3367]]]), 'rvq_quantizer.layers.2._codebook.embed': tensor([[[-1.2580, -1.2119,  0.3483,  ..., -1.9903,  0.2241,  0.3244],
         [ 2.4882, -5.9807, -4.6352,  ...,  0.2788,  0.8535,  1.1954],
         [ 1.4624,  5.9033,  1.3468,  ..., -3.5154, -2.0626,  2.1908],
         ...,
         [-0.4301,  0.7568,  1.2232,  ...,  0.2326,  0.1494, -0.3457],
         [ 2.5589,  1.7040,  3.5204,  ..., -1.2443, -0.6341, -0.3806],
         [ 1.3422, -0.5065, -0.2850,  ...,  2.8675,  4.0942,  1.8764]]]), 'rvq_quantizer.layers.3._codebook.initted': tensor([1.]), 'rvq_quantizer.layers.3._codebook.cluster_size': tensor([[2.1000, 2.0000, 2.0000,  ..., 2.6271, 2.6746, 4.2016]]), 'rvq_quantizer.layers.3._codebook.embed_avg': tensor([[[ -3.5551,   3.4637,  -4.4626,  ...,  -0.1499,   1.4111,   1.0396],
         [  3.9375,  -4.1325,  -4.2111,  ...,  -2.5008,   3.2978,   0.6376],
         [  8.5032, -13.9506,   6.6839,  ...,   5.3363,  -6.2781,  -4.8383],
         ...,
         [ -6.4427,   3.8165,  -1.8504,  ...,   1.6813,   5.7003,   4.9962],
         [ -4.8017,  -4.7824,   4.0422,  ...,  -2.5221,  -1.7741,  -0.2136],
         [  0.0547,  -0.6812,  -6.4425,  ...,   0.5366,  -1.4877,   0.9079]]]), 'rvq_quantizer.layers.3._codebook.embed': tensor([[[-1.6929,  1.6494, -2.1250,  ..., -0.0714,  0.6719,  0.4951],
         [ 1.9688, -2.0663, -2.1055,  ..., -1.2504,  1.6489,  0.3188],
         [ 4.2516, -6.9753,  3.3420,  ...,  2.6681, -3.1390, -2.4191],
         ...,
         [-2.4523,  1.4527, -0.7043,  ...,  0.6400,  2.1698,  1.9018],
         [-1.7953, -1.7881,  1.5113,  ..., -0.9430, -0.6633, -0.0798],
         [ 0.0130, -0.1621, -1.5333,  ...,  0.1277, -0.3541,  0.2161]]])})
Loss:  tensor(7.8537, grad_fn=<MeanBackward0>)
OrderedDict({'rvq_quantizer.project_in.weight': tensor([[ 0.2816, -0.2221, -0.3326,  ...,  0.2291,  0.2689,  0.2159],
        [-0.4006, -0.0822,  0.3354,  ..., -0.0100, -0.0625, -0.1729],
        [ 0.0547, -0.1189, -0.1064,  ...,  0.0488,  0.0766,  0.0846],
        ...,
        [-0.3741,  0.3588,  0.3727,  ..., -0.3010, -0.3303, -0.3763],
        [-0.3545,  0.3346,  0.3811,  ..., -0.3458, -0.3324, -0.3644],
        [-0.3390,  0.3132,  0.2893,  ..., -0.3037, -0.4244, -0.3933]]), 'rvq_quantizer.project_in.bias': tensor([-0.4917,  0.5051, -0.1524,  0.1742, -0.1046, -0.1708,  0.0481, -0.3871,
         0.0530, -0.5557, -0.1376, -0.1635, -0.5105, -0.2210,  0.4202, -0.2217,
        -0.0798,  0.3244,  0.2943,  0.4520,  0.3851,  0.5044, -0.4882,  0.5192,
        -0.2383, -0.4462,  0.1326,  0.4259,  0.2483,  0.5249,  0.5143,  0.5304]), 'rvq_quantizer.project_out.weight': tensor([[ 0.0863,  0.1175, -0.0987,  ..., -0.0436,  0.0902, -0.0665],
        [-0.0337,  0.0185,  0.1248,  ..., -0.1478, -0.1462, -0.0690],
        [ 0.1136,  0.0347, -0.1496,  ...,  0.1559,  0.1245, -0.1110],
        ...,
        [-0.0980,  0.0885, -0.1271,  ..., -0.0326,  0.1682, -0.0498],
        [-0.0419,  0.0095, -0.0684,  ...,  0.0084, -0.0638, -0.1158],
        [-0.0722,  0.0351, -0.0780,  ..., -0.1712,  0.1494, -0.0657]]), 'rvq_quantizer.project_out.bias': tensor([-0.0057, -0.1618, -0.0106, -0.1491,  0.1075, -0.1614, -0.1343,  0.1031,
         0.0111,  0.0539, -0.1584, -0.0913, -0.0218,  0.0136,  0.0118, -0.0675,
        -0.0649, -0.1732, -0.0018,  0.0052,  0.0404,  0.1226, -0.1440,  0.0450,
         0.1010,  0.1239,  0.1398, -0.0086, -0.0618,  0.0553,  0.1455,  0.1233,
        -0.1643,  0.0420, -0.1047,  0.1099, -0.0730, -0.0033,  0.0521, -0.1638,
         0.0447, -0.0199,  0.1100,  0.0143,  0.0467,  0.1464, -0.1500,  0.0397,
        -0.0979,  0.0147, -0.1461, -0.0785, -0.1591, -0.0969, -0.1011,  0.0893,
        -0.0945,  0.1582,  0.0263, -0.0766, -0.0984,  0.1358,  0.1505,  0.0912]), 'rvq_quantizer.layers.0._codebook.initted': tensor([1.]), 'rvq_quantizer.layers.0._codebook.cluster_size': tensor([[2.6212, 2.3814, 2.0000,  ..., 2.2710, 2.8234, 2.1512]]), 'rvq_quantizer.layers.0._codebook.embed_avg': tensor([[[-538.6601,  682.9027, -128.2811,  ...,  728.8087,  687.2429,
           682.2869],
         [-526.1260,  628.8290, -137.0658,  ...,  715.2808,  675.0263,
           672.5740],
         [-509.0370,  564.9005, -145.1902,  ...,  687.4875,  655.5192,
           644.2666],
         ...,
         [-483.3420,  647.1866, -100.7666,  ...,  644.4697,  612.7858,
           596.0240],
         [-593.7589,  792.8882, -122.5775,  ...,  791.0928,  749.6141,
           727.5627],
         [-384.4500,  411.1644, -139.9498,  ...,  527.0259,  490.9335,
           519.2940]]]), 'rvq_quantizer.layers.0._codebook.embed': tensor([[[-205.5018,  260.5312,  -48.9400,  ...,  278.0446,  262.1870,
           260.2962],
         [-220.9307,  264.0577,  -57.5567,  ...,  300.3606,  283.4569,
           282.4271],
         [-254.5182,  282.4499,  -72.5950,  ...,  343.7433,  327.7592,
           322.1329],
         ...,
         [-212.8321,  284.9785,  -44.3710,  ...,  283.7822,  269.8307,
           262.4499],
         [-210.2963,  280.8235,  -43.4143,  ...,  280.1876,  265.4968,
           257.6866],
         [-178.7123,  191.1306,  -65.0559,  ...,  244.9890,  228.2114,
           241.3949]]]), 'rvq_quantizer.layers.1._codebook.initted': tensor([1.]), 'rvq_quantizer.layers.1._codebook.cluster_size': tensor([[3.2386, 2.0000, 2.3550,  ..., 2.6213, 3.1081, 2.0178]]), 'rvq_quantizer.layers.1._codebook.embed_avg': tensor([[[ -4.7444,   3.7544,   1.4758,  ...,   0.9704,   2.2633,  -0.3567],
         [  0.4295,  12.8910,   6.6283,  ...,   2.6451,  -0.2877,  -1.6662],
         [-13.8068,  -0.4357, -10.8142,  ...,  11.6514,  16.8679,  16.0880],
         ...,
         [-12.3794,  -4.8270,   8.1552,  ..., -15.8249, -15.3206,   2.7710],
         [ -7.9439,   8.6965,  -6.3839,  ...,   4.3158,   9.6464,   7.3596],
         [  0.5685,   3.6125,  -5.0498,  ...,   0.3831,   1.4492,   2.2828]]]), 'rvq_quantizer.layers.1._codebook.embed': tensor([[[-1.4649,  1.1593,  0.4557,  ...,  0.2996,  0.6988, -0.1101],
         [ 0.2147,  6.4455,  3.3142,  ...,  1.3226, -0.1438, -0.8331],
         [-5.8627, -0.1850, -4.5920,  ...,  4.9475,  7.1625,  6.8314],
         ...,
         [-4.7227, -1.8415,  3.1112,  ..., -6.0371, -5.8447,  1.0571],
         [-2.5559,  2.7980, -2.0540,  ...,  1.3886,  3.1037,  2.3679],
         [ 0.2817,  1.7903, -2.5027,  ...,  0.1899,  0.7182,  1.1313]]]), 'rvq_quantizer.layers.2._codebook.initted': tensor([1.]), 'rvq_quantizer.layers.2._codebook.cluster_size': tensor([[3.1830, 3.2410, 2.7868,  ..., 4.0531, 2.2290, 2.2801]]), 'rvq_quantizer.layers.2._codebook.embed_avg': tensor([[[ -4.3331,  -2.3342,   0.2872,  ...,  -6.4774,   1.0519,   1.5974],
         [  7.5943, -19.7353, -16.8480,  ...,   0.6139,   3.0325,   4.4449],
         [  4.3343,  16.9890,   3.5871,  ...,  -9.6447,  -5.4916,   6.1216],
         ...,
         [ -1.4834,   3.2042,   4.6057,  ...,   0.7029,   0.5707,  -1.1643],
         [  5.7038,   3.7983,   7.8471,  ...,  -2.7736,  -1.4134,  -0.8483],
         [  2.8108,  -1.6917,  -0.5606,  ...,   6.8839,   9.4587,   4.2333]]]), 'rvq_quantizer.layers.2._codebook.embed': tensor([[[-1.3613, -0.7333,  0.0902,  ..., -2.0350,  0.3305,  0.5019],
         [ 2.3432, -6.0892, -5.1984,  ...,  0.1894,  0.9357,  1.3715],
         [ 1.5553,  6.0963,  1.2872,  ..., -3.4609, -1.9706,  2.1967],
         ...,
         [-0.3660,  0.7906,  1.1363,  ...,  0.1734,  0.1408, -0.2873],
         [ 2.5589,  1.7040,  3.5204,  ..., -1.2443, -0.6341, -0.3806],
         [ 1.2327, -0.7419, -0.2459,  ...,  3.0192,  4.1484,  1.8567]]]), 'rvq_quantizer.layers.3._codebook.initted': tensor([1.]), 'rvq_quantizer.layers.3._codebook.cluster_size': tensor([[2.0000, 2.3000, 2.0000,  ..., 2.6644, 2.6072, 4.3815]]), 'rvq_quantizer.layers.3._codebook.embed_avg': tensor([[[-2.7422, -4.4068, -5.2856,  ...,  0.9211, -6.3529, -2.2313],
         [ 4.8440, -4.4442, -5.0597,  ..., -2.5450,  3.1574, -0.2742],
         [-0.0576, -0.7936, -2.4000,  ...,  1.9053,  1.1524, -0.2228],
         ...,
         [-6.6816,  3.4769, -2.2553,  ...,  1.7824,  5.2602,  4.4336],
         [-4.8076, -4.7498,  3.9677,  ..., -2.4773, -1.3372,  0.1484],
         [ 0.2936, -0.8713, -6.8371,  ...,  1.4946, -1.5211,  0.5518]]]), 'rvq_quantizer.layers.3._codebook.embed': tensor([[[-1.3711, -2.2034, -2.6428,  ...,  0.4605, -3.1764, -1.1157],
         [ 2.1061, -1.9322, -2.1999,  ..., -1.1065,  1.3728, -0.1192],
         [-0.0288, -0.3968, -1.2000,  ...,  0.9527,  0.5762, -0.1114],
         ...,
         [-2.5077,  1.3049, -0.8464,  ...,  0.6690,  1.9742,  1.6640],
         [-1.8440, -1.8218,  1.5219,  ..., -0.9502, -0.5129,  0.0569],
         [ 0.0670, -0.1989, -1.5605,  ...,  0.3411, -0.3472,  0.1259]]])})
Loss:  tensor(7.7731, grad_fn=<MeanBackward0>)
OrderedDict({'rvq_quantizer.project_in.weight': tensor([[ 0.2852, -0.2209, -0.3385,  ...,  0.2287,  0.2684,  0.2164],
        [-0.4039, -0.0805,  0.3363,  ..., -0.0100, -0.0592, -0.1746],
        [ 0.0559, -0.1189, -0.1104,  ...,  0.0461,  0.0782,  0.0860],
        ...,
        [-0.3786,  0.3611,  0.3795,  ..., -0.2994, -0.3288, -0.3763],
        [-0.3589,  0.3333,  0.3876,  ..., -0.3430, -0.3310, -0.3643],
        [-0.3429,  0.3133,  0.2964,  ..., -0.3033, -0.4240, -0.3942]]), 'rvq_quantizer.project_in.bias': tensor([-0.4946,  0.5085, -0.1533,  0.1746, -0.1053, -0.1714,  0.0486, -0.3894,
         0.0529, -0.5596, -0.1380, -0.1651, -0.5136, -0.2225,  0.4231, -0.2234,
        -0.0796,  0.3268,  0.2955,  0.4544,  0.3893,  0.5088, -0.4917,  0.5230,
        -0.2405, -0.4501,  0.1328,  0.4298,  0.2502,  0.5289,  0.5183,  0.5336]), 'rvq_quantizer.project_out.weight': tensor([[ 0.0863,  0.1175, -0.0987,  ..., -0.0436,  0.0902, -0.0665],
        [-0.0337,  0.0185,  0.1248,  ..., -0.1478, -0.1462, -0.0690],
        [ 0.1136,  0.0347, -0.1496,  ...,  0.1559,  0.1245, -0.1110],
        ...,
        [-0.0980,  0.0885, -0.1271,  ..., -0.0326,  0.1682, -0.0498],
        [-0.0419,  0.0095, -0.0684,  ...,  0.0084, -0.0638, -0.1158],
        [-0.0722,  0.0351, -0.0780,  ..., -0.1712,  0.1494, -0.0657]]), 'rvq_quantizer.project_out.bias': tensor([-0.0057, -0.1618, -0.0106, -0.1491,  0.1075, -0.1614, -0.1343,  0.1031,
         0.0111,  0.0539, -0.1584, -0.0913, -0.0218,  0.0136,  0.0118, -0.0675,
        -0.0649, -0.1732, -0.0018,  0.0052,  0.0404,  0.1226, -0.1440,  0.0450,
         0.1010,  0.1239,  0.1398, -0.0086, -0.0618,  0.0553,  0.1455,  0.1233,
        -0.1643,  0.0420, -0.1047,  0.1099, -0.0730, -0.0033,  0.0521, -0.1638,
         0.0447, -0.0199,  0.1100,  0.0143,  0.0467,  0.1464, -0.1500,  0.0397,
        -0.0979,  0.0147, -0.1461, -0.0785, -0.1591, -0.0969, -0.1011,  0.0893,
        -0.0945,  0.1582,  0.0263, -0.0766, -0.0984,  0.1358,  0.1505,  0.0912]), 'rvq_quantizer.layers.0._codebook.initted': tensor([1.]), 'rvq_quantizer.layers.0._codebook.cluster_size': tensor([[2.3591, 2.1433, 2.0000,  ..., 2.4439, 2.7411, 2.0000]]), 'rvq_quantizer.layers.0._codebook.embed_avg': tensor([[[-484.7941,  614.6124, -115.4530,  ...,  655.9279,  618.5186,
           614.0582],
         [-473.5134,  565.9461, -123.3593,  ...,  643.7527,  607.5237,
           605.3166],
         [-388.6955,  371.9196, -147.4715,  ...,  513.0235,  491.0109,
           535.2449],
         ...,
         [-520.7315,  696.8110, -109.5047,  ...,  693.8054,  660.0469,
           640.9062],
         [-575.8563,  769.6091, -119.4144,  ...,  767.5256,  727.7365,
           706.2297],
         [-469.8284,  590.1401, -112.8620,  ...,  619.3350,  592.1722,
           574.6498]]]), 'rvq_quantizer.layers.0._codebook.embed': tensor([[[-205.5017,  260.5310,  -48.9399,  ...,  278.0444,  262.1868,
           260.2961],
         [-220.9306,  264.0576,  -57.5566,  ...,  300.3604,  283.4568,
           282.4270],
         [-194.3478,  185.9598,  -73.7358,  ...,  256.5117,  245.5055,
           267.6224],
         ...,
         [-213.0739,  285.1224,  -44.8073,  ...,  283.8926,  270.0792,
           262.2472],
         [-210.0825,  280.7669,  -43.5645,  ...,  280.0068,  265.4911,
           257.6450],
         [-234.9142,  295.0700,  -56.4310,  ...,  309.6675,  296.0861,
           287.3249]]]), 'rvq_quantizer.layers.1._codebook.initted': tensor([1.]), 'rvq_quantizer.layers.1._codebook.cluster_size': tensor([[2.9147, 2.0000, 2.2195,  ..., 2.8591, 3.0973, 2.1160]]), 'rvq_quantizer.layers.1._codebook.embed_avg': tensor([[[ -4.2700,   3.3789,   1.3282,  ...,   0.8733,   2.0370,  -0.3210],
         [-11.0599,  -1.1819,   5.1642,  ...,   4.3644, -16.0612,  -6.4773],
         [-12.9249,  -0.5614, -10.2077,  ...,  10.8054,  15.7816,  15.4164],
         ...,
         [-14.6277,  -6.2609,   7.3769,  ..., -17.6255, -17.1603,   3.1068],
         [ -8.0584,   8.7305,  -6.0840,  ...,   4.0164,   9.4732,   7.5077],
         [  0.0288,   3.8251,  -5.6187,  ...,   0.3601,   1.6389,   2.0125]]]), 'rvq_quantizer.layers.1._codebook.embed': tensor([[[-1.4649,  1.1593,  0.4557,  ...,  0.2996,  0.6988, -0.1101],
         [-5.5300, -0.5910,  2.5821,  ...,  2.1822, -8.0306, -3.2386],
         [-5.8233, -0.2530, -4.5990,  ...,  4.8683,  7.1103,  6.9458],
         ...,
         [-5.1161, -2.1898,  2.5801,  ..., -6.1646, -6.0019,  1.0866],
         [-2.6018,  2.8188, -1.9643,  ...,  1.2968,  3.0586,  2.4240],
         [ 0.0136,  1.8077, -2.6553,  ...,  0.1702,  0.7745,  0.9511]]]), 'rvq_quantizer.layers.2._codebook.initted': tensor([1.]), 'rvq_quantizer.layers.2._codebook.cluster_size': tensor([[3.1647, 3.4169, 2.9081,  ..., 3.9478, 2.0061, 2.3521]]), 'rvq_quantizer.layers.2._codebook.embed_avg': tensor([[[ -4.3573,  -1.6577,  -0.2552,  ...,  -6.8779,   0.4734,   1.6241],
         [  7.3035, -20.1125, -19.2403,  ...,   0.8529,   3.6979,   4.4329],
         [  4.2201,  19.0312,   3.3240,  ..., -10.9371,  -5.9785,   6.4602],
         ...,
         [ -1.6778,   3.1430,   4.7103,  ...,   0.8087,   0.3970,  -1.4135],
         [  5.1334,   3.4184,   7.0624,  ...,  -2.4962,  -1.2720,  -0.7635],
         [  2.3134,  -1.9344,  -0.9332,  ...,   7.3206,  10.2405,   4.1310]]]), 'rvq_quantizer.layers.2._codebook.embed': tensor([[[-1.3768, -0.5238, -0.0806,  ..., -2.1733,  0.1496,  0.5132],
         [ 2.1374, -5.8861, -5.6309,  ...,  0.2496,  1.0822,  1.2973],
         [ 1.4512,  6.5442,  1.1430,  ..., -3.7609, -2.0558,  2.2215],
         ...,
         [-0.4250,  0.7961,  1.1932,  ...,  0.2049,  0.1006, -0.3581],
         [ 2.5589,  1.7040,  3.5204,  ..., -1.2443, -0.6341, -0.3806],
         [ 0.9836, -0.8224, -0.3968,  ...,  3.1124,  4.3538,  1.7563]]]), 'rvq_quantizer.layers.3._codebook.initted': tensor([1.]), 'rvq_quantizer.layers.3._codebook.cluster_size': tensor([[2.0000, 2.1700, 2.0000,  ..., 2.6980, 2.6464, 4.2433]]), 'rvq_quantizer.layers.3._codebook.embed_avg': tensor([[[ 0.1745,  0.6855,  1.0060,  ...,  0.6127,  0.4552,  0.5700],
         [ 5.2215, -4.2572, -4.6887,  ..., -2.2410,  3.3622, -0.6793],
         [-0.1571, -0.6760, -2.2605,  ...,  2.0203,  1.2812, -0.0689],
         ...,
         [-6.8567,  3.3878, -2.7353,  ...,  2.0265,  5.4059,  4.8254],
         [-5.0696, -4.6604,  4.2802,  ..., -2.4683, -1.6624, -0.6096],
         [ 0.2212, -1.1035, -6.6143,  ...,  1.3217, -2.0894, -0.0575]]]), 'rvq_quantizer.layers.3._codebook.embed': tensor([[[ 0.0873,  0.3428,  0.5030,  ...,  0.3063,  0.2276,  0.2850],
         [ 2.4062, -1.9618, -2.1607,  ..., -1.0327,  1.5494, -0.3130],
         [-0.0785, -0.3380, -1.1303,  ...,  1.0102,  0.6406, -0.0344],
         ...,
         [-2.5414,  1.2557, -1.0138,  ...,  0.7511,  2.0037,  1.7885],
         [-1.9156, -1.7610,  1.6174,  ..., -0.9327, -0.6282, -0.2304],
         [ 0.0521, -0.2600, -1.5588,  ...,  0.3115, -0.4924, -0.0136]]])})
Loss:  tensor(7.8150, grad_fn=<MeanBackward0>)
OrderedDict({'rvq_quantizer.project_in.weight': tensor([[ 0.2886, -0.2199, -0.3443,  ...,  0.2281,  0.2678,  0.2166],
        [-0.4072, -0.0783,  0.3370,  ..., -0.0099, -0.0558, -0.1762],
        [ 0.0560, -0.1180, -0.1144,  ...,  0.0429,  0.0791,  0.0867],
        ...,
        [-0.3830,  0.3633,  0.3862,  ..., -0.2975, -0.3270, -0.3760],
        [-0.3633,  0.3319,  0.3941,  ..., -0.3399, -0.3293, -0.3641],
        [-0.3467,  0.3133,  0.3035,  ..., -0.3028, -0.4234, -0.3950]]), 'rvq_quantizer.project_in.bias': tensor([-0.4973,  0.5117, -0.1532,  0.1749, -0.1060, -0.1721,  0.0491, -0.3916,
         0.0529, -0.5633, -0.1384, -0.1666, -0.5166, -0.2241,  0.4258, -0.2249,
        -0.0790,  0.3292,  0.2965,  0.4566,  0.3934,  0.5132, -0.4952,  0.5266,
        -0.2426, -0.4540,  0.1330,  0.4337,  0.2520,  0.5328,  0.5223,  0.5368]), 'rvq_quantizer.project_out.weight': tensor([[ 0.0863,  0.1175, -0.0987,  ..., -0.0436,  0.0902, -0.0665],
        [-0.0337,  0.0185,  0.1248,  ..., -0.1478, -0.1462, -0.0690],
        [ 0.1136,  0.0347, -0.1496,  ...,  0.1559,  0.1245, -0.1110],
        ...,
        [-0.0980,  0.0885, -0.1271,  ..., -0.0326,  0.1682, -0.0498],
        [-0.0419,  0.0095, -0.0684,  ...,  0.0084, -0.0638, -0.1158],
        [-0.0722,  0.0351, -0.0780,  ..., -0.1712,  0.1494, -0.0657]]), 'rvq_quantizer.project_out.bias': tensor([-0.0057, -0.1618, -0.0106, -0.1491,  0.1075, -0.1614, -0.1343,  0.1031,
         0.0111,  0.0539, -0.1584, -0.0913, -0.0218,  0.0136,  0.0118, -0.0675,
        -0.0649, -0.1732, -0.0018,  0.0052,  0.0404,  0.1226, -0.1440,  0.0450,
         0.1010,  0.1239,  0.1398, -0.0086, -0.0618,  0.0553,  0.1455,  0.1233,
        -0.1643,  0.0420, -0.1047,  0.1099, -0.0730, -0.0033,  0.0521, -0.1638,
         0.0447, -0.0199,  0.1100,  0.0143,  0.0467,  0.1464, -0.1500,  0.0397,
        -0.0979,  0.0147, -0.1461, -0.0785, -0.1591, -0.0969, -0.1011,  0.0893,
        -0.0945,  0.1582,  0.0263, -0.0766, -0.0984,  0.1358,  0.1505,  0.0912]), 'rvq_quantizer.layers.0._codebook.initted': tensor([1.]), 'rvq_quantizer.layers.0._codebook.cluster_size': tensor([[2.1232, 2.0000, 2.0000,  ..., 2.4995, 2.6670, 2.0000]]), 'rvq_quantizer.layers.0._codebook.embed_avg': tensor([[[-436.3147,  553.1512, -103.9077,  ...,  590.3351,  556.6667,
           552.6524],
         [-399.3972,  440.2461, -122.2168,  ...,  549.8306,  518.5615,
           528.3693],
         [-388.5646,  371.0951, -147.3141,  ...,  513.7139,  490.4930,
           535.8430],
         ...,
         [-533.1337,  713.5813, -112.4522,  ...,  710.1341,  675.6838,
           655.6639],
         [-560.1932,  749.5529, -116.9716,  ...,  746.2883,  708.1023,
           687.3312],
         [-469.8517,  590.4774, -113.1240,  ...,  619.8076,  592.5779,
           574.9018]]]), 'rvq_quantizer.layers.0._codebook.embed': tensor([[[-205.5016,  260.5309,  -48.9399,  ...,  278.0443,  262.1867,
           260.2960],
         [-199.6986,  220.1230,  -61.1084,  ...,  274.9153,  259.2807,
           264.1846],
         [-194.2820,  185.5473,  -73.6570,  ...,  256.8566,  245.2462,
           267.9211],
         ...,
         [-213.2952,  285.4884,  -44.9897,  ...,  284.1092,  270.3264,
           262.3169],
         [-210.0472,  281.0486,  -43.8591,  ...,  279.8246,  265.5065,
           257.7183],
         [-234.9255,  295.2383,  -56.5620,  ...,  309.9034,  296.2885,
           287.4505]]]), 'rvq_quantizer.layers.1._codebook.initted': tensor([1.]), 'rvq_quantizer.layers.1._codebook.cluster_size': tensor([[2.7233, 2.0000, 2.0976,  ..., 2.9732, 2.8875, 2.0000]]), 'rvq_quantizer.layers.1._codebook.embed_avg': tensor([[[ -3.9424,   2.9675,   1.0978,  ...,   0.6759,   1.9815,  -0.3267],
         [  5.8047,   3.2821,  -5.9088,  ...,   6.5646,  10.4679,  -6.5892],
         [-12.1775,  -0.5908,  -9.6537,  ...,  10.1188,  14.8304,  14.8522],
         ...,
         [-15.8319,  -6.6892,   6.0739,  ..., -18.0330, -17.7742,   3.1306],
         [ -7.5747,   8.2388,  -5.7252,  ...,   3.5927,   8.5777,   7.0089],
         [ -1.9372,   3.7464,  -0.7361,  ...,   0.2054,  -2.8160,  11.6025]]]), 'rvq_quantizer.layers.1._codebook.embed': tensor([[[-1.4477,  1.0897,  0.4031,  ...,  0.2482,  0.7276, -0.1200],
         [ 2.9023,  1.6410, -2.9544,  ...,  3.2823,  5.2339, -3.2946],
         [-5.8056, -0.2816, -4.6023,  ...,  4.8241,  7.0703,  7.0807],
         ...,
         [-5.3248, -2.2498,  2.0429,  ..., -6.0651, -5.9781,  1.0529],
         [-2.6232,  2.8532, -1.9827,  ...,  1.2442,  2.9706,  2.4273],
         [-0.9686,  1.8732, -0.3680,  ...,  0.1027, -1.4080,  5.8013]]]), 'rvq_quantizer.layers.2._codebook.initted': tensor([1.]), 'rvq_quantizer.layers.2._codebook.cluster_size': tensor([[3.1482, 3.4752, 3.2173,  ..., 3.8530, 2.0000, 2.4169]]), 'rvq_quantizer.layers.2._codebook.embed_avg': tensor([[[ -3.9295,  -1.8004,   0.4296,  ...,  -7.1244,  -0.0775,   2.6543],
         [  6.9735, -20.7887, -19.6328,  ...,   1.4128,   3.6003,   4.8107],
         [  4.2480,  22.8377,   2.9559,  ..., -11.6603,  -6.1238,   7.2973],
         ...,
         [ -1.4493,   3.1359,   3.8063,  ...,   0.8164,   0.0974,  -1.6657],
         [  3.6977,  -1.7389,   1.6357,  ...,  -8.3618,  -3.9460,   3.7856],
         [  2.3747,  -1.9650,  -1.4100,  ...,   7.5910,  10.9107,   4.0554]]]), 'rvq_quantizer.layers.2._codebook.embed': tensor([[[-1.2481, -0.5719,  0.1365,  ..., -2.2630, -0.0246,  0.8431],
         [ 2.0066, -5.9820, -5.6494,  ...,  0.4065,  1.0360,  1.3843],
         [ 1.3204,  7.0985,  0.9188,  ..., -3.6243, -1.9034,  2.2682],
         ...,
         [-0.3762,  0.8139,  0.9879,  ...,  0.2119,  0.0253, -0.4323],
         [ 1.8488, -0.8694,  0.8179,  ..., -4.1809, -1.9730,  1.8928],
         [ 0.9826, -0.8130, -0.5834,  ...,  3.1408,  4.5144,  1.6780]]]), 'rvq_quantizer.layers.3._codebook.initted': tensor([1.]), 'rvq_quantizer.layers.3._codebook.cluster_size': tensor([[2.4000, 2.0530, 2.0000,  ..., 2.6282, 2.6818, 3.9190]]), 'rvq_quantizer.layers.3._codebook.embed_avg': tensor([[[ 0.2404,  0.9414,  1.5774,  ...,  0.7693,  0.6834,  0.6564],
         [ 5.2402, -3.9033, -3.8087,  ..., -2.1050,  3.3083, -0.7007],
         [-0.0396, -0.6952, -2.1117,  ...,  1.9111,  1.4006,  0.0322],
         ...,
         [-6.7753,  3.0269, -2.9954,  ...,  2.1701,  4.5900,  4.1571],
         [-5.7649, -4.9080,  4.7378,  ..., -2.2629, -2.0744, -1.2235],
         [ 0.4983, -1.2391, -6.1496,  ...,  1.3493, -1.8304, -0.3591]]]), 'rvq_quantizer.layers.3._codebook.embed': tensor([[[ 0.1002,  0.3923,  0.6572,  ...,  0.3205,  0.2848,  0.2735],
         [ 2.5525, -1.9013, -1.8552,  ..., -1.0253,  1.6115, -0.3413],
         [-0.0198, -0.3476, -1.0558,  ...,  0.9555,  0.7003,  0.0161],
         ...,
         [-2.5779,  1.1517, -1.1397,  ...,  0.8257,  1.7464,  1.5817],
         [-2.1496, -1.8301,  1.7667,  ..., -0.8438, -0.7735, -0.4562],
         [ 0.1271, -0.3162, -1.5692,  ...,  0.3443, -0.4671, -0.0916]]])})
Loss:  tensor(7.5472, grad_fn=<MeanBackward0>)
OrderedDict({'rvq_quantizer.project_in.weight': tensor([[ 0.2920, -0.2191, -0.3500,  ...,  0.2274,  0.2669,  0.2168],
        [-0.4103, -0.0757,  0.3375,  ..., -0.0096, -0.0522, -0.1775],
        [ 0.0553, -0.1162, -0.1185,  ...,  0.0392,  0.0793,  0.0867],
        ...,
        [-0.3874,  0.3654,  0.3928,  ..., -0.2955, -0.3250, -0.3756],
        [-0.3676,  0.3303,  0.4005,  ..., -0.3367, -0.3275, -0.3636],
        [-0.3504,  0.3132,  0.3106,  ..., -0.3020, -0.4226, -0.3956]]), 'rvq_quantizer.project_in.bias': tensor([-0.4999,  0.5147, -0.1524,  0.1751, -0.1067, -0.1730,  0.0496, -0.3937,
         0.0530, -0.5670, -0.1388, -0.1679, -0.5195, -0.2255,  0.4285, -0.2265,
        -0.0781,  0.3315,  0.2976,  0.4588,  0.3974,  0.5175, -0.4987,  0.5302,
        -0.2447, -0.4577,  0.1332,  0.4376,  0.2537,  0.5366,  0.5261,  0.5398]), 'rvq_quantizer.project_out.weight': tensor([[ 0.0863,  0.1175, -0.0987,  ..., -0.0436,  0.0902, -0.0665],
        [-0.0337,  0.0185,  0.1248,  ..., -0.1478, -0.1462, -0.0690],
        [ 0.1136,  0.0347, -0.1496,  ...,  0.1559,  0.1245, -0.1110],
        ...,
        [-0.0980,  0.0885, -0.1271,  ..., -0.0326,  0.1682, -0.0498],
        [-0.0419,  0.0095, -0.0684,  ...,  0.0084, -0.0638, -0.1158],
        [-0.0722,  0.0351, -0.0780,  ..., -0.1712,  0.1494, -0.0657]]), 'rvq_quantizer.project_out.bias': tensor([-0.0057, -0.1618, -0.0106, -0.1491,  0.1075, -0.1614, -0.1343,  0.1031,
         0.0111,  0.0539, -0.1584, -0.0913, -0.0218,  0.0136,  0.0118, -0.0675,
        -0.0649, -0.1732, -0.0018,  0.0052,  0.0404,  0.1226, -0.1440,  0.0450,
         0.1010,  0.1239,  0.1398, -0.0086, -0.0618,  0.0553,  0.1455,  0.1233,
        -0.1643,  0.0420, -0.1047,  0.1099, -0.0730, -0.0033,  0.0521, -0.1638,
         0.0447, -0.0199,  0.1100,  0.0143,  0.0467,  0.1464, -0.1500,  0.0397,
        -0.0979,  0.0147, -0.1461, -0.0785, -0.1591, -0.0969, -0.1011,  0.0893,
        -0.0945,  0.1582,  0.0263, -0.0766, -0.0984,  0.1358,  0.1505,  0.0912]), 'rvq_quantizer.layers.0._codebook.initted': tensor([1.]), 'rvq_quantizer.layers.0._codebook.cluster_size': tensor([[2.0000, 2.0000, 2.1000,  ..., 2.7496, 2.5003, 2.0000]]), 'rvq_quantizer.layers.0._codebook.embed_avg': tensor([[[-509.4458,  603.5067, -130.3269,  ...,  671.3340,  636.7913,
           633.3818],
         [-440.3225,  345.0258, -190.1906,  ...,  637.9185,  598.8915,
           639.8738],
         [-407.8009,  388.7721, -153.9375,  ...,  540.8209,  514.8527,
           563.2955],
         ...,
         [-586.0451,  786.3321, -124.1869,  ...,  780.5897,  743.1400,
           720.6058],
         [-525.0771,  703.2234, -109.7968,  ...,  699.4138,  664.1071,
           644.5952],
         [-436.4614,  258.0170, -218.4773,  ...,  615.0053,  576.2008,
           662.8806]]]), 'rvq_quantizer.layers.0._codebook.embed': tensor([[[-254.7229,  301.7533,  -65.1634,  ...,  335.6670,  318.3956,
           316.6909],
         [-220.1612,  172.5129,  -95.0953,  ...,  318.9593,  299.4458,
           319.9369],
         [-194.1907,  185.1294,  -73.3035,  ...,  257.5335,  245.1677,
           268.2357],
         ...,
         [-213.1415,  285.9848,  -45.1661,  ...,  283.8963,  270.2761,
           262.0805],
         [-210.0066,  281.2569,  -43.9136,  ...,  279.7332,  265.6122,
           257.8083],
         [-218.2307,  129.0085, -109.2387,  ...,  307.5027,  288.1004,
           331.4403]]]), 'rvq_quantizer.layers.1._codebook.initted': tensor([1.]), 'rvq_quantizer.layers.1._codebook.cluster_size': tensor([[2.6509, 2.0000, 2.0000,  ..., 2.9759, 2.6988, 2.0000]]), 'rvq_quantizer.layers.1._codebook.embed_avg': tensor([[[ -3.9580,   2.5678,   1.5374,  ...,   0.8732,   1.8767,  -0.5428],
         [  0.1387,   4.2171,  -4.3670,  ...,   2.6034,  10.1707,  -2.7581],
         [  8.4583,  13.0707,   3.8566,  ...,  -6.3486,  -6.7969,  -3.3055],
         ...,
         [-16.1913,  -5.8872,   5.7275,  ..., -18.2600, -18.0886,   2.3798],
         [ -6.9954,   7.7961,  -4.8749,  ...,   3.4913,   8.1514,   6.5557],
         [ -1.8760,  13.2052,  16.0383,  ...,   4.3531,   3.0994,  -5.0742]]]), 'rvq_quantizer.layers.1._codebook.embed': tensor([[[-1.4930,  0.9686,  0.5799,  ...,  0.3294,  0.7079, -0.2048],
         [ 0.0693,  2.1086, -2.1835,  ...,  1.3017,  5.0854, -1.3791],
         [ 4.2291,  6.5354,  1.9283,  ..., -3.1743, -3.3985, -1.6527],
         ...,
         [-5.4408, -1.9783,  1.9246,  ..., -6.1359, -6.0784,  0.7997],
         [-2.5920,  2.8887, -1.8063,  ...,  1.2937,  3.0204,  2.4291],
         [-0.9380,  6.6026,  8.0191,  ...,  2.1765,  1.5497, -2.5371]]]), 'rvq_quantizer.layers.2._codebook.initted': tensor([1.]), 'rvq_quantizer.layers.2._codebook.cluster_size': tensor([[2.8334, 3.3277, 3.1955,  ..., 3.9677, 2.0000, 2.5752]]), 'rvq_quantizer.layers.2._codebook.embed_avg': tensor([[[ -3.5365,  -1.6204,   0.3867,  ...,  -6.4119,  -0.0697,   2.3888],
         [  6.5790, -20.2195, -18.6179,  ...,   1.0345,   3.0206,   4.4221],
         [  4.6263,  22.5308,   2.9594,  ..., -10.8474,  -5.2413,   7.4134],
         ...,
         [ -1.3377,   3.3497,   4.0667,  ...,   1.1675,   0.1223,  -1.9258],
         [ -0.3313,   1.1050,   8.1548,  ...,  -3.6583,   1.0418,  -1.8203],
         [  2.2844,  -2.3363,  -1.4354,  ...,   7.8877,  11.3582,   4.2478]]]), 'rvq_quantizer.layers.2._codebook.embed': tensor([[[-1.2481, -0.5719,  0.1365,  ..., -2.2630, -0.0246,  0.8431],
         [ 1.9770, -6.0761, -5.5948,  ...,  0.3109,  0.9077,  1.3289],
         [ 1.4477,  7.0507,  0.9261,  ..., -3.3945, -1.6402,  2.3199],
         ...,
         [-0.3371,  0.8443,  1.0249,  ...,  0.2943,  0.0308, -0.4854],
         [-0.1657,  0.5525,  4.0774,  ..., -1.8291,  0.5209, -0.9102],
         [ 0.8871, -0.9072, -0.5574,  ...,  3.0630,  4.4106,  1.6495]]]), 'rvq_quantizer.layers.3._codebook.initted': tensor([1.]), 'rvq_quantizer.layers.3._codebook.cluster_size': tensor([[2.3600, 2.0000, 2.0000,  ..., 2.4654, 2.8136, 3.7271]]), 'rvq_quantizer.layers.3._codebook.embed_avg': tensor([[[ 0.1402,  0.8688,  1.5989,  ...,  0.6703,  0.6530,  0.5882],
         [ 0.4271, -1.8152,  0.6482,  ..., -0.0952,  4.1721, -4.3405],
         [ 3.2543,  5.3427, -0.0773,  ..., -3.2068, -0.0343, -0.8143],
         ...,
         [-6.3757,  3.0600, -2.6710,  ...,  1.8488,  4.3446,  3.5327],
         [-5.4071, -5.1424,  5.3671,  ..., -1.4970, -1.8438, -1.6220],
         [ 0.7390, -1.5208, -5.9701,  ...,  1.1618, -2.0411, -0.1936]]]), 'rvq_quantizer.layers.3._codebook.embed': tensor([[[ 0.0594,  0.3681,  0.6775,  ...,  0.2840,  0.2767,  0.2492],
         [ 0.2136, -0.9076,  0.3241,  ..., -0.0476,  2.0861, -2.1703],
         [ 1.6272,  2.6714, -0.0387,  ..., -1.6034, -0.0171, -0.4071],
         ...,
         [-2.5861,  1.2412, -1.0834,  ...,  0.7499,  1.7623,  1.4329],
         [-1.9218, -1.8277,  1.9076,  ..., -0.5321, -0.6553, -0.5765],
         [ 0.1983, -0.4080, -1.6018,  ...,  0.3117, -0.5476, -0.0520]]])})
Loss:  tensor(7.3353, grad_fn=<MeanBackward0>)
OrderedDict({'rvq_quantizer.project_in.weight': tensor([[ 0.2953, -0.2185, -0.3556,  ...,  0.2265,  0.2659,  0.2167],
        [-0.4133, -0.0728,  0.3379,  ..., -0.0087, -0.0483, -0.1784],
        [ 0.0541, -0.1138, -0.1224,  ...,  0.0352,  0.0791,  0.0863],
        ...,
        [-0.3917,  0.3674,  0.3994,  ..., -0.2931, -0.3228, -0.3749],
        [-0.3719,  0.3286,  0.4069,  ..., -0.3334, -0.3254, -0.3630],
        [-0.3541,  0.3131,  0.3175,  ..., -0.3012, -0.4216, -0.3960]]), 'rvq_quantizer.project_in.bias': tensor([-0.5025,  0.5176, -0.1512,  0.1753, -0.1075, -0.1739,  0.0501, -0.3958,
         0.0533, -0.5706, -0.1392, -0.1691, -0.5223, -0.2269,  0.4311, -0.2280,
        -0.0770,  0.3338,  0.2985,  0.4609,  0.4012,  0.5216, -0.5020,  0.5336,
        -0.2466, -0.4614,  0.1334,  0.4413,  0.2553,  0.5403,  0.5299,  0.5428]), 'rvq_quantizer.project_out.weight': tensor([[ 0.0863,  0.1175, -0.0987,  ..., -0.0436,  0.0902, -0.0665],
        [-0.0337,  0.0185,  0.1248,  ..., -0.1478, -0.1462, -0.0690],
        [ 0.1136,  0.0347, -0.1496,  ...,  0.1559,  0.1245, -0.1110],
        ...,
        [-0.0980,  0.0885, -0.1271,  ..., -0.0326,  0.1682, -0.0498],
        [-0.0419,  0.0095, -0.0684,  ...,  0.0084, -0.0638, -0.1158],
        [-0.0722,  0.0351, -0.0780,  ..., -0.1712,  0.1494, -0.0657]]), 'rvq_quantizer.project_out.bias': tensor([-0.0057, -0.1618, -0.0106, -0.1491,  0.1075, -0.1614, -0.1343,  0.1031,
         0.0111,  0.0539, -0.1584, -0.0913, -0.0218,  0.0136,  0.0118, -0.0675,
        -0.0649, -0.1732, -0.0018,  0.0052,  0.0404,  0.1226, -0.1440,  0.0450,
         0.1010,  0.1239,  0.1398, -0.0086, -0.0618,  0.0553,  0.1455,  0.1233,
        -0.1643,  0.0420, -0.1047,  0.1099, -0.0730, -0.0033,  0.0521, -0.1638,
         0.0447, -0.0199,  0.1100,  0.0143,  0.0467,  0.1464, -0.1500,  0.0397,
        -0.0979,  0.0147, -0.1461, -0.0785, -0.1591, -0.0969, -0.1011,  0.0893,
        -0.0945,  0.1582,  0.0263, -0.0766, -0.0984,  0.1358,  0.1505,  0.0912]), 'rvq_quantizer.layers.0._codebook.initted': tensor([1.]), 'rvq_quantizer.layers.0._codebook.cluster_size': tensor([[2.0000, 2.0000, 2.2900,  ..., 2.8746, 2.2503, 2.0000]]), 'rvq_quantizer.layers.0._codebook.embed_avg': tensor([[[-532.6500,  359.2483, -220.5074,  ...,  734.9927,  660.2882,
           750.0704],
         [-552.5554,  592.5689, -163.9434,  ...,  746.2150,  698.9348,
           700.9501],
         [-444.9117,  424.0762, -167.2433,  ...,  591.0194,  560.4267,
           615.0570],
         ...,
         [-612.5737,  823.7951, -129.9347,  ...,  815.9371,  777.3492,
           753.3121],
         [-472.5694,  632.9011,  -98.8171,  ...,  629.4724,  597.6964,
           580.1356],
         [-512.4313,  571.4393, -124.3727,  ...,  678.4508,  637.6799,
           619.5281]]]), 'rvq_quantizer.layers.0._codebook.embed': tensor([[[-266.3250,  179.6242, -110.2537,  ...,  367.4964,  330.1441,
           375.0352],
         [-276.2777,  296.2845,  -81.9717,  ...,  373.1075,  349.4674,
           350.4750],
         [-194.2845,  185.1860,  -73.0320,  ...,  258.0869,  244.7276,
           268.5836],
         ...,
         [-213.0986,  286.5771,  -45.2009,  ...,  283.8434,  270.4197,
           262.0578],
         [-210.0065,  281.2568,  -43.9136,  ...,  279.7331,  265.6121,
           257.8082],
         [-256.2156,  285.7197,  -62.1864,  ...,  339.2254,  318.8400,
           309.7640]]]), 'rvq_quantizer.layers.1._codebook.initted': tensor([1.]), 'rvq_quantizer.layers.1._codebook.cluster_size': tensor([[2.7859, 2.0000, 2.0000,  ..., 2.7783, 2.8289, 2.0000]]), 'rvq_quantizer.layers.1._codebook.embed_avg': tensor([[[ -4.7052,   3.2658,   1.4366,  ...,   0.9374,   1.4944,  -1.1006],
         [-17.8433,   9.2871, -16.7878,  ...,  -9.0526,   0.7374,   5.3161],
         [  8.6952,  13.6235,   3.9566,  ...,  -6.7693,  -6.8917,  -3.6912],
         ...,
         [-15.3141,  -5.4043,   5.1528,  ..., -17.0772, -17.1101,   2.7152],
         [ -7.6326,   8.8912,  -4.0849,  ...,   2.9467,   8.0479,   6.4883],
         [ -4.4203,   2.9270,   3.5282,  ...,   2.2202,  -2.9980,  -4.6687]]]), 'rvq_quantizer.layers.1._codebook.embed': tensor([[[-1.6890,  1.1723,  0.5157,  ...,  0.3365,  0.5364, -0.3951],
         [-8.9217,  4.6435, -8.3939,  ..., -4.5263,  0.3687,  2.6581],
         [ 4.3476,  6.8117,  1.9783,  ..., -3.3846, -3.4458, -1.8456],
         ...,
         [-5.5120, -1.9452,  1.8546,  ..., -6.1466, -6.1584,  0.9773],
         [-2.6981,  3.1430, -1.4440,  ...,  1.0417,  2.8449,  2.2936],
         [-2.2101,  1.4635,  1.7641,  ...,  1.1101, -1.4990, -2.3344]]]), 'rvq_quantizer.layers.2._codebook.initted': tensor([1.]), 'rvq_quantizer.layers.2._codebook.cluster_size': tensor([[2.5501, 3.3949, 3.1760,  ..., 3.9709, 2.0000, 2.7177]]), 'rvq_quantizer.layers.2._codebook.embed_avg': tensor([[[ -3.1829,  -1.4584,   0.3480,  ...,  -5.7707,  -0.0628,   2.1500],
         [  6.4439, -19.8641, -18.7793,  ...,   0.9347,   2.6392,   4.2431],
         [  4.2358,  23.2308,   2.8717,  ..., -11.0890,  -3.8567,   8.2859],
         ...,
         [ -1.3741,   3.3016,   4.2541,  ...,   1.3064,   0.3166,  -1.9710],
         [  0.6106,   0.2602,   1.3602,  ...,   0.2355,  -0.4068,  -0.6358],
         [  2.1530,  -2.3618,  -1.0665,  ...,   8.6785,  12.0163,   4.4016]]]), 'rvq_quantizer.layers.2._codebook.embed': tensor([[[-1.2481, -0.5719,  0.1365,  ..., -2.2630, -0.0246,  0.8431],
         [ 1.8981, -5.8511, -5.5316,  ...,  0.2753,  0.7774,  1.2498],
         [ 1.3337,  7.3145,  0.9042,  ..., -3.4915, -1.2143,  2.6089],
         ...,
         [-0.3460,  0.8314,  1.0713,  ...,  0.3290,  0.0797, -0.4963],
         [ 0.3053,  0.1301,  0.6801,  ...,  0.1177, -0.2034, -0.3179],
         [ 0.7922, -0.8691, -0.3924,  ...,  3.1934,  4.4216,  1.6196]]]), 'rvq_quantizer.layers.3._codebook.initted': tensor([1.]), 'rvq_quantizer.layers.3._codebook.cluster_size': tensor([[2.1240, 2.0000, 2.1000,  ..., 2.4188, 2.7323, 3.4544]]), 'rvq_quantizer.layers.3._codebook.embed_avg': tensor([[[ 0.1261,  0.7819,  1.4390,  ...,  0.6032,  0.5877,  0.5294],
         [ 5.2546,  6.6656, -1.3691,  ..., -0.6220, -0.5306,  0.0774],
         [ 3.3088,  6.3977,  0.9940,  ..., -3.1973, -0.0714, -1.0049],
         ...,
         [-6.1611,  3.2679, -2.8371,  ...,  1.6087,  3.6911,  3.3242],
         [-5.4429, -4.9855,  5.5309,  ..., -1.4580, -1.3631, -1.1551],
         [ 1.1602, -1.3169, -5.3418,  ...,  1.4345, -1.7277,  0.0461]]]), 'rvq_quantizer.layers.3._codebook.embed': tensor([[[ 0.0594,  0.3681,  0.6775,  ...,  0.2840,  0.2767,  0.2492],
         [ 2.6273,  3.3328, -0.6846,  ..., -0.3110, -0.2653,  0.0387],
         [ 1.5756,  3.0465,  0.4733,  ..., -1.5225, -0.0340, -0.4785],
         ...,
         [-2.5471,  1.3510, -1.1729,  ...,  0.6651,  1.5260,  1.3743],
         [-1.9921, -1.8247,  2.0243,  ..., -0.5336, -0.4989, -0.4227],
         [ 0.3359, -0.3812, -1.5464,  ...,  0.4153, -0.5002,  0.0134]]])})
Loss:  tensor(7.3882, grad_fn=<MeanBackward0>)
OrderedDict({'rvq_quantizer.project_in.weight': tensor([[ 0.3018, -0.2179, -0.3665,  ...,  0.2243,  0.2635,  0.2163],
        [-0.4188, -0.0667,  0.3383,  ..., -0.0051, -0.0393, -0.1787],
        [ 0.0532, -0.1091, -0.1290,  ...,  0.0284,  0.0799,  0.0864],
        ...,
        [-0.4000,  0.3712,  0.4125,  ..., -0.2879, -0.3177, -0.3729],
        [-0.3801,  0.3249,  0.4193,  ..., -0.3262, -0.3209, -0.3614],
        [-0.3613,  0.3129,  0.3312,  ..., -0.2989, -0.4191, -0.3965]]), 'rvq_quantizer.project_in.bias': tensor([-0.5073,  0.5228, -0.1503,  0.1757, -0.1092, -0.1758,  0.0511, -0.3999,
         0.0536, -0.5776, -0.1396, -0.1714, -0.5276, -0.2296,  0.4361, -0.2308,
        -0.0756,  0.3382,  0.3003,  0.4649,  0.4086,  0.5298, -0.5086,  0.5402,
        -0.2503, -0.4684,  0.1337,  0.4486,  0.2583,  0.5475,  0.5372,  0.5485]), 'rvq_quantizer.project_out.weight': tensor([[ 0.0863,  0.1175, -0.0987,  ..., -0.0436,  0.0902, -0.0665],
        [-0.0337,  0.0185,  0.1248,  ..., -0.1478, -0.1462, -0.0690],
        [ 0.1136,  0.0347, -0.1496,  ...,  0.1559,  0.1245, -0.1110],
        ...,
        [-0.0980,  0.0885, -0.1271,  ..., -0.0326,  0.1682, -0.0498],
        [-0.0419,  0.0095, -0.0684,  ...,  0.0084, -0.0638, -0.1158],
        [-0.0722,  0.0351, -0.0780,  ..., -0.1712,  0.1494, -0.0657]]), 'rvq_quantizer.project_out.bias': tensor([-0.0057, -0.1618, -0.0106, -0.1491,  0.1075, -0.1614, -0.1343,  0.1031,
         0.0111,  0.0539, -0.1584, -0.0913, -0.0218,  0.0136,  0.0118, -0.0675,
        -0.0649, -0.1732, -0.0018,  0.0052,  0.0404,  0.1226, -0.1440,  0.0450,
         0.1010,  0.1239,  0.1398, -0.0086, -0.0618,  0.0553,  0.1455,  0.1233,
        -0.1643,  0.0420, -0.1047,  0.1099, -0.0730, -0.0033,  0.0521, -0.1638,
         0.0447, -0.0199,  0.1100,  0.0143,  0.0467,  0.1464, -0.1500,  0.0397,
        -0.0979,  0.0147, -0.1461, -0.0785, -0.1591, -0.0969, -0.1011,  0.0893,
        -0.0945,  0.1582,  0.0263, -0.0766, -0.0984,  0.1358,  0.1505,  0.0912]), 'rvq_quantizer.layers.0._codebook.initted': tensor([1.]), 'rvq_quantizer.layers.0._codebook.cluster_size': tensor([[2.3000, 2.0000, 2.7149,  ..., 2.4184, 2.0000, 2.0000]]), 'rvq_quantizer.layers.0._codebook.embed_avg': tensor([[[-738.2520,  500.8411, -300.8760,  ..., 1010.9501,  925.8716,
          1035.2489],
         [-552.7634,  593.2258, -163.1533,  ...,  747.2177,  701.0152,
           702.4109],
         [-528.2271,  502.7650, -195.0527,  ...,  705.1141,  664.0239,
           731.4317],
         ...,
         [-515.3970,  693.3859, -109.1813,  ...,  686.4102,  654.2921,
           634.0351],
         [-635.3625,  535.7389, -222.3197,  ...,  879.2203,  808.7421,
           858.2883],
         [-390.9971,  175.0199, -217.7656,  ...,  557.6676,  508.6354,
           631.3544]]]), 'rvq_quantizer.layers.0._codebook.embed': tensor([[[-320.9789,  217.7569, -130.8156,  ...,  439.5432,  402.5526,
           450.1079],
         [-276.3813,  296.6125,  -81.5765,  ...,  373.6083,  350.5071,
           351.2050],
         [-194.5659,  185.1873,  -71.8453,  ...,  259.7201,  244.5850,
           269.4138],
         ...,
         [-213.1122,  286.7092,  -45.1455,  ...,  283.8247,  270.5442,
           262.1681],
         [-317.6813,  267.8694, -111.1598,  ...,  439.6101,  404.3710,
           429.1441],
         [-195.4983,   87.5098, -108.8827,  ...,  278.8334,  254.3174,
           315.6768]]]), 'rvq_quantizer.layers.1._codebook.initted': tensor([1.]), 'rvq_quantizer.layers.1._codebook.cluster_size': tensor([[3.3165, 2.0000, 2.5000,  ..., 2.4404, 2.7614, 2.0000]]), 'rvq_quantizer.layers.1._codebook.embed_avg': tensor([[[ -5.4643,   2.0898,   4.3470,  ...,   1.4037,   1.4924,  -2.0004],
         [  1.5638,  -2.5793,   1.6670,  ...,  -1.6711,   9.0799,  -3.4103],
         [ -5.6892,   4.4328,   2.0277,  ...,   7.2325,   7.2938,   6.6437],
         ...,
         [-13.5917,  -4.6182,   4.5847,  ..., -15.1646, -15.6654,   3.1406],
         [ -7.5281,   8.9883,  -2.3483,  ...,   2.3409,   8.2992,   6.5417],
         [ -5.4187,   3.2103,  -7.6699,  ...,  -0.8544,   9.9926,   7.0237]]]), 'rvq_quantizer.layers.1._codebook.embed': tensor([[[-1.6476,  0.6301,  1.3107,  ...,  0.4232,  0.4500, -0.6032],
         [ 0.7819, -1.2897,  0.8335,  ..., -0.8356,  4.5399, -1.7052],
         [-2.2757,  1.7731,  0.8111,  ...,  2.8930,  2.9175,  2.6575],
         ...,
         [-5.5694, -1.8924,  1.8786,  ..., -6.2139, -6.4191,  1.2869],
         [-2.7262,  3.2550, -0.8504,  ...,  0.8477,  3.0054,  2.3690],
         [-2.7094,  1.6051, -3.8349,  ..., -0.4272,  4.9963,  3.5119]]]), 'rvq_quantizer.layers.2._codebook.initted': tensor([1.]), 'rvq_quantizer.layers.2._codebook.cluster_size': tensor([[2.2556, 3.1299, 3.1526,  ..., 3.5864, 2.0000, 2.9613]]), 'rvq_quantizer.layers.2._codebook.embed_avg': tensor([[[ -3.3268,  -1.1960,   0.2602,  ...,  -5.6785,  -0.1554,   2.1711],
         [  6.3917, -18.9542, -16.8052,  ...,   0.3311,   2.2394,   3.7813],
         [  2.5332,  24.4294,   3.8979,  ...,  -9.6932,  -1.5554,   8.5028],
         ...,
         [ -1.1681,   3.2109,   4.6107,  ...,   1.1016,   0.4432,  -1.7395],
         [  3.7526,   8.0536,   3.4721,  ...,  -6.0760,  -1.4757,   2.0776],
         [  0.9210,  -2.6974,   0.2809,  ...,  10.1795,  12.8316,   5.2778]]]), 'rvq_quantizer.layers.2._codebook.embed': tensor([[[-1.4749, -0.5302,  0.1154,  ..., -2.5176, -0.0689,  0.9625],
         [ 2.0422, -6.0559, -5.3693,  ...,  0.1058,  0.7155,  1.2081],
         [ 0.8035,  7.7491,  1.2364,  ..., -3.0747, -0.4934,  2.6971],
         ...,
         [-0.3257,  0.8953,  1.2856,  ...,  0.3072,  0.1236, -0.4850],
         [ 1.8763,  4.0268,  1.7360,  ..., -3.0380, -0.7379,  1.0388],
         [ 0.3110, -0.9109,  0.0949,  ...,  3.4375,  4.3331,  1.7823]]]), 'rvq_quantizer.layers.3._codebook.initted': tensor([1.]), 'rvq_quantizer.layers.3._codebook.cluster_size': tensor([[2.0000, 2.0000, 2.1610,  ..., 2.0000, 2.4831, 2.8880]]), 'rvq_quantizer.layers.3._codebook.embed_avg': tensor([[[-0.9551,  1.0455,  4.9130,  ...,  4.2930, -7.5199, 11.8204],
         [ 0.6697,  1.7433,  0.2305,  ..., -8.8513, -0.6030,  5.6754],
         [ 3.5262,  6.8222,  1.4528,  ..., -3.2137, -0.5593, -1.3223],
         ...,
         [ 1.0631, -9.0151, -1.4858,  ...,  7.8560, -6.6831,  7.0919],
         [-4.8536, -4.5830,  5.4126,  ..., -0.9251, -1.1497, -1.3988],
         [ 1.0063, -1.1048, -4.2250,  ...,  1.0877, -1.2881, -0.0492]]]), 'rvq_quantizer.layers.3._codebook.embed': tensor([[[-0.4776,  0.5228,  2.4565,  ...,  2.1465, -3.7599,  5.9102],
         [ 0.3348,  0.8717,  0.1152,  ..., -4.4256, -0.3015,  2.8377],
         [ 1.6317,  3.1570,  0.6723,  ..., -1.4871, -0.2588, -0.6119],
         ...,
         [ 0.5316, -4.5075, -0.7429,  ...,  3.9280, -3.3416,  3.5459],
         [-1.9546, -1.8457,  2.1797,  ..., -0.3726, -0.4630, -0.5633],
         [ 0.3484, -0.3826, -1.4629,  ...,  0.3766, -0.4460, -0.0170]]])})
Loss:  tensor(7.3137, grad_fn=<MeanBackward0>)
OrderedDict({'rvq_quantizer.project_in.weight': tensor([[ 0.3049, -0.2179, -0.3718,  ...,  0.2230,  0.2621,  0.2158],
        [-0.4213, -0.0636,  0.3384,  ..., -0.0025, -0.0343, -0.1780],
        [ 0.0543, -0.1075, -0.1310,  ...,  0.0264,  0.0816,  0.0877],
        ...,
        [-0.4041,  0.3730,  0.4189,  ..., -0.2850, -0.3149, -0.3717],
        [-0.3841,  0.3229,  0.4255,  ..., -0.3224, -0.3185, -0.3604],
        [-0.3647,  0.3127,  0.3379,  ..., -0.2976, -0.4177, -0.3965]]), 'rvq_quantizer.project_in.bias': tensor([-0.5096,  0.5252, -0.1515,  0.1761, -0.1101, -0.1766,  0.0516, -0.4018,
         0.0535, -0.5809, -0.1396, -0.1724, -0.5302, -0.2308,  0.4384, -0.2322,
        -0.0757,  0.3402,  0.3013,  0.4668,  0.4122,  0.5338, -0.5118,  0.5433,
        -0.2520, -0.4719,  0.1337,  0.4522,  0.2597,  0.5510,  0.5407,  0.5513]), 'rvq_quantizer.project_out.weight': tensor([[ 0.0863,  0.1175, -0.0987,  ..., -0.0436,  0.0902, -0.0665],
        [-0.0337,  0.0185,  0.1248,  ..., -0.1478, -0.1462, -0.0690],
        [ 0.1136,  0.0347, -0.1496,  ...,  0.1559,  0.1245, -0.1110],
        ...,
        [-0.0980,  0.0885, -0.1271,  ..., -0.0326,  0.1682, -0.0498],
        [-0.0419,  0.0095, -0.0684,  ...,  0.0084, -0.0638, -0.1158],
        [-0.0722,  0.0351, -0.0780,  ..., -0.1712,  0.1494, -0.0657]]), 'rvq_quantizer.project_out.bias': tensor([-0.0057, -0.1618, -0.0106, -0.1491,  0.1075, -0.1614, -0.1343,  0.1031,
         0.0111,  0.0539, -0.1584, -0.0913, -0.0218,  0.0136,  0.0118, -0.0675,
        -0.0649, -0.1732, -0.0018,  0.0052,  0.0404,  0.1226, -0.1440,  0.0450,
         0.1010,  0.1239,  0.1398, -0.0086, -0.0618,  0.0553,  0.1455,  0.1233,
        -0.1643,  0.0420, -0.1047,  0.1099, -0.0730, -0.0033,  0.0521, -0.1638,
         0.0447, -0.0199,  0.1100,  0.0143,  0.0467,  0.1464, -0.1500,  0.0397,
        -0.0979,  0.0147, -0.1461, -0.0785, -0.1591, -0.0969, -0.1011,  0.0893,
        -0.0945,  0.1582,  0.0263, -0.0766, -0.0984,  0.1358,  0.1505,  0.0912]), 'rvq_quantizer.layers.0._codebook.initted': tensor([1.]), 'rvq_quantizer.layers.0._codebook.cluster_size': tensor([[2.4700, 2.0000, 2.9434,  ..., 2.1766, 2.0000, 2.0000]]), 'rvq_quantizer.layers.0._codebook.embed_avg': tensor([[[-793.1021,  536.0474, -323.2798,  ..., 1086.2478,  994.1517,
          1112.3699],
         [-344.2815,  382.7499, -115.1982,  ...,  474.7587,  440.2291,
           460.1125],
         [-572.0223,  544.0980, -209.2185,  ...,  768.1335,  722.5754,
           794.5198],
         ...,
         [-463.8573,  624.0473,  -98.2632,  ...,  617.7692,  588.8629,
           570.6316],
         [-524.0529,  615.6494, -124.4776,  ...,  697.0884,  665.1749,
           650.2891],
         [-390.3694,  174.1221, -217.3126,  ...,  556.4748,  507.3184,
           630.4446]]]), 'rvq_quantizer.layers.0._codebook.embed': tensor([[[-321.0938,  217.0232, -130.8825,  ...,  439.7763,  402.4904,
           450.3520],
         [-172.1407,  191.3750,  -57.5991,  ...,  237.3793,  220.1145,
           230.0562],
         [-194.3400,  184.8530,  -71.0803,  ...,  260.9673,  245.4893,
           269.9318],
         ...,
         [-213.1121,  286.7090,  -45.1455,  ...,  283.8246,  270.5441,
           262.1680],
         [-262.0265,  307.8247,  -62.2388,  ...,  348.5442,  332.5874,
           325.1445],
         [-195.1844,   87.0610, -108.6562,  ...,  278.2370,  253.6589,
           315.2219]]]), 'rvq_quantizer.layers.1._codebook.initted': tensor([1.]), 'rvq_quantizer.layers.1._codebook.cluster_size': tensor([[3.6849, 2.0000, 2.4500,  ..., 2.2964, 2.5853, 2.0000]]), 'rvq_quantizer.layers.1._codebook.embed_avg': tensor([[[ -6.1524,   1.8471,   5.3693,  ...,   1.7749,   1.2243,  -2.3735],
         [-10.3842,  -0.0377,   9.3766,  ...,   2.2691,   6.0915,  13.5013],
         [ -5.7021,   4.2962,   2.0450,  ...,   7.1884,   7.1772,   6.6181],
         ...,
         [-12.7359,  -4.3623,   4.4143,  ..., -14.4241, -15.1748,   3.2359],
         [ -7.0828,   8.5195,  -1.9254,  ...,   2.4071,   7.8888,   5.8564],
         [ -6.7507, -15.5739,   8.1055,  ...,  13.7966,  -9.7042,   4.8970]]]), 'rvq_quantizer.layers.1._codebook.embed': tensor([[[-1.6696,  0.5013,  1.4571,  ...,  0.4817,  0.3322, -0.6441],
         [-5.1921, -0.0189,  4.6883,  ...,  1.1346,  3.0457,  6.7506],
         [-2.3274,  1.7535,  0.8347,  ...,  2.9341,  2.9295,  2.7013],
         ...,
         [-5.5461, -1.8996,  1.9223,  ..., -6.2812, -6.6081,  1.4091],
         [-2.7397,  3.2954, -0.7448,  ...,  0.9311,  3.0514,  2.2653],
         [-3.3754, -7.7870,  4.0527,  ...,  6.8983, -4.8521,  2.4485]]]), 'rvq_quantizer.layers.2._codebook.initted': tensor([1.]), 'rvq_quantizer.layers.2._codebook.cluster_size': tensor([[2.0300, 2.9169, 3.0373,  ..., 3.8278, 2.0000, 2.8652]]), 'rvq_quantizer.layers.2._codebook.embed_avg': tensor([[[ -2.9941,  -1.0764,   0.2342,  ...,  -5.1107,  -0.1399,   1.9540],
         [  6.3179, -17.5021, -16.0060,  ...,   0.1421,   2.0435,   3.2249],
         [  1.7610,  23.8209,   3.7850,  ...,  -8.5857,  -0.3240,   8.6652],
         ...,
         [ -1.2398,   3.4265,   4.8172,  ...,   1.1473,   0.6773,  -2.1062],
         [  3.8830,   7.9900,   3.5692,  ...,  -6.3400,  -1.8719,   1.7259],
         [  0.7148,  -2.5536,   0.2776,  ...,  10.2192,  12.4247,   5.8065]]]), 'rvq_quantizer.layers.2._codebook.embed': tensor([[[-1.4749, -0.5302,  0.1154,  ..., -2.5176, -0.0689,  0.9625],
         [ 2.1660, -6.0002, -5.4873,  ...,  0.0487,  0.7006,  1.1056],
         [ 0.5798,  7.8428,  1.2462,  ..., -2.8268, -0.1067,  2.8529],
         ...,
         [-0.3239,  0.8952,  1.2585,  ...,  0.2997,  0.1769, -0.5502],
         [ 1.9415,  3.9950,  1.7846,  ..., -3.1700, -0.9360,  0.8630],
         [ 0.2495, -0.8913,  0.0969,  ...,  3.5667,  4.3364,  2.0266]]]), 'rvq_quantizer.layers.3._codebook.initted': tensor([1.]), 'rvq_quantizer.layers.3._codebook.cluster_size': tensor([[2.0000, 2.0000, 2.2449,  ..., 2.0000, 2.3348, 2.8992]]), 'rvq_quantizer.layers.3._codebook.embed_avg': tensor([[[-10.3421,  -3.8182,  -0.2360,  ...,   2.9185,   9.4002,   1.0373],
         [  6.1769,  -1.1311,   1.5032,  ...,   1.5432,   1.1504,  -5.2825],
         [  3.7093,   6.9444,   1.8855,  ...,  -3.0809,  -0.8482,  -1.0345],
         ...,
         [ -3.6535,  10.0784,  11.2941,  ...,   2.4326,   1.3861,  -1.9076],
         [ -4.0234,  -4.3569,   4.5701,  ...,  -0.5302,  -1.1578,  -1.2242],
         [  1.1262,  -1.1073,  -3.7242,  ...,   1.0964,  -0.9166,   0.0897]]]), 'rvq_quantizer.layers.3._codebook.embed': tensor([[[-5.1711, -1.9091, -0.1180,  ...,  1.4593,  4.7001,  0.5186],
         [ 3.0885, -0.5656,  0.7516,  ...,  0.7716,  0.5752, -2.6413],
         [ 1.6523,  3.0934,  0.8399,  ..., -1.3724, -0.3778, -0.4608],
         ...,
         [-1.8267,  5.0392,  5.6471,  ...,  1.2163,  0.6931, -0.9538],
         [-1.7232, -1.8661,  1.9574,  ..., -0.2271, -0.4959, -0.5243],
         [ 0.3885, -0.3819, -1.2846,  ...,  0.3782, -0.3161,  0.0309]]])})
Loss:  tensor(7.3558, grad_fn=<MeanBackward0>)
OrderedDict({'rvq_quantizer.project_in.weight': tensor([[ 3.0797e-01, -2.1825e-01, -3.7699e-01,  ...,  2.2162e-01,
          2.6054e-01,  2.1531e-01],
        [-4.2373e-01, -6.0583e-02,  3.3838e-01,  ...,  4.0496e-04,
         -2.9160e-02, -1.7705e-01],
        [ 5.6548e-02, -1.0679e-01, -1.3222e-01,  ...,  2.5582e-02,
          8.4265e-02,  9.0004e-02],
        ...,
        [-4.0811e-01,  3.7464e-01,  4.2526e-01,  ..., -2.8200e-01,
         -3.1197e-01, -3.7028e-01],
        [-3.8809e-01,  3.2086e-01,  4.3149e-01,  ..., -3.1857e-01,
         -3.1594e-01, -3.5931e-01],
        [-3.6818e-01,  3.1255e-01,  3.4446e-01,  ..., -2.9612e-01,
         -4.1613e-01, -3.9642e-01]]), 'rvq_quantizer.project_in.bias': tensor([-0.5119,  0.5274, -0.1538,  0.1766, -0.1110, -0.1773,  0.0520, -0.4037,
         0.0531, -0.5843, -0.1395, -0.1735, -0.5326, -0.2321,  0.4407, -0.2336,
        -0.0767,  0.3423,  0.3022,  0.4686,  0.4156,  0.5376, -0.5150,  0.5464,
        -0.2537, -0.4752,  0.1337,  0.4556,  0.2610,  0.5544,  0.5442,  0.5540]), 'rvq_quantizer.project_out.weight': tensor([[ 0.0863,  0.1175, -0.0987,  ..., -0.0436,  0.0902, -0.0665],
        [-0.0337,  0.0185,  0.1248,  ..., -0.1478, -0.1462, -0.0690],
        [ 0.1136,  0.0347, -0.1496,  ...,  0.1559,  0.1245, -0.1110],
        ...,
        [-0.0980,  0.0885, -0.1271,  ..., -0.0326,  0.1682, -0.0498],
        [-0.0419,  0.0095, -0.0684,  ...,  0.0084, -0.0638, -0.1158],
        [-0.0722,  0.0351, -0.0780,  ..., -0.1712,  0.1494, -0.0657]]), 'rvq_quantizer.project_out.bias': tensor([-0.0057, -0.1618, -0.0106, -0.1491,  0.1075, -0.1614, -0.1343,  0.1031,
         0.0111,  0.0539, -0.1584, -0.0913, -0.0218,  0.0136,  0.0118, -0.0675,
        -0.0649, -0.1732, -0.0018,  0.0052,  0.0404,  0.1226, -0.1440,  0.0450,
         0.1010,  0.1239,  0.1398, -0.0086, -0.0618,  0.0553,  0.1455,  0.1233,
        -0.1643,  0.0420, -0.1047,  0.1099, -0.0730, -0.0033,  0.0521, -0.1638,
         0.0447, -0.0199,  0.1100,  0.0143,  0.0467,  0.1464, -0.1500,  0.0397,
        -0.0979,  0.0147, -0.1461, -0.0785, -0.1591, -0.0969, -0.1011,  0.0893,
        -0.0945,  0.1582,  0.0263, -0.0766, -0.0984,  0.1358,  0.1505,  0.0912]), 'rvq_quantizer.layers.0._codebook.initted': tensor([1.]), 'rvq_quantizer.layers.0._codebook.cluster_size': tensor([[2.7230, 2.0000, 3.2491,  ..., 2.0000, 2.1000, 2.1000]]), 'rvq_quantizer.layers.0._codebook.embed_avg': tensor([[[-874.5749,  588.9276, -356.4836,  ..., 1198.6178, 1096.5358,
          1226.9109],
         [-501.3533,  320.3505, -219.0885,  ...,  716.4684,  661.6774,
           745.2394],
         [-631.2784,  600.6677, -229.7911,  ...,  851.1079,  799.3294,
           878.7700],
         ...,
         [-431.6889,  258.1151, -210.1646,  ...,  606.2192,  575.2013,
           664.9803],
         [-550.5819,  646.8459, -130.7721,  ...,  732.7241,  698.7936,
           683.2736],
         [-409.3283,  181.1940, -227.3430,  ...,  583.1929,  531.5320,
           660.4159]]]), 'rvq_quantizer.layers.0._codebook.embed': tensor([[[-321.1806,  216.2790, -130.9158,  ...,  440.1828,  402.6940,
           450.5732],
         [-250.6766,  160.1752, -109.5442,  ...,  358.2342,  330.8387,
           372.6197],
         [-194.2953,  184.8739,  -70.7253,  ...,  261.9546,  246.0181,
           270.4684],
         ...,
         [-215.8444,  129.0576, -105.0823,  ...,  303.1096,  287.6006,
           332.4902],
         [-262.1816,  308.0215,  -62.2724,  ...,  348.9159,  332.7585,
           325.3680],
         [-194.9180,   86.2828, -108.2584,  ...,  277.7106,  253.1102,
           314.4834]]]), 'rvq_quantizer.layers.1._codebook.initted': tensor([1.]), 'rvq_quantizer.layers.1._codebook.cluster_size': tensor([[3.9164, 2.0000, 2.2050,  ..., 2.1668, 2.7267, 2.0000]]), 'rvq_quantizer.layers.1._codebook.embed_avg': tensor([[[ -6.3632,   0.6536,   6.6035,  ...,   2.5043,   0.7808,  -2.8083],
         [ -3.2723,   5.5775,   4.0630,  ...,  -0.3562,  -0.2826,  -3.6415],
         [ -5.1319,   3.8665,   1.8405,  ...,   6.4696,   6.4595,   5.9563],
         ...,
         [-11.8801,  -4.2177,   4.1572,  ..., -13.8173, -14.8216,   3.2581],
         [ -7.5540,   8.1672,  -1.7244,  ...,   2.6483,   8.2204,   5.9007],
         [ -1.8000,  -2.6845,  -0.7120,  ...,  -4.8019,  -8.0810,  -0.2135]]]), 'rvq_quantizer.layers.1._codebook.embed': tensor([[[-1.6248,  0.1669,  1.6861,  ...,  0.6394,  0.1994, -0.7171],
         [-1.6361,  2.7887,  2.0315,  ..., -0.1781, -0.1413, -1.8208],
         [-2.3274,  1.7535,  0.8347,  ...,  2.9341,  2.9295,  2.7013],
         ...,
         [-5.4829, -1.9466,  1.9186,  ..., -6.3769, -6.8405,  1.5037],
         [-2.7703,  2.9952, -0.6324,  ...,  0.9712,  3.0147,  2.1640],
         [-0.9000, -1.3422, -0.3560,  ..., -2.4010, -4.0405, -0.1068]]]), 'rvq_quantizer.layers.2._codebook.initted': tensor([1.]), 'rvq_quantizer.layers.2._codebook.cluster_size': tensor([[2.0270, 2.7252, 3.0336,  ..., 3.6450, 2.1000, 2.7787]]), 'rvq_quantizer.layers.2._codebook.embed_avg': tensor([[[ -2.5401,  -0.5602,  -0.6221,  ...,  -5.5745,  -0.0987,   2.2467],
         [  6.1634, -16.1381, -15.2923,  ...,   0.0461,   1.8853,   2.7770],
         [  0.8565,  24.0674,   3.0137,  ...,  -7.7893,   0.8348,   9.2352],
         ...,
         [ -1.4815,   2.9779,   4.6073,  ...,   1.2759,   0.4314,  -2.2195],
         [  3.8145,   7.5688,   3.6278,  ...,  -6.9443,  -1.9132,   1.6373],
         [  0.3222,  -2.5436,   0.0781,  ...,  10.4905,  12.2479,   6.4871]]]), 'rvq_quantizer.layers.2._codebook.embed': tensor([[[-1.2531, -0.2764, -0.3069,  ..., -2.7501, -0.0487,  1.1084],
         [ 2.2616, -5.9218, -5.6114,  ...,  0.0169,  0.6918,  1.0190],
         [ 0.2823,  7.9337,  0.9935,  ..., -2.5677,  0.2752,  3.0443],
         ...,
         [-0.4064,  0.8170,  1.2640,  ...,  0.3500,  0.1184, -0.6089],
         [ 1.8164,  3.6042,  1.7275,  ..., -3.3068, -0.9110,  0.7797],
         [ 0.1160, -0.9154,  0.0281,  ...,  3.7754,  4.4079,  2.3346]]]), 'rvq_quantizer.layers.3._codebook.initted': tensor([1.]), 'rvq_quantizer.layers.3._codebook.cluster_size': tensor([[2.0000, 2.0000, 2.4204,  ..., 2.1000, 2.3013, 2.8093]]), 'rvq_quantizer.layers.3._codebook.embed_avg': tensor([[[-4.4744e-01, -4.5188e-02, -3.8348e-01,  ..., -9.3161e-01,
           9.8021e-03,  2.2610e-01],
         [ 3.7865e+00,  2.4392e+00, -3.2072e-01,  ..., -4.1792e+00,
           2.7652e+00, -2.2557e-01],
         [ 3.6030e+00,  7.2696e+00,  1.9196e+00,  ..., -2.5116e+00,
          -1.1022e+00, -9.5296e-01],
         ...,
         [-3.6242e+00,  1.0289e+01,  1.1393e+01,  ...,  3.2848e+00,
           1.6886e+00, -1.7018e+00],
         [-4.0848e+00, -4.2168e+00,  5.1677e+00,  ..., -1.1694e+00,
          -1.0875e+00, -1.0683e+00],
         [ 1.1814e+00, -1.0713e+00, -3.6401e+00,  ...,  1.1832e+00,
          -8.4668e-01,  4.6781e-02]]]), 'rvq_quantizer.layers.3._codebook.embed': tensor([[[-2.2372e-01, -2.2594e-02, -1.9174e-01,  ..., -4.6581e-01,
           4.9011e-03,  1.1305e-01],
         [ 1.8932e+00,  1.2196e+00, -1.6036e-01,  ..., -2.0896e+00,
           1.3826e+00, -1.1278e-01],
         [ 1.4886e+00,  3.0034e+00,  7.9308e-01,  ..., -1.0377e+00,
          -4.5537e-01, -3.9372e-01],
         ...,
         [-1.7258e+00,  4.8995e+00,  5.4252e+00,  ...,  1.5642e+00,
           8.0411e-01, -8.1036e-01],
         [-1.7750e+00, -1.8323e+00,  2.2455e+00,  ..., -5.0812e-01,
          -4.7257e-01, -4.6420e-01],
         [ 4.2054e-01, -3.8132e-01, -1.2957e+00,  ...,  4.2116e-01,
          -3.0138e-01,  1.6652e-02]]])})
Loss:  tensor(7.2624, grad_fn=<MeanBackward0>)
OrderedDict({'rvq_quantizer.project_in.weight': tensor([[ 0.3110, -0.2188, -0.3821,  ...,  0.2201,  0.2589,  0.2147],
        [-0.4261, -0.0576,  0.3383,  ...,  0.0035, -0.0239, -0.1759],
        [ 0.0595, -0.1068, -0.1327,  ...,  0.0255,  0.0875,  0.0929],
        ...,
        [-0.4121,  0.3762,  0.4315,  ..., -0.2788, -0.3089, -0.3687],
        [-0.3920,  0.3188,  0.4374,  ..., -0.3146, -0.3133, -0.3581],
        [-0.3716,  0.3124,  0.3510,  ..., -0.2945, -0.4144, -0.3962]]), 'rvq_quantizer.project_in.bias': tensor([-0.5140,  0.5294, -0.1569,  0.1773, -0.1120, -0.1779,  0.0524, -0.4055,
         0.0524, -0.5875, -0.1393, -0.1745, -0.5349, -0.2332,  0.4430, -0.2349,
        -0.0781,  0.3442,  0.3031,  0.4704,  0.4189,  0.5415, -0.5180,  0.5494,
        -0.2554, -0.4785,  0.1336,  0.4590,  0.2624,  0.5578,  0.5476,  0.5566]), 'rvq_quantizer.project_out.weight': tensor([[ 0.0863,  0.1175, -0.0987,  ..., -0.0436,  0.0902, -0.0665],
        [-0.0337,  0.0185,  0.1248,  ..., -0.1478, -0.1462, -0.0690],
        [ 0.1136,  0.0347, -0.1496,  ...,  0.1559,  0.1245, -0.1110],
        ...,
        [-0.0980,  0.0885, -0.1271,  ..., -0.0326,  0.1682, -0.0498],
        [-0.0419,  0.0095, -0.0684,  ...,  0.0084, -0.0638, -0.1158],
        [-0.0722,  0.0351, -0.0780,  ..., -0.1712,  0.1494, -0.0657]]), 'rvq_quantizer.project_out.bias': tensor([-0.0057, -0.1618, -0.0106, -0.1491,  0.1075, -0.1614, -0.1343,  0.1031,
         0.0111,  0.0539, -0.1584, -0.0913, -0.0218,  0.0136,  0.0118, -0.0675,
        -0.0649, -0.1732, -0.0018,  0.0052,  0.0404,  0.1226, -0.1440,  0.0450,
         0.1010,  0.1239,  0.1398, -0.0086, -0.0618,  0.0553,  0.1455,  0.1233,
        -0.1643,  0.0420, -0.1047,  0.1099, -0.0730, -0.0033,  0.0521, -0.1638,
         0.0447, -0.0199,  0.1100,  0.0143,  0.0467,  0.1464, -0.1500,  0.0397,
        -0.0979,  0.0147, -0.1461, -0.0785, -0.1591, -0.0969, -0.1011,  0.0893,
        -0.0945,  0.1582,  0.0263, -0.0766, -0.0984,  0.1358,  0.1505,  0.0912]), 'rvq_quantizer.layers.0._codebook.initted': tensor([1.]), 'rvq_quantizer.layers.0._codebook.cluster_size': tensor([[2.9507, 2.0000, 3.5242,  ..., 2.0000, 2.0000, 2.1900]]), 'rvq_quantizer.layers.0._codebook.embed_avg': tensor([[[-948.0906,  635.9631, -387.3792,  ..., 1299.8212, 1188.8033,
          1330.3177],
         [-563.8188,  620.6318, -144.3741,  ...,  751.8351,  713.8922,
           703.7003],
         [-684.7086,  651.3910, -249.2022,  ...,  926.2007,  868.7618,
           954.9281],
         ...,
         [-393.0941,  186.9398, -206.6321,  ...,  588.7394,  542.9082,
           643.6345],
         [-344.6135,  242.2169, -181.4877,  ...,  506.0660,  485.5426,
           579.7245],
         [-425.9855,  187.1762, -236.6771,  ...,  606.6682,  552.8059,
           686.8967]]]), 'rvq_quantizer.layers.0._codebook.embed': tensor([[[-321.3105,  215.5296, -131.2839,  ...,  440.5129,  402.8887,
           450.8483],
         [-281.9094,  310.3159,  -72.1870,  ...,  375.9175,  356.9461,
           351.8502],
         [-194.2899,  184.8358,  -70.7125,  ...,  262.8146,  246.5160,
           270.9662],
         ...,
         [-196.5471,   93.4699, -103.3160,  ...,  294.3697,  271.4541,
           321.8172],
         [-172.3067,  121.1084,  -90.7438,  ...,  253.0330,  242.7713,
           289.8623],
         [-194.5138,   85.4685, -108.0716,  ...,  277.0172,  252.4226,
           313.6512]]]), 'rvq_quantizer.layers.1._codebook.initted': tensor([1.]), 'rvq_quantizer.layers.1._codebook.cluster_size': tensor([[3.7248, 2.0000, 2.0000,  ..., 2.1501, 2.5541, 2.0000]]), 'rvq_quantizer.layers.1._codebook.embed_avg': tensor([[[ -6.3270,   1.1748,   6.1425,  ...,   2.3494,   0.6060,  -2.8109],
         [ -3.5049,   5.0944,   3.8565,  ...,  -0.5354,  -0.4640,  -3.7887],
         [ -8.1672,  -2.8980,   1.1072,  ...,   2.7415,   1.4855,  -2.9846],
         ...,
         [-11.6561,  -4.0365,   3.6506,  ..., -13.9328, -14.6449,   3.8627],
         [ -6.9909,   7.5232,  -1.5206,  ...,   2.9560,   7.4569,   5.7920],
         [ -1.7772,  -2.8304,  -1.1159,  ...,  -5.0098,  -8.4372,  -0.0329]]]), 'rvq_quantizer.layers.1._codebook.embed': tensor([[[-1.6986,  0.3154,  1.6491,  ...,  0.6308,  0.1627, -0.7547],
         [-1.7524,  2.5472,  1.9282,  ..., -0.2677, -0.2320, -1.8944],
         [-4.0836, -1.4490,  0.5536,  ...,  1.3708,  0.7427, -1.4923],
         ...,
         [-5.4212, -1.8774,  1.6979,  ..., -6.4801, -6.8113,  1.7966],
         [-2.7371,  2.9456, -0.5953,  ...,  1.1574,  2.9196,  2.2678],
         [-0.8886, -1.4152, -0.5579,  ..., -2.5049, -4.2186, -0.0165]]]), 'rvq_quantizer.layers.2._codebook.initted': tensor([1.]), 'rvq_quantizer.layers.2._codebook.cluster_size': tensor([[2.0000, 2.5527, 2.9302,  ..., 3.6805, 2.1900, 2.5008]]), 'rvq_quantizer.layers.2._codebook.embed_avg': tensor([[[ 1.1361e+01,  9.8247e+00,  6.0513e+00,  ...,  2.8234e+00,
          -9.2278e+00,  9.0929e-01],
         [ 5.7138e+00, -1.4810e+01, -1.4274e+01,  ...,  1.6744e-02,
           2.0771e+00,  3.3197e+00],
         [ 3.7181e-02,  2.3790e+01,  1.8673e+00,  ..., -7.3803e+00,
           1.4068e+00,  9.3243e+00],
         ...,
         [-1.6581e+00,  2.9158e+00,  5.1629e+00,  ...,  1.3939e+00,
           3.8219e-01, -2.2627e+00],
         [ 4.2627e+00,  7.3369e+00,  3.1758e+00,  ..., -7.6962e+00,
          -2.7836e+00,  1.5086e+00],
         [ 2.8997e-01, -2.2892e+00,  7.0271e-02,  ...,  9.4414e+00,
           1.1023e+01,  5.8384e+00]]]), 'rvq_quantizer.layers.2._codebook.embed': tensor([[[ 5.6807e+00,  4.9123e+00,  3.0257e+00,  ...,  1.4117e+00,
          -4.6139e+00,  4.5464e-01],
         [ 2.2384e+00, -5.8015e+00, -5.5919e+00,  ...,  6.5592e-03,
           8.1369e-01,  1.3005e+00],
         [ 1.2689e-02,  8.1189e+00,  6.3726e-01,  ..., -2.5187e+00,
           4.8009e-01,  3.1821e+00],
         ...,
         [-4.5051e-01,  7.9223e-01,  1.4028e+00,  ...,  3.7872e-01,
           1.0384e-01, -6.1479e-01],
         [ 1.9464e+00,  3.3502e+00,  1.4501e+00,  ..., -3.5143e+00,
          -1.2711e+00,  6.8886e-01],
         [ 1.1595e-01, -9.1540e-01,  2.8100e-02,  ...,  3.7754e+00,
           4.4079e+00,  2.3346e+00]]]), 'rvq_quantizer.layers.3._codebook.initted': tensor([1.]), 'rvq_quantizer.layers.3._codebook.cluster_size': tensor([[2.2000, 2.0000, 2.4784,  ..., 2.0000, 2.1712, 2.9284]]), 'rvq_quantizer.layers.3._codebook.embed_avg': tensor([[[-0.5699, -0.0456, -0.6435,  ..., -0.9674, -0.1938,  0.2141],
         [ 3.8802,  2.7124, -0.8676,  ..., -3.9097,  3.0608,  0.4650],
         [ 4.1413,  7.5931,  0.8714,  ..., -3.0137, -1.5559, -1.3593],
         ...,
         [-0.7301,  0.6802, -1.4590,  ...,  3.2660,  1.2454, -1.9435],
         [-3.8562, -4.1717,  5.0141,  ..., -1.4229, -0.8495, -0.7960],
         [ 1.6440, -0.7579, -4.1293,  ...,  1.3976, -0.6409,  0.6142]]]), 'rvq_quantizer.layers.3._codebook.embed': tensor([[[-0.2590, -0.0207, -0.2925,  ..., -0.4397, -0.0881,  0.0973],
         [ 1.9401,  1.3562, -0.4338,  ..., -1.9549,  1.5304,  0.2325],
         [ 1.6710,  3.0637,  0.3516,  ..., -1.2160, -0.6278, -0.5485],
         ...,
         [-0.3650,  0.3401, -0.7295,  ...,  1.6330,  0.6227, -0.9717],
         [-1.7761, -1.9214,  2.3094,  ..., -0.6553, -0.3913, -0.3666],
         [ 0.5614, -0.2588, -1.4101,  ...,  0.4773, -0.2188,  0.2097]]])})
Loss:  tensor(7.2049, grad_fn=<MeanBackward0>)
OrderedDict({'rvq_quantizer.project_in.weight': tensor([[ 0.3139, -0.2196, -0.3871,  ...,  0.2185,  0.2572,  0.2139],
        [-0.4283, -0.0547,  0.3380,  ...,  0.0066, -0.0187, -0.1746],
        [ 0.0626, -0.1073, -0.1328,  ...,  0.0256,  0.0909,  0.0959],
        ...,
        [-0.4159,  0.3778,  0.4377,  ..., -0.2756, -0.3057, -0.3671],
        [-0.3958,  0.3169,  0.4432,  ..., -0.3107, -0.3106, -0.3568],
        [-0.3749,  0.3124,  0.3574,  ..., -0.2929, -0.4126, -0.3959]]), 'rvq_quantizer.project_in.bias': tensor([-0.5161,  0.5315, -0.1601,  0.1782, -0.1129, -0.1784,  0.0527, -0.4072,
         0.0515, -0.5907, -0.1390, -0.1757, -0.5372, -0.2344,  0.4451, -0.2362,
        -0.0797,  0.3461,  0.3040,  0.4722,  0.4222,  0.5452, -0.5209,  0.5524,
        -0.2570, -0.4817,  0.1334,  0.4624,  0.2637,  0.5610,  0.5509,  0.5591]), 'rvq_quantizer.project_out.weight': tensor([[ 0.0863,  0.1175, -0.0987,  ..., -0.0436,  0.0902, -0.0665],
        [-0.0337,  0.0185,  0.1248,  ..., -0.1478, -0.1462, -0.0690],
        [ 0.1136,  0.0347, -0.1496,  ...,  0.1559,  0.1245, -0.1110],
        ...,
        [-0.0980,  0.0885, -0.1271,  ..., -0.0326,  0.1682, -0.0498],
        [-0.0419,  0.0095, -0.0684,  ...,  0.0084, -0.0638, -0.1158],
        [-0.0722,  0.0351, -0.0780,  ..., -0.1712,  0.1494, -0.0657]]), 'rvq_quantizer.project_out.bias': tensor([-0.0057, -0.1618, -0.0106, -0.1491,  0.1075, -0.1614, -0.1343,  0.1031,
         0.0111,  0.0539, -0.1584, -0.0913, -0.0218,  0.0136,  0.0118, -0.0675,
        -0.0649, -0.1732, -0.0018,  0.0052,  0.0404,  0.1226, -0.1440,  0.0450,
         0.1010,  0.1239,  0.1398, -0.0086, -0.0618,  0.0553,  0.1455,  0.1233,
        -0.1643,  0.0420, -0.1047,  0.1099, -0.0730, -0.0033,  0.0521, -0.1638,
         0.0447, -0.0199,  0.1100,  0.0143,  0.0467,  0.1464, -0.1500,  0.0397,
        -0.0979,  0.0147, -0.1461, -0.0785, -0.1591, -0.0969, -0.1011,  0.0893,
        -0.0945,  0.1582,  0.0263, -0.0766, -0.0984,  0.1358,  0.1505,  0.0912]), 'rvq_quantizer.layers.0._codebook.initted': tensor([1.]), 'rvq_quantizer.layers.0._codebook.cluster_size': tensor([[2.9556, 2.5000, 3.7717,  ..., 2.1000, 2.0000, 2.1710]]), 'rvq_quantizer.layers.0._codebook.embed_avg': tensor([[[-949.1504,  635.3781, -389.3309,  ..., 1301.6382, 1190.6874,
          1332.3578],
         [-705.3132,  777.7423, -182.4110,  ...,  940.2729,  892.6547,
           880.0544],
         [-732.8591,  696.8137, -267.8868,  ...,  994.1598,  931.5718,
          1023.7657],
         ...,
         [-412.6614,  196.3376, -217.7973,  ...,  617.5742,  569.2360,
           675.4863],
         [-345.1464,  240.8159, -181.9117,  ...,  505.3096,  483.9504,
           578.9525],
         [-421.8123,  184.5545, -234.5509,  ...,  600.8147,  547.5269,
           679.7924]]]), 'rvq_quantizer.layers.0._codebook.embed': tensor([[[-321.1331,  214.9722, -131.7252,  ...,  440.3929,  402.8541,
           450.7865],
         [-282.1252,  311.0968,  -72.9644,  ...,  376.1090,  357.0618,
           352.0216],
         [-194.3025,  184.7458,  -71.0247,  ...,  263.5811,  246.9871,
           271.4305],
         ...,
         [-196.5052,   93.4940, -103.7129,  ...,  294.0826,  271.0645,
           321.6598],
         [-172.5730,  120.4078,  -90.9557,  ...,  252.6544,  241.9749,
           289.4759],
         [-194.2939,   85.0089, -108.0381,  ...,  276.7454,  252.2001,
           313.1238]]]), 'rvq_quantizer.layers.1._codebook.initted': tensor([1.]), 'rvq_quantizer.layers.1._codebook.cluster_size': tensor([[3.6523, 2.0000, 2.0000,  ..., 2.0351, 2.4987, 2.0000]]), 'rvq_quantizer.layers.1._codebook.embed_avg': tensor([[[ -6.4232,   1.1235,   5.5053,  ...,   1.8871,   0.1169,  -2.9956],
         [ -3.6154,   4.4099,   3.1453,  ...,  -0.8445,  -0.6861,  -4.0107],
         [ -7.6503,  -2.6220,   0.8278,  ...,   2.9102,   1.6134,  -3.0623],
         ...,
         [-10.7349,  -4.1252,   2.9990,  ..., -13.5043, -14.5198,   3.6889],
         [ -6.8966,   6.7535,  -2.0574,  ...,   3.1087,   7.1586,   5.6244],
         [  0.4463, -10.2729, -10.6160,  ..., -12.2426, -23.6508,  -5.6074]]]), 'rvq_quantizer.layers.1._codebook.embed': tensor([[[ -1.7587,   0.3076,   1.5074,  ...,   0.5167,   0.0320,  -0.8202],
         [ -1.8077,   2.2049,   1.5727,  ...,  -0.4222,  -0.3431,  -2.0053],
         [ -3.8252,  -1.3110,   0.4139,  ...,   1.4551,   0.8067,  -1.5312],
         ...,
         [ -5.2749,  -2.0271,   1.4737,  ...,  -6.6358,  -7.1348,   1.8127],
         [ -2.7601,   2.7028,  -0.8234,  ...,   1.2441,   2.8650,   2.2510],
         [  0.2231,  -5.1364,  -5.3080,  ...,  -6.1213, -11.8254,  -2.8037]]]), 'rvq_quantizer.layers.2._codebook.initted': tensor([1.]), 'rvq_quantizer.layers.2._codebook.cluster_size': tensor([[2.0000, 2.5974, 2.9372,  ..., 3.5125, 2.0710, 2.3507]]), 'rvq_quantizer.layers.2._codebook.embed_avg': tensor([[[  5.1335,  -2.3280,   4.6617,  ...,  -3.9049,   7.0420,  -4.6878],
         [  5.7996, -13.9163, -15.2790,  ...,   0.0314,   2.9807,   4.2893],
         [ -0.8663,  23.6229,   0.9409,  ...,  -7.4722,   1.7175,  10.0833],
         ...,
         [ -1.6111,   2.5812,   4.7715,  ...,   1.4386,   0.1652,  -2.3787],
         [  4.0389,   6.7798,   2.4627,  ...,  -7.3141,  -2.7820,   1.2343],
         [  0.3549,  -1.8376,  -0.4226,  ...,   8.8612,  10.5540,   5.8693]]]), 'rvq_quantizer.layers.2._codebook.embed': tensor([[[ 2.5668, -1.1640,  2.3308,  ..., -1.9524,  3.5210, -2.3439],
         [ 2.2328, -5.3577, -5.8824,  ...,  0.0121,  1.1476,  1.6514],
         [-0.2950,  8.0427,  0.3203,  ..., -2.5440,  0.5847,  3.4330],
         ...,
         [-0.4587,  0.7349,  1.3584,  ...,  0.4096,  0.0470, -0.6772],
         [ 1.9502,  3.2737,  1.1892,  ..., -3.5317, -1.3433,  0.5960],
         [ 0.1510, -0.7817, -0.1798,  ...,  3.7696,  4.4897,  2.4968]]]), 'rvq_quantizer.layers.3._codebook.initted': tensor([1.]), 'rvq_quantizer.layers.3._codebook.cluster_size': tensor([[2.1800, 2.2000, 2.3305,  ..., 2.0000, 2.2541, 3.1355]]), 'rvq_quantizer.layers.3._codebook.embed_avg': tensor([[[-0.5129, -0.1745, -0.6861,  ..., -0.8813, -0.2241,  0.2900],
         [ 4.3594,  3.0114, -1.7867,  ..., -4.7388,  3.3524,  1.6994],
         [ 3.9348,  7.1535,  0.8174,  ..., -2.8478, -1.2250, -0.9227],
         ...,
         [ 5.0643,  3.7326, -3.7788,  ...,  0.4568, -0.4811, -1.1103],
         [-3.6467, -4.1510,  4.5148,  ..., -1.5688, -0.6866, -0.8334],
         [ 0.5593, -1.1052, -5.0753,  ...,  1.4388, -0.2295,  1.1204]]]), 'rvq_quantizer.layers.3._codebook.embed': tensor([[[-0.2353, -0.0800, -0.3147,  ..., -0.4043, -0.1028,  0.1330],
         [ 1.9815,  1.3688, -0.8121,  ..., -2.1540,  1.5238,  0.7725],
         [ 1.6884,  3.0695,  0.3507,  ..., -1.2220, -0.5256, -0.3959],
         ...,
         [ 2.5322,  1.8663, -1.8894,  ...,  0.2284, -0.2405, -0.5552],
         [-1.6178, -1.8415,  2.0029,  ..., -0.6960, -0.3046, -0.3697],
         [ 0.1784, -0.3525, -1.6186,  ...,  0.4589, -0.0732,  0.3573]]])})
Loss:  tensor(7.2934, grad_fn=<MeanBackward0>)
OrderedDict({'rvq_quantizer.project_in.weight': tensor([[ 0.3168, -0.2206, -0.3920,  ...,  0.2168,  0.2553,  0.2131],
        [-0.4305, -0.0520,  0.3376,  ...,  0.0094, -0.0138, -0.1735],
        [ 0.0652, -0.1078, -0.1328,  ...,  0.0252,  0.0937,  0.0983],
        ...,
        [-0.4198,  0.3793,  0.4438,  ..., -0.2722, -0.3024, -0.3653],
        [-0.3996,  0.3149,  0.4490,  ..., -0.3067, -0.3079, -0.3555],
        [-0.3782,  0.3124,  0.3637,  ..., -0.2911, -0.4107, -0.3955]]), 'rvq_quantizer.project_in.bias': tensor([-0.5181,  0.5335, -0.1627,  0.1791, -0.1138, -0.1791,  0.0531, -0.4089,
         0.0505, -0.5938, -0.1388, -0.1769, -0.5394, -0.2354,  0.4473, -0.2375,
        -0.0810,  0.3478,  0.3048,  0.4739,  0.4254,  0.5489, -0.5238,  0.5553,
        -0.2587, -0.4848,  0.1332,  0.4656,  0.2649,  0.5643,  0.5542,  0.5616]), 'rvq_quantizer.project_out.weight': tensor([[ 0.0863,  0.1175, -0.0987,  ..., -0.0436,  0.0902, -0.0665],
        [-0.0337,  0.0185,  0.1248,  ..., -0.1478, -0.1462, -0.0690],
        [ 0.1136,  0.0347, -0.1496,  ...,  0.1559,  0.1245, -0.1110],
        ...,
        [-0.0980,  0.0885, -0.1271,  ..., -0.0326,  0.1682, -0.0498],
        [-0.0419,  0.0095, -0.0684,  ...,  0.0084, -0.0638, -0.1158],
        [-0.0722,  0.0351, -0.0780,  ..., -0.1712,  0.1494, -0.0657]]), 'rvq_quantizer.project_out.bias': tensor([-0.0057, -0.1618, -0.0106, -0.1491,  0.1075, -0.1614, -0.1343,  0.1031,
         0.0111,  0.0539, -0.1584, -0.0913, -0.0218,  0.0136,  0.0118, -0.0675,
        -0.0649, -0.1732, -0.0018,  0.0052,  0.0404,  0.1226, -0.1440,  0.0450,
         0.1010,  0.1239,  0.1398, -0.0086, -0.0618,  0.0553,  0.1455,  0.1233,
        -0.1643,  0.0420, -0.1047,  0.1099, -0.0730, -0.0033,  0.0521, -0.1638,
         0.0447, -0.0199,  0.1100,  0.0143,  0.0467,  0.1464, -0.1500,  0.0397,
        -0.0979,  0.0147, -0.1461, -0.0785, -0.1591, -0.0969, -0.1011,  0.0893,
        -0.0945,  0.1582,  0.0263, -0.0766, -0.0984,  0.1358,  0.1505,  0.0912]), 'rvq_quantizer.layers.0._codebook.initted': tensor([1.]), 'rvq_quantizer.layers.0._codebook.cluster_size': tensor([[3.1601, 3.4500, 3.8946,  ..., 2.0000, 2.0000, 2.1539]]), 'rvq_quantizer.layers.0._codebook.embed_avg': tensor([[[-1015.4655,   676.5454,  -419.8654,  ...,  1392.5278,
           1273.6855,  1425.7119],
         [ -974.8708,  1072.6373,  -255.8468,  ...,  1299.5760,
           1232.5469,  1212.8497],
         [ -756.9227,   719.6309,  -278.4912,  ...,  1028.8871,
            963.8019,  1058.1061],
         ...,
         [ -329.0124,   136.4147,  -191.8109,  ...,   484.7251,
            447.1525,   563.3210],
         [ -345.4408,   239.3754,  -182.6997,  ...,   504.3662,
            482.2540,   577.9829],
         [ -418.5802,   183.4407,  -233.1646,  ...,   594.7753,
            543.0226,   674.1284]]]), 'rvq_quantizer.layers.0._codebook.embed': tensor([[[-321.3432,  214.0922, -132.8661,  ...,  440.6642,  403.0567,
           451.1653],
         [-282.5715,  310.9096,  -74.1586,  ...,  376.6890,  357.2602,
           351.5509],
         [-194.3535,  184.7782,  -71.5076,  ...,  264.1852,  247.4734,
           271.6877],
         ...,
         [-164.5062,   68.2073,  -95.9054,  ...,  242.3625,  223.5763,
           281.6605],
         [-172.7202,  119.6875,  -91.3497,  ...,  252.1828,  241.1266,
           288.9910],
         [-194.3358,   85.1667, -108.2522,  ...,  276.1385,  252.1111,
           312.9801]]]), 'rvq_quantizer.layers.1._codebook.initted': tensor([1.]), 'rvq_quantizer.layers.1._codebook.cluster_size': tensor([[3.4871, 2.0000, 2.0000,  ..., 2.0316, 2.6488, 2.0000]]), 'rvq_quantizer.layers.1._codebook.embed_avg': tensor([[[ -6.9925,   0.8559,   4.9549,  ...,   2.4395,  -0.1497,  -2.9426],
         [ -3.6048,   3.5650,   1.9885,  ...,  -1.2762,  -0.9464,  -4.3048],
         [ -7.3161,  -2.3280,   0.0826,  ...,   3.2332,   1.8513,  -2.8790],
         ...,
         [-10.7181,  -4.4650,   1.6791,  ..., -13.2395, -14.0980,   3.6693],
         [ -7.5792,   6.8677,  -3.0209,  ...,   3.7970,   7.0627,   5.9582],
         [  1.2625,   2.9293, -10.9481,  ...,  -2.9755,   0.8315,  -3.4679]]]), 'rvq_quantizer.layers.1._codebook.embed': tensor([[[-2.0053,  0.2455,  1.4209,  ...,  0.6996, -0.0429, -0.8439],
         [-1.8024,  1.7825,  0.9943,  ..., -0.6381, -0.4732, -2.1524],
         [-3.6580, -1.1640,  0.0413,  ...,  1.6166,  0.9257, -1.4395],
         ...,
         [-5.2758, -2.1978,  0.8265,  ..., -6.5169, -6.9395,  1.8061],
         [-2.8614,  2.5928, -1.1405,  ...,  1.4335,  2.6664,  2.2494],
         [ 0.6312,  1.4646, -5.4741,  ..., -1.4877,  0.4158, -1.7339]]]), 'rvq_quantizer.layers.2._codebook.initted': tensor([1.]), 'rvq_quantizer.layers.2._codebook.cluster_size': tensor([[2.0000, 2.6377, 2.8435,  ..., 3.2612, 2.0000, 2.2156]]), 'rvq_quantizer.layers.2._codebook.embed_avg': tensor([[[-1.2493e+01, -2.3541e+00, -8.4977e+00,  ..., -3.3679e+00,
          -6.1078e+00, -1.5835e+00],
         [ 5.4332e+00, -1.3798e+01, -1.6055e+01,  ..., -1.3941e-01,
           2.9333e+00,  4.4226e+00],
         [-1.6408e+00,  2.2671e+01,  3.4059e-01,  ..., -6.9641e+00,
           2.1785e+00,  1.0720e+01],
         ...,
         [-1.5720e+00,  2.5677e+00,  4.2576e+00,  ...,  1.2292e+00,
           7.2319e-02, -2.0391e+00],
         [-5.2606e-01,  2.8331e-02, -1.8122e+00,  ...,  2.8037e-01,
           1.7601e-02, -4.4510e-01],
         [ 2.1147e-01, -2.0164e+00, -3.8154e-01,  ...,  8.4336e+00,
           9.8697e+00,  5.5475e+00]]]), 'rvq_quantizer.layers.2._codebook.embed': tensor([[[-6.2467, -1.1770, -4.2489,  ..., -1.6840, -3.0539, -0.7918],
         [ 2.0598, -5.2310, -6.0869,  ..., -0.0529,  1.1121,  1.6767],
         [-0.5771,  7.9730,  0.1198,  ..., -2.4491,  0.7662,  3.7702],
         ...,
         [-0.4820,  0.7873,  1.3055,  ...,  0.3769,  0.0222, -0.6253],
         [-0.2630,  0.0142, -0.9061,  ...,  0.1402,  0.0088, -0.2226],
         [ 0.0954, -0.9101, -0.1722,  ...,  3.8064,  4.4545,  2.5038]]]), 'rvq_quantizer.layers.3._codebook.initted': tensor([1.]), 'rvq_quantizer.layers.3._codebook.cluster_size': tensor([[2.0000, 2.3800, 2.2975,  ..., 2.0000, 2.3287, 3.5220]]), 'rvq_quantizer.layers.3._codebook.embed_avg': tensor([[[ 0.2320, -1.0419, -3.1780,  ...,  0.0363, -0.8098, -1.0696],
         [ 4.4098,  3.0566, -3.2919,  ..., -4.8651,  3.3299,  2.1014],
         [ 3.4820,  6.6715,  0.7507,  ..., -2.9034, -1.1122, -0.8237],
         ...,
         [ 5.0252, -6.0303,  1.1707,  ..., -1.5515, -3.4555,  0.3144],
         [-3.5412, -3.5307,  3.8367,  ..., -1.0379, -0.8263, -1.3771],
         [-0.0984, -1.8533, -6.0405,  ...,  1.3833,  0.1492,  1.6309]]]), 'rvq_quantizer.layers.3._codebook.embed': tensor([[[ 0.1160, -0.5210, -1.5890,  ...,  0.0181, -0.4049, -0.5348],
         [ 1.8529,  1.2843, -1.3831,  ..., -2.0442,  1.3991,  0.8829],
         [ 1.5156,  2.9038,  0.3267,  ..., -1.2637, -0.4841, -0.3585],
         ...,
         [ 2.5126, -3.0151,  0.5854,  ..., -0.7758, -1.7278,  0.1572],
         [-1.5207, -1.5162,  1.6476,  ..., -0.4457, -0.3548, -0.5914],
         [-0.0280, -0.5262, -1.7151,  ...,  0.3928,  0.0424,  0.4631]]])})
Loss:  tensor(7.3385, grad_fn=<MeanBackward0>)
OrderedDict({'rvq_quantizer.project_in.weight': tensor([[ 0.3196, -0.2219, -0.3968,  ...,  0.2150,  0.2534,  0.2122],
        [-0.4327, -0.0494,  0.3371,  ...,  0.0117, -0.0092, -0.1728],
        [ 0.0666, -0.1081, -0.1333,  ...,  0.0238,  0.0954,  0.0995],
        ...,
        [-0.4235,  0.3807,  0.4498,  ..., -0.2688, -0.2991, -0.3634],
        [-0.4033,  0.3131,  0.4546,  ..., -0.3027, -0.3051, -0.3541],
        [-0.3814,  0.3124,  0.3699,  ..., -0.2892, -0.4088, -0.3950]]), 'rvq_quantizer.project_in.bias': tensor([-0.5201,  0.5354, -0.1641,  0.1802, -0.1147, -0.1799,  0.0534, -0.4105,
         0.0495, -0.5969, -0.1386, -0.1781, -0.5416, -0.2364,  0.4494, -0.2387,
        -0.0815,  0.3496,  0.3055,  0.4756,  0.4285,  0.5525, -0.5265,  0.5581,
        -0.2603, -0.4879,  0.1329,  0.4688,  0.2661,  0.5674,  0.5574,  0.5640]), 'rvq_quantizer.project_out.weight': tensor([[ 0.0863,  0.1175, -0.0987,  ..., -0.0436,  0.0902, -0.0665],
        [-0.0337,  0.0185,  0.1248,  ..., -0.1478, -0.1462, -0.0690],
        [ 0.1136,  0.0347, -0.1496,  ...,  0.1559,  0.1245, -0.1110],
        ...,
        [-0.0980,  0.0885, -0.1271,  ..., -0.0326,  0.1682, -0.0498],
        [-0.0419,  0.0095, -0.0684,  ...,  0.0084, -0.0638, -0.1158],
        [-0.0722,  0.0351, -0.0780,  ..., -0.1712,  0.1494, -0.0657]]), 'rvq_quantizer.project_out.bias': tensor([-0.0057, -0.1618, -0.0106, -0.1491,  0.1075, -0.1614, -0.1343,  0.1031,
         0.0111,  0.0539, -0.1584, -0.0913, -0.0218,  0.0136,  0.0118, -0.0675,
        -0.0649, -0.1732, -0.0018,  0.0052,  0.0404,  0.1226, -0.1440,  0.0450,
         0.1010,  0.1239,  0.1398, -0.0086, -0.0618,  0.0553,  0.1455,  0.1233,
        -0.1643,  0.0420, -0.1047,  0.1099, -0.0730, -0.0033,  0.0521, -0.1638,
         0.0447, -0.0199,  0.1100,  0.0143,  0.0467,  0.1464, -0.1500,  0.0397,
        -0.0979,  0.0147, -0.1461, -0.0785, -0.1591, -0.0969, -0.1011,  0.0893,
        -0.0945,  0.1582,  0.0263, -0.0766, -0.0984,  0.1358,  0.1505,  0.0912]), 'rvq_quantizer.layers.0._codebook.initted': tensor([1.]), 'rvq_quantizer.layers.0._codebook.cluster_size': tensor([[3.3441, 3.8050, 4.1051,  ..., 2.1000, 2.0000, 2.2385]]), 'rvq_quantizer.layers.0._codebook.embed_avg': tensor([[[-1075.2174,   713.0390,  -448.5618,  ...,  1474.2617,
           1348.4240,  1509.9122],
         [-1075.3943,  1182.3889,  -284.5292,  ...,  1433.9614,
           1359.6962,  1336.9229],
         [ -797.8784,   757.8329,  -296.5545,  ...,  1087.2292,
           1017.6680,  1117.1160],
         ...,
         [ -345.3846,   142.8445,  -202.0146,  ...,   508.5022,
            469.4981,   591.4116],
         [ -345.5169,   237.9172,  -183.7194,  ...,   503.2492,
            480.4599,   576.8270],
         [ -434.7485,   191.5119,  -243.3231,  ...,   615.9052,
            563.4379,   699.1771]]]), 'rvq_quantizer.layers.0._codebook.embed': tensor([[[-321.5307,  213.2257, -134.1370,  ...,  440.8601,  403.2298,
           451.5209],
         [-282.6269,  310.7464,  -74.7778,  ...,  376.8628,  357.3450,
           351.3599],
         [-194.3623,  184.6073,  -72.2404,  ...,  264.8479,  247.9028,
           272.1282],
         ...,
         [-164.4687,   68.0211,  -96.1973,  ...,  242.1436,  223.5703,
           281.6243],
         [-172.7582,  118.9584,  -91.8596,  ...,  251.6243,  240.2296,
           288.4131],
         [-194.2132,   85.5533, -108.6986,  ...,  275.1405,  251.7020,
           312.3402]]]), 'rvq_quantizer.layers.1._codebook.initted': tensor([1.]), 'rvq_quantizer.layers.1._codebook.cluster_size': tensor([[3.2383, 2.0000, 2.0000,  ..., 2.0284, 2.4839, 2.0000]]), 'rvq_quantizer.layers.1._codebook.embed_avg': tensor([[[ -7.2848,   0.5829,   4.4816,  ...,   2.6600,  -0.1930,  -2.6447],
         [ -4.1329,   5.9426,  -4.0791,  ...,   8.2352,  11.0327,   1.2441],
         [ -4.2049, -13.7929, -18.2105,  ...,  -3.6407,  -4.5998,   3.7610],
         ...,
         [-10.4672,  -4.8567,   0.2315,  ..., -13.1509, -13.8934,   3.4828],
         [ -7.0309,   5.9218,  -2.6127,  ...,   3.5864,   6.6699,   5.3841],
         [  3.5004,   9.5543, -10.8063,  ...,  -4.3715,  -1.3185,  -7.3194]]]), 'rvq_quantizer.layers.1._codebook.embed': tensor([[[-2.2495,  0.1800,  1.3839,  ...,  0.8214, -0.0596, -0.8167],
         [-2.0664,  2.9713, -2.0396,  ...,  4.1176,  5.5164,  0.6221],
         [-2.1024, -6.8964, -9.1052,  ..., -1.8204, -2.2999,  1.8805],
         ...,
         [-5.1603, -2.3944,  0.1141,  ..., -6.4833, -6.8494,  1.7170],
         [-2.8306,  2.3841, -1.0518,  ...,  1.4439,  2.6852,  2.1676],
         [ 1.7502,  4.7772, -5.4032,  ..., -2.1858, -0.6593, -3.6597]]]), 'rvq_quantizer.layers.2._codebook.initted': tensor([1.]), 'rvq_quantizer.layers.2._codebook.cluster_size': tensor([[2.0000, 2.6739, 2.6591,  ..., 3.2351, 2.0000, 2.0941]]), 'rvq_quantizer.layers.2._codebook.embed_avg': tensor([[[-2.9699e+00, -1.4670e+01, -9.1291e+00,  ..., -9.5713e+00,
          -9.6516e+00, -8.1084e-01],
         [ 5.1218e+00, -1.3855e+01, -1.6632e+01,  ..., -5.6304e-01,
           2.7027e+00,  4.4365e+00],
         [-1.6653e+00,  2.0595e+01,  4.8483e-01,  ..., -6.5439e+00,
           1.9619e+00,  1.0420e+01],
         ...,
         [-1.4406e+00,  2.6797e+00,  3.8878e+00,  ...,  1.2507e+00,
          -9.4751e-02, -2.1912e+00],
         [-5.0898e-01, -1.4166e-02, -1.6360e+00,  ...,  2.7465e-01,
           6.3343e-03, -4.2280e-01],
         [ 7.1229e-02, -2.2266e+00, -4.0814e-01,  ...,  8.0522e+00,
           9.2617e+00,  5.2582e+00]]]), 'rvq_quantizer.layers.2._codebook.embed': tensor([[[-1.4849e+00, -7.3351e+00, -4.5646e+00,  ..., -4.7856e+00,
          -4.8258e+00, -4.0542e-01],
         [ 1.9155e+00, -5.1814e+00, -6.2202e+00,  ..., -2.1057e-01,
           1.0108e+00,  1.6592e+00],
         [-6.2626e-01,  7.7450e+00,  1.8233e-01,  ..., -2.4609e+00,
           7.3779e-01,  3.9186e+00],
         ...,
         [-4.4529e-01,  8.2833e-01,  1.2018e+00,  ...,  3.8661e-01,
          -2.9288e-02, -6.7731e-01],
         [-2.5449e-01, -7.0829e-03, -8.1800e-01,  ...,  1.3732e-01,
           3.1672e-03, -2.1140e-01],
         [ 3.4014e-02, -1.0633e+00, -1.9490e-01,  ...,  3.8452e+00,
           4.4228e+00,  2.5110e+00]]]), 'rvq_quantizer.layers.3._codebook.initted': tensor([1.]), 'rvq_quantizer.layers.3._codebook.cluster_size': tensor([[2.0000, 2.2420, 2.5677,  ..., 2.0000, 2.3958, 3.4698]]), 'rvq_quantizer.layers.3._codebook.embed_avg': tensor([[[-0.1558, -1.0876, -3.3846,  ...,  0.0566, -0.5563, -1.0030],
         [ 4.0908,  2.7282, -3.3432,  ..., -4.3331,  3.3492,  2.3747],
         [ 3.8542,  7.2134, -0.6337,  ..., -2.8582, -2.0055, -1.1975],
         ...,
         [ 4.9800,  5.2955, -0.5446,  ..., -7.9310, -4.3223, -6.0640],
         [-4.3632, -3.8049,  3.4929,  ..., -0.9739,  0.1937, -1.0383],
         [-0.3999, -2.1483, -5.8992,  ...,  1.4896,  0.4732,  1.5269]]]), 'rvq_quantizer.layers.3._codebook.embed': tensor([[[-0.0779, -0.5438, -1.6923,  ...,  0.0283, -0.2782, -0.5015],
         [ 1.8246,  1.2168, -1.4912,  ..., -1.9327,  1.4938,  1.0592],
         [ 1.5010,  2.8092, -0.2468,  ..., -1.1131, -0.7810, -0.4664],
         ...,
         [ 2.4900,  2.6477, -0.2723,  ..., -3.9655, -2.1611, -3.0320],
         [-1.8212, -1.5882,  1.4579,  ..., -0.4065,  0.0809, -0.4334],
         [-0.1152, -0.6191, -1.7002,  ...,  0.4293,  0.1364,  0.4401]]])})
Loss:  tensor(7.4680, grad_fn=<MeanBackward0>)
OrderedDict({'rvq_quantizer.project_in.weight': tensor([[ 0.3224, -0.2234, -0.4015,  ...,  0.2131,  0.2514,  0.2112],
        [-0.4348, -0.0469,  0.3363,  ...,  0.0134, -0.0050, -0.1723],
        [ 0.0665, -0.1078, -0.1344,  ...,  0.0211,  0.0955,  0.0991],
        ...,
        [-0.4272,  0.3821,  0.4557,  ..., -0.2654, -0.2957, -0.3615],
        [-0.4069,  0.3113,  0.4600,  ..., -0.2987, -0.3023, -0.3526],
        [-0.3846,  0.3125,  0.3759,  ..., -0.2873, -0.4067, -0.3944]]), 'rvq_quantizer.project_in.bias': tensor([-0.5220,  0.5375, -0.1639,  0.1812, -0.1156, -0.1810,  0.0539, -0.4121,
         0.0487, -0.5999, -0.1385, -0.1794, -0.5437, -0.2374,  0.4515, -0.2399,
        -0.0811,  0.3512,  0.3062,  0.4773,  0.4315,  0.5561, -0.5291,  0.5609,
        -0.2620, -0.4909,  0.1328,  0.4720,  0.2672,  0.5705,  0.5606,  0.5664]), 'rvq_quantizer.project_out.weight': tensor([[ 0.0863,  0.1175, -0.0987,  ..., -0.0436,  0.0902, -0.0665],
        [-0.0337,  0.0185,  0.1248,  ..., -0.1478, -0.1462, -0.0690],
        [ 0.1136,  0.0347, -0.1496,  ...,  0.1559,  0.1245, -0.1110],
        ...,
        [-0.0980,  0.0885, -0.1271,  ..., -0.0326,  0.1682, -0.0498],
        [-0.0419,  0.0095, -0.0684,  ...,  0.0084, -0.0638, -0.1158],
        [-0.0722,  0.0351, -0.0780,  ..., -0.1712,  0.1494, -0.0657]]), 'rvq_quantizer.project_out.bias': tensor([-0.0057, -0.1618, -0.0106, -0.1491,  0.1075, -0.1614, -0.1343,  0.1031,
         0.0111,  0.0539, -0.1584, -0.0913, -0.0218,  0.0136,  0.0118, -0.0675,
        -0.0649, -0.1732, -0.0018,  0.0052,  0.0404,  0.1226, -0.1440,  0.0450,
         0.1010,  0.1239,  0.1398, -0.0086, -0.0618,  0.0553,  0.1455,  0.1233,
        -0.1643,  0.0420, -0.1047,  0.1099, -0.0730, -0.0033,  0.0521, -0.1638,
         0.0447, -0.0199,  0.1100,  0.0143,  0.0467,  0.1464, -0.1500,  0.0397,
        -0.0979,  0.0147, -0.1461, -0.0785, -0.1591, -0.0969, -0.1011,  0.0893,
        -0.0945,  0.1582,  0.0263, -0.0766, -0.0984,  0.1358,  0.1505,  0.0912]), 'rvq_quantizer.layers.0._codebook.initted': tensor([1.]), 'rvq_quantizer.layers.0._codebook.cluster_size': tensor([[3.5097, 4.2245, 4.3946,  ..., 2.1900, 2.0000, 2.3147]]), 'rvq_quantizer.layers.0._codebook.embed_avg': tensor([[[-1129.0236,   745.4280,  -474.9404,  ...,  1547.7240,
           1415.7157,  1585.8373],
         [-1194.2933,  1312.9589,  -318.9009,  ...,  1591.7993,
           1509.6591,  1483.5388],
         [ -853.7465,   810.0988,  -321.1282,  ...,  1166.6921,
           1091.7283,  1197.4547],
         ...,
         [ -359.6744,   148.4150,  -211.3494,  ...,   529.2134,
            488.9741,   616.1026],
         [ -383.4744,   167.4245,  -224.7162,  ...,   563.8486,
            509.6379,   627.8699],
         [ -448.8288,   198.4993,  -252.5779,  ...,   634.3384,
            581.2775,   721.1915]]]), 'rvq_quantizer.layers.0._codebook.embed': tensor([[[-321.6911,  212.3937, -135.3241,  ...,  440.9908,  403.3779,
           451.8504],
         [-282.7068,  310.7967,  -75.4885,  ...,  376.8023,  357.3585,
           351.1754],
         [-194.2719,  184.3397,  -73.0734,  ...,  265.4833,  248.4251,
           272.4834],
         ...,
         [-164.2348,   67.7694,  -96.5065,  ...,  241.6497,  223.2757,
           281.3252],
         [-191.7372,   83.7123, -112.3581,  ...,  281.9243,  254.8190,
           313.9350],
         [-193.9070,   85.7574, -109.1209,  ...,  274.0525,  251.1286,
           311.5755]]]), 'rvq_quantizer.layers.1._codebook.initted': tensor([1.]), 'rvq_quantizer.layers.1._codebook.cluster_size': tensor([[3.0145, 2.0000, 2.0000,  ..., 2.0000, 2.2355, 2.0000]]), 'rvq_quantizer.layers.1._codebook.embed_avg': tensor([[[ -6.8165,   0.5336,   3.9820,  ...,   2.7663,  -0.2374,  -2.5518],
         [  6.8764,  -7.1118, -14.8418,  ...,  18.6448,  25.3042,  21.1719],
         [  3.6492,  -0.7456,  -0.9236,  ...,  -1.5215,   1.3029,  -5.8663],
         ...,
         [ 11.8132,   9.3556, -20.0782,  ...,  -2.2805,   2.2234,   3.6860],
         [ -6.3278,   5.3297,  -2.3514,  ...,   3.2278,   6.0029,   4.8457],
         [ -2.4614, -15.2513,  -7.6769,  ...,  -0.2181,   0.4542,  -7.2758]]]), 'rvq_quantizer.layers.1._codebook.embed': tensor([[[ -2.2612,   0.1770,   1.3209,  ...,   0.9177,  -0.0788,  -0.8465],
         [  3.4382,  -3.5559,  -7.4209,  ...,   9.3224,  12.6521,  10.5859],
         [  1.8246,  -0.3728,  -0.4618,  ...,  -0.7607,   0.6514,  -2.9331],
         ...,
         [  5.9066,   4.6778, -10.0391,  ...,  -1.1403,   1.1117,   1.8430],
         [ -2.8306,   2.3841,  -1.0518,  ...,   1.4439,   2.6852,   2.1676],
         [ -1.2307,  -7.6256,  -3.8384,  ...,  -0.1090,   0.2271,  -3.6379]]]), 'rvq_quantizer.layers.2._codebook.initted': tensor([1.]), 'rvq_quantizer.layers.2._codebook.cluster_size': tensor([[2.0000, 2.6065, 2.4932,  ..., 3.4116, 2.1000, 2.0847]]), 'rvq_quantizer.layers.2._codebook.embed_avg': tensor([[[ -3.3025,  -0.3351,  -1.0928,  ...,   4.3986,   3.1411,   3.8422],
         [  4.8354, -13.1280, -16.4327,  ...,  -0.6801,   2.4624,   4.3102],
         [ -2.1707,  19.5905,  -0.5993,  ...,  -5.6917,   2.4473,  10.3657],
         ...,
         [ -1.3105,   2.9240,   3.5903,  ...,   1.7138,  -0.6065,  -2.2809],
         [ -0.5687,   0.1682,  -1.5829,  ...,   0.2430,   0.0902,  -0.4850],
         [  0.1437,  -2.7610,  -0.7162,  ...,   8.4912,   8.8144,   4.7011]]]), 'rvq_quantizer.layers.2._codebook.embed': tensor([[[-1.6512, -0.1676, -0.5464,  ...,  2.1993,  1.5706,  1.9211],
         [ 1.8551, -5.0366, -6.3045,  ..., -0.2609,  0.9447,  1.6536],
         [-0.8707,  7.8575, -0.2404,  ..., -2.2829,  0.9816,  4.1576],
         ...,
         [-0.3841,  0.8571,  1.0524,  ...,  0.5024, -0.1778, -0.6686],
         [-0.2708,  0.0801, -0.7537,  ...,  0.1157,  0.0429, -0.2310],
         [ 0.0689, -1.3244, -0.3436,  ...,  4.0731,  4.2282,  2.2551]]]), 'rvq_quantizer.layers.3._codebook.initted': tensor([1.]), 'rvq_quantizer.layers.3._codebook.cluster_size': tensor([[2.1000, 2.2178, 2.7110,  ..., 2.0000, 2.5562, 3.3228]]), 'rvq_quantizer.layers.3._codebook.embed_avg': tensor([[[-0.1107, -1.7694, -3.6678,  ..., -0.1029, -1.3369, -1.5270],
         [ 4.3741,  2.7740, -3.0582,  ..., -4.2609,  3.3888,  1.9368],
         [ 4.3590,  7.1778, -1.4558,  ..., -2.6750, -2.4602, -1.6496],
         ...,
         [-0.4712, -2.8125,  3.6412,  ...,  2.7014,  2.8439, -4.4165],
         [-4.3919, -3.7399,  3.5264,  ..., -1.0825,  0.6741, -0.9325],
         [-0.3454, -2.0778, -5.5925,  ...,  1.5322,  0.2304,  1.3586]]]), 'rvq_quantizer.layers.3._codebook.embed': tensor([[[-0.0527, -0.8426, -1.7466,  ..., -0.0490, -0.6366, -0.7271],
         [ 1.9723,  1.2508, -1.3789,  ..., -1.9212,  1.5280,  0.8733],
         [ 1.6079,  2.6477, -0.5370,  ..., -0.9868, -0.9075, -0.6085],
         ...,
         [-0.2356, -1.4063,  1.8206,  ...,  1.3507,  1.4220, -2.2083],
         [-1.7181, -1.4630,  1.3795,  ..., -0.4235,  0.2637, -0.3648],
         [-0.1039, -0.6253, -1.6831,  ...,  0.4611,  0.0694,  0.4089]]])})
Loss:  tensor(7.2863, grad_fn=<MeanBackward0>)
OrderedDict({'rvq_quantizer.project_in.weight': tensor([[ 0.3251, -0.2251, -0.4061,  ...,  0.2111,  0.2494,  0.2101],
        [-0.4370, -0.0446,  0.3353,  ...,  0.0144, -0.0013, -0.1724],
        [ 0.0651, -0.1068, -0.1361,  ...,  0.0174,  0.0942,  0.0973],
        ...,
        [-0.4309,  0.3834,  0.4616,  ..., -0.2619, -0.2923, -0.3594],
        [-0.4105,  0.3097,  0.4654,  ..., -0.2947, -0.2996, -0.3511],
        [-0.3877,  0.3128,  0.3819,  ..., -0.2853, -0.4046, -0.3938]]), 'rvq_quantizer.project_in.bias': tensor([-0.5238,  0.5395, -0.1623,  0.1822, -0.1164, -0.1823,  0.0543, -0.4135,
         0.0481, -0.6028, -0.1385, -0.1808, -0.5458, -0.2382,  0.4535, -0.2411,
        -0.0799,  0.3529,  0.3067,  0.4789,  0.4345,  0.5596, -0.5316,  0.5637,
        -0.2636, -0.4938,  0.1327,  0.4750,  0.2682,  0.5736,  0.5637,  0.5688]), 'rvq_quantizer.project_out.weight': tensor([[ 0.0863,  0.1175, -0.0987,  ..., -0.0436,  0.0902, -0.0665],
        [-0.0337,  0.0185,  0.1248,  ..., -0.1478, -0.1462, -0.0690],
        [ 0.1136,  0.0347, -0.1496,  ...,  0.1559,  0.1245, -0.1110],
        ...,
        [-0.0980,  0.0885, -0.1271,  ..., -0.0326,  0.1682, -0.0498],
        [-0.0419,  0.0095, -0.0684,  ...,  0.0084, -0.0638, -0.1158],
        [-0.0722,  0.0351, -0.0780,  ..., -0.1712,  0.1494, -0.0657]]), 'rvq_quantizer.project_out.bias': tensor([-0.0057, -0.1618, -0.0106, -0.1491,  0.1075, -0.1614, -0.1343,  0.1031,
         0.0111,  0.0539, -0.1584, -0.0913, -0.0218,  0.0136,  0.0118, -0.0675,
        -0.0649, -0.1732, -0.0018,  0.0052,  0.0404,  0.1226, -0.1440,  0.0450,
         0.1010,  0.1239,  0.1398, -0.0086, -0.0618,  0.0553,  0.1455,  0.1233,
        -0.1643,  0.0420, -0.1047,  0.1099, -0.0730, -0.0033,  0.0521, -0.1638,
         0.0447, -0.0199,  0.1100,  0.0143,  0.0467,  0.1464, -0.1500,  0.0397,
        -0.0979,  0.0147, -0.1461, -0.0785, -0.1591, -0.0969, -0.1011,  0.0893,
        -0.0945,  0.1582,  0.0263, -0.0766, -0.0984,  0.1358,  0.1505,  0.0912]), 'rvq_quantizer.layers.0._codebook.initted': tensor([1.]), 'rvq_quantizer.layers.0._codebook.cluster_size': tensor([[3.6587, 4.6021, 4.6551,  ..., 2.1710, 2.0000, 2.2832]]), 'rvq_quantizer.layers.0._codebook.embed_avg': tensor([[[-1177.4429,   774.2563,  -498.4029,  ...,  1613.7163,
           1476.2976,  1654.2811],
         [-1301.1348,  1430.7791,  -348.6467,  ...,  1735.0774,
           1645.2217,  1617.0957],
         [ -903.9589,   857.1127,  -342.9874,  ...,  1238.5098,
           1158.6835,  1269.9862],
         ...,
         [ -356.1007,   146.6778,  -209.7310,  ...,   523.5939,
            484.1331,   610.1338],
         [ -485.5421,   483.8775,  -169.9216,  ...,   655.8146,
            635.3654,   633.0981],
         [ -442.1676,   197.2151,  -249.6923,  ...,   623.4436,
            572.2485,   710.5099]]]), 'rvq_quantizer.layers.0._codebook.embed': tensor([[[-321.8213,  211.6214, -136.2246,  ...,  441.0645,  403.5049,
           452.1518],
         [-282.7298,  310.9008,  -75.7591,  ...,  377.0232,  357.4981,
           351.3864],
         [-194.1853,  184.1220,  -73.6794,  ...,  266.0523,  248.9043,
           272.8140],
         ...,
         [-164.0260,   67.5623,  -96.6056,  ...,  241.1762,  222.9998,
           281.0379],
         [-242.7710,  241.9388,  -84.9608,  ...,  327.9073,  317.6827,
           316.5491],
         [-193.6618,   86.3768, -109.3609,  ...,  273.0576,  250.6350,
           311.1911]]]), 'rvq_quantizer.layers.1._codebook.initted': tensor([1.]), 'rvq_quantizer.layers.1._codebook.cluster_size': tensor([[3.2131, 2.0000, 2.0000,  ..., 2.0000, 2.0120, 2.0000]]), 'rvq_quantizer.layers.1._codebook.embed_avg': tensor([[[ -7.2398,  -0.1141,   4.9395,  ...,   3.7144,  -0.3386,  -2.6715],
         [  6.3256,  -5.9917, -14.4593,  ...,  18.8745,  25.2359,  21.8765],
         [ -0.1819,  -6.9774,  -8.1805,  ...,  -5.0272,  -3.3547,  -1.3839],
         ...,
         [ -4.2935,   0.1117,  -0.7314,  ...,   2.9205,   3.4087,   4.1459],
         [ -5.6950,   4.7967,  -2.1163,  ...,   2.9050,   5.4026,   4.3611],
         [ -6.2085,  -4.0396,   9.7928,  ...,   9.1204,  17.5342,   5.3243]]]), 'rvq_quantizer.layers.1._codebook.embed': tensor([[[-2.2532, -0.0355,  1.5373,  ...,  1.1560, -0.1054, -0.8315],
         [ 3.1628, -2.9958, -7.2297,  ...,  9.4372, 12.6179, 10.9382],
         [-0.0910, -3.4887, -4.0902,  ..., -2.5136, -1.6773, -0.6919],
         ...,
         [-2.1468,  0.0558, -0.3657,  ...,  1.4603,  1.7043,  2.0730],
         [-2.8306,  2.3841, -1.0518,  ...,  1.4439,  2.6852,  2.1676],
         [-3.1042, -2.0198,  4.8964,  ...,  4.5602,  8.7671,  2.6622]]]), 'rvq_quantizer.layers.2._codebook.initted': tensor([1.]), 'rvq_quantizer.layers.2._codebook.cluster_size': tensor([[2.0000, 2.3459, 2.3439,  ..., 3.4704, 2.0000, 2.0762]]), 'rvq_quantizer.layers.2._codebook.embed_avg': tensor([[[ -0.5164,   7.7452, -16.8974,  ...,  -6.4260,   1.7809,  -0.2563],
         [  4.3518, -11.8152, -14.7895,  ...,  -0.6121,   2.2161,   3.8792],
         [ -2.6010,  18.6459,  -1.4343,  ...,  -4.8917,   2.8434,  10.3098],
         ...,
         [ -1.4131,   3.2114,   3.6514,  ...,   2.1399,  -0.4976,  -2.1428],
         [ -0.1019,  -0.5602,  -0.4464,  ...,  -0.6132,  -0.6296,  -0.3694],
         [ -0.1310,  -3.4281,  -0.8436,  ...,   8.9841,   8.5072,   4.5943]]]), 'rvq_quantizer.layers.2._codebook.embed': tensor([[[-0.2582,  3.8726, -8.4487,  ..., -3.2130,  0.8904, -0.1282],
         [ 1.8551, -5.0366, -6.3045,  ..., -0.2609,  0.9447,  1.6536],
         [-1.1097,  7.9551, -0.6119,  ..., -2.0870,  1.2131,  4.3986],
         ...,
         [-0.4072,  0.9254,  1.0521,  ...,  0.6166, -0.1434, -0.6174],
         [-0.0509, -0.2801, -0.2232,  ..., -0.3066, -0.3148, -0.1847],
         [-0.0631, -1.6511, -0.4063,  ...,  4.3272,  4.0975,  2.2128]]]), 'rvq_quantizer.layers.3._codebook.initted': tensor([1.]), 'rvq_quantizer.layers.3._codebook.cluster_size': tensor([[2.0900, 2.2960, 2.6399,  ..., 2.0000, 2.5006, 3.2905]]), 'rvq_quantizer.layers.3._codebook.embed_avg': tensor([[[ 0.2098, -2.3193, -3.5920,  ...,  0.0936, -1.2526, -1.8936],
         [ 4.7609,  2.4526, -2.6236,  ..., -4.1605,  3.7345,  1.5359],
         [ 3.9027,  7.2884, -1.5199,  ..., -2.3401, -1.9296, -1.6355],
         ...,
         [-0.1884, -0.9662,  2.9287,  ..., -0.2292,  0.2420,  0.3969],
         [-4.1391, -4.2088,  4.2798,  ..., -1.7173, -0.0114, -0.7216],
         [-0.7099, -2.2266, -5.3554,  ...,  0.9559, -0.6903,  0.7862]]]), 'rvq_quantizer.layers.3._codebook.embed': tensor([[[ 0.1004, -1.1097, -1.7187,  ...,  0.0448, -0.5993, -0.9060],
         [ 2.0735,  1.0682, -1.1427,  ..., -1.8120,  1.6265,  0.6690],
         [ 1.4784,  2.7609, -0.5757,  ..., -0.8864, -0.7310, -0.6195],
         ...,
         [-0.0942, -0.4831,  1.4643,  ..., -0.1146,  0.1210,  0.1984],
         [-1.6552, -1.6831,  1.7115,  ..., -0.6868, -0.0046, -0.2886],
         [-0.2158, -0.6767, -1.6275,  ...,  0.2905, -0.2098,  0.2389]]])})
Loss:  tensor(7.2043, grad_fn=<MeanBackward0>)
OrderedDict({'rvq_quantizer.project_in.weight': tensor([[ 0.3304, -0.2291, -0.4149,  ...,  0.2070,  0.2451,  0.2077],
        [-0.4412, -0.0407,  0.3329,  ...,  0.0143,  0.0045, -0.1738],
        [ 0.0599, -0.1041, -0.1407,  ...,  0.0085,  0.0893,  0.0915],
        ...,
        [-0.4381,  0.3859,  0.4729,  ..., -0.2548, -0.2854, -0.3552],
        [-0.4175,  0.3069,  0.4758,  ..., -0.2867, -0.2940, -0.3481],
        [-0.3939,  0.3134,  0.3935,  ..., -0.2811, -0.4001, -0.3922]]), 'rvq_quantizer.project_in.bias': tensor([-0.5274,  0.5437, -0.1568,  0.1840, -0.1180, -0.1855,  0.0554, -0.4163,
         0.0477, -0.6086, -0.1388, -0.1836, -0.5499, -0.2399,  0.4575, -0.2432,
        -0.0768,  0.3561,  0.3076,  0.4821,  0.4403,  0.5665, -0.5365,  0.5691,
        -0.2668, -0.4995,  0.1329,  0.4810,  0.2700,  0.5796,  0.5697,  0.5733]), 'rvq_quantizer.project_out.weight': tensor([[ 0.0863,  0.1175, -0.0987,  ..., -0.0436,  0.0902, -0.0665],
        [-0.0337,  0.0185,  0.1248,  ..., -0.1478, -0.1462, -0.0690],
        [ 0.1136,  0.0347, -0.1496,  ...,  0.1559,  0.1245, -0.1110],
        ...,
        [-0.0980,  0.0885, -0.1271,  ..., -0.0326,  0.1682, -0.0498],
        [-0.0419,  0.0095, -0.0684,  ...,  0.0084, -0.0638, -0.1158],
        [-0.0722,  0.0351, -0.0780,  ..., -0.1712,  0.1494, -0.0657]]), 'rvq_quantizer.project_out.bias': tensor([-0.0057, -0.1618, -0.0106, -0.1491,  0.1075, -0.1614, -0.1343,  0.1031,
         0.0111,  0.0539, -0.1584, -0.0913, -0.0218,  0.0136,  0.0118, -0.0675,
        -0.0649, -0.1732, -0.0018,  0.0052,  0.0404,  0.1226, -0.1440,  0.0450,
         0.1010,  0.1239,  0.1398, -0.0086, -0.0618,  0.0553,  0.1455,  0.1233,
        -0.1643,  0.0420, -0.1047,  0.1099, -0.0730, -0.0033,  0.0521, -0.1638,
         0.0447, -0.0199,  0.1100,  0.0143,  0.0467,  0.1464, -0.1500,  0.0397,
        -0.0979,  0.0147, -0.1461, -0.0785, -0.1591, -0.0969, -0.1011,  0.0893,
        -0.0945,  0.1582,  0.0263, -0.0766, -0.0984,  0.1358,  0.1505,  0.0912]), 'rvq_quantizer.layers.0._codebook.initted': tensor([1.]), 'rvq_quantizer.layers.0._codebook.cluster_size': tensor([[3.9135, 4.7577, 5.1007,  ..., 2.0000, 2.2000, 2.0294]]), 'rvq_quantizer.layers.0._codebook.embed_avg': tensor([[[-1260.1055,   823.2244,  -535.0536,  ...,  1726.1244,
           1579.9320,  1771.5178],
         [-1345.3124,  1480.7443,  -359.3237,  ...,  1793.4867,
           1700.4044,  1670.3230],
         [ -989.5144,   938.0242,  -377.0576,  ...,  1362.1071,
           1273.9635,  1394.5519],
         ...,
         [ -568.7117,   628.9518,  -144.6430,  ...,   758.1189,
            716.7736,   704.8614],
         [ -532.7270,   531.7178,  -183.8505,  ...,   721.2563,
            697.1541,   696.1805],
         [ -392.2654,   176.4061,  -221.9655,  ...,   551.9417,
            507.4085,   630.4932]]]), 'rvq_quantizer.layers.0._codebook.embed': tensor([[[-321.9866,  210.3532, -136.7188,  ...,  441.0655,  403.7098,
           452.6646],
         [-282.7680,  311.2341,  -75.5254,  ...,  376.9687,  357.4040,
           351.0812],
         [-193.9975,  183.9026,  -73.9234,  ...,  267.0454,  249.7646,
           273.4063],
         ...,
         [-284.3559,  314.4759,  -72.3215,  ...,  379.0594,  358.3868,
           352.4307],
         [-242.1484,  241.6897,  -83.5683,  ...,  327.8435,  316.8879,
           316.4454],
         [-193.2924,   86.9257, -109.3755,  ...,  271.9743,  250.0302,
           310.6814]]]), 'rvq_quantizer.layers.1._codebook.initted': tensor([1.]), 'rvq_quantizer.layers.1._codebook.cluster_size': tensor([[3.8026, 2.0000, 2.0000,  ..., 2.3900, 2.0000, 2.0000]]), 'rvq_quantizer.layers.1._codebook.embed_avg': tensor([[[ -8.7045,  -0.3045,   6.6297,  ...,   4.5046,   0.3235,  -3.1248],
         [ -2.4275,   3.4221,  19.4698,  ...,  -7.2891,  14.6648,  -8.4258],
         [ -2.1245,  -8.6305,  -9.9608,  ...,  -0.5782,  -5.0973,  13.6196],
         ...,
         [ -4.5048,  -0.8472,  -1.1634,  ...,   3.6102,   3.6806,   5.8227],
         [  3.2339,  -4.7467,  -0.2383,  ...,  -5.3224,  -9.7021, -20.6453],
         [  7.6080,  10.5522,  -9.6515,  ...,  -9.1080,  -2.8106,  -3.3073]]]), 'rvq_quantizer.layers.1._codebook.embed': tensor([[[ -2.2891,  -0.0801,   1.7435,  ...,   1.1846,   0.0851,  -0.8218],
         [ -1.2137,   1.7110,   9.7349,  ...,  -3.6446,   7.3324,  -4.2129],
         [ -1.0622,  -4.3152,  -4.9804,  ...,  -0.2891,  -2.5486,   6.8098],
         ...,
         [ -1.8848,  -0.3545,  -0.4868,  ...,   1.5105,   1.5400,   2.4363],
         [  1.6169,  -2.3733,  -0.1191,  ...,  -2.6612,  -4.8511, -10.3227],
         [  3.8040,   5.2761,  -4.8257,  ...,  -4.5540,  -1.4053,  -1.6536]]]), 'rvq_quantizer.layers.2._codebook.initted': tensor([1.]), 'rvq_quantizer.layers.2._codebook.cluster_size': tensor([[2.0000, 2.1802, 2.0000,  ..., 3.9410, 2.4000, 2.0000]]), 'rvq_quantizer.layers.2._codebook.embed_avg': tensor([[[  8.4515,  10.8642,  -2.0343,  ...,   2.0770,  -4.8842,  -1.0490],
         [  3.3860, -11.4296, -13.9713,  ...,  -0.1639,   1.4324,   4.1720],
         [ -0.5410,   0.4387,   1.4422,  ...,  -0.9099,   1.1292,   0.0415],
         ...,
         [ -1.2455,   4.1029,   6.7651,  ...,   2.0161,  -0.3736,  -2.6815],
         [  0.2287,   1.4120,   4.2893,  ...,   0.6731,  -0.5712,  -0.0345],
         [  1.9175,   1.9656,  -0.4751,  ...,   2.1527,  -2.1368,   1.4068]]]), 'rvq_quantizer.layers.2._codebook.embed': tensor([[[ 4.2258,  5.4321, -1.0172,  ...,  1.0385, -2.4421, -0.5245],
         [ 1.5531, -5.2426, -6.4084,  ..., -0.0752,  0.6570,  1.9136],
         [-0.2705,  0.2194,  0.7211,  ..., -0.4550,  0.5646,  0.0208],
         ...,
         [-0.3160,  1.0411,  1.7166,  ...,  0.5116, -0.0948, -0.6804],
         [ 0.0953,  0.5883,  1.7872,  ...,  0.2804, -0.2380, -0.0144],
         [ 0.9587,  0.9828, -0.2375,  ...,  1.0764, -1.0684,  0.7034]]]), 'rvq_quantizer.layers.3._codebook.initted': tensor([1.]), 'rvq_quantizer.layers.3._codebook.cluster_size': tensor([[2.0000, 2.4198, 2.1383,  ..., 3.4200, 2.5955, 2.8453]]), 'rvq_quantizer.layers.3._codebook.embed_avg': tensor([[[ 3.9258,  2.2701,  0.9412,  ...,  0.1671, -4.7172,  1.2819],
         [ 4.4479,  3.0315, -1.5943,  ..., -3.4816,  4.0758,  1.5597],
         [ 3.1612,  5.9036, -1.2311,  ..., -1.8955, -1.5630, -1.3247],
         ...,
         [-0.5200, -1.1588,  5.6506,  ..., -0.3057,  0.5230,  0.8157],
         [-3.1127, -3.4091,  5.5034,  ..., -2.0482, -1.1530, -0.8594],
         [-0.5709, -2.0027, -4.2464,  ...,  0.7015, -1.0595,  0.4790]]]), 'rvq_quantizer.layers.3._codebook.embed': tensor([[[ 1.9629,  1.1351,  0.4706,  ...,  0.0835, -2.3586,  0.6409],
         [ 1.8381,  1.2528, -0.6589,  ..., -1.4388,  1.6844,  0.6446],
         [ 1.4784,  2.7609, -0.5757,  ..., -0.8864, -0.7310, -0.6195],
         ...,
         [-0.1521, -0.3388,  1.6522,  ..., -0.0894,  0.1529,  0.2385],
         [-1.1993, -1.3135,  2.1204,  ..., -0.7891, -0.4442, -0.3311],
         [-0.2006, -0.7039, -1.4924,  ...,  0.2465, -0.3723,  0.1684]]])})
Loss:  tensor(7.2170, grad_fn=<MeanBackward0>)
OrderedDict({'rvq_quantizer.project_in.weight': tensor([[ 0.3330, -0.2314, -0.4191,  ...,  0.2050,  0.2429,  0.2065],
        [-0.4433, -0.0392,  0.3314,  ...,  0.0136,  0.0068, -0.1750],
        [ 0.0573, -0.1031, -0.1429,  ...,  0.0039,  0.0866,  0.0883],
        ...,
        [-0.4416,  0.3871,  0.4784,  ..., -0.2513, -0.2819, -0.3531],
        [-0.4209,  0.3057,  0.4808,  ..., -0.2827, -0.2912, -0.3465],
        [-0.3969,  0.3139,  0.3992,  ..., -0.2790, -0.3977, -0.3913]]), 'rvq_quantizer.project_in.bias': tensor([-0.5291,  0.5458, -0.1540,  0.1848, -0.1188, -0.1870,  0.0559, -0.4176,
         0.0477, -0.6114, -0.1390, -0.1850, -0.5519, -0.2407,  0.4595, -0.2441,
        -0.0758,  0.3577,  0.3079,  0.4836,  0.4431,  0.5698, -0.5388,  0.5717,
        -0.2684, -0.5023,  0.1332,  0.4839,  0.2709,  0.5825,  0.5727,  0.5754]), 'rvq_quantizer.project_out.weight': tensor([[ 0.0863,  0.1175, -0.0987,  ..., -0.0436,  0.0902, -0.0665],
        [-0.0337,  0.0185,  0.1248,  ..., -0.1478, -0.1462, -0.0690],
        [ 0.1136,  0.0347, -0.1496,  ...,  0.1559,  0.1245, -0.1110],
        ...,
        [-0.0980,  0.0885, -0.1271,  ..., -0.0326,  0.1682, -0.0498],
        [-0.0419,  0.0095, -0.0684,  ...,  0.0084, -0.0638, -0.1158],
        [-0.0722,  0.0351, -0.0780,  ..., -0.1712,  0.1494, -0.0657]]), 'rvq_quantizer.project_out.bias': tensor([-0.0057, -0.1618, -0.0106, -0.1491,  0.1075, -0.1614, -0.1343,  0.1031,
         0.0111,  0.0539, -0.1584, -0.0913, -0.0218,  0.0136,  0.0118, -0.0675,
        -0.0649, -0.1732, -0.0018,  0.0052,  0.0404,  0.1226, -0.1440,  0.0450,
         0.1010,  0.1239,  0.1398, -0.0086, -0.0618,  0.0553,  0.1455,  0.1233,
        -0.1643,  0.0420, -0.1047,  0.1099, -0.0730, -0.0033,  0.0521, -0.1638,
         0.0447, -0.0199,  0.1100,  0.0143,  0.0467,  0.1464, -0.1500,  0.0397,
        -0.0979,  0.0147, -0.1461, -0.0785, -0.1591, -0.0969, -0.1011,  0.0893,
        -0.0945,  0.1582,  0.0263, -0.0766, -0.0984,  0.1358,  0.1505,  0.0912]), 'rvq_quantizer.layers.0._codebook.initted': tensor([1.]), 'rvq_quantizer.layers.0._codebook.cluster_size': tensor([[4.0222, 4.4819, 5.2906,  ..., 2.5000, 2.3800, 2.0000]]), 'rvq_quantizer.layers.0._codebook.embed_avg': tensor([[[-1295.2316,   844.2142,  -548.1636,  ...,  1773.7904,
           1624.1244,  1821.5369],
         [-1267.5446,  1394.7913,  -337.4793,  ...,  1689.4066,
           1601.5621,  1573.2083],
         [-1025.7911,   973.0623,  -389.1758,  ...,  1415.1641,
           1323.4631,  1447.8700],
         ...,
         [ -710.3378,   786.6064,  -179.4084,  ...,   946.9485,
            897.3774,   881.7391],
         [ -574.8120,   574.5604,  -196.0882,  ...,   781.1255,
            752.8987,   754.1531],
         [ -627.4199,   510.7737,  -219.2552,  ...,   863.5977,
            822.1697,   853.3787]]]), 'rvq_quantizer.layers.0._codebook.embed': tensor([[[-322.0223,  209.8897, -136.2852,  ...,  441.0023,  403.7921,
           452.8731],
         [-282.8148,  311.2061,  -75.2984,  ...,  376.9408,  357.3409,
           351.0146],
         [-193.8898,  183.9232,  -73.5600,  ...,  267.4871,  250.1542,
           273.6690],
         ...,
         [-284.1350,  314.6424,  -71.7634,  ...,  378.7793,  358.9508,
           352.6955],
         [-241.5175,  241.4118,  -82.3900,  ...,  328.2038,  316.3438,
           316.8709],
         [-313.7100,  255.3869, -109.6276,  ...,  431.7988,  411.0848,
           426.6893]]]), 'rvq_quantizer.layers.1._codebook.initted': tensor([1.]), 'rvq_quantizer.layers.1._codebook.cluster_size': tensor([[3.7223, 2.0000, 2.0000,  ..., 2.3510, 2.0000, 2.0000]]), 'rvq_quantizer.layers.1._codebook.embed_avg': tensor([[[ -8.1848,  -0.3723,   6.7731,  ...,   4.4672,   0.0337,  -3.0122],
         [ -2.2902,   4.0002,  19.5361,  ...,  -7.7521,  15.0425,  -7.5314],
         [ -2.1282,  -8.4840,  -9.4740,  ...,  -0.2256,  -4.8596,  13.9663],
         ...,
         [ -4.4529,  -0.7296,  -0.7496,  ...,   3.4425,   3.5556,   6.2488],
         [ 15.0204,  18.2234,   1.8121,  ...,  -5.2075,  -5.1672, -14.0610],
         [ -3.1179,  17.5920,  12.3102,  ...,  -3.1306,  -3.9375,  -7.5408]]]), 'rvq_quantizer.layers.1._codebook.embed': tensor([[[-2.1989e+00, -1.0003e-01,  1.8196e+00,  ...,  1.2001e+00,
           9.0638e-03, -8.0923e-01],
         [-1.1451e+00,  2.0001e+00,  9.7680e+00,  ..., -3.8760e+00,
           7.5212e+00, -3.7657e+00],
         [-1.0641e+00, -4.2420e+00, -4.7370e+00,  ..., -1.1280e-01,
          -2.4298e+00,  6.9831e+00],
         ...,
         [-1.8941e+00, -3.1032e-01, -3.1885e-01,  ...,  1.4643e+00,
           1.5124e+00,  2.6579e+00],
         [ 7.5102e+00,  9.1117e+00,  9.0606e-01,  ..., -2.6038e+00,
          -2.5836e+00, -7.0305e+00],
         [-1.5590e+00,  8.7960e+00,  6.1551e+00,  ..., -1.5653e+00,
          -1.9688e+00, -3.7704e+00]]]), 'rvq_quantizer.layers.2._codebook.initted': tensor([1.]), 'rvq_quantizer.layers.2._codebook.cluster_size': tensor([[2.0000, 2.0000, 2.0000,  ..., 3.8469, 2.2600, 2.2000]]), 'rvq_quantizer.layers.2._codebook.embed_avg': tensor([[[-1.0487,  5.2081,  0.4461,  ..., -2.4778, -3.1163, -1.3187],
         [ 3.2019,  1.7768,  7.9202,  ...,  0.1946, -3.7990, -2.5299],
         [-0.6346,  0.7485,  2.0222,  ..., -1.0745,  1.4480,  0.2518],
         ...,
         [-1.8717,  3.6271,  6.8024,  ...,  2.1633, -0.6822, -3.0317],
         [ 0.3161,  1.3377,  4.1284,  ...,  0.5856, -0.7049,  0.0428],
         [ 2.4566,  2.2904, -0.4536,  ...,  2.4380, -2.1530,  2.2967]]]), 'rvq_quantizer.layers.2._codebook.embed': tensor([[[-0.5243,  2.6040,  0.2231,  ..., -1.2389, -1.5581, -0.6593],
         [ 1.6010,  0.8884,  3.9601,  ...,  0.0973, -1.8995, -1.2650],
         [-0.3173,  0.3743,  1.0111,  ..., -0.5373,  0.7240,  0.1259],
         ...,
         [-0.4865,  0.9428,  1.7683,  ...,  0.5624, -0.1773, -0.7881],
         [ 0.1399,  0.5919,  1.8267,  ...,  0.2591, -0.3119,  0.0189],
         [ 1.1166,  1.0411, -0.2062,  ...,  1.1082, -0.9786,  1.0439]]]), 'rvq_quantizer.layers.3._codebook.initted': tensor([1.]), 'rvq_quantizer.layers.3._codebook.cluster_size': tensor([[2.0000, 2.3778, 2.0245,  ..., 3.9780, 2.6359, 2.5608]]), 'rvq_quantizer.layers.3._codebook.embed_avg': tensor([[[ 1.3130,  1.5717, -4.8008,  ..., -0.1558, -4.5258,  2.8833],
         [ 4.5442,  3.2068, -1.3221,  ..., -3.1637,  4.0436,  1.7319],
         [ 2.8451,  5.4643, -1.0388,  ..., -1.5426, -1.4329, -1.2641],
         ...,
         [-0.7799, -1.2725,  7.3349,  ..., -0.4628,  1.0126,  1.0464],
         [-2.8011, -3.8955,  6.4388,  ..., -1.8874, -1.0651, -1.2980],
         [-0.5138, -1.8024, -3.8217,  ...,  0.6313, -0.9535,  0.4311]]]), 'rvq_quantizer.layers.3._codebook.embed': tensor([[[ 0.6565,  0.7858, -2.4004,  ..., -0.0779, -2.2629,  1.4416],
         [ 1.9111,  1.3486, -0.5560,  ..., -1.3305,  1.7005,  0.7284],
         [ 1.4054,  2.6991, -0.5131,  ..., -0.7620, -0.7078, -0.6244],
         ...,
         [-0.1960, -0.3199,  1.8439,  ..., -0.1163,  0.2546,  0.2630],
         [-1.0627, -1.4778,  2.4427,  ..., -0.7160, -0.4041, -0.4924],
         [-0.2006, -0.7039, -1.4924,  ...,  0.2465, -0.3723,  0.1684]]])})
Loss:  tensor(7.5291, grad_fn=<MeanBackward0>)
OrderedDict({'rvq_quantizer.project_in.weight': tensor([[ 3.3559e-01, -2.3386e-01, -4.2325e-01,  ...,  2.0287e-01,
          2.4064e-01,  2.0521e-01],
        [-4.4538e-01, -3.8103e-02,  3.2994e-01,  ...,  1.2630e-02,
          8.9758e-03, -1.7624e-01],
        [ 5.5591e-02, -1.0295e-01, -1.4436e-01,  ..., -6.3052e-05,
          8.4562e-02,  8.5756e-02],
        ...,
        [-4.4506e-01,  3.8823e-01,  4.8389e-01,  ..., -2.4776e-01,
         -2.7844e-01, -3.5087e-01],
        [-4.2427e-01,  3.0464e-01,  4.8568e-01,  ..., -2.7875e-01,
         -2.8833e-01, -3.4486e-01],
        [-3.9986e-01,  3.1442e-01,  4.0476e-01,  ..., -2.7674e-01,
         -3.9534e-01, -3.9037e-01]]), 'rvq_quantizer.project_in.bias': tensor([-0.5308,  0.5479, -0.1519,  0.1856, -0.1196, -0.1884,  0.0563, -0.4188,
         0.0477, -0.6142, -0.1393, -0.1863, -0.5539, -0.2414,  0.4615, -0.2450,
        -0.0758,  0.3593,  0.3082,  0.4852,  0.4459,  0.5731, -0.5411,  0.5743,
        -0.2699, -0.5051,  0.1336,  0.4867,  0.2717,  0.5854,  0.5755,  0.5775]), 'rvq_quantizer.project_out.weight': tensor([[ 0.0863,  0.1175, -0.0987,  ..., -0.0436,  0.0902, -0.0665],
        [-0.0337,  0.0185,  0.1248,  ..., -0.1478, -0.1462, -0.0690],
        [ 0.1136,  0.0347, -0.1496,  ...,  0.1559,  0.1245, -0.1110],
        ...,
        [-0.0980,  0.0885, -0.1271,  ..., -0.0326,  0.1682, -0.0498],
        [-0.0419,  0.0095, -0.0684,  ...,  0.0084, -0.0638, -0.1158],
        [-0.0722,  0.0351, -0.0780,  ..., -0.1712,  0.1494, -0.0657]]), 'rvq_quantizer.project_out.bias': tensor([-0.0057, -0.1618, -0.0106, -0.1491,  0.1075, -0.1614, -0.1343,  0.1031,
         0.0111,  0.0539, -0.1584, -0.0913, -0.0218,  0.0136,  0.0118, -0.0675,
        -0.0649, -0.1732, -0.0018,  0.0052,  0.0404,  0.1226, -0.1440,  0.0450,
         0.1010,  0.1239,  0.1398, -0.0086, -0.0618,  0.0553,  0.1455,  0.1233,
        -0.1643,  0.0420, -0.1047,  0.1099, -0.0730, -0.0033,  0.0521, -0.1638,
         0.0447, -0.0199,  0.1100,  0.0143,  0.0467,  0.1464, -0.1500,  0.0397,
        -0.0979,  0.0147, -0.1461, -0.0785, -0.1591, -0.0969, -0.1011,  0.0893,
        -0.0945,  0.1582,  0.0263, -0.0766, -0.0984,  0.1358,  0.1505,  0.0912]), 'rvq_quantizer.layers.0._codebook.initted': tensor([1.]), 'rvq_quantizer.layers.0._codebook.cluster_size': tensor([[4.1200, 4.0337, 5.4615,  ..., 2.9500, 2.4420, 2.0000]]), 'rvq_quantizer.layers.0._codebook.embed_avg': tensor([[[-1326.7463,   863.3049,  -558.2466,  ...,  1816.4956,
           1663.8976,  1866.5392],
         [-1140.7900,  1255.3121,  -303.7314,  ...,  1520.4659,
           1441.4059,  1415.8875],
         [-1058.2900,  1005.1010,  -398.4259,  ...,  1463.1404,
           1368.2192,  1495.9618],
         ...,
         [ -838.1888,   928.3522,  -207.9755,  ...,  1117.4384,
           1059.8024,  1040.7467],
         [ -589.8170,   589.0807,  -198.7848,  ...,   802.5969,
            771.4658,   774.5900],
         [ -627.7734,   511.5217,  -219.3073,  ...,   863.9048,
            821.3782,   853.1178]]]), 'rvq_quantizer.layers.0._codebook.embed': tensor([[[-322.0289,  209.5420, -135.4980,  ...,  440.9012,  403.8625,
           453.0478],
         [-282.8148,  311.2061,  -75.2984,  ...,  376.9407,  357.3408,
           351.0145],
         [-193.7718,  184.0329,  -72.9513,  ...,  267.8994,  250.5195,
           273.9090],
         ...,
         [-284.1319,  314.6957,  -70.5002,  ...,  378.7928,  359.2551,
           352.7956],
         [-241.5302,  241.2287,  -81.4024,  ...,  328.6636,  315.9154,
           317.1947],
         [-313.8863,  255.7605, -109.6535,  ...,  431.9518,  410.6886,
           426.5583]]]), 'rvq_quantizer.layers.1._codebook.initted': tensor([1.]), 'rvq_quantizer.layers.1._codebook.cluster_size': tensor([[3.5501, 2.1000, 2.1000,  ..., 2.6159, 2.0000, 2.0000]]), 'rvq_quantizer.layers.1._codebook.embed_avg': tensor([[[-7.9005e+00, -2.1122e-01,  7.1372e+00,  ...,  4.2636e+00,
          -1.1365e-01, -2.8684e+00],
         [-2.0680e+00,  4.5398e+00,  2.1187e+01,  ..., -8.2134e+00,
           1.6078e+01, -6.2460e+00],
         [-2.3327e+00, -8.6180e+00, -8.7433e+00,  ...,  2.9309e-03,
          -4.4122e+00,  1.4997e+01],
         ...,
         [-5.0457e+00, -8.8460e-01,  1.7011e-01,  ...,  3.2100e+00,
           4.0661e+00,  7.1201e+00],
         [ 2.1334e+00, -1.7763e+00,  1.2800e+01,  ...,  1.3613e+01,
          -1.8373e+00, -8.6581e+00],
         [-3.2803e+00,  1.7871e+01,  1.3035e+01,  ..., -2.8726e+00,
          -3.7708e+00, -7.4894e+00]]]), 'rvq_quantizer.layers.1._codebook.embed': tensor([[[-2.2254e+00, -5.9498e-02,  2.0104e+00,  ...,  1.2010e+00,
          -3.2013e-02, -8.0799e-01],
         [-9.8478e-01,  2.1618e+00,  1.0089e+01,  ..., -3.9111e+00,
           7.6562e+00, -2.9743e+00],
         [-1.1108e+00, -4.1038e+00, -4.1635e+00,  ...,  1.3957e-03,
          -2.1011e+00,  7.1415e+00],
         ...,
         [-1.9289e+00, -3.3816e-01,  6.5028e-02,  ...,  1.2271e+00,
           1.5544e+00,  2.7218e+00],
         [ 1.0667e+00, -8.8817e-01,  6.4001e+00,  ...,  6.8064e+00,
          -9.1866e-01, -4.3291e+00],
         [-1.6401e+00,  8.9357e+00,  6.5176e+00,  ..., -1.4363e+00,
          -1.8854e+00, -3.7447e+00]]]), 'rvq_quantizer.layers.2._codebook.initted': tensor([1.]), 'rvq_quantizer.layers.2._codebook.cluster_size': tensor([[2.0000, 2.1000, 2.1000,  ..., 3.9622, 2.4340, 2.1800]]), 'rvq_quantizer.layers.2._codebook.embed_avg': tensor([[[-1.9931e-01,  1.2311e+01,  1.8639e+01,  ..., -5.8136e+00,
          -3.7458e+00, -8.4374e+00],
         [ 3.7298e+00,  1.9254e+00,  8.6406e+00,  ..., -3.0045e-01,
          -4.4290e+00, -2.4853e+00],
         [-6.5643e-01,  8.4628e-01,  2.4000e+00,  ..., -1.0301e+00,
           1.5950e+00,  9.1110e-02],
         ...,
         [-2.7619e+00,  3.8356e+00,  7.1381e+00,  ...,  2.4502e+00,
          -1.3023e+00, -3.1716e+00],
         [ 2.3538e-01,  1.5892e+00,  4.6219e+00,  ...,  7.4833e-01,
          -5.8768e-01, -4.8418e-01],
         [ 2.4841e+00,  2.5829e+00,  1.5285e-02,  ...,  2.7387e+00,
          -1.6511e+00,  2.4288e+00]]]), 'rvq_quantizer.layers.2._codebook.embed': tensor([[[-9.9656e-02,  6.1554e+00,  9.3193e+00,  ..., -2.9068e+00,
          -1.8729e+00, -4.2187e+00],
         [ 1.7761e+00,  9.1685e-01,  4.1146e+00,  ..., -1.4307e-01,
          -2.1091e+00, -1.1835e+00],
         [-3.1259e-01,  4.0299e-01,  1.1429e+00,  ..., -4.9052e-01,
           7.5954e-01,  4.3385e-02],
         ...,
         [-6.9705e-01,  9.6804e-01,  1.8015e+00,  ...,  6.1840e-01,
          -3.2867e-01, -8.0046e-01],
         [ 9.6704e-02,  6.5291e-01,  1.8989e+00,  ...,  3.0745e-01,
          -2.4145e-01, -1.9892e-01],
         [ 1.1395e+00,  1.1848e+00,  7.0114e-03,  ...,  1.2563e+00,
          -7.5738e-01,  1.1141e+00]]]), 'rvq_quantizer.layers.3._codebook.initted': tensor([1.]), 'rvq_quantizer.layers.3._codebook.cluster_size': tensor([[2.0000, 2.5400, 2.0220,  ..., 4.1802, 2.5723, 2.3047]]), 'rvq_quantizer.layers.3._codebook.embed_avg': tensor([[[ 1.2538,  3.5962,  5.9129,  ...,  3.4452,  3.6944,  1.9729],
         [ 4.1646,  4.0381, -1.3892,  ..., -4.3168,  4.5494,  1.1905],
         [ 2.4550,  5.3760, -0.8543,  ..., -1.6389, -1.3033, -2.0391],
         ...,
         [-0.9519, -1.3127,  7.9424,  ..., -0.3049,  1.0988,  1.2664],
         [-2.1210, -3.6607,  5.9156,  ..., -1.7259, -0.8492, -1.5107],
         [-0.4624, -1.6222, -3.4396,  ...,  0.5682, -0.8582,  0.3880]]]), 'rvq_quantizer.layers.3._codebook.embed': tensor([[[ 0.6269,  1.7981,  2.9565,  ...,  1.7226,  1.8472,  0.9865],
         [ 1.6396,  1.5898, -0.5469,  ..., -1.6995,  1.7911,  0.4687],
         [ 1.2141,  2.6587, -0.4225,  ..., -0.8105, -0.6445, -1.0084],
         ...,
         [-0.2277, -0.3140,  1.9000,  ..., -0.0729,  0.2629,  0.3029],
         [-0.8245, -1.4231,  2.2997,  ..., -0.6710, -0.3301, -0.5873],
         [-0.2006, -0.7039, -1.4924,  ...,  0.2465, -0.3723,  0.1684]]])})
Loss:  tensor(7.7661, grad_fn=<MeanBackward0>)
OrderedDict({'rvq_quantizer.project_in.weight': tensor([[ 0.3381, -0.2365, -0.4273,  ...,  0.2008,  0.2384,  0.2039],
        [-0.4474, -0.0376,  0.3284,  ...,  0.0117,  0.0112, -0.1774],
        [ 0.0553, -0.1040, -0.1448,  ..., -0.0028,  0.0838,  0.0844],
        ...,
        [-0.4485,  0.3893,  0.4892,  ..., -0.2442, -0.2749, -0.3486],
        [-0.4276,  0.3038,  0.4905,  ..., -0.2748, -0.2855, -0.3432],
        [-0.4028,  0.3150,  0.4102,  ..., -0.2745, -0.3929, -0.3893]]), 'rvq_quantizer.project_in.bias': tensor([-0.5325,  0.5499, -0.1513,  0.1864, -0.1203, -0.1893,  0.0567, -0.4200,
         0.0475, -0.6169, -0.1395, -0.1876, -0.5558, -0.2422,  0.4634, -0.2459,
        -0.0768,  0.3609,  0.3085,  0.4866,  0.4487,  0.5764, -0.5434,  0.5769,
        -0.2714, -0.5078,  0.1340,  0.4895,  0.2724,  0.5882,  0.5784,  0.5796]), 'rvq_quantizer.project_out.weight': tensor([[ 0.0863,  0.1175, -0.0987,  ..., -0.0436,  0.0902, -0.0665],
        [-0.0337,  0.0185,  0.1248,  ..., -0.1478, -0.1462, -0.0690],
        [ 0.1136,  0.0347, -0.1496,  ...,  0.1559,  0.1245, -0.1110],
        ...,
        [-0.0980,  0.0885, -0.1271,  ..., -0.0326,  0.1682, -0.0498],
        [-0.0419,  0.0095, -0.0684,  ...,  0.0084, -0.0638, -0.1158],
        [-0.0722,  0.0351, -0.0780,  ..., -0.1712,  0.1494, -0.0657]]), 'rvq_quantizer.project_out.bias': tensor([-0.0057, -0.1618, -0.0106, -0.1491,  0.1075, -0.1614, -0.1343,  0.1031,
         0.0111,  0.0539, -0.1584, -0.0913, -0.0218,  0.0136,  0.0118, -0.0675,
        -0.0649, -0.1732, -0.0018,  0.0052,  0.0404,  0.1226, -0.1440,  0.0450,
         0.1010,  0.1239,  0.1398, -0.0086, -0.0618,  0.0553,  0.1455,  0.1233,
        -0.1643,  0.0420, -0.1047,  0.1099, -0.0730, -0.0033,  0.0521, -0.1638,
         0.0447, -0.0199,  0.1100,  0.0143,  0.0467,  0.1464, -0.1500,  0.0397,
        -0.0979,  0.0147, -0.1461, -0.0785, -0.1591, -0.0969, -0.1011,  0.0893,
        -0.0945,  0.1582,  0.0263, -0.0766, -0.0984,  0.1358,  0.1505,  0.0912]), 'rvq_quantizer.layers.0._codebook.initted': tensor([1.]), 'rvq_quantizer.layers.0._codebook.cluster_size': tensor([[4.2080, 3.6303, 5.6154,  ..., 2.8550, 2.6978, 2.0000]]), 'rvq_quantizer.layers.0._codebook.embed_avg': tensor([[[-1355.0022,   880.7076,  -566.0462,  ...,  1854.7185,
           1699.6866,  1906.9954],
         [-1026.7111,  1129.7809,  -273.3582,  ...,  1368.4193,
           1297.2653,  1274.2987],
         [-1087.3845,  1034.4855,  -405.4976,  ...,  1506.5254,
           1408.6787,  1539.3199],
         ...,
         [ -811.5668,   898.9263,  -199.9023,  ...,  1081.5410,
           1025.9443,  1007.9115],
         [ -650.7460,   651.0928,  -214.9783,  ...,   888.1265,
            852.2865,   856.9096],
         [ -628.1407,   512.3872,  -218.8856,  ...,   864.3072,
            820.7131,   852.9388]]]), 'rvq_quantizer.layers.0._codebook.embed': tensor([[[-322.0089,  209.2954, -134.5178,  ...,  440.7638,  403.9214,
           453.1871],
         [-282.8147,  311.2060,  -75.2984,  ...,  376.9406,  357.3407,
           351.0144],
         [-193.6441,  184.2238,  -72.2120,  ...,  268.2858,  250.8610,
           274.1259],
         ...,
         [-284.2616,  314.8604,  -70.0183,  ...,  378.8235,  359.3501,
           353.0338],
         [-241.2136,  241.3421,  -79.6865,  ...,  329.2039,  315.9190,
           317.6327],
         [-314.0699,  256.1932, -109.4426,  ...,  432.1530,  410.3560,
           426.4688]]]), 'rvq_quantizer.layers.1._codebook.initted': tensor([1.]), 'rvq_quantizer.layers.1._codebook.cluster_size': tensor([[3.4951, 2.1900, 2.1900,  ..., 2.5543, 2.0000, 2.1000]]), 'rvq_quantizer.layers.1._codebook.embed_avg': tensor([[[-7.7059, -0.0353,  7.5853,  ...,  4.4332, -0.2590, -2.7446],
         [-2.0123,  4.8233, 22.9329,  ..., -8.0523, 16.2691, -5.7819],
         [-2.5909, -8.5375, -7.7944,  ...,  0.3603, -3.8285, 15.9957],
         ...,
         [-5.0965, -0.5118,  0.8975,  ...,  2.8074,  3.8549,  6.8854],
         [-6.3635,  6.6123, 15.1702,  ...,  4.8548, -5.0733, -2.8057],
         [-3.4722, 18.8150, 14.6962,  ..., -1.9671, -3.9224, -8.0683]]]), 'rvq_quantizer.layers.1._codebook.embed': tensor([[[-2.2048e+00, -1.0104e-02,  2.1703e+00,  ...,  1.2684e+00,
          -7.4102e-02, -7.8527e-01],
         [-9.1886e-01,  2.2024e+00,  1.0472e+01,  ..., -3.6768e+00,
           7.4288e+00, -2.6401e+00],
         [-1.1830e+00, -3.8984e+00, -3.5591e+00,  ...,  1.6452e-01,
          -1.7482e+00,  7.3039e+00],
         ...,
         [-1.9952e+00, -2.0036e-01,  3.5137e-01,  ...,  1.0991e+00,
           1.5092e+00,  2.6956e+00],
         [-3.1817e+00,  3.3062e+00,  7.5851e+00,  ...,  2.4274e+00,
          -2.5367e+00, -1.4028e+00],
         [-1.6534e+00,  8.9595e+00,  6.9982e+00,  ..., -9.3671e-01,
          -1.8678e+00, -3.8421e+00]]]), 'rvq_quantizer.layers.2._codebook.initted': tensor([1.]), 'rvq_quantizer.layers.2._codebook.cluster_size': tensor([[2.0000, 2.0000, 2.0000,  ..., 3.9660, 2.3906, 2.1620]]), 'rvq_quantizer.layers.2._codebook.embed_avg': tensor([[[  5.5027,   0.8079,   9.5972,  ...,   4.8844,  -4.9097, -12.4974],
         [  1.6566,  -3.1037,   3.0937,  ...,   5.2748,   0.0356,   0.2857],
         [-11.9273,   2.8133,   3.2346,  ...,   8.6401,  14.3199,  -2.2656],
         ...,
         [ -2.3588,   4.4172,   7.1206,  ...,   2.5140,  -1.3050,  -3.1999],
         [  0.2593,   1.8173,   4.3993,  ...,   0.9047,  -0.5982,  -0.9056],
         [  2.4144,   3.1283,   0.6247,  ...,   2.7657,  -1.5705,   2.4529]]]), 'rvq_quantizer.layers.2._codebook.embed': tensor([[[ 2.7513,  0.4040,  4.7986,  ...,  2.4422, -2.4549, -6.2487],
         [ 0.8283, -1.5519,  1.5468,  ...,  2.6374,  0.0178,  0.1429],
         [-5.9636,  1.4066,  1.6173,  ...,  4.3201,  7.1599, -1.1328],
         ...,
         [-0.5948,  1.1138,  1.7954,  ...,  0.6339, -0.3290, -0.8068],
         [ 0.1084,  0.7602,  1.8402,  ...,  0.3784, -0.2502, -0.3788],
         [ 1.1168,  1.4469,  0.2889,  ...,  1.2792, -0.7264,  1.1345]]]), 'rvq_quantizer.layers.3._codebook.initted': tensor([1.]), 'rvq_quantizer.layers.3._codebook.cluster_size': tensor([[2.2000, 2.4860, 2.0198,  ..., 4.0622, 2.7151, 2.2742]]), 'rvq_quantizer.layers.3._codebook.embed_avg': tensor([[[ 0.7663,  4.6646,  6.8458,  ...,  3.4135,  4.1660,  1.8676],
         [ 3.4364,  4.0268, -1.4234,  ..., -4.4541,  4.9266,  0.9727],
         [ 2.4083,  5.1860, -0.4788,  ..., -1.8269, -1.3931, -2.7739],
         ...,
         [-0.8014, -1.3092,  7.9562,  ..., -0.1245,  1.1090,  1.2510],
         [-1.9602, -4.1575,  6.1046,  ..., -2.0222, -1.0436, -1.1417],
         [-0.5368, -1.7003, -3.4322,  ...,  0.6294, -0.4770,  0.3495]]]), 'rvq_quantizer.layers.3._codebook.embed': tensor([[[ 0.3483,  2.1203,  3.1117,  ...,  1.5516,  1.8936,  0.8489],
         [ 1.3823,  1.6198, -0.5726,  ..., -1.7917,  1.9817,  0.3913],
         [ 1.1923,  2.5676, -0.2371,  ..., -0.9045, -0.6897, -1.3733],
         ...,
         [-0.1973, -0.3223,  1.9586,  ..., -0.0306,  0.2730,  0.3080],
         [-0.7219, -1.5312,  2.2484,  ..., -0.7448, -0.3844, -0.4205],
         [-0.2360, -0.7476, -1.5092,  ...,  0.2767, -0.2097,  0.1537]]])})
Loss:  tensor(7.7610, grad_fn=<MeanBackward0>)
OrderedDict({'rvq_quantizer.project_in.weight': tensor([[ 0.3406, -0.2393, -0.4312,  ...,  0.1987,  0.2362,  0.2027],
        [-0.4492, -0.0376,  0.3269,  ...,  0.0112,  0.0137, -0.1783],
        [ 0.0564, -0.1062, -0.1440,  ..., -0.0040,  0.0845,  0.0845],
        ...,
        [-0.4518,  0.3903,  0.4945,  ..., -0.2406, -0.2714, -0.3463],
        [-0.4308,  0.3031,  0.4951,  ..., -0.2708, -0.2826, -0.3415],
        [-0.4056,  0.3158,  0.4155,  ..., -0.2721, -0.3904, -0.3882]]), 'rvq_quantizer.project_in.bias': tensor([-0.5341,  0.5518, -0.1521,  0.1871, -0.1211, -0.1899,  0.0571, -0.4211,
         0.0471, -0.6196, -0.1397, -0.1887, -0.5577, -0.2430,  0.4654, -0.2467,
        -0.0787,  0.3624,  0.3088,  0.4881,  0.4515,  0.5796, -0.5457,  0.5795,
        -0.2728, -0.5105,  0.1345,  0.4922,  0.2732,  0.5910,  0.5811,  0.5816]), 'rvq_quantizer.project_out.weight': tensor([[ 0.0863,  0.1175, -0.0987,  ..., -0.0436,  0.0902, -0.0665],
        [-0.0337,  0.0185,  0.1248,  ..., -0.1478, -0.1462, -0.0690],
        [ 0.1136,  0.0347, -0.1496,  ...,  0.1559,  0.1245, -0.1110],
        ...,
        [-0.0980,  0.0885, -0.1271,  ..., -0.0326,  0.1682, -0.0498],
        [-0.0419,  0.0095, -0.0684,  ...,  0.0084, -0.0638, -0.1158],
        [-0.0722,  0.0351, -0.0780,  ..., -0.1712,  0.1494, -0.0657]]), 'rvq_quantizer.project_out.bias': tensor([-0.0057, -0.1618, -0.0106, -0.1491,  0.1075, -0.1614, -0.1343,  0.1031,
         0.0111,  0.0539, -0.1584, -0.0913, -0.0218,  0.0136,  0.0118, -0.0675,
        -0.0649, -0.1732, -0.0018,  0.0052,  0.0404,  0.1226, -0.1440,  0.0450,
         0.1010,  0.1239,  0.1398, -0.0086, -0.0618,  0.0553,  0.1455,  0.1233,
        -0.1643,  0.0420, -0.1047,  0.1099, -0.0730, -0.0033,  0.0521, -0.1638,
         0.0447, -0.0199,  0.1100,  0.0143,  0.0467,  0.1464, -0.1500,  0.0397,
        -0.0979,  0.0147, -0.1461, -0.0785, -0.1591, -0.0969, -0.1011,  0.0893,
        -0.0945,  0.1582,  0.0263, -0.0766, -0.0984,  0.1358,  0.1505,  0.0912]), 'rvq_quantizer.layers.0._codebook.initted': tensor([1.]), 'rvq_quantizer.layers.0._codebook.cluster_size': tensor([[4.2872, 3.2673, 5.7538,  ..., 2.8695, 2.9280, 2.0000]]), 'rvq_quantizer.layers.0._codebook.embed_avg': tensor([[[-1380.3203,   896.5416,  -572.5532,  ...,  1888.8903,
           1731.8848,  1943.3309],
         [ -924.0400,  1016.8028,  -246.0224,  ...,  1231.5774,
           1167.5387,  1146.8688],
         [-1113.4159,  1061.4670,  -411.3161,  ...,  1545.7594,
           1445.2443,  1578.3896],
         ...,
         [ -815.5314,   902.8314,  -199.8477,  ...,  1086.4518,
           1031.3868,  1012.9534],
         [ -705.7765,   707.3408,  -229.2282,  ...,   965.5490,
            925.4777,   931.3809],
         [ -628.5258,   513.3310,  -218.3334,  ...,   864.7880,
            820.1575,   852.8261]]]), 'rvq_quantizer.layers.0._codebook.embed': tensor([[[-321.9656,  209.1221, -133.5505,  ...,  440.5917,  403.9695,
           453.2902],
         [-282.8146,  311.2059,  -75.2984,  ...,  376.9405,  357.3406,
           351.0143],
         [-193.5085,  184.4799,  -71.4855,  ...,  268.6485,  251.1793,
           274.3195],
         ...,
         [-284.2069,  314.6303,  -69.6455,  ...,  378.6207,  359.4310,
           353.0070],
         [-241.0423,  241.5765,  -78.2878,  ...,  329.7618,  316.0764,
           318.0925],
         [-314.2625,  256.6652, -109.1666,  ...,  432.3934,  410.0782,
           426.4125]]]), 'rvq_quantizer.layers.1._codebook.initted': tensor([1.]), 'rvq_quantizer.layers.1._codebook.cluster_size': tensor([[3.5456, 2.3710, 2.1710,  ..., 2.7989, 2.0000, 2.0900]]), 'rvq_quantizer.layers.1._codebook.embed_avg': tensor([[[-7.9981, -0.2269,  7.9512,  ...,  4.3416, -0.5856, -2.4731],
         [-1.9236,  5.9054, 25.7251,  ..., -8.4918, 17.7597, -4.6747],
         [-2.7785, -8.0807, -6.9808,  ...,  0.5167, -3.1884, 15.9219],
         ...,
         [-5.6089, -0.4732,  1.9645,  ...,  1.7952,  3.9749,  7.9875],
         [-6.2764,  6.7854, 15.0959,  ...,  4.9689, -5.0585, -3.6460],
         [-3.2289, 18.7491, 14.9939,  ..., -1.3077, -4.0009, -8.2442]]]), 'rvq_quantizer.layers.1._codebook.embed': tensor([[[-2.2558, -0.0640,  2.2426,  ...,  1.2245, -0.1652, -0.6975],
         [-0.8113,  2.4907, 10.8499,  ..., -3.5815,  7.4904, -1.9716],
         [-1.2798, -3.7221, -3.2155,  ...,  0.2380, -1.4686,  7.3339],
         ...,
         [-2.0040, -0.1691,  0.7019,  ...,  0.6414,  1.4202,  2.8538],
         [-3.1382,  3.3927,  7.5479,  ...,  2.4844, -2.5293, -1.8230],
         [-1.5449,  8.9709,  7.1741,  ..., -0.6257, -1.9143, -3.9446]]]), 'rvq_quantizer.layers.2._codebook.initted': tensor([1.]), 'rvq_quantizer.layers.2._codebook.cluster_size': tensor([[2.1000, 2.0000, 2.0000,  ..., 3.6694, 2.1515, 2.1458]]), 'rvq_quantizer.layers.2._codebook.embed_avg': tensor([[[  5.6908,   0.7383,  10.6512,  ...,   4.6411,  -4.7147, -11.9607],
         [  1.4992,  -3.4947,   3.2096,  ...,   5.2433,   0.1624,  -0.0323],
         [-11.1616,   3.0204,   3.5795,  ...,   7.9607,  14.3792,  -1.7027],
         ...,
         [ -2.0918,   4.1140,   6.6131,  ...,   2.4136,  -1.2773,  -2.9984],
         [  0.2333,   1.6356,   3.9594,  ...,   0.8142,  -0.5384,  -0.8151],
         [  2.2759,   2.8281,   1.0288,  ...,   2.9447,  -1.1514,   2.7189]]]), 'rvq_quantizer.layers.2._codebook.embed': tensor([[[ 2.7099,  0.3515,  5.0720,  ...,  2.2100, -2.2451, -5.6955],
         [ 0.7496, -1.7474,  1.6048,  ...,  2.6216,  0.0812, -0.0162],
         [-5.5808,  1.5102,  1.7897,  ...,  3.9803,  7.1896, -0.8513],
         ...,
         [-0.5701,  1.1212,  1.8022,  ...,  0.6578, -0.3481, -0.8171],
         [ 0.1084,  0.7602,  1.8402,  ...,  0.3784, -0.2502, -0.3788],
         [ 1.0606,  1.3180,  0.4794,  ...,  1.3723, -0.5366,  1.2671]]]), 'rvq_quantizer.layers.3._codebook.initted': tensor([1.]), 'rvq_quantizer.layers.3._codebook.cluster_size': tensor([[2.1800, 2.4374, 2.0000,  ..., 3.6560, 2.8436, 2.4468]]), 'rvq_quantizer.layers.3._codebook.embed_avg': tensor([[[ 0.5045,  4.7609,  6.9202,  ...,  3.0563,  4.6798,  1.9241],
         [ 3.3256,  3.7969, -1.9381,  ..., -4.7943,  5.1706,  1.5536],
         [-0.7118, -1.5153, -1.1809,  ...,  0.0829,  0.9430,  0.5728],
         ...,
         [-0.7213, -1.1783,  7.1606,  ..., -0.1120,  0.9981,  1.1259],
         [-1.7544, -4.1726,  6.6992,  ..., -1.8112, -0.9049, -1.2006],
         [-0.6863, -2.4503, -4.0872,  ...,  1.1128,  0.4216,  0.0187]]]), 'rvq_quantizer.layers.3._codebook.embed': tensor([[[ 0.2314,  2.1839,  3.1744,  ...,  1.4020,  2.1467,  0.8826],
         [ 1.3644,  1.5578, -0.7952,  ..., -1.9669,  2.1213,  0.6374],
         [-0.3559, -0.7577, -0.5904,  ...,  0.0415,  0.4715,  0.2864],
         ...,
         [-0.1973, -0.3223,  1.9586,  ..., -0.0306,  0.2730,  0.3080],
         [-0.6170, -1.4674,  2.3559,  ..., -0.6370, -0.3182, -0.4222],
         [-0.2805, -1.0014, -1.6704,  ...,  0.4548,  0.1723,  0.0076]]])})
Loss:  tensor(7.5916, grad_fn=<MeanBackward0>)
OrderedDict({'rvq_quantizer.project_in.weight': tensor([[ 0.3431, -0.2423, -0.4350,  ...,  0.1967,  0.2341,  0.2014],
        [-0.4510, -0.0383,  0.3255,  ...,  0.0112,  0.0165, -0.1787],
        [ 0.0588, -0.1093, -0.1421,  ..., -0.0038,  0.0864,  0.0859],
        ...,
        [-0.4551,  0.3912,  0.4997,  ..., -0.2371, -0.2679, -0.3439],
        [-0.4340,  0.3027,  0.4997,  ..., -0.2669, -0.2798, -0.3397],
        [-0.4084,  0.3166,  0.4208,  ..., -0.2698, -0.3878, -0.3871]]), 'rvq_quantizer.project_in.bias': tensor([-0.5358,  0.5536, -0.1543,  0.1878, -0.1219, -0.1901,  0.0575, -0.4222,
         0.0465, -0.6223, -0.1397, -0.1898, -0.5596, -0.2438,  0.4673, -0.2474,
        -0.0811,  0.3639,  0.3092,  0.4895,  0.4542,  0.5828, -0.5480,  0.5820,
        -0.2742, -0.5133,  0.1350,  0.4948,  0.2739,  0.5937,  0.5838,  0.5836]), 'rvq_quantizer.project_out.weight': tensor([[ 0.0863,  0.1175, -0.0987,  ..., -0.0436,  0.0902, -0.0665],
        [-0.0337,  0.0185,  0.1248,  ..., -0.1478, -0.1462, -0.0690],
        [ 0.1136,  0.0347, -0.1496,  ...,  0.1559,  0.1245, -0.1110],
        ...,
        [-0.0980,  0.0885, -0.1271,  ..., -0.0326,  0.1682, -0.0498],
        [-0.0419,  0.0095, -0.0684,  ...,  0.0084, -0.0638, -0.1158],
        [-0.0722,  0.0351, -0.0780,  ..., -0.1712,  0.1494, -0.0657]]), 'rvq_quantizer.project_out.bias': tensor([-0.0057, -0.1618, -0.0106, -0.1491,  0.1075, -0.1614, -0.1343,  0.1031,
         0.0111,  0.0539, -0.1584, -0.0913, -0.0218,  0.0136,  0.0118, -0.0675,
        -0.0649, -0.1732, -0.0018,  0.0052,  0.0404,  0.1226, -0.1440,  0.0450,
         0.1010,  0.1239,  0.1398, -0.0086, -0.0618,  0.0553,  0.1455,  0.1233,
        -0.1643,  0.0420, -0.1047,  0.1099, -0.0730, -0.0033,  0.0521, -0.1638,
         0.0447, -0.0199,  0.1100,  0.0143,  0.0467,  0.1464, -0.1500,  0.0397,
        -0.0979,  0.0147, -0.1461, -0.0785, -0.1591, -0.0969, -0.1011,  0.0893,
        -0.0945,  0.1582,  0.0263, -0.0766, -0.0984,  0.1358,  0.1505,  0.0912]), 'rvq_quantizer.layers.0._codebook.initted': tensor([1.]), 'rvq_quantizer.layers.0._codebook.cluster_size': tensor([[4.3585, 2.9406, 5.8785,  ..., 2.6825, 3.1352, 2.1000]]), 'rvq_quantizer.layers.0._codebook.embed_avg': tensor([[[-1402.9937,   910.8417,  -578.7668,  ...,  1919.3998,
           1760.8457,  1975.9332],
         [ -831.6360,   915.1225,  -221.4202,  ...,  1108.4197,
           1050.7848,  1032.1819],
         [-1136.6963,  1086.2112,  -416.8138,  ...,  1581.2390,
           1478.2783,  1613.5752],
         ...,
         [ -762.5898,   844.5438,  -186.7211,  ...,  1015.2822,
            964.2733,   947.0542],
         [ -755.4937,   758.3521,  -242.2984,  ...,  1035.6560,
            991.7767,   998.7655],
         [ -660.5319,   540.8668,  -229.0198,  ...,   908.3823,
            860.0228,   896.1267]]]), 'rvq_quantizer.layers.0._codebook.embed': tensor([[[-321.9020,  208.9830, -132.7919,  ...,  440.3859,  404.0074,
           453.3569],
         [-282.8145,  311.2058,  -75.2984,  ...,  376.9404,  357.3405,
           351.0142],
         [-193.3667,  184.7785,  -70.9054,  ...,  268.9891,  251.4742,
           274.4899],
         ...,
         [-284.2780,  314.8287,  -69.6058,  ...,  378.4765,  359.4614,
           353.0425],
         [-240.9702,  241.8819,  -77.2828,  ...,  330.3300,  316.3344,
           318.5635],
         [-314.5387,  257.5553, -109.0569,  ...,  432.5625,  409.5342,
           426.7265]]]), 'rvq_quantizer.layers.1._codebook.initted': tensor([1.]), 'rvq_quantizer.layers.1._codebook.cluster_size': tensor([[3.6910, 2.5339, 2.1539,  ..., 3.0190, 2.0000, 2.0810]]), 'rvq_quantizer.layers.1._codebook.embed_avg': tensor([[[-8.1801e+00, -3.6747e-01,  8.4869e+00,  ...,  4.6347e+00,
          -3.6330e-01, -2.3773e+00],
         [-1.8501e+00,  6.8908e+00,  2.7809e+01,  ..., -8.7176e+00,
           1.9225e+01, -3.5504e+00],
         [-3.0001e+00, -7.5374e+00, -6.4158e+00,  ...,  8.1697e-01,
          -2.4824e+00,  1.5913e+01],
         ...,
         [-6.1166e+00,  2.0279e-02,  2.9851e+00,  ...,  8.0450e-01,
           4.3912e+00,  9.1057e+00],
         [-6.6919e+00,  6.9411e+00,  1.5063e+01,  ...,  5.3342e+00,
          -4.5070e+00, -3.2154e+00],
         [-2.9961e+00,  1.8855e+01,  1.4878e+01,  ..., -6.9932e-01,
          -4.0642e+00, -8.4356e+00]]]), 'rvq_quantizer.layers.1._codebook.embed': tensor([[[-2.2162e+00, -9.9558e-02,  2.2994e+00,  ...,  1.2557e+00,
          -9.8428e-02, -6.4409e-01],
         [-7.3014e-01,  2.7195e+00,  1.0975e+01,  ..., -3.4404e+00,
           7.5873e+00, -1.4012e+00],
         [-1.3929e+00, -3.4994e+00, -2.9787e+00,  ...,  3.7930e-01,
          -1.1525e+00,  7.3879e+00],
         ...,
         [-2.0260e+00,  6.7173e-03,  9.8877e-01,  ...,  2.6648e-01,
           1.4545e+00,  3.0161e+00],
         [-3.3459e+00,  3.4705e+00,  7.5316e+00,  ...,  2.6671e+00,
          -2.2535e+00, -1.6077e+00],
         [-1.4398e+00,  9.0604e+00,  7.1493e+00,  ..., -3.3605e-01,
          -1.9530e+00, -4.0536e+00]]]), 'rvq_quantizer.layers.2._codebook.initted': tensor([1.]), 'rvq_quantizer.layers.2._codebook.cluster_size': tensor([[2.0900, 2.0000, 2.0000,  ..., 3.9025, 2.0364, 2.0312]]), 'rvq_quantizer.layers.2._codebook.embed_avg': tensor([[[ 5.8761e+00,  8.5477e-01,  1.0622e+01,  ...,  4.0118e+00,
          -4.3128e+00, -1.1273e+01],
         [-4.5429e+00,  1.3227e+01,  1.0173e+01,  ..., -5.2883e+00,
           9.9889e-01,  4.2594e+00],
         [-3.5166e+00,  1.0279e+01,  1.2779e-04,  ..., -2.3555e+00,
          -2.4131e+00, -9.3570e-01],
         ...,
         [-2.0259e+00,  4.5056e+00,  7.0196e+00,  ...,  2.6887e+00,
          -1.3492e+00, -3.5130e+00],
         [ 2.1570e-01,  1.5908e+00,  3.8452e+00,  ...,  7.5732e-01,
          -6.6131e-01, -8.7215e-01],
         [ 2.1246e+00,  2.5662e+00,  1.2506e+00,  ...,  2.7907e+00,
          -1.0501e+00,  2.6925e+00]]]), 'rvq_quantizer.layers.2._codebook.embed': tensor([[[ 2.8115e+00,  4.0898e-01,  5.0823e+00,  ...,  1.9195e+00,
          -2.0636e+00, -5.3939e+00],
         [-2.2715e+00,  6.6134e+00,  5.0864e+00,  ..., -2.6441e+00,
           4.9945e-01,  2.1297e+00],
         [-1.7583e+00,  5.1395e+00,  6.3896e-05,  ..., -1.1778e+00,
          -1.2065e+00, -4.6785e-01],
         ...,
         [-5.1914e-01,  1.1546e+00,  1.7988e+00,  ...,  6.8898e-01,
          -3.4574e-01, -9.0019e-01],
         [ 1.0592e-01,  7.8120e-01,  1.8883e+00,  ...,  3.7190e-01,
          -3.2475e-01, -4.2828e-01],
         [ 1.0460e+00,  1.2634e+00,  6.1571e-01,  ...,  1.3739e+00,
          -5.1696e-01,  1.3255e+00]]]), 'rvq_quantizer.layers.3._codebook.initted': tensor([1.]), 'rvq_quantizer.layers.3._codebook.cluster_size': tensor([[2.2620, 2.3937, 2.0000,  ..., 3.3904, 2.6592, 2.3021]]), 'rvq_quantizer.layers.3._codebook.embed_avg': tensor([[[ 0.4904,  5.7361,  7.2695,  ...,  2.8430,  4.4967,  1.7010],
         [ 3.5300,  3.9206, -2.1744,  ..., -4.7030,  5.3290,  1.6625],
         [-1.4094, 12.4331, -9.1248,  ...,  0.9133, -5.1409, -4.0453],
         ...,
         [-0.6457, -1.0688,  6.6858,  ..., -0.0224,  0.8041,  1.1257],
         [-1.5785, -3.6700,  5.7071,  ..., -1.7424, -0.8280, -0.6921],
         [-0.6547, -2.6927, -4.0749,  ...,  1.0302,  0.6394, -0.3781]]]), 'rvq_quantizer.layers.3._codebook.embed': tensor([[[ 0.2168,  2.5359,  3.2138,  ...,  1.2569,  1.9880,  0.7520],
         [ 1.4747,  1.6379, -0.9084,  ..., -1.9647,  2.2263,  0.6945],
         [-0.7047,  6.2166, -4.5624,  ...,  0.4567, -2.5704, -2.0227],
         ...,
         [-0.1904, -0.3153,  1.9720,  ..., -0.0066,  0.2372,  0.3320],
         [-0.5936, -1.3801,  2.1461,  ..., -0.6552, -0.3114, -0.2603],
         [-0.2844, -1.1696, -1.7700,  ...,  0.4475,  0.2778, -0.1642]]])})
Loss:  tensor(7.3118, grad_fn=<MeanBackward0>)
OrderedDict({'rvq_quantizer.project_in.weight': tensor([[ 0.3456, -0.2453, -0.4386,  ...,  0.1946,  0.2319,  0.2002],
        [-0.4526, -0.0396,  0.3242,  ...,  0.0119,  0.0199, -0.1785],
        [ 0.0622, -0.1131, -0.1394,  ..., -0.0025,  0.0893,  0.0883],
        ...,
        [-0.4584,  0.3921,  0.5048,  ..., -0.2335, -0.2644, -0.3416],
        [-0.4371,  0.3025,  0.5041,  ..., -0.2630, -0.2769, -0.3379],
        [-0.4112,  0.3175,  0.4259,  ..., -0.2674, -0.3853, -0.3859]]), 'rvq_quantizer.project_in.bias': tensor([-0.5374,  0.5551, -0.1574,  0.1885, -0.1227, -0.1901,  0.0579, -0.4233,
         0.0457, -0.6249, -0.1397, -0.1908, -0.5614, -0.2446,  0.4692, -0.2482,
        -0.0835,  0.3654,  0.3097,  0.4910,  0.4568,  0.5859, -0.5502,  0.5844,
        -0.2756, -0.5159,  0.1354,  0.4974,  0.2747,  0.5964,  0.5865,  0.5855]), 'rvq_quantizer.project_out.weight': tensor([[ 0.0863,  0.1175, -0.0987,  ..., -0.0436,  0.0902, -0.0665],
        [-0.0337,  0.0185,  0.1248,  ..., -0.1478, -0.1462, -0.0690],
        [ 0.1136,  0.0347, -0.1496,  ...,  0.1559,  0.1245, -0.1110],
        ...,
        [-0.0980,  0.0885, -0.1271,  ..., -0.0326,  0.1682, -0.0498],
        [-0.0419,  0.0095, -0.0684,  ...,  0.0084, -0.0638, -0.1158],
        [-0.0722,  0.0351, -0.0780,  ..., -0.1712,  0.1494, -0.0657]]), 'rvq_quantizer.project_out.bias': tensor([-0.0057, -0.1618, -0.0106, -0.1491,  0.1075, -0.1614, -0.1343,  0.1031,
         0.0111,  0.0539, -0.1584, -0.0913, -0.0218,  0.0136,  0.0118, -0.0675,
        -0.0649, -0.1732, -0.0018,  0.0052,  0.0404,  0.1226, -0.1440,  0.0450,
         0.1010,  0.1239,  0.1398, -0.0086, -0.0618,  0.0553,  0.1455,  0.1233,
        -0.1643,  0.0420, -0.1047,  0.1099, -0.0730, -0.0033,  0.0521, -0.1638,
         0.0447, -0.0199,  0.1100,  0.0143,  0.0467,  0.1464, -0.1500,  0.0397,
        -0.0979,  0.0147, -0.1461, -0.0785, -0.1591, -0.0969, -0.1011,  0.0893,
        -0.0945,  0.1582,  0.0263, -0.0766, -0.0984,  0.1358,  0.1505,  0.0912]), 'rvq_quantizer.layers.0._codebook.initted': tensor([1.]), 'rvq_quantizer.layers.0._codebook.cluster_size': tensor([[4.3226, 2.6465, 5.9906,  ..., 2.4143, 3.3217, 2.0900]]), 'rvq_quantizer.layers.0._codebook.embed_avg': tensor([[[-1391.3562,   902.3676,  -572.9367,  ...,  1902.4473,
           1746.2172,  1960.0966],
         [ -748.4724,   823.6102,  -199.2782,  ...,   997.5777,
            945.7063,   928.9637],
         [-1157.5112,  1108.8132,  -422.7321,  ...,  1613.3229,
           1508.1083,  1645.2455],
         ...,
         [ -686.3309,   760.0894,  -168.0490,  ...,   913.7540,
            867.8459,   852.3488],
         [ -800.4276,   804.5673,  -254.8019,  ...,  1099.1610,
           1051.8479,  1059.7523],
         [ -657.8082,   539.1157,  -228.0626,  ...,   904.6711,
            855.6118,   891.7760]]]), 'rvq_quantizer.layers.0._codebook.embed': tensor([[[-321.8792,  208.7555, -132.5443,  ...,  440.1160,  403.9734,
           453.4527],
         [-282.8144,  311.2057,  -75.2983,  ...,  376.9402,  357.3404,
           351.0141],
         [-193.2211,  185.0921,  -70.5659,  ...,  269.3089,  251.7456,
           274.6377],
         ...,
         [-284.2778,  314.8286,  -69.6058,  ...,  378.4763,  359.4613,
           353.0423],
         [-240.9697,  242.2160,  -76.7084,  ...,  330.9038,  316.6601,
           319.0397],
         [-314.7404,  257.9498, -109.1207,  ...,  432.8565,  409.3832,
           426.6866]]]), 'rvq_quantizer.layers.1._codebook.initted': tensor([1.]), 'rvq_quantizer.layers.1._codebook.cluster_size': tensor([[3.5219, 2.4805, 2.0385,  ..., 3.1171, 2.0000, 2.1729]]), 'rvq_quantizer.layers.1._codebook.embed_avg': tensor([[[-8.5554, -0.2194,  8.1810,  ...,  4.3123, -0.3608, -2.5859],
         [-1.8350,  6.8906, 27.0776,  ..., -8.4140, 18.4524, -3.6692],
         [-2.9696, -6.7418, -5.8869,  ...,  0.9890, -2.0969, 15.0427],
         ...,
         [-6.3200,  0.0423,  2.9432,  ...,  1.2763,  4.5103,  9.9846],
         [-7.2099,  7.1902, 14.5961,  ...,  5.8803, -3.8070, -2.6452],
         [-2.6943, 20.4210, 15.3167,  ..., -0.0995, -4.3019, -9.1105]]]), 'rvq_quantizer.layers.1._codebook.embed': tensor([[[-2.4292, -0.0623,  2.3229,  ...,  1.2244, -0.1024, -0.7342],
         [-0.7397,  2.7779, 10.9161,  ..., -3.3920,  7.4390, -1.4792],
         [-1.4567, -3.3072, -2.8878,  ...,  0.4852, -1.0287,  7.3792],
         ...,
         [-2.0275,  0.0136,  0.9442,  ...,  0.4095,  1.4470,  3.2032],
         [-3.6050,  3.5951,  7.2980,  ...,  2.9401, -1.9035, -1.3226],
         [-1.2399,  9.3980,  7.0489,  ..., -0.0458, -1.9798, -4.1928]]]), 'rvq_quantizer.layers.2._codebook.initted': tensor([1.]), 'rvq_quantizer.layers.2._codebook.cluster_size': tensor([[2.0000, 2.0000, 2.0000,  ..., 3.6122, 2.0000, 2.0281]]), 'rvq_quantizer.layers.2._codebook.embed_avg': tensor([[[  4.6302,   0.1799, -17.3539,  ...,   2.8678,  -2.4260,  -0.1392],
         [ -2.8769,  -8.5893,  -0.4392,  ...,   8.9963,   2.8748,  -2.3813],
         [  0.7611,   2.2890,   0.3534,  ...,  -0.5385,  -0.3858,  -0.4922],
         ...,
         [ -1.8661,   4.1002,   6.3889,  ...,   2.5075,  -1.2033,  -3.3039],
         [ 11.0460,  -7.7038,  13.3745,  ...,   3.3987,  -5.0794,  -2.0053],
         [  2.1278,   2.4592,   0.7418,  ...,   2.6320,  -0.9443,   2.6528]]]), 'rvq_quantizer.layers.2._codebook.embed': tensor([[[ 2.3151,  0.0900, -8.6769,  ...,  1.4339, -1.2130, -0.0696],
         [-1.4384, -4.2947, -0.2196,  ...,  4.4981,  1.4374, -1.1906],
         [ 0.3806,  1.1445,  0.1767,  ..., -0.2693, -0.1929, -0.2461],
         ...,
         [-0.5166,  1.1351,  1.7687,  ...,  0.6942, -0.3331, -0.9146],
         [ 5.5230, -3.8519,  6.6872,  ...,  1.6994, -2.5397, -1.0027],
         [ 1.0492,  1.2126,  0.3658,  ...,  1.2978, -0.4656,  1.3080]]]), 'rvq_quantizer.layers.3._codebook.initted': tensor([1.]), 'rvq_quantizer.layers.3._codebook.cluster_size': tensor([[2.4358, 2.1543, 2.0000,  ..., 3.0513, 2.5933, 2.2719]]), 'rvq_quantizer.layers.3._codebook.embed_avg': tensor([[[  0.1005,   6.8871,   7.4962,  ...,   2.8824,   5.0026,   1.9014],
         [  3.1770,   3.5286,  -1.9570,  ...,  -4.2327,   4.7961,   1.4962],
         [ -5.5141, -12.3545,  -8.2481,  ...,  -5.5969,   1.0375,  -2.5950],
         ...,
         [ -0.5811,  -0.9619,   6.0172,  ...,  -0.0201,   0.7237,   1.0131],
         [ -1.2599,  -3.8294,   5.7514,  ...,  -1.4321,  -0.7821,  -1.6444],
         [ -0.7319,  -3.0700,  -3.7774,  ...,   1.1790,   0.8424,  -0.0922]]]), 'rvq_quantizer.layers.3._codebook.embed': tensor([[[ 0.0413,  2.8274,  3.0775,  ...,  1.1834,  2.0538,  0.7806],
         [ 1.4747,  1.6379, -0.9084,  ..., -1.9647,  2.2263,  0.6945],
         [-2.7570, -6.1772, -4.1241,  ..., -2.7985,  0.5188, -1.2975],
         ...,
         [-0.1904, -0.3153,  1.9720,  ..., -0.0066,  0.2372,  0.3320],
         [-0.4858, -1.4766,  2.2178,  ..., -0.5522, -0.3016, -0.6341],
         [-0.3221, -1.3513, -1.6627,  ...,  0.5189,  0.3708, -0.0406]]])})
Loss:  tensor(7.1171, grad_fn=<MeanBackward0>)
OrderedDict({'rvq_quantizer.project_in.weight': tensor([[ 3.4806e-01, -2.4850e-01, -4.4219e-01,  ...,  1.9264e-01,
          2.2979e-01,  1.9893e-01],
        [-4.5401e-01, -4.1548e-02,  3.2298e-01,  ...,  1.3447e-02,
          2.3643e-02, -1.7759e-01],
        [ 6.6068e-02, -1.1741e-01, -1.3604e-01,  ..., -3.6799e-04,
          9.2811e-02,  9.1390e-02],
        ...,
        [-4.6159e-01,  3.9292e-01,  5.0980e-01,  ..., -2.2995e-01,
         -2.6086e-01, -3.3916e-01],
        [-4.4017e-01,  3.0248e-01,  5.0843e-01,  ..., -2.5913e-01,
         -2.7410e-01, -3.3611e-01],
        [-4.1396e-01,  3.1851e-01,  4.3090e-01,  ..., -2.6506e-01,
         -3.8273e-01, -3.8465e-01]]), 'rvq_quantizer.project_in.bias': tensor([-0.5391,  0.5565, -0.1611,  0.1891, -0.1234, -0.1901,  0.0585, -0.4244,
         0.0448, -0.6275, -0.1395, -0.1917, -0.5632, -0.2455,  0.4712, -0.2490,
        -0.0856,  0.3667,  0.3102,  0.4925,  0.4595,  0.5890, -0.5525,  0.5869,
        -0.2769, -0.5186,  0.1357,  0.5000,  0.2755,  0.5991,  0.5891,  0.5875]), 'rvq_quantizer.project_out.weight': tensor([[ 0.0863,  0.1175, -0.0987,  ..., -0.0436,  0.0902, -0.0665],
        [-0.0337,  0.0185,  0.1248,  ..., -0.1478, -0.1462, -0.0690],
        [ 0.1136,  0.0347, -0.1496,  ...,  0.1559,  0.1245, -0.1110],
        ...,
        [-0.0980,  0.0885, -0.1271,  ..., -0.0326,  0.1682, -0.0498],
        [-0.0419,  0.0095, -0.0684,  ...,  0.0084, -0.0638, -0.1158],
        [-0.0722,  0.0351, -0.0780,  ..., -0.1712,  0.1494, -0.0657]]), 'rvq_quantizer.project_out.bias': tensor([-0.0057, -0.1618, -0.0106, -0.1491,  0.1075, -0.1614, -0.1343,  0.1031,
         0.0111,  0.0539, -0.1584, -0.0913, -0.0218,  0.0136,  0.0118, -0.0675,
        -0.0649, -0.1732, -0.0018,  0.0052,  0.0404,  0.1226, -0.1440,  0.0450,
         0.1010,  0.1239,  0.1398, -0.0086, -0.0618,  0.0553,  0.1455,  0.1233,
        -0.1643,  0.0420, -0.1047,  0.1099, -0.0730, -0.0033,  0.0521, -0.1638,
         0.0447, -0.0199,  0.1100,  0.0143,  0.0467,  0.1464, -0.1500,  0.0397,
        -0.0979,  0.0147, -0.1461, -0.0785, -0.1591, -0.0969, -0.1011,  0.0893,
        -0.0945,  0.1582,  0.0263, -0.0766, -0.0984,  0.1358,  0.1505,  0.0912]), 'rvq_quantizer.layers.0._codebook.initted': tensor([1.]), 'rvq_quantizer.layers.0._codebook.cluster_size': tensor([[4.1903, 2.3819, 6.0916,  ..., 2.1729, 3.4895, 2.0810]]), 'rvq_quantizer.layers.0._codebook.embed_avg': tensor([[[-1348.1655,   873.8262,  -555.5009,  ...,  1842.1176,
           1692.2062,  1899.7662],
         [ -673.6252,   741.2492,  -179.3503,  ...,   897.8199,
            851.1357,   836.0673],
         [-1176.1199,  1129.3289,  -429.5645,  ...,  1642.3361,
           1535.0316,  1673.7379],
         ...,
         [ -617.6978,   684.0804,  -151.2441,  ...,   822.3786,
            781.0613,   767.1139],
         [ -841.9207,   846.5428,  -266.8641,  ...,  1154.8599,
           1105.1798,  1114.1914],
         [ -655.4341,   537.4966,  -227.8675,  ...,   901.4294,
            851.6771,   887.8974]]]), 'rvq_quantizer.layers.0._codebook.embed': tensor([[[-321.7315,  208.5333, -132.5669,  ...,  439.6101,  403.8347,
           453.3676],
         [-282.8143,  311.2055,  -75.2983,  ...,  376.9401,  357.3402,
           351.0139],
         [-193.0742,  185.3929,  -70.5182,  ...,  269.6093,  251.9939,
           274.7643],
         ...,
         [-284.2777,  314.8284,  -69.6058,  ...,  378.4762,  359.4611,
           353.0422],
         [-241.2709,  242.5955,  -76.4758,  ...,  330.9506,  316.7137,
           319.2961],
         [-314.9608,  258.2874, -109.4989,  ...,  433.1708,  409.2629,
           426.6682]]]), 'rvq_quantizer.layers.1._codebook.initted': tensor([1.]), 'rvq_quantizer.layers.1._codebook.cluster_size': tensor([[3.3697, 2.3325, 2.0000,  ..., 2.9054, 2.0000, 2.3556]]), 'rvq_quantizer.layers.1._codebook.embed_avg': tensor([[[ -8.9639,   0.0795,   7.4298,  ...,   4.0694,  -0.4723,  -2.5063],
         [ -1.5855,   6.6697,  24.7271,  ...,  -7.8554,  16.8891,  -3.5422],
         [ -6.2359,   3.0624, -10.5649,  ...,   1.3081,   2.7784,  -7.5889],
         ...,
         [ -6.0072,  -0.0717,   2.9744,  ...,   0.7420,   4.2348,   9.1926],
         [ 11.9368,  -0.7523,  -7.6476,  ...,  -8.4677, -16.1795,  -0.6913],
         [ -2.0295,  21.9337,  15.6655,  ...,   1.3767,  -4.9248, -10.2808]]]), 'rvq_quantizer.layers.1._codebook.embed': tensor([[[-2.6601,  0.0236,  2.2049,  ...,  1.2076, -0.1402, -0.7438],
         [-0.6797,  2.8595, 10.6013,  ..., -3.3679,  7.2409, -1.5186],
         [-3.1180,  1.5312, -5.2824,  ...,  0.6541,  1.3892, -3.7945],
         ...,
         [-2.0676, -0.0247,  1.0238,  ...,  0.2554,  1.4576,  3.1640],
         [ 5.9684, -0.3762, -3.8238,  ..., -4.2338, -8.0898, -0.3456],
         [-0.8616,  9.3113,  6.6503,  ...,  0.5844, -2.0907, -4.3644]]]), 'rvq_quantizer.layers.2._codebook.initted': tensor([1.]), 'rvq_quantizer.layers.2._codebook.cluster_size': tensor([[2.0000, 2.1000, 2.0000,  ..., 3.4510, 2.0000, 2.0000]]), 'rvq_quantizer.layers.2._codebook.embed_avg': tensor([[[-7.9440,  3.1099, -6.8027,  ..., -0.9735,  1.6357, -8.6538],
         [-3.5778, -7.9223, -0.1646,  ...,  9.3084,  3.3917, -2.6270],
         [ 2.1574, 14.9706, -8.6485,  ..., -0.3035,  8.5432,  8.2688],
         ...,
         [-1.9067,  3.7288,  5.5438,  ...,  2.3986, -0.9012, -3.5615],
         [-0.1813, -0.3311, -1.5288,  ...,  0.2176,  0.0566,  0.0789],
         [ 0.2220,  4.3280, -1.2705,  ..., -0.3375,  8.9505,  3.9004]]]), 'rvq_quantizer.layers.2._codebook.embed': tensor([[[-3.9720,  1.5549, -3.4014,  ..., -0.4867,  0.8178, -4.3269],
         [-1.7037, -3.7725, -0.0784,  ...,  4.4325,  1.6151, -1.2509],
         [ 1.0787,  7.4853, -4.3243,  ..., -0.1518,  4.2716,  4.1344],
         ...,
         [-0.5525,  1.0805,  1.6064,  ...,  0.6950, -0.2612, -1.0320],
         [-0.0907, -0.1655, -0.7644,  ...,  0.1088,  0.0283,  0.0394],
         [ 0.1110,  2.1640, -0.6353,  ..., -0.1688,  4.4753,  1.9502]]]), 'rvq_quantizer.layers.3._codebook.initted': tensor([1.]), 'rvq_quantizer.layers.3._codebook.cluster_size': tensor([[2.5922, 2.0000, 2.0000,  ..., 2.7462, 2.3340, 2.2447]]), 'rvq_quantizer.layers.3._codebook.embed_avg': tensor([[[-0.4564,  7.2658,  6.9766,  ...,  2.5063,  5.7753,  2.0323],
         [ 1.8092, -0.6303,  1.5846,  ..., -3.0550, -1.0077, -1.2045],
         [ 0.5824, -0.7970, -2.3621,  ...,  2.7360, -1.1811, -0.9355],
         ...,
         [-0.5230, -0.8657,  5.4155,  ..., -0.0181,  0.6514,  0.9118],
         [-1.1339, -3.4465,  5.1762,  ..., -1.2889, -0.7039, -1.4799],
         [-0.8271, -3.3547, -4.0011,  ...,  1.1010,  0.6032,  0.3050]]]), 'rvq_quantizer.layers.3._codebook.embed': tensor([[[-0.1761,  2.8029,  2.6913,  ...,  0.9668,  2.2279,  0.7840],
         [ 0.9046, -0.3151,  0.7923,  ..., -1.5275, -0.5039, -0.6022],
         [ 0.2912, -0.3985, -1.1810,  ...,  1.3680, -0.5906, -0.4677],
         ...,
         [-0.1904, -0.3153,  1.9720,  ..., -0.0066,  0.2372,  0.3320],
         [-0.4858, -1.4766,  2.2178,  ..., -0.5522, -0.3016, -0.6341],
         [-0.3685, -1.4945, -1.7824,  ...,  0.4905,  0.2687,  0.1359]]])})
Loss:  tensor(7.0952, grad_fn=<MeanBackward0>)
OrderedDict({'rvq_quantizer.project_in.weight': tensor([[ 0.3505, -0.2517, -0.4456,  ...,  0.1907,  0.2277,  0.1977],
        [-0.4553, -0.0440,  0.3219,  ...,  0.0156,  0.0278, -0.1761],
        [ 0.0702, -0.1218, -0.1324,  ...,  0.0021,  0.0966,  0.0948],
        ...,
        [-0.4647,  0.3937,  0.5147,  ..., -0.2264, -0.2574, -0.3368],
        [-0.4432,  0.3027,  0.5126,  ..., -0.2553, -0.2713, -0.3343],
        [-0.4167,  0.3197,  0.4358,  ..., -0.2627, -0.3802, -0.3834]]), 'rvq_quantizer.project_in.bias': tensor([-0.5407,  0.5576, -0.1650,  0.1896, -0.1241, -0.1902,  0.0591, -0.4254,
         0.0438, -0.6300, -0.1392, -0.1924, -0.5651, -0.2463,  0.4731, -0.2499,
        -0.0869,  0.3680,  0.3108,  0.4940,  0.4620,  0.5920, -0.5548,  0.5893,
        -0.2781, -0.5212,  0.1359,  0.5026,  0.2763,  0.6017,  0.5916,  0.5894]), 'rvq_quantizer.project_out.weight': tensor([[ 0.0863,  0.1175, -0.0987,  ..., -0.0436,  0.0902, -0.0665],
        [-0.0337,  0.0185,  0.1248,  ..., -0.1478, -0.1462, -0.0690],
        [ 0.1136,  0.0347, -0.1496,  ...,  0.1559,  0.1245, -0.1110],
        ...,
        [-0.0980,  0.0885, -0.1271,  ..., -0.0326,  0.1682, -0.0498],
        [-0.0419,  0.0095, -0.0684,  ...,  0.0084, -0.0638, -0.1158],
        [-0.0722,  0.0351, -0.0780,  ..., -0.1712,  0.1494, -0.0657]]), 'rvq_quantizer.project_out.bias': tensor([-0.0057, -0.1618, -0.0106, -0.1491,  0.1075, -0.1614, -0.1343,  0.1031,
         0.0111,  0.0539, -0.1584, -0.0913, -0.0218,  0.0136,  0.0118, -0.0675,
        -0.0649, -0.1732, -0.0018,  0.0052,  0.0404,  0.1226, -0.1440,  0.0450,
         0.1010,  0.1239,  0.1398, -0.0086, -0.0618,  0.0553,  0.1455,  0.1233,
        -0.1643,  0.0420, -0.1047,  0.1099, -0.0730, -0.0033,  0.0521, -0.1638,
         0.0447, -0.0199,  0.1100,  0.0143,  0.0467,  0.1464, -0.1500,  0.0397,
        -0.0979,  0.0147, -0.1461, -0.0785, -0.1591, -0.0969, -0.1011,  0.0893,
        -0.0945,  0.1582,  0.0263, -0.0766, -0.0984,  0.1358,  0.1505,  0.0912]), 'rvq_quantizer.layers.0._codebook.initted': tensor([1.]), 'rvq_quantizer.layers.0._codebook.cluster_size': tensor([[4.2713, 2.2437, 5.9824,  ..., 2.0000, 3.5406, 2.0729]]), 'rvq_quantizer.layers.0._codebook.embed_avg': tensor([[[-1373.7363,   889.3465,  -568.3504,  ...,  1876.5033,
           1725.0757,  1936.3406],
         [ -634.6055,   697.9080,  -168.2667,  ...,   845.8902,
            801.7285,   787.4148],
         [-1153.4022,  1108.6168,  -422.3357,  ...,  1614.8525,
           1509.1316,  1644.2642],
         ...,
         [ -634.9368,   527.6641,  -240.7291,  ...,   865.4415,
            808.5416,   868.7007],
         [ -854.8185,   859.9859,  -271.1883,  ...,  1171.6760,
           1120.8407,  1131.0165],
         [ -653.1368,   536.9886,  -229.3929,  ...,   897.3993,
            846.9240,   885.2900]]]), 'rvq_quantizer.layers.0._codebook.embed': tensor([[[-321.6196,  208.2141, -133.0624,  ...,  439.3275,  403.8752,
           453.3366],
         [-282.8416,  311.0553,  -74.9959,  ...,  377.0105,  357.3278,
           350.9482],
         [-192.7997,  185.3135,  -70.5965,  ...,  269.9345,  252.2625,
           274.8509],
         ...,
         [-317.4684,  263.8321, -120.3645,  ...,  432.7207,  404.2708,
           434.3503],
         [-241.4352,  242.8947,  -76.5945,  ...,  330.9286,  316.5706,
           319.4447],
         [-315.0833,  259.0516, -110.6627,  ...,  432.9193,  408.5692,
           427.0776]]]), 'rvq_quantizer.layers.1._codebook.initted': tensor([1.]), 'rvq_quantizer.layers.1._codebook.cluster_size': tensor([[3.2328, 2.3992, 2.4000,  ..., 2.6148, 2.0000, 2.4200]]), 'rvq_quantizer.layers.1._codebook.embed_avg': tensor([[[ -8.7948,   0.1377,   7.1682,  ...,   4.4350,  -0.4195,  -2.4727],
         [ -2.1205,   5.1028,  23.9213,  ...,  -8.5232,  17.9216,  -2.4569],
         [ -8.1520,   5.8055, -14.0757,  ...,   0.7262,   1.7817,  -9.9028],
         ...,
         [ -5.4065,  -0.0645,   2.6770,  ...,   0.6678,   3.8114,   8.2733],
         [-19.4868,   3.4772, -13.9401,  ...,  16.8833,  11.9741,  -2.4857],
         [ -1.5070,  21.8873,  14.0454,  ...,   2.5416,  -5.2247, -10.7713]]]), 'rvq_quantizer.layers.1._codebook.embed': tensor([[[-2.7205,  0.0426,  2.2174,  ...,  1.3719, -0.1298, -0.7649],
         [-0.8838,  2.1269,  9.9705,  ..., -3.5525,  7.4698, -1.0241],
         [-3.3967,  2.4190, -5.8649,  ...,  0.3026,  0.7424, -4.1262],
         ...,
         [-2.0676, -0.0247,  1.0238,  ...,  0.2554,  1.4576,  3.1640],
         [-9.7434,  1.7386, -6.9701,  ...,  8.4417,  5.9870, -1.2428],
         [-0.6227,  9.0441,  5.8038,  ...,  1.0502, -2.1589, -4.4509]]]), 'rvq_quantizer.layers.2._codebook.initted': tensor([1.]), 'rvq_quantizer.layers.2._codebook.cluster_size': tensor([[2.0000, 2.0900, 2.0000,  ..., 3.6059, 3.0000, 2.0000]]), 'rvq_quantizer.layers.2._codebook.embed_avg': tensor([[[-5.3207e+00,  6.1400e+00, -9.4537e+00,  ..., -7.5833e-01,
          -2.8184e+00,  4.5215e-01],
         [-3.9369e+00, -7.3167e+00, -7.8945e-03,  ...,  9.0682e+00,
           3.7824e+00, -2.7693e+00],
         [ 2.7233e+00, -7.6140e+00, -3.0700e-01,  ...,  6.4573e+00,
           4.0456e+00, -3.9954e+00],
         ...,
         [-2.2783e+00,  3.6227e+00,  4.9113e+00,  ...,  2.7952e+00,
          -8.6328e-01, -3.7780e+00],
         [-3.0603e-01, -5.6078e-01, -2.2826e+00,  ...,  1.5130e-01,
           1.4229e-01,  1.0876e-01],
         [ 3.6604e-01,  4.9013e+00, -5.2718e-01,  ..., -6.3080e-01,
           9.0480e+00,  4.0651e+00]]]), 'rvq_quantizer.layers.2._codebook.embed': tensor([[[-2.6603e+00,  3.0700e+00, -4.7269e+00,  ..., -3.7917e-01,
          -1.4092e+00,  2.2607e-01],
         [-1.8837e+00, -3.5008e+00, -3.7773e-03,  ...,  4.3389e+00,
           1.8098e+00, -1.3250e+00],
         [ 1.3617e+00, -3.8070e+00, -1.5350e-01,  ...,  3.2286e+00,
           2.0228e+00, -1.9977e+00],
         ...,
         [-6.3182e-01,  1.0046e+00,  1.3620e+00,  ...,  7.7518e-01,
          -2.3941e-01, -1.0477e+00],
         [-1.0201e-01, -1.8693e-01, -7.6088e-01,  ...,  5.0432e-02,
           4.7429e-02,  3.6253e-02],
         [ 1.8302e-01,  2.4506e+00, -2.6359e-01,  ..., -3.1540e-01,
           4.5240e+00,  2.0326e+00]]]), 'rvq_quantizer.layers.3._codebook.initted': tensor([1.]), 'rvq_quantizer.layers.3._codebook.cluster_size': tensor([[2.6330, 2.0000, 2.2000,  ..., 2.4716, 2.1006, 2.1203]]), 'rvq_quantizer.layers.3._codebook.embed_avg': tensor([[[-0.3886,  7.6723,  6.6553,  ...,  2.4698,  5.6747,  1.8540],
         [ 0.3774, -0.0764, -1.7207,  ..., -1.3851, -0.3581,  0.7535],
         [ 0.6259, -0.5429, -4.2801,  ...,  4.1627, -1.4325, -0.0639],
         ...,
         [-0.4707, -0.7792,  4.8739,  ..., -0.0163,  0.5862,  0.8206],
         [-1.0205, -3.1018,  4.6586,  ..., -1.1600, -0.6335, -1.3319],
         [-0.3432, -2.8601, -3.5673,  ...,  1.3822,  0.6468,  0.4448]]]), 'rvq_quantizer.layers.3._codebook.embed': tensor([[[-0.1476,  2.9139,  2.5276,  ...,  0.9380,  2.1552,  0.7042],
         [ 0.1887, -0.0382, -0.8604,  ..., -0.6925, -0.1791,  0.3768],
         [ 0.2845, -0.2468, -1.9455,  ...,  1.8921, -0.6511, -0.0290],
         ...,
         [-0.1904, -0.3153,  1.9720,  ..., -0.0066,  0.2372,  0.3320],
         [-0.4858, -1.4766,  2.2178,  ..., -0.5522, -0.3016, -0.6341],
         [-0.1619, -1.3489, -1.6825,  ...,  0.6519,  0.3050,  0.2098]]])})
Loss:  tensor(7.4217, grad_fn=<MeanBackward0>)
OrderedDict({'rvq_quantizer.project_in.weight': tensor([[ 0.3553, -0.2584, -0.4522,  ...,  0.1869,  0.2236,  0.1954],
        [-0.4576, -0.0498,  0.3200,  ...,  0.0210,  0.0367, -0.1722],
        [ 0.0779, -0.1298, -0.1258,  ...,  0.0063,  0.1034,  0.1007],
        ...,
        [-0.4709,  0.3953,  0.5243,  ..., -0.2195, -0.2505, -0.3320],
        [-0.4491,  0.3039,  0.5207,  ..., -0.2478, -0.2657, -0.3306],
        [-0.4221,  0.3224,  0.4452,  ..., -0.2582, -0.3752, -0.3810]]), 'rvq_quantizer.project_in.bias': tensor([-0.5440,  0.5596, -0.1722,  0.1903, -0.1255, -0.1912,  0.0606, -0.4275,
         0.0423, -0.6351, -0.1386, -0.1939, -0.5687, -0.2480,  0.4770, -0.2519,
        -0.0868,  0.3705,  0.3121,  0.4971,  0.4671,  0.5980, -0.5590,  0.5939,
        -0.2805, -0.5264,  0.1359,  0.5076,  0.2779,  0.6068,  0.5966,  0.5931]), 'rvq_quantizer.project_out.weight': tensor([[ 0.0863,  0.1175, -0.0987,  ..., -0.0436,  0.0902, -0.0665],
        [-0.0337,  0.0185,  0.1248,  ..., -0.1478, -0.1462, -0.0690],
        [ 0.1136,  0.0347, -0.1496,  ...,  0.1559,  0.1245, -0.1110],
        ...,
        [-0.0980,  0.0885, -0.1271,  ..., -0.0326,  0.1682, -0.0498],
        [-0.0419,  0.0095, -0.0684,  ...,  0.0084, -0.0638, -0.1158],
        [-0.0722,  0.0351, -0.0780,  ..., -0.1712,  0.1494, -0.0657]]), 'rvq_quantizer.project_out.bias': tensor([-0.0057, -0.1618, -0.0106, -0.1491,  0.1075, -0.1614, -0.1343,  0.1031,
         0.0111,  0.0539, -0.1584, -0.0913, -0.0218,  0.0136,  0.0118, -0.0675,
        -0.0649, -0.1732, -0.0018,  0.0052,  0.0404,  0.1226, -0.1440,  0.0450,
         0.1010,  0.1239,  0.1398, -0.0086, -0.0618,  0.0553,  0.1455,  0.1233,
        -0.1643,  0.0420, -0.1047,  0.1099, -0.0730, -0.0033,  0.0521, -0.1638,
         0.0447, -0.0199,  0.1100,  0.0143,  0.0467,  0.1464, -0.1500,  0.0397,
        -0.0979,  0.0147, -0.1461, -0.0785, -0.1591, -0.0969, -0.1011,  0.0893,
        -0.0945,  0.1582,  0.0263, -0.0766, -0.0984,  0.1358,  0.1505,  0.0912]), 'rvq_quantizer.layers.0._codebook.initted': tensor([1.]), 'rvq_quantizer.layers.0._codebook.cluster_size': tensor([[4.5998, 2.0000, 5.8957,  ..., 2.1000, 3.6279, 2.1000]]), 'rvq_quantizer.layers.0._codebook.embed_avg': tensor([[[-1478.4453,   954.5518,  -622.8525,  ...,  2016.9452,
           1858.2520,  2082.9341],
         [ -580.1614,   659.6677,  -153.5693,  ...,   765.2059,
            732.7621,   717.4107],
         [-1134.8201,  1092.8688,  -422.0406,  ...,  1595.0287,
           1490.2173,  1620.1079],
         ...,
         [ -666.4944,   553.9333,  -256.6677,  ...,   907.9217,
            848.3845,   911.8353],
         [ -877.2620,   882.9969,  -282.0532,  ...,  1201.2422,
           1148.5054,  1160.5359],
         [ -672.4175,   663.9201,  -208.0762,  ...,   918.7710,
            845.5902,   857.5993]]]), 'rvq_quantizer.layers.0._codebook.embed': tensor([[[-321.4181,  207.5222, -135.4099,  ...,  438.4894,  403.9891,
           452.8356],
         [-290.0807,  329.8339,  -76.7846,  ...,  382.6030,  366.3810,
           358.7054],
         [-192.4816,  185.3661,  -71.5841,  ...,  270.5396,  252.7621,
           274.7934],
         ...,
         [-317.3779,  263.7775, -122.2226,  ...,  432.3432,  403.9922,
           434.2068],
         [-241.8124,  243.3932,  -77.7464,  ...,  331.1157,  316.5791,
           319.8953],
         [-320.1985,  316.1521,  -99.0838,  ...,  437.5095,  402.6616,
           408.3802]]]), 'rvq_quantizer.layers.1._codebook.initted': tensor([1.]), 'rvq_quantizer.layers.1._codebook.cluster_size': tensor([[2.7085, 2.5134, 3.1840,  ..., 2.2180, 2.0000, 2.4302]]), 'rvq_quantizer.layers.1._codebook.embed_avg': tensor([[[ -7.5522,  -0.0822,   5.9945,  ...,   4.0455,  -0.3489,  -2.2436],
         [ -2.9740,   1.6529,  20.2071,  ...,  -9.5476,  19.6117,  -0.3943],
         [-12.4383,  14.2966, -24.3361,  ...,  -1.8647,   0.5451, -13.3130],
         ...,
         [ -4.7645,  -0.3306,   1.8990,  ...,   0.3084,   3.4372,   7.0458],
         [  3.2576,   1.9279,  -6.0350,  ...,   1.8788,   1.6938,  -5.6575],
         [ -0.3353,  20.1435,   9.1225,  ...,   4.2172,  -5.8981, -11.4660]]]), 'rvq_quantizer.layers.1._codebook.embed': tensor([[[-2.7883, -0.0304,  2.2132,  ...,  1.4936, -0.1288, -0.8283],
         [-1.1833,  0.6576,  8.0399,  ..., -3.7988,  7.8030, -0.1569],
         [-3.9065,  4.4901, -7.6433,  ..., -0.5857,  0.1712, -4.1812],
         ...,
         [-2.1481, -0.1490,  0.8562,  ...,  0.1390,  1.5497,  3.1766],
         [ 1.6288,  0.9639, -3.0175,  ...,  0.9394,  0.8469, -2.8288],
         [-0.1380,  8.2887,  3.7538,  ...,  1.7353, -2.4270, -4.7180]]]), 'rvq_quantizer.layers.2._codebook.initted': tensor([1.]), 'rvq_quantizer.layers.2._codebook.cluster_size': tensor([[2.0000, 2.0000, 2.0000,  ..., 3.4908, 3.1700, 2.0000]]), 'rvq_quantizer.layers.2._codebook.embed_avg': tensor([[[ 1.5346,  1.8513, -9.4433,  ..., -3.8444,  1.9635,  8.8101],
         [ 1.8284, -3.3407, -5.6999,  ..., -2.1353, -3.1363, -2.0417],
         [-4.0879, -4.9710, -5.2164,  ...,  0.8938, -0.3376, -2.6517],
         ...,
         [-2.5280,  2.5018,  3.8739,  ...,  2.4155, -0.9163, -3.5213],
         [-0.2995, -0.6508, -2.5948,  ...,  0.0847,  0.1213,  0.0840],
         [ 0.8612,  4.5442, -1.1615,  ..., -1.3725,  8.8111,  3.8201]]]), 'rvq_quantizer.layers.2._codebook.embed': tensor([[[ 0.7673,  0.9257, -4.7217,  ..., -1.9222,  0.9818,  4.4050],
         [ 0.9142, -1.6703, -2.8500,  ..., -1.0676, -1.5681, -1.0209],
         [-2.0439, -2.4855, -2.6082,  ...,  0.4469, -0.1688, -1.3258],
         ...,
         [-0.7242,  0.7167,  1.1098,  ...,  0.6920, -0.2625, -1.0087],
         [-0.0945, -0.2053, -0.8185,  ...,  0.0267,  0.0383,  0.0265],
         [ 0.4306,  2.2721, -0.5808,  ..., -0.6862,  4.4055,  1.9101]]]), 'rvq_quantizer.layers.3._codebook.initted': tensor([1.]), 'rvq_quantizer.layers.3._codebook.cluster_size': tensor([[2.4227, 2.1000, 2.0000,  ..., 2.3020, 2.2615, 3.1474]]), 'rvq_quantizer.layers.3._codebook.embed_avg': tensor([[[-0.3045,  6.7885,  6.6551,  ...,  1.6867,  5.7055,  1.7910],
         [-0.4864, -0.3952,  0.5253,  ...,  0.0942, -0.7103, -0.6973],
         [-3.6306,  4.3472, -1.9918,  ..., -2.6938, -0.4369,  0.1737],
         ...,
         [-0.6653, -0.8735,  4.6708,  ..., -0.2017,  0.6998,  0.7296],
         [-1.3324, -4.0733,  4.1333,  ..., -1.0331, -1.1958, -1.7917],
         [ 0.2466, -4.5567, -7.5283,  ...,  1.9599,  1.5831,  1.8372]]]), 'rvq_quantizer.layers.3._codebook.embed': tensor([[[-0.1257,  2.8020,  2.7469,  ...,  0.6962,  2.3550,  0.7393],
         [-0.2316, -0.1882,  0.2501,  ...,  0.0449, -0.3382, -0.3320],
         [-1.8153,  2.1736, -0.9959,  ..., -1.3469, -0.2184,  0.0868],
         ...,
         [-0.2890, -0.3795,  2.0291,  ..., -0.0876,  0.3040,  0.3170],
         [-0.5892, -1.8012,  1.8277,  ..., -0.4568, -0.5288, -0.7923],
         [ 0.0783, -1.4478, -2.3919,  ...,  0.6227,  0.5030,  0.5837]]])})
Loss:  tensor(8.0193, grad_fn=<MeanBackward0>)
OrderedDict({'rvq_quantizer.project_in.weight': tensor([[ 0.3576, -0.2617, -0.4554,  ...,  0.1850,  0.2216,  0.1942],
        [-0.4587, -0.0530,  0.3190,  ...,  0.0237,  0.0411, -0.1701],
        [ 0.0805, -0.1325, -0.1235,  ...,  0.0070,  0.1054,  0.1022],
        ...,
        [-0.4740,  0.3962,  0.5289,  ..., -0.2162, -0.2472, -0.3296],
        [-0.4520,  0.3049,  0.5245,  ..., -0.2441, -0.2630, -0.3288],
        [-0.4247,  0.3240,  0.4497,  ..., -0.2560, -0.3728, -0.3798]]), 'rvq_quantizer.project_in.bias': tensor([-0.5456,  0.5605, -0.1746,  0.1904, -0.1262, -0.1921,  0.0614, -0.4286,
         0.0420, -0.6376, -0.1384, -0.1946, -0.5706, -0.2488,  0.4789, -0.2530,
        -0.0857,  0.3716,  0.3127,  0.4987,  0.4696,  0.6010, -0.5610,  0.5961,
        -0.2816, -0.5289,  0.1359,  0.5101,  0.2787,  0.6093,  0.5990,  0.5950]), 'rvq_quantizer.project_out.weight': tensor([[ 0.0863,  0.1175, -0.0987,  ..., -0.0436,  0.0902, -0.0665],
        [-0.0337,  0.0185,  0.1248,  ..., -0.1478, -0.1462, -0.0690],
        [ 0.1136,  0.0347, -0.1496,  ...,  0.1559,  0.1245, -0.1110],
        ...,
        [-0.0980,  0.0885, -0.1271,  ..., -0.0326,  0.1682, -0.0498],
        [-0.0419,  0.0095, -0.0684,  ...,  0.0084, -0.0638, -0.1158],
        [-0.0722,  0.0351, -0.0780,  ..., -0.1712,  0.1494, -0.0657]]), 'rvq_quantizer.project_out.bias': tensor([-0.0057, -0.1618, -0.0106, -0.1491,  0.1075, -0.1614, -0.1343,  0.1031,
         0.0111,  0.0539, -0.1584, -0.0913, -0.0218,  0.0136,  0.0118, -0.0675,
        -0.0649, -0.1732, -0.0018,  0.0052,  0.0404,  0.1226, -0.1440,  0.0450,
         0.1010,  0.1239,  0.1398, -0.0086, -0.0618,  0.0553,  0.1455,  0.1233,
        -0.1643,  0.0420, -0.1047,  0.1099, -0.0730, -0.0033,  0.0521, -0.1638,
         0.0447, -0.0199,  0.1100,  0.0143,  0.0467,  0.1464, -0.1500,  0.0397,
        -0.0979,  0.0147, -0.1461, -0.0785, -0.1591, -0.0969, -0.1011,  0.0893,
        -0.0945,  0.1582,  0.0263, -0.0766, -0.0984,  0.1358,  0.1505,  0.0912]), 'rvq_quantizer.layers.0._codebook.initted': tensor([1.]), 'rvq_quantizer.layers.0._codebook.cluster_size': tensor([[4.6398, 2.0000, 5.9062,  ..., 2.1900, 3.4651, 2.2900]]), 'rvq_quantizer.layers.0._codebook.embed_avg': tensor([[[-1490.6940,   959.4078,  -635.2545,  ...,  2033.0433,
           1874.5206,  2100.8220],
         [ -580.5683,   659.6244,  -154.4393,  ...,   765.9828,
            733.0667,   717.6650],
         [-1136.0959,  1094.8611,  -427.5172,  ...,  1599.9453,
           1494.5659,  1622.4427],
         ...,
         [ -695.2639,   576.9511,  -271.0702,  ...,   947.0387,
            884.8218,   950.5891],
         [ -837.6546,   843.5133,  -271.0443,  ...,  1147.0471,
           1097.0433,  1109.1210],
         [ -733.7416,   724.1648,  -229.2066,  ...,  1001.3492,
            923.8738,   936.3599]]]), 'rvq_quantizer.layers.0._codebook.embed': tensor([[[-321.2854,  206.7787, -136.9148,  ...,  438.1766,  404.0106,
           452.7847],
         [-290.2838,  329.8118,  -77.2195,  ...,  382.9909,  366.5328,
           358.8321],
         [-192.3579,  185.3762,  -72.3850,  ...,  270.8945,  253.0522,
           274.7036],
         ...,
         [-317.4719,  263.4478, -123.7762,  ...,  432.4374,  404.0279,
           434.0586],
         [-241.7421,  243.4329,  -78.2217,  ...,  331.0309,  316.6001,
           320.0856],
         [-320.4110,  316.2289, -100.0901,  ...,  437.2701,  403.4381,
           408.8905]]]), 'rvq_quantizer.layers.1._codebook.initted': tensor([1.]), 'rvq_quantizer.layers.1._codebook.cluster_size': tensor([[2.6377, 2.4620, 3.4656,  ..., 2.0000, 2.2000, 2.2872]]), 'rvq_quantizer.layers.1._codebook.embed_avg': tensor([[[ -7.4433,  -0.2943,   5.5963,  ...,   4.1475,  -0.5800,  -2.0092],
         [ -3.4292,  -0.3218,  18.1816,  ...,  -9.2830,  19.1296,  -0.1602],
         [-13.1082,  16.3207, -29.3797,  ...,  -2.7535,   0.1565, -14.0368],
         ...,
         [  1.0091,  -5.1468, -12.0533,  ...,   7.6216,  -1.8959,   1.9405],
         [  3.6455,   1.8129,  -7.0079,  ...,   2.8798,   1.5565,  -6.2943],
         [  0.2353,  18.0289,   7.7323,  ...,   4.4148,  -5.8656, -10.9815]]]), 'rvq_quantizer.layers.1._codebook.embed': tensor([[[-2.8219, -0.1116,  2.1217,  ...,  1.5724, -0.2199, -0.7617],
         [-1.3929, -0.1307,  7.3848,  ..., -3.7705,  7.7699, -0.0651],
         [-3.7824,  4.7093, -8.4775,  ..., -0.7945,  0.0452, -4.0503],
         ...,
         [ 0.5045, -2.5734, -6.0266,  ...,  3.8108, -0.9479,  0.9702],
         [ 1.6571,  0.8240, -3.1854,  ...,  1.3090,  0.7075, -2.8610],
         [ 0.1029,  7.8824,  3.3806,  ...,  1.9302, -2.5645, -4.8012]]]), 'rvq_quantizer.layers.2._codebook.initted': tensor([1.]), 'rvq_quantizer.layers.2._codebook.cluster_size': tensor([[2.5000, 2.8000, 2.2000,  ..., 3.5417, 2.9530, 2.0000]]), 'rvq_quantizer.layers.2._codebook.embed_avg': tensor([[[  1.1705,   1.9587, -11.7071,  ...,  -5.1122,   1.9406,  10.7587],
         [  2.3983,  -5.2656,  -8.3374,  ...,  -2.7546,  -4.3329,  -3.2690],
         [ -4.4944,  -6.1106,  -5.7380,  ...,   1.1487,  -0.4342,  -2.3279],
         ...,
         [ -3.2363,   1.7191,   3.3471,  ...,   2.1098,  -0.5614,  -2.9792],
         [ -0.2870,  -0.6051,  -2.4712,  ...,   0.0896,   0.0795,   0.0563],
         [  1.6079,   4.0719,  -2.0428,  ...,  -1.3679,   8.3516,   3.9379]]]), 'rvq_quantizer.layers.2._codebook.embed': tensor([[[ 0.4682,  0.7835, -4.6828,  ..., -2.0449,  0.7762,  4.3035],
         [ 0.8566, -1.8806, -2.9776,  ..., -0.9838, -1.5474, -1.1675],
         [-2.0429, -2.7776, -2.6082,  ...,  0.5221, -0.1974, -1.0581],
         ...,
         [-0.9138,  0.4854,  0.9451,  ...,  0.5957, -0.1585, -0.8412],
         [-0.0972, -0.2049, -0.8368,  ...,  0.0303,  0.0269,  0.0191],
         [ 0.8040,  2.0359, -1.0214,  ..., -0.6840,  4.1758,  1.9690]]]), 'rvq_quantizer.layers.3._codebook.initted': tensor([1.]), 'rvq_quantizer.layers.3._codebook.cluster_size': tensor([[2.4805, 2.6900, 2.0000,  ..., 2.2718, 2.2353, 3.1327]]), 'rvq_quantizer.layers.3._codebook.embed_avg': tensor([[[-2.3211e-01,  6.5226e+00,  6.3887e+00,  ...,  1.6031e+00,
           6.2130e+00,  1.8660e+00],
         [-5.0629e-01, -5.9878e-01,  8.3500e-01,  ..., -1.5794e-03,
          -1.2280e+00, -1.0467e+00],
         [-2.2584e-02,  1.4009e+00, -9.5403e+00,  ...,  4.3593e+00,
          -4.8142e+00,  2.5718e+00],
         ...,
         [-7.7876e-01, -1.1510e+00,  4.6689e+00,  ..., -2.7698e-01,
           6.7605e-01,  6.8616e-01],
         [-1.0794e+00, -4.7144e+00,  3.4314e+00,  ..., -1.6578e+00,
          -1.3472e+00, -2.1611e+00],
         [ 2.5929e-01, -4.2348e+00, -7.0585e+00,  ...,  2.3458e+00,
           1.6054e+00,  1.9223e+00]]]), 'rvq_quantizer.layers.3._codebook.embed': tensor([[[-9.3574e-02,  2.6296e+00,  2.5756e+00,  ...,  6.4629e-01,
           2.5048e+00,  7.5229e-01],
         [-1.8821e-01, -2.2260e-01,  3.1041e-01,  ..., -5.8714e-04,
          -4.5652e-01, -3.8909e-01],
         [-1.1292e-02,  7.0047e-01, -4.7702e+00,  ...,  2.1796e+00,
          -2.4071e+00,  1.2859e+00],
         ...,
         [-3.4280e-01, -5.0667e-01,  2.0552e+00,  ..., -1.2192e-01,
           2.9758e-01,  3.0204e-01],
         [-4.8290e-01, -2.1091e+00,  1.5351e+00,  ..., -7.4163e-01,
          -6.0267e-01, -9.6681e-01],
         [ 8.2770e-02, -1.3518e+00, -2.2532e+00,  ...,  7.4880e-01,
           5.1248e-01,  6.1362e-01]]])})
Loss:  tensor(8.0208, grad_fn=<MeanBackward0>)
OrderedDict({'rvq_quantizer.project_in.weight': tensor([[ 0.3600, -0.2650, -0.4585,  ...,  0.1832,  0.2196,  0.1930],
        [-0.4598, -0.0562,  0.3180,  ...,  0.0262,  0.0453, -0.1682],
        [ 0.0818, -0.1341, -0.1223,  ...,  0.0066,  0.1061,  0.1025],
        ...,
        [-0.4770,  0.3970,  0.5335,  ..., -0.2129, -0.2439, -0.3273],
        [-0.4548,  0.3061,  0.5282,  ..., -0.2405, -0.2604, -0.3270],
        [-0.4274,  0.3257,  0.4540,  ..., -0.2539, -0.3705, -0.3787]]), 'rvq_quantizer.project_in.bias': tensor([-0.5472,  0.5615, -0.1756,  0.1905, -0.1269, -0.1931,  0.0623, -0.4295,
         0.0421, -0.6401, -0.1384, -0.1954, -0.5724, -0.2495,  0.4809, -0.2541,
        -0.0843,  0.3728,  0.3132,  0.5003,  0.4720,  0.6039, -0.5629,  0.5984,
        -0.2827, -0.5313,  0.1359,  0.5125,  0.2795,  0.6118,  0.6014,  0.5969]), 'rvq_quantizer.project_out.weight': tensor([[ 0.0863,  0.1175, -0.0987,  ..., -0.0436,  0.0902, -0.0665],
        [-0.0337,  0.0185,  0.1248,  ..., -0.1478, -0.1462, -0.0690],
        [ 0.1136,  0.0347, -0.1496,  ...,  0.1559,  0.1245, -0.1110],
        ...,
        [-0.0980,  0.0885, -0.1271,  ..., -0.0326,  0.1682, -0.0498],
        [-0.0419,  0.0095, -0.0684,  ...,  0.0084, -0.0638, -0.1158],
        [-0.0722,  0.0351, -0.0780,  ..., -0.1712,  0.1494, -0.0657]]), 'rvq_quantizer.project_out.bias': tensor([-0.0057, -0.1618, -0.0106, -0.1491,  0.1075, -0.1614, -0.1343,  0.1031,
         0.0111,  0.0539, -0.1584, -0.0913, -0.0218,  0.0136,  0.0118, -0.0675,
        -0.0649, -0.1732, -0.0018,  0.0052,  0.0404,  0.1226, -0.1440,  0.0450,
         0.1010,  0.1239,  0.1398, -0.0086, -0.0618,  0.0553,  0.1455,  0.1233,
        -0.1643,  0.0420, -0.1047,  0.1099, -0.0730, -0.0033,  0.0521, -0.1638,
         0.0447, -0.0199,  0.1100,  0.0143,  0.0467,  0.1464, -0.1500,  0.0397,
        -0.0979,  0.0147, -0.1461, -0.0785, -0.1591, -0.0969, -0.1011,  0.0893,
        -0.0945,  0.1582,  0.0263, -0.0766, -0.0984,  0.1358,  0.1505,  0.0912]), 'rvq_quantizer.layers.0._codebook.initted': tensor([1.]), 'rvq_quantizer.layers.0._codebook.cluster_size': tensor([[4.8758, 2.0000, 5.8156,  ..., 2.2710, 3.3186, 2.5610]]), 'rvq_quantizer.layers.0._codebook.embed_avg': tensor([[[-1566.0507,  1005.1645,  -675.9469,  ...,  2133.7002,
           1970.1019,  2205.0442],
         [ -516.4418,   646.1969,  -125.0021,  ...,   685.1181,
            655.6840,   627.9017],
         [-1118.2709,  1078.3132,  -425.6328,  ...,  1576.5713,
           1472.6870,  1596.4645],
         ...,
         [ -721.3112,   597.2028,  -284.7682,  ...,   982.4221,
            917.7740,   985.5939],
         [ -802.0807,   807.9648,  -261.4974,  ...,  1098.4022,
           1050.8707,  1062.9910],
         [ -821.4245,   810.5866,  -258.7484,  ...,  1119.4010,
           1034.8845,  1047.8921]]]), 'rvq_quantizer.layers.0._codebook.embed': tensor([[[-321.1884,  206.1537, -138.6330,  ...,  437.6102,  404.0571,
           452.2424],
         [-258.2209,  323.0984,  -62.5010,  ...,  342.5591,  327.8420,
           313.9509],
         [-192.2901,  185.4193,  -73.1889,  ...,  271.0963,  253.2330,
           274.5170],
         ...,
         [-317.6181,  262.9689, -125.3932,  ...,  432.5942,  404.1274,
           433.9908],
         [-241.6948,  243.4679,  -78.7982,  ...,  330.9868,  316.6639,
           320.3161],
         [-320.7436,  316.5117, -101.0341,  ...,  437.0952,  404.0939,
           409.1730]]]), 'rvq_quantizer.layers.1._codebook.initted': tensor([1.]), 'rvq_quantizer.layers.1._codebook.cluster_size': tensor([[2.6739, 2.4158, 3.5190,  ..., 2.6000, 2.5800, 2.0585]]), 'rvq_quantizer.layers.1._codebook.embed_avg': tensor([[[ -7.6769,  -0.8993,   5.5386,  ...,   5.0608,  -0.4885,  -1.9575],
         [ -3.2412,  -0.6697,  16.0452,  ...,  -9.2072,  19.2994,   0.5554],
         [-13.2034,  16.8214, -31.2756,  ...,  -3.8504,  -0.1074, -13.9292],
         ...,
         [  1.4663,  -7.8744, -17.0196,  ...,   9.9144,  -2.4808,   3.8979],
         [  4.3782,   1.3682,  -7.6442,  ...,   4.0945,   1.4089,  -6.4770],
         [  0.2118,  16.2260,   6.9590,  ...,   3.9733,  -5.2790,  -9.8833]]]), 'rvq_quantizer.layers.1._codebook.embed': tensor([[[-2.8711, -0.3363,  2.0714,  ...,  1.8926, -0.1827, -0.7321],
         [-1.3416, -0.2772,  6.6417,  ..., -3.8112,  7.9887,  0.2299],
         [-3.7520,  4.7801, -8.8875,  ..., -1.0942, -0.0305, -3.9582],
         ...,
         [ 0.5640, -3.0286, -6.5460,  ...,  3.8132, -0.9542,  1.4992],
         [ 1.6970,  0.5303, -2.9629,  ...,  1.5870,  0.5461, -2.5105],
         [ 0.1029,  7.8824,  3.3806,  ...,  1.9302, -2.5645, -4.8012]]]), 'rvq_quantizer.layers.2._codebook.initted': tensor([1.]), 'rvq_quantizer.layers.2._codebook.cluster_size': tensor([[2.8500, 3.2200, 2.2800,  ..., 3.2875, 2.6577, 2.0000]]), 'rvq_quantizer.layers.2._codebook.embed_avg': tensor([[[  1.6752,   1.6455, -13.4310,  ...,  -5.9052,   2.6380,  12.0233],
         [  3.1142,  -6.3296,  -9.9548,  ...,  -3.0064,  -4.8754,  -4.0966],
         [ -5.0776,  -6.5778,  -4.9150,  ...,   1.3492,  -0.2844,  -2.5077],
         ...,
         [ -2.7203,   1.1366,   2.9822,  ...,   2.1910,  -0.3806,  -2.8834],
         [ -0.2583,  -0.5446,  -2.2241,  ...,   0.0806,   0.0715,   0.0507],
         [ -2.8540,  10.3579,  -7.6877,  ...,   0.9255,  -8.7688,  -1.7014]]]), 'rvq_quantizer.layers.2._codebook.embed': tensor([[[ 0.5878,  0.5774, -4.7126,  ..., -2.0720,  0.9256,  4.2187],
         [ 0.9671, -1.9657, -3.0915,  ..., -0.9337, -1.5141, -1.2722],
         [-2.2270, -2.8850, -2.1557,  ...,  0.5917, -0.1247, -1.0999],
         ...,
         [-0.8275,  0.3457,  0.9071,  ...,  0.6665, -0.1158, -0.8771],
         [-0.0972, -0.2049, -0.8368,  ...,  0.0303,  0.0269,  0.0191],
         [-1.4270,  5.1790, -3.8438,  ...,  0.4628, -4.3844, -0.8507]]]), 'rvq_quantizer.layers.3._codebook.initted': tensor([1.]), 'rvq_quantizer.layers.3._codebook.cluster_size': tensor([[2.3324, 2.9210, 2.0000,  ..., 2.6446, 2.3118, 2.8194]]), 'rvq_quantizer.layers.3._codebook.embed_avg': tensor([[[-0.1208,  5.9287,  5.8540,  ...,  1.4922,  6.1898,  1.7162],
         [-0.6084, -0.9751,  0.8187,  ..., -0.0431, -1.6356, -1.1320],
         [ 9.4023, -7.5618,  8.1308,  ..., -7.0552, -3.7482, -5.7113],
         ...,
         [-0.7713, -1.6381,  5.7984,  ..., -0.0318,  0.4688,  0.6353],
         [-1.5013, -4.9674,  3.8249,  ..., -1.3202, -1.1430, -1.2877],
         [ 0.2334, -3.8113, -6.3527,  ...,  2.1112,  1.4449,  1.7300]]]), 'rvq_quantizer.layers.3._codebook.embed': tensor([[[-0.0518,  2.5419,  2.5099,  ...,  0.6398,  2.6538,  0.7358],
         [-0.2083, -0.3338,  0.2803,  ..., -0.0148, -0.5599, -0.3875],
         [ 4.7012, -3.7809,  4.0654,  ..., -3.5276, -1.8741, -2.8556],
         ...,
         [-0.2916, -0.6194,  2.1925,  ..., -0.0120,  0.1773,  0.2402],
         [-0.6494, -2.1487,  1.6545,  ..., -0.5711, -0.4944, -0.5570],
         [ 0.0828, -1.3518, -2.2532,  ...,  0.7488,  0.5125,  0.6136]]])})
Loss:  tensor(7.8622, grad_fn=<MeanBackward0>)
OrderedDict({'rvq_quantizer.project_in.weight': tensor([[ 0.3623, -0.2684, -0.4614,  ...,  0.1814,  0.2177,  0.1919],
        [-0.4610, -0.0593,  0.3168,  ...,  0.0279,  0.0490, -0.1668],
        [ 0.0818, -0.1344, -0.1222,  ...,  0.0049,  0.1055,  0.1014],
        ...,
        [-0.4800,  0.3979,  0.5380,  ..., -0.2097, -0.2407, -0.3250],
        [-0.4576,  0.3075,  0.5318,  ..., -0.2370, -0.2578, -0.3252],
        [-0.4300,  0.3275,  0.4583,  ..., -0.2519, -0.3682, -0.3776]]), 'rvq_quantizer.project_in.bias': tensor([-0.5488,  0.5625, -0.1753,  0.1905, -0.1275, -0.1940,  0.0631, -0.4305,
         0.0425, -0.6425, -0.1386, -0.1963, -0.5742, -0.2501,  0.4828, -0.2552,
        -0.0830,  0.3739,  0.3136,  0.5019,  0.4743,  0.6068, -0.5646,  0.6005,
        -0.2837, -0.5337,  0.1359,  0.5150,  0.2802,  0.6143,  0.6038,  0.5987]), 'rvq_quantizer.project_out.weight': tensor([[ 0.0863,  0.1175, -0.0987,  ..., -0.0436,  0.0902, -0.0665],
        [-0.0337,  0.0185,  0.1248,  ..., -0.1478, -0.1462, -0.0690],
        [ 0.1136,  0.0347, -0.1496,  ...,  0.1559,  0.1245, -0.1110],
        ...,
        [-0.0980,  0.0885, -0.1271,  ..., -0.0326,  0.1682, -0.0498],
        [-0.0419,  0.0095, -0.0684,  ...,  0.0084, -0.0638, -0.1158],
        [-0.0722,  0.0351, -0.0780,  ..., -0.1712,  0.1494, -0.0657]]), 'rvq_quantizer.project_out.bias': tensor([-0.0057, -0.1618, -0.0106, -0.1491,  0.1075, -0.1614, -0.1343,  0.1031,
         0.0111,  0.0539, -0.1584, -0.0913, -0.0218,  0.0136,  0.0118, -0.0675,
        -0.0649, -0.1732, -0.0018,  0.0052,  0.0404,  0.1226, -0.1440,  0.0450,
         0.1010,  0.1239,  0.1398, -0.0086, -0.0618,  0.0553,  0.1455,  0.1233,
        -0.1643,  0.0420, -0.1047,  0.1099, -0.0730, -0.0033,  0.0521, -0.1638,
         0.0447, -0.0199,  0.1100,  0.0143,  0.0467,  0.1464, -0.1500,  0.0397,
        -0.0979,  0.0147, -0.1461, -0.0785, -0.1591, -0.0969, -0.1011,  0.0893,
        -0.0945,  0.1582,  0.0263, -0.0766, -0.0984,  0.1358,  0.1505,  0.0912]), 'rvq_quantizer.layers.0._codebook.initted': tensor([1.]), 'rvq_quantizer.layers.0._codebook.cluster_size': tensor([[5.0882, 2.1000, 5.8340,  ..., 2.3439, 3.0867, 2.6049]]), 'rvq_quantizer.layers.0._codebook.embed_avg': tensor([[[-1633.7468,  1045.2365,  -713.1672,  ...,  2224.0183,
           2056.2231,  2298.8125],
         [ -543.1920,   679.3605,  -131.7320,  ...,   720.2574,
            689.3783,   659.5748],
         [-1121.2135,  1081.3401,  -431.9274,  ...,  1583.5153,
           1478.7458,  1601.1771],
         ...,
         [ -744.9131,   615.0020,  -297.3875,  ...,  1014.4518,
            947.5980,  1017.2380],
         [ -746.3397,   751.9111,  -243.7839,  ...,  1020.5950,
            977.5347,   988.8513],
         [ -834.2333,   824.3592,  -265.8813,  ...,  1137.6139,
           1054.0144,  1067.1805]]]), 'rvq_quantizer.layers.0._codebook.embed': tensor([[[-321.0842,  205.4228, -140.1605,  ...,  437.0916,  404.1145,
           451.7911],
         [-258.6626,  323.5047,  -62.7295,  ...,  342.9794,  328.2751,
           314.0829],
         [-192.1866,  185.3519,  -74.0364,  ...,  271.4294,  253.4710,
           274.4568],
         ...,
         [-317.8091,  262.3839, -126.8771,  ...,  432.8048,  404.2823,
           433.9935],
         [-241.7912,  243.5961,  -78.9785,  ...,  330.6414,  316.6912,
           320.3575],
         [-320.2553,  316.4648, -102.0696,  ...,  436.7207,  404.6275,
           409.6819]]]), 'rvq_quantizer.layers.1._codebook.initted': tensor([1.]), 'rvq_quantizer.layers.1._codebook.cluster_size': tensor([[2.5065, 2.3742, 3.5671,  ..., 3.2400, 3.0220, 2.0000]]), 'rvq_quantizer.layers.1._codebook.embed_avg': tensor([[[ -7.0878,  -0.9387,   5.2393,  ...,   4.7635,  -0.5529,  -1.8111],
         [ -3.0673,  -1.1316,  14.2577,  ...,  -9.1105,  19.4249,   1.2466],
         [-13.7854,  16.9073, -33.0647,  ...,  -4.8727,  -0.8479, -14.1733],
         ...,
         [  2.9160, -10.3526, -23.2118,  ...,  12.7560,  -2.1001,   7.1092],
         [  4.5737,   1.4018,  -9.4477,  ...,   4.1559,   0.2839,  -7.2714],
         [ -2.0638,  -0.9978, -18.2341,  ...,  15.3020,   7.8561,   3.7551]]]), 'rvq_quantizer.layers.1._codebook.embed': tensor([[[-2.8277, -0.3745,  2.0903,  ...,  1.9004, -0.2206, -0.7226],
         [-1.2919, -0.4766,  6.0052,  ..., -3.8372,  8.1815,  0.5251],
         [-3.8646,  4.7397, -9.2693,  ..., -1.3660, -0.2377, -3.9733],
         ...,
         [ 0.9000, -3.1953, -7.1641,  ...,  3.9371, -0.6482,  2.1942],
         [ 1.5135,  0.4639, -3.1263,  ...,  1.3752,  0.0939, -2.4061],
         [-1.0319, -0.4989, -9.1170,  ...,  7.6510,  3.9280,  1.8775]]]), 'rvq_quantizer.layers.2._codebook.initted': tensor([1.]), 'rvq_quantizer.layers.2._codebook.cluster_size': tensor([[3.0650, 3.2980, 2.5520,  ..., 3.1588, 2.3919, 2.0000]]), 'rvq_quantizer.layers.2._codebook.embed_avg': tensor([[[  1.6730,   1.0327, -14.1199,  ...,  -7.0469,   3.0574,  13.7051],
         [  3.4417,  -7.1242, -10.0728,  ...,  -3.0372,  -5.3941,  -4.7148],
         [ -4.6828,  -7.9318,  -4.3429,  ...,   2.0812,  -0.3731,  -1.6647],
         ...,
         [ -2.6742,   1.1708,   2.6923,  ...,   2.3198,  -0.4254,  -2.7065],
         [ -0.2325,  -0.4902,  -2.0017,  ...,   0.0725,   0.0644,   0.0456],
         [  0.5576,  -5.2013,  -3.2840,  ..., -15.6661,  -8.4634,  19.8272]]]), 'rvq_quantizer.layers.2._codebook.embed': tensor([[[ 0.5458,  0.3369, -4.6068,  ..., -2.2991,  0.9975,  4.4715],
         [ 1.0436, -2.1601, -3.0542,  ..., -0.9209, -1.6356, -1.4296],
         [-1.8349, -3.1081, -1.7018,  ...,  0.8155, -0.1462, -0.6523],
         ...,
         [-0.8466,  0.3707,  0.8523,  ...,  0.7344, -0.1347, -0.8568],
         [-0.0972, -0.2049, -0.8368,  ...,  0.0303,  0.0269,  0.0191],
         [ 0.2788, -2.6007, -1.6420,  ..., -7.8331, -4.2317,  9.9136]]]), 'rvq_quantizer.layers.3._codebook.initted': tensor([1.]), 'rvq_quantizer.layers.3._codebook.cluster_size': tensor([[2.3992, 2.8289, 2.0000,  ..., 2.7801, 2.5806, 2.6375]]), 'rvq_quantizer.layers.3._codebook.embed_avg': tensor([[[ 0.0332,  5.7366,  5.9348,  ...,  1.6785,  6.6836,  1.3274],
         [-0.5780, -1.1535,  0.8402,  ..., -0.0185, -1.3944, -1.0960],
         [ 0.8900, -0.7538,  1.2484,  ...,  1.7991,  1.0882,  4.3096],
         ...,
         [-0.7409, -1.8006,  6.1001,  ..., -0.1693,  0.3538,  0.5435],
         [-2.2992, -5.7976,  5.1293,  ..., -1.4996, -1.3311, -2.0800],
         [ 0.1479, -3.1593, -5.6685,  ...,  2.1953,  1.6008,  1.7188]]]), 'rvq_quantizer.layers.3._codebook.embed': tensor([[[ 0.0138,  2.3911,  2.4737,  ...,  0.6996,  2.7858,  0.5533],
         [-0.2043, -0.4077,  0.2970,  ..., -0.0065, -0.4929, -0.3874],
         [ 0.4450, -0.3769,  0.6242,  ...,  0.8995,  0.5441,  2.1548],
         ...,
         [-0.2665, -0.6477,  2.1942,  ..., -0.0609,  0.1273,  0.1955],
         [-0.8910, -2.2466,  1.9876,  ..., -0.5811, -0.5158, -0.8060],
         [ 0.0561, -1.1979, -2.1492,  ...,  0.8323,  0.6069,  0.6517]]])})
Loss:  tensor(7.5188, grad_fn=<MeanBackward0>)
OrderedDict({'rvq_quantizer.project_in.weight': tensor([[ 0.3645, -0.2717, -0.4643,  ...,  0.1796,  0.2158,  0.1908],
        [-0.4622, -0.0621,  0.3155,  ...,  0.0288,  0.0519, -0.1661],
        [ 0.0807, -0.1335, -0.1232,  ...,  0.0022,  0.1038,  0.0993],
        ...,
        [-0.4829,  0.3988,  0.5423,  ..., -0.2066, -0.2377, -0.3229],
        [-0.4603,  0.3091,  0.5353,  ..., -0.2335, -0.2552, -0.3234],
        [-0.4326,  0.3295,  0.4624,  ..., -0.2500, -0.3660, -0.3765]]), 'rvq_quantizer.project_in.bias': tensor([-0.5504,  0.5637, -0.1738,  0.1905, -0.1281, -0.1947,  0.0639, -0.4314,
         0.0431, -0.6450, -0.1390, -0.1973, -0.5761, -0.2507,  0.4847, -0.2563,
        -0.0822,  0.3750,  0.3140,  0.5036,  0.4767,  0.6097, -0.5662,  0.6027,
        -0.2847, -0.5360,  0.1360,  0.5174,  0.2810,  0.6168,  0.6061,  0.6006]), 'rvq_quantizer.project_out.weight': tensor([[ 0.0863,  0.1175, -0.0987,  ..., -0.0436,  0.0902, -0.0665],
        [-0.0337,  0.0185,  0.1248,  ..., -0.1478, -0.1462, -0.0690],
        [ 0.1136,  0.0347, -0.1496,  ...,  0.1559,  0.1245, -0.1110],
        ...,
        [-0.0980,  0.0885, -0.1271,  ..., -0.0326,  0.1682, -0.0498],
        [-0.0419,  0.0095, -0.0684,  ...,  0.0084, -0.0638, -0.1158],
        [-0.0722,  0.0351, -0.0780,  ..., -0.1712,  0.1494, -0.0657]]), 'rvq_quantizer.project_out.bias': tensor([-0.0057, -0.1618, -0.0106, -0.1491,  0.1075, -0.1614, -0.1343,  0.1031,
         0.0111,  0.0539, -0.1584, -0.0913, -0.0218,  0.0136,  0.0118, -0.0675,
        -0.0649, -0.1732, -0.0018,  0.0052,  0.0404,  0.1226, -0.1440,  0.0450,
         0.1010,  0.1239,  0.1398, -0.0086, -0.0618,  0.0553,  0.1455,  0.1233,
        -0.1643,  0.0420, -0.1047,  0.1099, -0.0730, -0.0033,  0.0521, -0.1638,
         0.0447, -0.0199,  0.1100,  0.0143,  0.0467,  0.1464, -0.1500,  0.0397,
        -0.0979,  0.0147, -0.1461, -0.0785, -0.1591, -0.0969, -0.1011,  0.0893,
        -0.0945,  0.1582,  0.0263, -0.0766, -0.0984,  0.1358,  0.1505,  0.0912]), 'rvq_quantizer.layers.0._codebook.initted': tensor([1.]), 'rvq_quantizer.layers.0._codebook.cluster_size': tensor([[5.0794, 2.0000, 5.8506,  ..., 2.4095, 2.8780, 2.7444]]), 'rvq_quantizer.layers.0._codebook.embed_avg': tensor([[[-1630.3002,  1040.7659,  -715.7182,  ...,  2216.7905,
           2052.3225,  2292.4355],
         [ -567.4291,   476.8465,  -247.1508,  ...,   771.8555,
            728.0627,   761.2903],
         [-1123.8853,  1084.0088,  -437.2590,  ...,  1589.8679,
           1484.1715,  1605.4490],
         ...,
         [ -766.3186,   630.6736,  -308.5894,  ...,  1043.4729,
            974.6161,  1045.8719],
         [ -696.2078,   701.4656,  -227.8087,  ...,   950.6500,
            911.5931,   922.1971],
         [ -877.8002,   867.5817,  -283.1202,  ...,  1196.8175,
           1110.8969,  1125.6270]]]), 'rvq_quantizer.layers.0._codebook.embed': tensor([[[-320.9634,  204.8995, -140.9062,  ...,  436.4279,  404.0485,
           451.3205],
         [-283.7145,  238.4232, -123.5754,  ...,  385.9278,  364.0314,
           380.6452],
         [-192.0979,  185.2821,  -74.7376,  ...,  271.7451,  253.6791,
           274.4083],
         ...,
         [-318.0390,  261.7434, -128.0714,  ...,  433.0641,  404.4871,
           434.0598],
         [-241.9033,  243.7302,  -79.1541,  ...,  330.3114,  316.7408,
           320.4252],
         [-319.8503,  316.1269, -103.1625,  ...,  436.0929,  404.7854,
           410.1527]]]), 'rvq_quantizer.layers.1._codebook.initted': tensor([1.]), 'rvq_quantizer.layers.1._codebook.cluster_size': tensor([[2.2559, 2.2368, 3.3104,  ..., 3.2160, 3.0198, 2.0000]]), 'rvq_quantizer.layers.1._codebook.embed_avg': tensor([[[ -6.3790,  -0.8449,   4.7153,  ...,   4.2872,  -0.4976,  -1.6300],
         [ -3.0706,  -1.4845,  13.1917,  ...,  -8.3700,  18.3814,   1.0974],
         [-12.8449,  15.8015, -30.8031,  ...,  -4.8536,  -1.0192, -12.8668],
         ...,
         [  3.0255, -11.5212, -23.3497,  ...,  12.6303,  -2.5896,   7.4587],
         [  4.6057,   1.1884,  -9.7799,  ...,   4.2989,   0.3017,  -7.1347],
         [ -2.1848,  -1.3531, -17.9905,  ...,  15.7309,   7.6850,   3.7477]]]), 'rvq_quantizer.layers.1._codebook.embed': tensor([[[-2.8277, -0.3745,  2.0903,  ...,  1.9004, -0.2206, -0.7226],
         [-1.3728, -0.6637,  5.8975,  ..., -3.7419,  8.2177,  0.4906],
         [-3.8801,  4.7732, -9.3049,  ..., -1.4662, -0.3079, -3.8868],
         ...,
         [ 0.9408, -3.5825, -7.2605,  ...,  3.9273, -0.8052,  2.3192],
         [ 1.5252,  0.3935, -3.2386,  ...,  1.4236,  0.0999, -2.3626],
         [-1.0924, -0.6766, -8.9952,  ...,  7.8654,  3.8425,  1.8738]]]), 'rvq_quantizer.layers.2._codebook.initted': tensor([1.]), 'rvq_quantizer.layers.2._codebook.cluster_size': tensor([[2.9585, 3.0682, 2.8968,  ..., 2.8429, 2.1527, 2.0000]]), 'rvq_quantizer.layers.2._codebook.embed_avg': tensor([[[  1.8978,   0.7867, -13.0954,  ...,  -7.0723,   3.0196,  13.0987],
         [  3.1491,  -6.7391,  -9.4311,  ...,  -2.6876,  -5.1657,  -4.2110],
         [ -5.5343,  -9.9392,  -4.1663,  ...,   2.4816,  -0.1943,  -2.4801],
         ...,
         [ -2.4068,   1.0537,   2.4231,  ...,   2.0878,  -0.3829,  -2.4359],
         [ -0.2093,  -0.4411,  -1.8015,  ...,   0.0653,   0.0579,   0.0410],
         [  2.2850,  -0.4857,   0.2014,  ...,  -3.5232,  -1.8316, -15.5856]]]), 'rvq_quantizer.layers.2._codebook.embed': tensor([[[ 0.6415,  0.2659, -4.4264,  ..., -2.3905,  1.0206,  4.4275],
         [ 1.0264, -2.1964, -3.0738,  ..., -0.8760, -1.6836, -1.3725],
         [-1.9105, -3.4311, -1.4382,  ...,  0.8567, -0.0671, -0.8561],
         ...,
         [-0.8466,  0.3707,  0.8523,  ...,  0.7344, -0.1347, -0.8568],
         [-0.0972, -0.2049, -0.8368,  ...,  0.0303,  0.0269,  0.0191],
         [ 1.1425, -0.2428,  0.1007,  ..., -1.7616, -0.9158, -7.7928]]]), 'rvq_quantizer.layers.3._codebook.initted': tensor([1.]), 'rvq_quantizer.layers.3._codebook.cluster_size': tensor([[2.5593, 2.7460, 2.0000,  ..., 4.1021, 2.8226, 2.3737]]), 'rvq_quantizer.layers.3._codebook.embed_avg': tensor([[[-0.2613,  6.5374,  7.0355,  ...,  2.4756,  6.2014,  1.4200],
         [-0.6077, -1.2406,  1.0056,  ...,  0.1548, -1.4464, -1.1802],
         [ 1.2206, -0.6841,  1.7600,  ...,  1.4850,  1.3527,  4.1211],
         ...,
         [-0.7700, -2.6590,  9.6580,  ...,  0.3692,  0.2299,  0.4372],
         [-2.7137, -6.3272,  6.5659,  ..., -1.1269, -0.9623, -2.6486],
         [ 0.1331, -2.8434, -5.1016,  ...,  1.9758,  1.4407,  1.5469]]]), 'rvq_quantizer.layers.3._codebook.embed': tensor([[[-0.1021,  2.5544,  2.7491,  ...,  0.9673,  2.4231,  0.5548],
         [-0.2213, -0.4518,  0.3662,  ...,  0.0564, -0.5267, -0.4298],
         [ 0.6103, -0.3420,  0.8800,  ...,  0.7425,  0.6764,  2.0605],
         ...,
         [-0.1877, -0.6482,  2.3544,  ...,  0.0900,  0.0560,  0.1066],
         [-0.9614, -2.2416,  2.3262,  ..., -0.3993, -0.3409, -0.9384],
         [ 0.0561, -1.1979, -2.1492,  ...,  0.8323,  0.6069,  0.6517]]])})
Loss:  tensor(7.1609, grad_fn=<MeanBackward0>)
OrderedDict({'rvq_quantizer.project_in.weight': tensor([[ 0.3668, -0.2749, -0.4671,  ...,  0.1779,  0.2139,  0.1897],
        [-0.4635, -0.0645,  0.3139,  ...,  0.0286,  0.0540, -0.1662],
        [ 0.0788, -0.1318, -0.1249,  ..., -0.0012,  0.1012,  0.0964],
        ...,
        [-0.4859,  0.3999,  0.5466,  ..., -0.2036, -0.2347, -0.3207],
        [-0.4631,  0.3110,  0.5386,  ..., -0.2301, -0.2527, -0.3217],
        [-0.4353,  0.3316,  0.4663,  ..., -0.2481, -0.3638, -0.3755]]), 'rvq_quantizer.project_in.bias': tensor([-0.5519,  0.5650, -0.1716,  0.1906, -0.1286, -0.1951,  0.0646, -0.4323,
         0.0439, -0.6474, -0.1397, -0.1984, -0.5779, -0.2512,  0.4866, -0.2574,
        -0.0821,  0.3761,  0.3142,  0.5052,  0.4789,  0.6126, -0.5678,  0.6048,
        -0.2857, -0.5382,  0.1363,  0.5197,  0.2817,  0.6193,  0.6084,  0.6025]), 'rvq_quantizer.project_out.weight': tensor([[ 0.0863,  0.1175, -0.0987,  ..., -0.0436,  0.0902, -0.0665],
        [-0.0337,  0.0185,  0.1248,  ..., -0.1478, -0.1462, -0.0690],
        [ 0.1136,  0.0347, -0.1496,  ...,  0.1559,  0.1245, -0.1110],
        ...,
        [-0.0980,  0.0885, -0.1271,  ..., -0.0326,  0.1682, -0.0498],
        [-0.0419,  0.0095, -0.0684,  ...,  0.0084, -0.0638, -0.1158],
        [-0.0722,  0.0351, -0.0780,  ..., -0.1712,  0.1494, -0.0657]]), 'rvq_quantizer.project_out.bias': tensor([-0.0057, -0.1618, -0.0106, -0.1491,  0.1075, -0.1614, -0.1343,  0.1031,
         0.0111,  0.0539, -0.1584, -0.0913, -0.0218,  0.0136,  0.0118, -0.0675,
        -0.0649, -0.1732, -0.0018,  0.0052,  0.0404,  0.1226, -0.1440,  0.0450,
         0.1010,  0.1239,  0.1398, -0.0086, -0.0618,  0.0553,  0.1455,  0.1233,
        -0.1643,  0.0420, -0.1047,  0.1099, -0.0730, -0.0033,  0.0521, -0.1638,
         0.0447, -0.0199,  0.1100,  0.0143,  0.0467,  0.1464, -0.1500,  0.0397,
        -0.0979,  0.0147, -0.1461, -0.0785, -0.1591, -0.0969, -0.1011,  0.0893,
        -0.0945,  0.1582,  0.0263, -0.0766, -0.0984,  0.1358,  0.1505,  0.0912]), 'rvq_quantizer.layers.0._codebook.initted': tensor([1.]), 'rvq_quantizer.layers.0._codebook.cluster_size': tensor([[5.2715, 2.0000, 5.8655,  ..., 2.4686, 2.7902, 2.8700]]), 'rvq_quantizer.layers.0._codebook.embed_avg': tensor([[[-1690.7909,  1078.7861,  -745.8967,  ...,  2296.4209,
           2130.7507,  2376.4751],
         [ -672.5292,   450.5324,  -283.3013,  ...,   892.6979,
            840.1849,   914.5598],
         [-1126.3251,  1086.5287,  -441.1938,  ...,  1595.7003,
           1489.0255,  1609.3412],
         ...,
         [ -785.7512,   644.5501,  -318.1314,  ...,  1069.7980,
            999.1190,  1071.8113],
         [ -675.0346,   678.9702,  -221.9530,  ...,   920.3647,
            883.5825,   894.2201],
         [ -917.5068,   906.4926,  -298.1071,  ...,  1250.6996,
           1162.6078,  1178.7479]]]), 'rvq_quantizer.layers.0._codebook.embed': tensor([[[-320.7446,  204.6467, -141.4973,  ...,  435.6332,  404.2054,
           450.8195],
         [-336.2646,  225.2662, -141.6506,  ...,  446.3489,  420.0925,
           457.2799],
         [-192.0246,  185.2398,  -75.2181,  ...,  272.0473,  253.8605,
           274.3729],
         ...,
         [-318.3035,  261.1037, -128.8733,  ...,  433.3692,  404.7376,
           434.1848],
         [-241.9273,  243.3378,  -79.5463,  ...,  329.8517,  316.6693,
           320.4817],
         [-319.6924,  315.8546, -103.8712,  ...,  435.7887,  405.0943,
           410.7181]]]), 'rvq_quantizer.layers.1._codebook.initted': tensor([1.]), 'rvq_quantizer.layers.1._codebook.cluster_size': tensor([[2.1303, 2.2131, 3.0794,  ..., 3.0944, 3.3178, 2.0000]]), 'rvq_quantizer.layers.1._codebook.embed_avg': tensor([[[ -5.8471,  -1.1903,   4.7678,  ...,   3.8264,  -0.7509,  -1.4683],
         [ -2.8979,  -1.9557,  12.5319,  ...,  -8.2968,  18.5594,   1.8531],
         [-12.0034,  14.7046, -28.4530,  ...,  -4.8156,  -1.1898, -11.7217],
         ...,
         [  3.0456, -11.9002, -22.5064,  ...,  11.9131,  -2.5379,   7.7436],
         [  4.2401,   0.3133,  -9.5293,  ...,   4.1492,  -0.6638,  -8.0630],
         [ -5.4833,  13.8259, -11.5385,  ...,  -7.5775, -11.1525,  -7.2130]]]), 'rvq_quantizer.layers.1._codebook.embed': tensor([[[-2.7447, -0.5587,  2.2381,  ...,  1.7962, -0.3525, -0.6893],
         [-1.3094, -0.8837,  5.6625,  ..., -3.7489,  8.3860,  0.8373],
         [-3.8980,  4.7752, -9.2398,  ..., -1.5638, -0.3864, -3.8065],
         ...,
         [ 0.9842, -3.8457, -7.2733,  ...,  3.8499, -0.8202,  2.5024],
         [ 1.2780,  0.0944, -2.8722,  ...,  1.2506, -0.2001, -2.4302],
         [-2.7417,  6.9129, -5.7693,  ..., -3.7887, -5.5763, -3.6065]]]), 'rvq_quantizer.layers.2._codebook.initted': tensor([1.]), 'rvq_quantizer.layers.2._codebook.cluster_size': tensor([[2.7627, 2.8614, 2.8071,  ..., 2.8586, 2.0000, 2.0000]]), 'rvq_quantizer.layers.2._codebook.embed_avg': tensor([[[  1.8979,   0.5001, -11.9845,  ...,  -6.5223,   2.3542,  12.7287],
         [  2.9682,  -6.5013,  -8.8456,  ...,  -2.7813,  -4.8207,  -3.6880],
         [ -4.8281, -10.1413,  -3.5382,  ...,   2.9124,  -0.6015,  -2.3420],
         ...,
         [ -2.5084,   0.8276,   2.5736,  ...,   1.8002,  -0.5796,  -2.9378],
         [  0.7316,  14.7281,  14.6492,  ...,  -6.1124,   0.3405,   2.6301],
         [ -3.9163,  -7.4546,  10.5287,  ..., -10.7653,   3.9840,   8.6627]]]), 'rvq_quantizer.layers.2._codebook.embed': tensor([[[ 0.6870,  0.1810, -4.3380,  ..., -2.3609,  0.8521,  4.6074],
         [ 1.0373, -2.2721, -3.0914,  ..., -0.9720, -1.6847, -1.2889],
         [-1.7200, -3.6127, -1.2604,  ...,  1.0375, -0.2143, -0.8343],
         ...,
         [-0.8775,  0.2895,  0.9003,  ...,  0.6297, -0.2028, -1.0277],
         [ 0.3658,  7.3640,  7.3246,  ..., -3.0562,  0.1703,  1.3150],
         [-1.9582, -3.7273,  5.2644,  ..., -5.3826,  1.9920,  4.3314]]]), 'rvq_quantizer.layers.3._codebook.initted': tensor([1.]), 'rvq_quantizer.layers.3._codebook.cluster_size': tensor([[2.5033, 2.4714, 2.0000,  ..., 5.1919, 2.6403, 2.1363]]), 'rvq_quantizer.layers.3._codebook.embed_avg': tensor([[[-0.4958,  6.0206,  7.4620,  ...,  1.9388,  6.1173,  1.3431],
         [-0.5469, -1.1166,  0.9050,  ...,  0.1394, -1.3018, -1.0622],
         [ 1.4720, -0.3445,  2.0819,  ...,  1.4432,  1.2416,  3.9382],
         ...,
         [-1.3396, -2.8552, 13.1281,  ...,  0.4457,  0.4179,  0.6920],
         [-2.6685, -5.8153,  6.0094,  ..., -1.0566, -0.8981, -2.3651],
         [ 0.1198, -2.5591, -4.5915,  ...,  1.7782,  1.2966,  1.3922]]]), 'rvq_quantizer.layers.3._codebook.embed': tensor([[[-0.1981,  2.4050,  2.9808,  ...,  0.7745,  2.4437,  0.5365],
         [-0.2213, -0.4518,  0.3662,  ...,  0.0564, -0.5267, -0.4298],
         [ 0.7360, -0.1723,  1.0410,  ...,  0.7216,  0.6208,  1.9691],
         ...,
         [-0.2580, -0.5499,  2.5286,  ...,  0.0859,  0.0805,  0.1333],
         [-1.0107, -2.2025,  2.2760,  ..., -0.4002, -0.3401, -0.8958],
         [ 0.0561, -1.1979, -2.1492,  ...,  0.8323,  0.6069,  0.6517]]])})
Loss:  tensor(6.8621, grad_fn=<MeanBackward0>)
OrderedDict({'rvq_quantizer.project_in.weight': tensor([[ 0.3690, -0.2781, -0.4699,  ...,  0.1762,  0.2120,  0.1887],
        [-0.4650, -0.0664,  0.3121,  ...,  0.0274,  0.0553, -0.1670],
        [ 0.0762, -0.1295, -0.1271,  ..., -0.0050,  0.0981,  0.0929],
        ...,
        [-0.4888,  0.4010,  0.5508,  ..., -0.2007, -0.2318, -0.3187],
        [-0.4657,  0.3130,  0.5419,  ..., -0.2268, -0.2503, -0.3200],
        [-0.4379,  0.3338,  0.4702,  ..., -0.2463, -0.3618, -0.3746]]), 'rvq_quantizer.project_in.bias': tensor([-0.5535,  0.5665, -0.1687,  0.1908, -0.1291, -0.1950,  0.0651, -0.4331,
         0.0447, -0.6497, -0.1407, -0.1995, -0.5798, -0.2517,  0.4886, -0.2585,
        -0.0829,  0.3772,  0.3144,  0.5069,  0.4811,  0.6154, -0.5692,  0.6069,
        -0.2866, -0.5404,  0.1366,  0.5221,  0.2823,  0.6218,  0.6107,  0.6044]), 'rvq_quantizer.project_out.weight': tensor([[ 0.0863,  0.1175, -0.0987,  ..., -0.0436,  0.0902, -0.0665],
        [-0.0337,  0.0185,  0.1248,  ..., -0.1478, -0.1462, -0.0690],
        [ 0.1136,  0.0347, -0.1496,  ...,  0.1559,  0.1245, -0.1110],
        ...,
        [-0.0980,  0.0885, -0.1271,  ..., -0.0326,  0.1682, -0.0498],
        [-0.0419,  0.0095, -0.0684,  ...,  0.0084, -0.0638, -0.1158],
        [-0.0722,  0.0351, -0.0780,  ..., -0.1712,  0.1494, -0.0657]]), 'rvq_quantizer.project_out.bias': tensor([-0.0057, -0.1618, -0.0106, -0.1491,  0.1075, -0.1614, -0.1343,  0.1031,
         0.0111,  0.0539, -0.1584, -0.0913, -0.0218,  0.0136,  0.0118, -0.0675,
        -0.0649, -0.1732, -0.0018,  0.0052,  0.0404,  0.1226, -0.1440,  0.0450,
         0.1010,  0.1239,  0.1398, -0.0086, -0.0618,  0.0553,  0.1455,  0.1233,
        -0.1643,  0.0420, -0.1047,  0.1099, -0.0730, -0.0033,  0.0521, -0.1638,
         0.0447, -0.0199,  0.1100,  0.0143,  0.0467,  0.1464, -0.1500,  0.0397,
        -0.0979,  0.0147, -0.1461, -0.0785, -0.1591, -0.0969, -0.1011,  0.0893,
        -0.0945,  0.1582,  0.0263, -0.0766, -0.0984,  0.1358,  0.1505,  0.0912]), 'rvq_quantizer.layers.0._codebook.initted': tensor([1.]), 'rvq_quantizer.layers.0._codebook.cluster_size': tensor([[5.1443, 2.0000, 5.7790,  ..., 2.5217, 2.7112, 2.9830]]), 'rvq_quantizer.layers.0._codebook.embed_avg': tensor([[[-1649.7517,  1055.1107,  -726.9529,  ...,  2239.3049,
           2080.6326,  2317.0027],
         [ -605.6002,   551.0566,  -199.8838,  ...,   818.9255,
            773.7792,   792.1425],
         [-1108.9773,  1069.9542,  -436.1396,  ...,  1572.9351,
           1467.1012,  1586.1490],
         ...,
         [ -803.4119,   656.9530,  -325.8816,  ...,  1093.7094,
           1021.3685,  1095.3396],
         [ -656.0493,   658.8278,  -216.3324,  ...,   893.2601,
            858.4815,   869.1674],
         [ -953.7375,   941.6425,  -310.7280,  ...,  1299.7947,
           1209.6666,  1227.0823]]]), 'rvq_quantizer.layers.0._codebook.embed': tensor([[[-320.6945,  205.1025, -141.3121,  ...,  435.2975,  404.4532,
           450.4012],
         [-302.8001,  275.5283,  -99.9419,  ...,  409.4628,  386.8896,
           396.0712],
         [-191.8987,  185.1461,  -75.4701,  ...,  272.1825,  253.8689,
           274.4691],
         ...,
         [-318.5988,  260.5195, -129.2307,  ...,  433.7184,  405.0311,
           434.3649],
         [-241.9762,  243.0010,  -79.7917,  ...,  329.4687,  316.6410,
           320.5824],
         [-319.7274,  315.6727, -104.1673,  ...,  435.7383,  405.5241,
           411.3625]]]), 'rvq_quantizer.layers.1._codebook.initted': tensor([1.]), 'rvq_quantizer.layers.1._codebook.cluster_size': tensor([[2.1173, 2.0918, 3.0714,  ..., 2.7850, 3.1860, 2.0000]]), 'rvq_quantizer.layers.1._codebook.embed_avg': tensor([[[-5.9012e+00, -1.1974e+00,  5.2336e+00,  ...,  4.0376e+00,
          -7.4946e-01, -1.2474e+00],
         [-2.9278e+00, -2.1574e+00,  1.2205e+01,  ..., -7.5804e+00,
           1.7589e+01,  1.7114e+00],
         [-1.2171e+01,  1.4112e+01, -2.7387e+01,  ..., -4.9358e+00,
          -1.4725e+00, -1.0424e+01],
         ...,
         [ 2.7411e+00, -1.0710e+01, -2.0256e+01,  ...,  1.0722e+01,
          -2.2841e+00,  6.9692e+00],
         [ 3.5988e+00,  2.7096e-02, -8.3225e+00,  ...,  4.3375e+00,
          -8.3373e-01, -7.7670e+00],
         [-3.8508e+00, -1.0911e+01, -1.1791e+01,  ...,  8.1444e+00,
          -9.8944e-01,  2.7351e+00]]]), 'rvq_quantizer.layers.1._codebook.embed': tensor([[[-2.7872e+00, -5.6552e-01,  2.4719e+00,  ...,  1.9070e+00,
          -3.5398e-01, -5.8915e-01],
         [-1.3996e+00, -1.0313e+00,  5.8348e+00,  ..., -3.6238e+00,
           8.4086e+00,  8.1813e-01],
         [-3.9625e+00,  4.5945e+00, -8.9165e+00,  ..., -1.6070e+00,
          -4.7941e-01, -3.3939e+00],
         ...,
         [ 9.8425e-01, -3.8457e+00, -7.2733e+00,  ...,  3.8499e+00,
          -8.2017e-01,  2.5024e+00],
         [ 1.1296e+00,  8.5046e-03, -2.6122e+00,  ...,  1.3614e+00,
          -2.6168e-01, -2.4378e+00],
         [-1.9254e+00, -5.4555e+00, -5.8954e+00,  ...,  4.0722e+00,
          -4.9472e-01,  1.3676e+00]]]), 'rvq_quantizer.layers.2._codebook.initted': tensor([1.]), 'rvq_quantizer.layers.2._codebook.cluster_size': tensor([[2.5864, 2.6752, 2.5264,  ..., 2.5728, 2.0000, 2.0000]]), 'rvq_quantizer.layers.2._codebook.embed_avg': tensor([[[  1.8852,   0.1830, -11.1050,  ...,  -6.0504,   2.1745,  11.6181],
         [  2.7316,  -6.2563,  -8.1759,  ...,  -2.6917,  -4.5750,  -3.7236],
         [ -4.3453,  -9.1272,  -3.1844,  ...,   2.6212,  -0.5413,  -2.1078],
         ...,
         [ -2.2576,   0.7448,   2.3162,  ...,   1.6202,  -0.5217,  -2.6440],
         [ -2.6852,   2.4898,   3.8509,  ...,   3.4951,   3.4770,   3.8484],
         [  2.6217,  -4.2343,  -0.5231,  ...,  -7.5925,  -1.7717,  -6.3218]]]), 'rvq_quantizer.layers.2._codebook.embed': tensor([[[ 0.7289,  0.0708, -4.2936,  ..., -2.3393,  0.8408,  4.4920],
         [ 1.0210, -2.3386, -3.0561,  ..., -1.0061, -1.7101, -1.3919],
         [-1.7200, -3.6127, -1.2604,  ...,  1.0375, -0.2143, -0.8343],
         ...,
         [-0.8775,  0.2895,  0.9003,  ...,  0.6297, -0.2028, -1.0277],
         [-1.3426,  1.2449,  1.9254,  ...,  1.7475,  1.7385,  1.9242],
         [ 1.3108, -2.1172, -0.2616,  ..., -3.7962, -0.8859, -3.1609]]]), 'rvq_quantizer.layers.3._codebook.initted': tensor([1.]), 'rvq_quantizer.layers.3._codebook.cluster_size': tensor([[2.3530, 2.2243, 2.0000,  ..., 4.6727, 2.4763, 2.0000]]), 'rvq_quantizer.layers.3._codebook.embed_avg': tensor([[[-0.4433,  5.4684,  6.8671,  ...,  1.9148,  5.5574,  1.3949],
         [-0.4922, -1.0049,  0.8145,  ...,  0.1254, -1.1716, -0.9559],
         [ 1.5459,  0.1321,  2.4928,  ...,  1.4625,  1.1028,  4.1172],
         ...,
         [-1.2057, -2.5697, 11.8153,  ...,  0.4012,  0.3761,  0.6228],
         [-2.8220, -5.2559,  6.0836,  ..., -1.2637, -1.2066, -2.3792],
         [ 0.5828,  0.1645, -0.0786,  ..., -0.6353,  0.3189, -0.0217]]]), 'rvq_quantizer.layers.3._codebook.embed': tensor([[[-0.1884,  2.3240,  2.9185,  ...,  0.8138,  2.3618,  0.5928],
         [-0.2213, -0.4518,  0.3662,  ...,  0.0564, -0.5267, -0.4298],
         [ 0.7730,  0.0661,  1.2464,  ...,  0.7312,  0.5514,  2.0586],
         ...,
         [-0.2580, -0.5499,  2.5286,  ...,  0.0859,  0.0805,  0.1333],
         [-1.1396, -2.1225,  2.4568,  ..., -0.5103, -0.4873, -0.9608],
         [ 0.2914,  0.0823, -0.0393,  ..., -0.3177,  0.1594, -0.0109]]])})
Loss:  tensor(6.7289, grad_fn=<MeanBackward0>)
OrderedDict({'rvq_quantizer.project_in.weight': tensor([[ 0.3712, -0.2812, -0.4725,  ...,  0.1745,  0.2102,  0.1876],
        [-0.4665, -0.0677,  0.3101,  ...,  0.0254,  0.0557, -0.1686],
        [ 0.0732, -0.1267, -0.1298,  ..., -0.0091,  0.0946,  0.0891],
        ...,
        [-0.4917,  0.4021,  0.5548,  ..., -0.1979, -0.2290, -0.3167],
        [-0.4684,  0.3153,  0.5450,  ..., -0.2236, -0.2480, -0.3183],
        [-0.4404,  0.3361,  0.4739,  ..., -0.2447, -0.3598, -0.3737]]), 'rvq_quantizer.project_in.bias': tensor([-0.5551,  0.5682, -0.1654,  0.1911, -0.1296, -0.1946,  0.0655, -0.4338,
         0.0453, -0.6521, -0.1418, -0.2007, -0.5816, -0.2521,  0.4905, -0.2594,
        -0.0844,  0.3783,  0.3144,  0.5085,  0.4833,  0.6182, -0.5706,  0.6090,
        -0.2874, -0.5426,  0.1371,  0.5244,  0.2829,  0.6242,  0.6129,  0.6063]), 'rvq_quantizer.project_out.weight': tensor([[ 0.0863,  0.1175, -0.0987,  ..., -0.0436,  0.0902, -0.0665],
        [-0.0337,  0.0185,  0.1248,  ..., -0.1478, -0.1462, -0.0690],
        [ 0.1136,  0.0347, -0.1496,  ...,  0.1559,  0.1245, -0.1110],
        ...,
        [-0.0980,  0.0885, -0.1271,  ..., -0.0326,  0.1682, -0.0498],
        [-0.0419,  0.0095, -0.0684,  ...,  0.0084, -0.0638, -0.1158],
        [-0.0722,  0.0351, -0.0780,  ..., -0.1712,  0.1494, -0.0657]]), 'rvq_quantizer.project_out.bias': tensor([-0.0057, -0.1618, -0.0106, -0.1491,  0.1075, -0.1614, -0.1343,  0.1031,
         0.0111,  0.0539, -0.1584, -0.0913, -0.0218,  0.0136,  0.0118, -0.0675,
        -0.0649, -0.1732, -0.0018,  0.0052,  0.0404,  0.1226, -0.1440,  0.0450,
         0.1010,  0.1239,  0.1398, -0.0086, -0.0618,  0.0553,  0.1455,  0.1233,
        -0.1643,  0.0420, -0.1047,  0.1099, -0.0730, -0.0033,  0.0521, -0.1638,
         0.0447, -0.0199,  0.1100,  0.0143,  0.0467,  0.1464, -0.1500,  0.0397,
        -0.0979,  0.0147, -0.1461, -0.0785, -0.1591, -0.0969, -0.1011,  0.0893,
        -0.0945,  0.1582,  0.0263, -0.0766, -0.0984,  0.1358,  0.1505,  0.0912]), 'rvq_quantizer.layers.0._codebook.initted': tensor([1.]), 'rvq_quantizer.layers.0._codebook.cluster_size': tensor([[5.2299, 2.0000, 5.8011,  ..., 2.5695, 2.7401, 2.6847]]), 'rvq_quantizer.layers.0._codebook.embed_avg': tensor([[[-1676.7694,  1071.5627,  -737.3313,  ...,  2276.6384,
           2117.1304,  2354.6538],
         [ -683.6962,   521.6810,  -251.0211,  ...,   927.2775,
            869.1424,   894.8145],
         [-1112.7478,  1073.7538,  -437.8735,  ...,  1580.2592,
           1473.1321,  1592.7249],
         ...,
         [ -819.4805,   668.1757,  -331.8106,  ...,  1115.4614,
           1041.6017,  1116.7114],
         [ -663.1215,   665.3116,  -219.3115,  ...,   900.8313,
            867.0408,   878.2534],
         [ -858.3637,   847.4782,  -279.6552,  ...,  1169.8152,
           1088.7000,  1104.3740]]]), 'rvq_quantizer.layers.0._codebook.embed': tensor([[[-320.6136,  204.8925, -140.9845,  ...,  435.3140,  404.8146,
           450.2312],
         [-341.8481,  260.8405, -125.5106,  ...,  463.6387,  434.5712,
           447.4072],
         [-191.8176,  185.0957,  -75.4815,  ...,  272.4080,  253.9413,
           274.5569],
         ...,
         [-318.9219,  260.0378, -129.1326,  ...,  434.1105,  405.3661,
           434.5970],
         [-242.0070,  242.8062,  -80.0380,  ...,  328.7594,  316.4275,
           320.5196],
         [-319.7272,  315.6725, -104.1672,  ...,  435.7381,  405.5239,
           411.3623]]]), 'rvq_quantizer.layers.1._codebook.initted': tensor([1.]), 'rvq_quantizer.layers.1._codebook.cluster_size': tensor([[2.3055, 2.2826, 2.9643,  ..., 2.7065, 3.0674, 2.0000]]), 'rvq_quantizer.layers.1._codebook.embed_avg': tensor([[[ -6.4142,  -1.2584,   6.5489,  ...,   4.8687,  -1.1791,  -1.2880],
         [ -2.9639,  -3.3204,  14.1780,  ...,  -7.0599,  19.7623,   3.7096],
         [-11.4383,  12.8882, -24.9140,  ...,  -4.9716,  -1.7361,  -9.2590],
         ...,
         [  2.7241, -10.9480, -18.7941,  ...,  10.1905,  -2.3590,   7.3500],
         [  2.9399,  -0.0580,  -6.8194,  ...,   4.5723,  -0.9033,  -7.3773],
         [ -6.4851,  18.6373,  10.9475,  ...,  -4.5250,   3.2914,  13.5490]]]), 'rvq_quantizer.layers.1._codebook.embed': tensor([[[-2.7821, -0.5458,  2.8405,  ...,  2.1118, -0.5114, -0.5587],
         [-1.2985, -1.4546,  6.2112,  ..., -3.0929,  8.6577,  1.6251],
         [-3.8587,  4.3478, -8.4047,  ..., -1.6771, -0.5857, -3.1235],
         ...,
         [ 1.0065, -4.0451, -6.9441,  ...,  3.7652, -0.8716,  2.7157],
         [ 0.9584, -0.0189, -2.2232,  ...,  1.4906, -0.2945, -2.4051],
         [-3.2426,  9.3187,  5.4738,  ..., -2.2625,  1.6457,  6.7745]]]), 'rvq_quantizer.layers.2._codebook.initted': tensor([1.]), 'rvq_quantizer.layers.2._codebook.cluster_size': tensor([[2.4277, 2.4077, 2.3738,  ..., 2.6155, 4.0000, 2.0000]]), 'rvq_quantizer.layers.2._codebook.embed_avg': tensor([[[  1.5445,   0.1280, -10.5855,  ...,  -5.6145,   2.1751,  11.1777],
         [  2.4584,  -5.6307,  -7.3583,  ...,  -2.4225,  -4.1175,  -3.3512],
         [ -4.3817,  -8.5424,  -2.6716,  ...,   2.5627,  -0.7219,  -2.3580],
         ...,
         [ -2.0227,   1.1032,   1.9542,  ...,   1.8763,  -0.5284,  -2.4898],
         [ -5.1971,   4.4926,   7.7073,  ...,   7.4485,   7.0538,   7.4693],
         [ -1.2316,   1.0617,   5.6956,  ...,   1.6241,   0.8515,   1.2828]]]), 'rvq_quantizer.layers.2._codebook.embed': tensor([[[ 0.6362,  0.0527, -4.3602,  ..., -2.3126,  0.8959,  4.6041],
         [ 1.0210, -2.3386, -3.0561,  ..., -1.0061, -1.7101, -1.3919],
         [-1.8459, -3.5987, -1.1255,  ...,  1.0796, -0.3041, -0.9933],
         ...,
         [-0.7734,  0.4218,  0.7472,  ...,  0.7174, -0.2020, -0.9520],
         [-1.2993,  1.1231,  1.9268,  ...,  1.8621,  1.7635,  1.8673],
         [-0.6158,  0.5309,  2.8478,  ...,  0.8120,  0.4258,  0.6414]]]), 'rvq_quantizer.layers.3._codebook.initted': tensor([1.]), 'rvq_quantizer.layers.3._codebook.cluster_size': tensor([[2.1177, 2.0018, 2.0000,  ..., 4.3055, 2.3286, 2.1000]]), 'rvq_quantizer.layers.3._codebook.embed_avg': tensor([[[-0.3989,  4.9215,  6.1804,  ...,  1.7233,  5.0017,  1.2554],
         [-0.4430, -0.9044,  0.7331,  ...,  0.1129, -1.0545, -0.8603],
         [-1.9188, -3.7730,  0.8940,  ..., -5.3320,  5.0787, -2.0278],
         ...,
         [-1.2151, -2.5379, 10.9629,  ...,  0.3045,  0.1648,  0.5707],
         [-2.7210, -4.6463,  6.1145,  ..., -1.3352, -1.1498, -2.1222],
         [ 0.6227,  0.1917, -0.0742,  ..., -0.5691,  0.1990, -0.0910]]]), 'rvq_quantizer.layers.3._codebook.embed': tensor([[[-0.1884,  2.3240,  2.9185,  ...,  0.8138,  2.3618,  0.5928],
         [-0.2213, -0.4518,  0.3662,  ...,  0.0564, -0.5267, -0.4298],
         [-0.9594, -1.8865,  0.4470,  ..., -2.6660,  2.5393, -1.0139],
         ...,
         [-0.2822, -0.5895,  2.5463,  ...,  0.0707,  0.0383,  0.1326],
         [-1.1685, -1.9953,  2.6258,  ..., -0.5734, -0.4938, -0.9113],
         [ 0.2965,  0.0913, -0.0353,  ..., -0.2710,  0.0948, -0.0433]]])})
Loss:  tensor(6.8321, grad_fn=<MeanBackward0>)
OrderedDict({'rvq_quantizer.project_in.weight': tensor([[ 0.3733, -0.2843, -0.4751,  ...,  0.1729,  0.2083,  0.1866],
        [-0.4681, -0.0686,  0.3079,  ...,  0.0228,  0.0556, -0.1706],
        [ 0.0702, -0.1238, -0.1325,  ..., -0.0134,  0.0911,  0.0852],
        ...,
        [-0.4945,  0.4034,  0.5588,  ..., -0.1952, -0.2264, -0.3148],
        [-0.4710,  0.3177,  0.5480,  ..., -0.2205, -0.2457, -0.3166],
        [-0.4430,  0.3385,  0.4775,  ..., -0.2430, -0.3578, -0.3728]]), 'rvq_quantizer.project_in.bias': tensor([-0.5566,  0.5699, -0.1621,  0.1914, -0.1300, -0.1940,  0.0658, -0.4345,
         0.0457, -0.6544, -0.1431, -0.2019, -0.5835, -0.2525,  0.4924, -0.2603,
        -0.0864,  0.3795,  0.3145,  0.5101,  0.4854,  0.6210, -0.5719,  0.6110,
        -0.2883, -0.5446,  0.1377,  0.5266,  0.2835,  0.6266,  0.6151,  0.6082]), 'rvq_quantizer.project_out.weight': tensor([[ 0.0863,  0.1175, -0.0987,  ..., -0.0436,  0.0902, -0.0665],
        [-0.0337,  0.0185,  0.1248,  ..., -0.1478, -0.1462, -0.0690],
        [ 0.1136,  0.0347, -0.1496,  ...,  0.1559,  0.1245, -0.1110],
        ...,
        [-0.0980,  0.0885, -0.1271,  ..., -0.0326,  0.1682, -0.0498],
        [-0.0419,  0.0095, -0.0684,  ...,  0.0084, -0.0638, -0.1158],
        [-0.0722,  0.0351, -0.0780,  ..., -0.1712,  0.1494, -0.0657]]), 'rvq_quantizer.project_out.bias': tensor([-0.0057, -0.1618, -0.0106, -0.1491,  0.1075, -0.1614, -0.1343,  0.1031,
         0.0111,  0.0539, -0.1584, -0.0913, -0.0218,  0.0136,  0.0118, -0.0675,
        -0.0649, -0.1732, -0.0018,  0.0052,  0.0404,  0.1226, -0.1440,  0.0450,
         0.1010,  0.1239,  0.1398, -0.0086, -0.0618,  0.0553,  0.1455,  0.1233,
        -0.1643,  0.0420, -0.1047,  0.1099, -0.0730, -0.0033,  0.0521, -0.1638,
         0.0447, -0.0199,  0.1100,  0.0143,  0.0467,  0.1464, -0.1500,  0.0397,
        -0.0979,  0.0147, -0.1461, -0.0785, -0.1591, -0.0969, -0.1011,  0.0893,
        -0.0945,  0.1582,  0.0263, -0.0766, -0.0984,  0.1358,  0.1505,  0.0912]), 'rvq_quantizer.layers.0._codebook.initted': tensor([1.]), 'rvq_quantizer.layers.0._codebook.cluster_size': tensor([[5.1069, 2.0000, 5.7210,  ..., 2.6126, 2.7661, 2.4162]]), 'rvq_quantizer.layers.0._codebook.embed_avg': tensor([[[-1637.1140,  1044.8873,  -718.2509,  ...,  2223.5928,
           2068.5396,  2299.8850],
         [ -684.0164,   522.2919,  -250.1812,  ...,   927.0510,
            868.3776,   894.8067],
         [-1096.8365,  1059.4286,  -430.4344,  ...,  1559.2656,
           1452.7538,  1571.3344],
         ...,
         [ -834.1191,   678.4661,  -335.9777,  ...,  1135.2821,
           1060.0327,  1136.1543],
         [ -669.5892,   671.4739,  -221.3277,  ...,   907.8831,
            874.9109,   886.6479],
         [ -772.5273,   762.7304,  -251.6897,  ...,  1052.8336,
            979.8300,   993.9366]]]), 'rvq_quantizer.layers.0._codebook.embed': tensor([[[-320.5697,  204.6035, -140.6435,  ...,  435.4105,  405.0489,
           450.3495],
         [-342.0078,  261.1456, -125.0904,  ...,  463.5249,  434.1882,
           447.4028],
         [-191.7223,  185.1835,  -75.2381,  ...,  272.5529,  253.9351,
           274.6624],
         ...,
         [-319.2703,  259.6920, -128.6000,  ...,  434.5445,  405.7418,
           434.8783],
         [-242.0712,  242.7526,  -80.0148,  ...,  328.2197,  316.2995,
           320.5427],
         [-319.7271,  315.6725, -104.1672,  ...,  435.7379,  405.5238,
           411.3622]]]), 'rvq_quantizer.layers.1._codebook.initted': tensor([1.]), 'rvq_quantizer.layers.1._codebook.cluster_size': tensor([[2.5750, 2.4544, 2.6679,  ..., 2.4358, 2.7607, 2.0000]]), 'rvq_quantizer.layers.1._codebook.embed_avg': tensor([[[ -7.1546,  -1.1122,   8.3674,  ...,   5.9325,  -0.9939,  -0.6423],
         [ -3.0351,  -3.9645,  17.1004,  ...,  -6.5020,  21.6167,   5.5915],
         [-10.2945,  11.5994, -22.4226,  ...,  -4.4744,  -1.5625,  -8.3331],
         ...,
         [  2.4517,  -9.8532, -16.9146,  ...,   9.1714,  -2.1231,   6.6150],
         [  2.6459,  -0.0522,  -6.1374,  ...,   4.1150,  -0.8130,  -6.6396],
         [-18.0660,  14.7136,  40.3956,  ..., -19.5356,  -1.4418, -15.3447]]]), 'rvq_quantizer.layers.1._codebook.embed': tensor([[[-2.7785e+00, -4.3194e-01,  3.2495e+00,  ...,  2.3039e+00,
          -3.8599e-01, -2.4944e-01],
         [-1.2366e+00, -1.6153e+00,  6.9673e+00,  ..., -2.6491e+00,
           8.8074e+00,  2.2782e+00],
         [-3.8587e+00,  4.3478e+00, -8.4047e+00,  ..., -1.6771e+00,
          -5.8568e-01, -3.1235e+00],
         ...,
         [ 1.0065e+00, -4.0451e+00, -6.9441e+00,  ...,  3.7652e+00,
          -8.7162e-01,  2.7157e+00],
         [ 9.5843e-01, -1.8921e-02, -2.2231e+00,  ...,  1.4906e+00,
          -2.9450e-01, -2.4051e+00],
         [-9.0330e+00,  7.3568e+00,  2.0198e+01,  ..., -9.7678e+00,
          -7.2089e-01, -7.6724e+00]]]), 'rvq_quantizer.layers.2._codebook.initted': tensor([1.]), 'rvq_quantizer.layers.2._codebook.cluster_size': tensor([[2.1850, 2.2669, 2.2364,  ..., 2.9539, 5.4000, 2.9000]]), 'rvq_quantizer.layers.2._codebook.embed_avg': tensor([[[ 1.3901,  0.1152, -9.5269,  ..., -5.0530,  1.9576, 10.0599],
         [ 2.3868, -5.4553, -6.8597,  ..., -2.1693, -3.7230, -3.0397],
         [-4.4922, -7.7264, -2.3335,  ...,  2.0866, -0.7518, -1.7864],
         ...,
         [-1.8222,  1.8189,  3.0864,  ...,  3.4771, -0.3880, -2.6515],
         [-6.8257,  6.4793, 11.9674,  ..., 10.9739,  9.6674, 10.4757],
         [-2.0405,  2.7335,  8.4154,  ...,  2.5198,  1.1270,  2.5239]]]), 'rvq_quantizer.layers.2._codebook.embed': tensor([[[ 0.6362,  0.0527, -4.3602,  ..., -2.3126,  0.8959,  4.6041],
         [ 1.0529, -2.4064, -3.0260,  ..., -0.9569, -1.6423, -1.3409],
         [-2.0087, -3.4548, -1.0434,  ...,  0.9330, -0.3362, -0.7988],
         ...,
         [-0.6169,  0.6158,  1.0449,  ...,  1.1771, -0.1314, -0.8976],
         [-1.2640,  1.1999,  2.2162,  ...,  2.0322,  1.7903,  1.9399],
         [-0.7036,  0.9426,  2.9019,  ...,  0.8689,  0.3886,  0.8703]]]), 'rvq_quantizer.layers.3._codebook.initted': tensor([1.]), 'rvq_quantizer.layers.3._codebook.cluster_size': tensor([[2.3059, 2.0000, 2.0000,  ..., 3.9749, 2.0958, 2.0000]]), 'rvq_quantizer.layers.3._codebook.embed_avg': tensor([[[-0.1993,  6.2163,  7.5496,  ...,  1.8122,  5.1323,  1.5467],
         [ 2.4942,  2.2213, -0.3449,  ...,  0.9590, -0.2637,  0.8102],
         [-2.4795, -3.6128,  0.4055,  ..., -5.5346,  5.3426, -1.9354],
         ...,
         [-1.0078, -2.3411, 10.2050,  ...,  0.2479,  0.1662,  0.4239],
         [-2.4489, -4.1817,  5.5030,  ..., -1.2017, -1.0348, -1.9100],
         [ 2.2275, -0.6149,  3.8162,  ...,  1.1792,  3.4809,  6.3493]]]), 'rvq_quantizer.layers.3._codebook.embed': tensor([[[-0.0864,  2.6958,  3.2740,  ...,  0.7859,  2.2257,  0.6707],
         [ 1.2471,  1.1107, -0.1725,  ...,  0.4795, -0.1318,  0.4051],
         [-1.2397, -1.8064,  0.2028,  ..., -2.7673,  2.6713, -0.9677],
         ...,
         [-0.2535, -0.5890,  2.5674,  ...,  0.0624,  0.0418,  0.1066],
         [-1.1685, -1.9953,  2.6258,  ..., -0.5734, -0.4938, -0.9113],
         [ 1.1138, -0.3074,  1.9081,  ...,  0.5896,  1.7405,  3.1747]]])})
Loss:  tensor(7.1915, grad_fn=<MeanBackward0>)
OrderedDict({'rvq_quantizer.project_in.weight': tensor([[ 0.3776, -0.2902, -0.4801,  ...,  0.1698,  0.2048,  0.1846],
        [-0.4713, -0.0689,  0.3034,  ...,  0.0170,  0.0544, -0.1752],
        [ 0.0649, -0.1184, -0.1371,  ..., -0.0210,  0.0846,  0.0780],
        ...,
        [-0.5001,  0.4060,  0.5665,  ..., -0.1901, -0.2212, -0.3112],
        [-0.4762,  0.3230,  0.5536,  ..., -0.2145, -0.2414, -0.3135],
        [-0.4481,  0.3435,  0.4844,  ..., -0.2400, -0.3541, -0.3711]]), 'rvq_quantizer.project_in.bias': tensor([-0.5597,  0.5735, -0.1562,  0.1923, -0.1305, -0.1931,  0.0661, -0.4359,
         0.0457, -0.6590, -0.1455, -0.2043, -0.5871, -0.2532,  0.4961, -0.2619,
        -0.0905,  0.3817,  0.3146,  0.5132,  0.4895,  0.6265, -0.5747,  0.6150,
        -0.2901, -0.5486,  0.1390,  0.5310,  0.2847,  0.6314,  0.6196,  0.6120]), 'rvq_quantizer.project_out.weight': tensor([[ 0.0863,  0.1175, -0.0987,  ..., -0.0436,  0.0902, -0.0665],
        [-0.0337,  0.0185,  0.1248,  ..., -0.1478, -0.1462, -0.0690],
        [ 0.1136,  0.0347, -0.1496,  ...,  0.1559,  0.1245, -0.1110],
        ...,
        [-0.0980,  0.0885, -0.1271,  ..., -0.0326,  0.1682, -0.0498],
        [-0.0419,  0.0095, -0.0684,  ...,  0.0084, -0.0638, -0.1158],
        [-0.0722,  0.0351, -0.0780,  ..., -0.1712,  0.1494, -0.0657]]), 'rvq_quantizer.project_out.bias': tensor([-0.0057, -0.1618, -0.0106, -0.1491,  0.1075, -0.1614, -0.1343,  0.1031,
         0.0111,  0.0539, -0.1584, -0.0913, -0.0218,  0.0136,  0.0118, -0.0675,
        -0.0649, -0.1732, -0.0018,  0.0052,  0.0404,  0.1226, -0.1440,  0.0450,
         0.1010,  0.1239,  0.1398, -0.0086, -0.0618,  0.0553,  0.1455,  0.1233,
        -0.1643,  0.0420, -0.1047,  0.1099, -0.0730, -0.0033,  0.0521, -0.1638,
         0.0447, -0.0199,  0.1100,  0.0143,  0.0467,  0.1464, -0.1500,  0.0397,
        -0.0979,  0.0147, -0.1461, -0.0785, -0.1591, -0.0969, -0.1011,  0.0893,
        -0.0945,  0.1582,  0.0263, -0.0766, -0.0984,  0.1358,  0.1505,  0.0912]), 'rvq_quantizer.layers.0._codebook.initted': tensor([1.]), 'rvq_quantizer.layers.0._codebook.cluster_size': tensor([[4.8966, 2.0000, 5.6740,  ..., 2.4962, 2.8105, 2.0000]]), 'rvq_quantizer.layers.0._codebook.embed_avg': tensor([[[-1568.8925,  1001.4567,  -680.6526,  ...,  2132.5264,
           1984.9314,  2205.7156],
         [ -684.9604,   524.3345,  -246.4976,  ...,   927.0901,
            867.4715,   895.3480],
         [-1087.3541,  1052.9818,  -420.0427,  ...,  1548.5120,
           1442.1316,  1560.0220],
         ...,
         [ -798.2750,   647.4657,  -317.6595,  ...,  1085.6086,
           1014.0163,  1087.8167],
         [ -680.9566,   683.0939,  -222.8313,  ...,   920.6293,
            888.8375,   901.6290],
         [ -356.9005,   216.3053,  -172.1669,  ...,   494.2177,
            465.2312,   557.8821]]]), 'rvq_quantizer.layers.0._codebook.embed': tensor([[[-320.4058,  204.5217, -139.0057,  ...,  435.5135,  405.3710,
           450.4604],
         [-342.4798,  262.1669, -123.2486,  ...,  463.5445,  433.7352,
           447.6734],
         [-191.6387,  185.5808,  -74.0296,  ...,  272.9146,  254.1658,
           274.9431],
         ...,
         [-319.7974,  259.3816, -127.2577,  ...,  434.9062,  406.2256,
           435.7908],
         [-242.2878,  243.0483,  -79.2845,  ...,  327.5646,  316.2529,
           320.8042],
         [-178.4502,  108.1526,  -86.0835,  ...,  247.1089,  232.6156,
           278.9411]]]), 'rvq_quantizer.layers.1._codebook.initted': tensor([1.]), 'rvq_quantizer.layers.1._codebook.cluster_size': tensor([[2.6557, 2.7380, 2.1610,  ..., 2.0630, 2.2362, 2.0000]]), 'rvq_quantizer.layers.1._codebook.embed_avg': tensor([[[ -7.6273,  -0.6854,  10.0659,  ...,   6.2418,  -1.0696,  -0.4608],
         [ -2.9721,  -3.6599,  23.9445,  ...,  -5.2499,  24.0664,   9.1261],
         [ -8.3385,   9.3955, -18.1623,  ...,  -3.6243,  -1.2656,  -6.7498],
         ...,
         [  2.1487,  -8.1083, -13.9130,  ...,   7.8175,  -1.6065,   5.5017],
         [  2.1432,  -0.0423,  -4.9713,  ...,   3.3332,  -0.6585,  -5.3781],
         [-18.1183,  14.5805,  40.4288,  ..., -17.8762,  -2.1295, -16.0756]]]), 'rvq_quantizer.layers.1._codebook.embed': tensor([[[-2.8720e+00, -2.5808e-01,  3.7902e+00,  ...,  2.3503e+00,
          -4.0275e-01, -1.7351e-01],
         [-1.0855e+00, -1.3367e+00,  8.7451e+00,  ..., -1.9174e+00,
           8.7896e+00,  3.3331e+00],
         [-3.8587e+00,  4.3478e+00, -8.4047e+00,  ..., -1.6771e+00,
          -5.8568e-01, -3.1235e+00],
         ...,
         [ 1.0415e+00, -3.9303e+00, -6.7440e+00,  ...,  3.7894e+00,
          -7.7872e-01,  2.6668e+00],
         [ 9.5843e-01, -1.8921e-02, -2.2231e+00,  ...,  1.4906e+00,
          -2.9450e-01, -2.4051e+00],
         [-9.0592e+00,  7.2902e+00,  2.0214e+01,  ..., -8.9381e+00,
          -1.0647e+00, -8.0378e+00]]]), 'rvq_quantizer.layers.2._codebook.initted': tensor([1.]), 'rvq_quantizer.layers.2._codebook.cluster_size': tensor([[2.0000, 2.0000, 2.1015,  ..., 3.4527, 6.5440, 3.4990]]), 'rvq_quantizer.layers.2._codebook.embed_avg': tensor([[[ -6.8629,  -7.8476,  14.6479,  ...,  -3.1140,  -1.3133,  -5.9928],
         [  9.5353,   3.2978,   2.1355,  ...,  -3.4028,  -9.7282, -10.8750],
         [ -3.7343,  -7.6323,  -1.3722,  ...,   1.8503,  -0.9533,  -0.7162],
         ...,
         [ -1.4709,   3.1515,   4.1986,  ...,   6.3236,  -0.6983,  -4.5930],
         [ -8.1485,   7.3985,  13.7373,  ...,  12.5514,  11.7162,  12.4839],
         [ -2.3624,   3.4602,  10.0368,  ...,   2.7905,   1.4573,   2.9355]]]), 'rvq_quantizer.layers.2._codebook.embed': tensor([[[-3.4314, -3.9238,  7.3239,  ..., -1.5570, -0.6566, -2.9964],
         [ 4.7677,  1.6489,  1.0677,  ..., -1.7014, -4.8641, -5.4375],
         [-1.7770, -3.6318, -0.6530,  ...,  0.8805, -0.4536, -0.3408],
         ...,
         [-0.4260,  0.9128,  1.2160,  ...,  1.8315, -0.2022, -1.3303],
         [-1.2452,  1.1306,  2.0992,  ...,  1.9180,  1.7904,  1.9077],
         [-0.6752,  0.9889,  2.8685,  ...,  0.7975,  0.4165,  0.8390]]]), 'rvq_quantizer.layers.3._codebook.initted': tensor([1.]), 'rvq_quantizer.layers.3._codebook.cluster_size': tensor([[2.3478, 2.3800, 2.4400,  ..., 3.4097, 2.0776, 2.0000]]), 'rvq_quantizer.layers.3._codebook.embed_avg': tensor([[[-0.5859,  6.8589,  7.2577,  ...,  2.2554,  5.0622,  1.5183],
         [ 3.3439,  2.7554, -0.6688,  ...,  1.4009, -0.1492,  1.1031],
         [-3.6899, -2.5062,  0.8343,  ..., -6.9553,  6.6278, -0.5284],
         ...,
         [-0.9956, -1.6652,  8.7596,  ...,  0.3958,  0.0343,  0.3567],
         [-2.6579, -3.6414,  5.6589,  ..., -0.9596, -0.6060, -1.5641],
         [ 0.2324, -3.5734, -3.4113,  ...,  2.5031,  2.6780,  0.3021]]]), 'rvq_quantizer.layers.3._codebook.embed': tensor([[[-0.2496,  2.9214,  3.0913,  ...,  0.9607,  2.1561,  0.6467],
         [ 1.4050,  1.1577, -0.2810,  ...,  0.5886, -0.0627,  0.4635],
         [-1.5122, -1.0271,  0.3419,  ..., -2.8505,  2.7163, -0.2166],
         ...,
         [-0.2920, -0.4884,  2.5690,  ...,  0.1161,  0.0101,  0.1046],
         [-1.2793, -1.7527,  2.7238,  ..., -0.4619, -0.2917, -0.7529],
         [ 0.1162, -1.7867, -1.7057,  ...,  1.2515,  1.3390,  0.1511]]])})
Loss:  tensor(7.9499, grad_fn=<MeanBackward0>)
OrderedDict({'rvq_quantizer.project_in.weight': tensor([[ 0.3797, -0.2930, -0.4825,  ...,  0.1682,  0.2031,  0.1837],
        [-0.4728, -0.0685,  0.3011,  ...,  0.0142,  0.0539, -0.1773],
        [ 0.0632, -0.1164, -0.1385,  ..., -0.0240,  0.0822,  0.0753],
        ...,
        [-0.5029,  0.4075,  0.5703,  ..., -0.1876, -0.2187, -0.3094],
        [-0.4787,  0.3259,  0.5562,  ..., -0.2117, -0.2394, -0.3121],
        [-0.4505,  0.3461,  0.4877,  ..., -0.2385, -0.3523, -0.3703]]), 'rvq_quantizer.project_in.bias': tensor([-0.5612,  0.5752, -0.1542,  0.1927, -0.1307, -0.1933,  0.0662, -0.4365,
         0.0452, -0.6612, -0.1466, -0.2054, -0.5890, -0.2536,  0.4980, -0.2627,
        -0.0920,  0.3828,  0.3148,  0.5147,  0.4915,  0.6292, -0.5762,  0.6170,
        -0.2910, -0.5505,  0.1396,  0.5331,  0.2853,  0.6338,  0.6217,  0.6138]), 'rvq_quantizer.project_out.weight': tensor([[ 0.0863,  0.1175, -0.0987,  ..., -0.0436,  0.0902, -0.0665],
        [-0.0337,  0.0185,  0.1248,  ..., -0.1478, -0.1462, -0.0690],
        [ 0.1136,  0.0347, -0.1496,  ...,  0.1559,  0.1245, -0.1110],
        ...,
        [-0.0980,  0.0885, -0.1271,  ..., -0.0326,  0.1682, -0.0498],
        [-0.0419,  0.0095, -0.0684,  ...,  0.0084, -0.0638, -0.1158],
        [-0.0722,  0.0351, -0.0780,  ..., -0.1712,  0.1494, -0.0657]]), 'rvq_quantizer.project_out.bias': tensor([-0.0057, -0.1618, -0.0106, -0.1491,  0.1075, -0.1614, -0.1343,  0.1031,
         0.0111,  0.0539, -0.1584, -0.0913, -0.0218,  0.0136,  0.0118, -0.0675,
        -0.0649, -0.1732, -0.0018,  0.0052,  0.0404,  0.1226, -0.1440,  0.0450,
         0.1010,  0.1239,  0.1398, -0.0086, -0.0618,  0.0553,  0.1455,  0.1233,
        -0.1643,  0.0420, -0.1047,  0.1099, -0.0730, -0.0033,  0.0521, -0.1638,
         0.0447, -0.0199,  0.1100,  0.0143,  0.0467,  0.1464, -0.1500,  0.0397,
        -0.0979,  0.0147, -0.1461, -0.0785, -0.1591, -0.0969, -0.1011,  0.0893,
        -0.0945,  0.1582,  0.0263, -0.0766, -0.0984,  0.1358,  0.1505,  0.0912]), 'rvq_quantizer.layers.0._codebook.initted': tensor([1.]), 'rvq_quantizer.layers.0._codebook.cluster_size': tensor([[4.7069, 2.0000, 5.8066,  ..., 2.3466, 2.9295, 2.0000]]), 'rvq_quantizer.layers.0._codebook.embed_avg': tensor([[[-1507.6897,   962.2432,  -650.3381,  ...,  2050.7178,
           1909.3800,  2121.4773],
         [ -506.2965,   471.5303,  -179.7937,  ...,   717.3669,
            674.9989,   729.2977],
         [-1112.9233,  1081.6184,  -422.7375,  ...,  1586.0807,
           1476.7129,  1597.9017],
         ...,
         [ -750.5703,   608.9683,  -297.6187,  ...,  1020.3716,
            953.5652,  1023.3812],
         [ -709.8711,   713.9824,  -230.0509,  ...,   959.2136,
            926.5029,   940.6798],
         [ -356.2669,   216.7955,  -171.4737,  ...,   493.7838,
            463.8597,   557.3544]]]), 'rvq_quantizer.layers.0._codebook.embed': tensor([[[-320.3133,  204.4315, -138.1663,  ...,  435.6813,  405.6537,
           450.7144],
         [-253.1483,  235.7652,  -89.8968,  ...,  358.6835,  337.4995,
           364.6489],
         [-191.6659,  186.2746,  -72.8032,  ...,  273.1523,  254.3171,
           275.1881],
         ...,
         [-319.8582,  259.5140, -126.8313,  ...,  434.8350,  406.3652,
           436.1175],
         [-242.3203,  243.7237,  -78.5298,  ...,  327.4354,  316.2693,
           321.1087],
         [-178.1332,  108.3976,  -85.7367,  ...,  246.8916,  231.9295,
           278.6768]]]), 'rvq_quantizer.layers.1._codebook.initted': tensor([1.]), 'rvq_quantizer.layers.1._codebook.cluster_size': tensor([[2.4902, 2.7642, 2.0000,  ..., 2.0000, 2.0125, 2.0000]]), 'rvq_quantizer.layers.1._codebook.embed_avg': tensor([[[ -7.3019,  -1.0044,   9.3428,  ...,   5.7765,  -1.0771,  -0.5336],
         [ -2.7551,  -2.6842,  26.6578,  ...,  -4.7427,  24.2222,  10.4401],
         [  2.0615,   9.2261,  13.0273,  ...,   1.6445, -13.0887, -25.0402],
         ...,
         [  8.8606,  13.6411,  10.0777,  ...,  -0.1242,  -3.3655,  11.1445],
         [  1.9289,  -0.0381,  -4.4742,  ...,   2.9999,  -0.5927,  -4.8403],
         [  9.0333,   4.0221,  32.3669,  ...,  -9.1602,   5.8185,  -2.9752]]]), 'rvq_quantizer.layers.1._codebook.embed': tensor([[[ -2.9323,  -0.4034,   3.7519,  ...,   2.3197,  -0.4326,  -0.2143],
         [ -0.9967,  -0.9710,   9.6438,  ...,  -1.7157,   8.7627,   3.7768],
         [  1.0308,   4.6131,   6.5137,  ...,   0.8222,  -6.5443, -12.5201],
         ...,
         [  4.4303,   6.8205,   5.0388,  ...,  -0.0621,  -1.6828,   5.5723],
         [  0.9584,  -0.0189,  -2.2231,  ...,   1.4906,  -0.2945,  -2.4051],
         [  4.5166,   2.0111,  16.1834,  ...,  -4.5801,   2.9093,  -1.4876]]]), 'rvq_quantizer.layers.2._codebook.initted': tensor([1.]), 'rvq_quantizer.layers.2._codebook.cluster_size': tensor([[2.0000, 2.0000, 2.0000,  ..., 3.9074, 6.5896, 3.2491]]), 'rvq_quantizer.layers.2._codebook.embed_avg': tensor([[[ 2.3379,  7.1142, 14.5457,  ...,  4.8428,  3.6737,  1.6110],
         [-0.0329,  7.5748,  5.1237,  ...,  6.9499, -5.5845, -3.1585],
         [-0.3775, -1.0639,  3.7919,  ...,  0.8416, -0.3731, -2.3034],
         ...,
         [-1.9497,  4.0627,  5.8296,  ...,  7.5467,  0.0915, -4.9465],
         [-8.1676,  7.2481, 13.1977,  ..., 12.6614, 11.7390, 12.4160],
         [-2.2331,  3.2501,  9.3714,  ...,  2.4600,  1.3575,  2.7304]]]), 'rvq_quantizer.layers.2._codebook.embed': tensor([[[ 1.1690,  3.5571,  7.2728,  ...,  2.4214,  1.8369,  0.8055],
         [-0.0165,  3.7874,  2.5618,  ...,  3.4750, -2.7923, -1.5792],
         [-0.1887, -0.5320,  1.8960,  ...,  0.4208, -0.1865, -1.1517],
         ...,
         [-0.4990,  1.0398,  1.4919,  ...,  1.9314,  0.0234, -1.2659],
         [-1.2395,  1.0999,  2.0028,  ...,  1.9214,  1.7814,  1.8842],
         [-0.6873,  1.0003,  2.8843,  ...,  0.7571,  0.4178,  0.8403]]]), 'rvq_quantizer.layers.3._codebook.initted': tensor([1.]), 'rvq_quantizer.layers.3._codebook.cluster_size': tensor([[2.2130, 2.4420, 2.6960,  ..., 3.0687, 2.0000, 2.0000]]), 'rvq_quantizer.layers.3._codebook.embed_avg': tensor([[[-0.4507,  6.7037,  6.7226,  ...,  2.2968,  4.9423,  1.7009],
         [ 3.5447,  2.8500, -1.0681,  ...,  1.2212, -0.1201,  0.7900],
         [-4.9671, -1.0546,  0.6983,  ..., -8.2696,  7.0570, -0.2293],
         ...,
         [-0.8960, -1.4987,  7.8837,  ...,  0.3562,  0.0308,  0.3210],
         [-0.1899,  0.3078,  0.0256,  ...,  0.1340,  0.0857,  0.0185],
         [-0.9811,  5.3710,  0.0769,  ...,  3.4405,  0.1250,  0.6469]]]), 'rvq_quantizer.layers.3._codebook.embed': tensor([[[-0.2037,  3.0292,  3.0377,  ...,  1.0378,  2.2333,  0.7686],
         [ 1.4515,  1.1671, -0.4374,  ...,  0.5001, -0.0492,  0.3235],
         [-1.8424, -0.3912,  0.2590,  ..., -3.0674,  2.6176, -0.0851],
         ...,
         [-0.2920, -0.4884,  2.5690,  ...,  0.1161,  0.0101,  0.1046],
         [-0.0950,  0.1539,  0.0128,  ...,  0.0670,  0.0429,  0.0092],
         [-0.4905,  2.6855,  0.0384,  ...,  1.7203,  0.0625,  0.3234]]])})
Loss:  tensor(8.0418, grad_fn=<MeanBackward0>)
OrderedDict({'rvq_quantizer.project_in.weight': tensor([[ 0.3817, -0.2957, -0.4848,  ...,  0.1668,  0.2014,  0.1828],
        [-0.4742, -0.0679,  0.2990,  ...,  0.0118,  0.0539, -0.1789],
        [ 0.0623, -0.1151, -0.1390,  ..., -0.0262,  0.0807,  0.0733],
        ...,
        [-0.5056,  0.4089,  0.5740,  ..., -0.1851, -0.2163, -0.3076],
        [-0.4812,  0.3289,  0.5588,  ..., -0.2089, -0.2375, -0.3106],
        [-0.4530,  0.3487,  0.4910,  ..., -0.2370, -0.3505, -0.3694]]), 'rvq_quantizer.project_in.bias': tensor([-0.5628,  0.5767, -0.1530,  0.1932, -0.1309, -0.1940,  0.0664, -0.4371,
         0.0444, -0.6634, -0.1475, -0.2064, -0.5908, -0.2540,  0.4998, -0.2634,
        -0.0927,  0.3839,  0.3151,  0.5162,  0.4935,  0.6318, -0.5777,  0.6190,
        -0.2919, -0.5524,  0.1400,  0.5352,  0.2859,  0.6361,  0.6239,  0.6157]), 'rvq_quantizer.project_out.weight': tensor([[ 0.0863,  0.1175, -0.0987,  ..., -0.0436,  0.0902, -0.0665],
        [-0.0337,  0.0185,  0.1248,  ..., -0.1478, -0.1462, -0.0690],
        [ 0.1136,  0.0347, -0.1496,  ...,  0.1559,  0.1245, -0.1110],
        ...,
        [-0.0980,  0.0885, -0.1271,  ..., -0.0326,  0.1682, -0.0498],
        [-0.0419,  0.0095, -0.0684,  ...,  0.0084, -0.0638, -0.1158],
        [-0.0722,  0.0351, -0.0780,  ..., -0.1712,  0.1494, -0.0657]]), 'rvq_quantizer.project_out.bias': tensor([-0.0057, -0.1618, -0.0106, -0.1491,  0.1075, -0.1614, -0.1343,  0.1031,
         0.0111,  0.0539, -0.1584, -0.0913, -0.0218,  0.0136,  0.0118, -0.0675,
        -0.0649, -0.1732, -0.0018,  0.0052,  0.0404,  0.1226, -0.1440,  0.0450,
         0.1010,  0.1239,  0.1398, -0.0086, -0.0618,  0.0553,  0.1455,  0.1233,
        -0.1643,  0.0420, -0.1047,  0.1099, -0.0730, -0.0033,  0.0521, -0.1638,
         0.0447, -0.0199,  0.1100,  0.0143,  0.0467,  0.1464, -0.1500,  0.0397,
        -0.0979,  0.0147, -0.1461, -0.0785, -0.1591, -0.0969, -0.1011,  0.0893,
        -0.0945,  0.1582,  0.0263, -0.0766, -0.0984,  0.1358,  0.1505,  0.0912]), 'rvq_quantizer.layers.0._codebook.initted': tensor([1.]), 'rvq_quantizer.layers.0._codebook.cluster_size': tensor([[4.5362, 2.0000, 5.7259,  ..., 2.2119, 2.8365, 2.1000]]), 'rvq_quantizer.layers.0._codebook.embed_avg': tensor([[[-1452.5560,   927.4771,  -622.1790,  ...,  1977.1055,
           1841.5330,  2045.7277],
         [ -507.0298,   472.2322,  -178.7598,  ...,   717.3943,
            674.7596,   728.3552],
         [-1097.3247,  1068.6602,  -412.0792,  ...,  1564.7798,
           1457.0895,  1576.7158],
         ...,
         [ -707.7002,   574.4279,  -279.3333,  ...,   961.7520,
            899.2729,   965.4673],
         [ -687.0626,   693.2244,  -221.9672,  ...,   928.3814,
            896.7323,   910.9435],
         [ -373.5054,   228.2429,  -178.5173,  ...,   518.5476,
            485.8930,   585.1309]]]), 'rvq_quantizer.layers.0._codebook.embed': tensor([[[-320.2122,  204.4599, -137.1578,  ...,  435.8478,  405.9612,
           450.9754],
         [-253.5145,  236.1158,  -89.3798,  ...,  358.6967,  337.3794,
           364.1771],
         [-191.6416,  186.6355,  -71.9673,  ...,  273.2800,  254.4725,
           275.3646],
         ...,
         [-319.9491,  259.6971, -126.2857,  ...,  434.8051,  406.5585,
           436.4847],
         [-242.2197,  244.3919,  -78.2532,  ...,  327.2951,  316.1374,
           321.1475],
         [-177.8595,  108.6870,  -85.0081,  ...,  246.9272,  231.3774,
           278.6335]]]), 'rvq_quantizer.layers.1._codebook.initted': tensor([1.]), 'rvq_quantizer.layers.1._codebook.cluster_size': tensor([[2.2411, 2.7878, 2.0000,  ..., 2.0000, 2.0000, 2.3000]]), 'rvq_quantizer.layers.1._codebook.embed_avg': tensor([[[ -6.5717,  -0.9040,   8.4086,  ...,   5.1988,  -0.9694,  -0.4802],
         [ -2.6221,  -1.6317,  29.2485,  ...,  -4.2112,  24.3240,  11.6829],
         [-13.7675,   0.6199,  22.2762,  ...,  -2.9564,  -4.1412,   7.2181],
         ...,
         [ 13.1892,  -6.7645,  10.5620,  ...,  -1.7316,  -6.2245,   3.8954],
         [ -2.9400,  -8.3895,  17.4999,  ...,   5.5031,   6.6379,   3.0093],
         [ 11.3330,   5.6656,  37.1338,  ...,  -9.0420,   5.7632,  -2.9679]]]), 'rvq_quantizer.layers.1._codebook.embed': tensor([[[-2.9323, -0.4034,  3.7519,  ...,  2.3197, -0.4326, -0.2143],
         [-0.9406, -0.5853, 10.4916,  ..., -1.5106,  8.7251,  4.1907],
         [-6.8838,  0.3100, 11.1381,  ..., -1.4782, -2.0706,  3.6091],
         ...,
         [ 6.5946, -3.3823,  5.2810,  ..., -0.8658, -3.1123,  1.9477],
         [-1.4700, -4.1947,  8.7500,  ...,  2.7516,  3.3190,  1.5047],
         [ 4.9274,  2.4633, 16.1451,  ..., -3.9313,  2.5057, -1.2904]]]), 'rvq_quantizer.layers.2._codebook.initted': tensor([1.]), 'rvq_quantizer.layers.2._codebook.cluster_size': tensor([[2.0000, 2.0000, 2.0000,  ..., 4.5167, 6.6306, 3.0242]]), 'rvq_quantizer.layers.2._codebook.embed_avg': tensor([[[-4.2254, -3.9954, -6.1063,  ..., -4.5959, -0.6316, -1.7592],
         [ 5.6370,  0.6803, 16.0866,  ...,  2.2572,  1.8871,  2.9469],
         [ 0.6891, -1.3907,  7.6245,  ..., 15.3143, 17.0290, -0.9288],
         ...,
         [-2.4846,  5.9662,  7.3906,  ...,  8.4563,  1.4950, -5.3303],
         [-8.2280,  7.4837, 12.7425,  ..., 12.7798, 11.7515, 12.2564],
         [-2.1351,  3.0698,  8.7952,  ...,  2.1386,  1.2800,  2.5607]]]), 'rvq_quantizer.layers.2._codebook.embed': tensor([[[-2.1127, -1.9977, -3.0532,  ..., -2.2980, -0.3158, -0.8796],
         [ 2.8185,  0.3402,  8.0433,  ...,  1.1286,  0.9436,  1.4734],
         [ 0.3446, -0.6953,  3.8123,  ...,  7.6571,  8.5145, -0.4644],
         ...,
         [-0.5501,  1.3209,  1.6363,  ...,  1.8722,  0.3310, -1.1801],
         [-1.2409,  1.1287,  1.9218,  ...,  1.9274,  1.7723,  1.8484],
         [-0.7060,  1.0151,  2.9083,  ...,  0.7072,  0.4233,  0.8467]]]), 'rvq_quantizer.layers.3._codebook.initted': tensor([1.]), 'rvq_quantizer.layers.3._codebook.cluster_size': tensor([[2.3917, 2.5978, 2.8264,  ..., 2.8618, 2.3000, 2.1000]]), 'rvq_quantizer.layers.3._codebook.embed_avg': tensor([[[-0.6966,  7.4817,  7.4774,  ...,  2.9070,  5.9688,  3.1903],
         [ 3.8038,  3.3459, -1.2200,  ...,  1.3796,  0.0838,  1.2203],
         [-5.6417, -0.4978, -0.0342,  ..., -9.2210,  7.4422,  0.3312],
         ...,
         [-0.8579, -1.3974,  7.4931,  ...,  0.2652, -0.1732,  0.1270],
         [-0.2535,  0.3663,  0.0782,  ...,  0.1757,  0.0941,  0.0435],
         [-0.5208,  6.1465,  0.0681,  ...,  3.9920,  0.4220,  0.7684]]]), 'rvq_quantizer.layers.3._codebook.embed': tensor([[[-0.2912,  3.1282,  3.1264,  ...,  1.2154,  2.4956,  1.3339],
         [ 1.4642,  1.2880, -0.4696,  ...,  0.5311,  0.0323,  0.4697],
         [-1.9961, -0.1761, -0.0121,  ..., -3.2624,  2.6331,  0.1172],
         ...,
         [-0.2998, -0.4883,  2.6183,  ...,  0.0927, -0.0605,  0.0444],
         [-0.1102,  0.1592,  0.0340,  ...,  0.0764,  0.0409,  0.0189],
         [-0.2480,  2.9269,  0.0324,  ...,  1.9009,  0.2009,  0.3659]]])})
Loss:  tensor(8.0866, grad_fn=<MeanBackward0>)
OrderedDict({'rvq_quantizer.project_in.weight': tensor([[ 0.3838, -0.2984, -0.4871,  ...,  0.1653,  0.1998,  0.1819],
        [-0.4755, -0.0672,  0.2970,  ...,  0.0103,  0.0545, -0.1797],
        [ 0.0623, -0.1145, -0.1387,  ..., -0.0275,  0.0801,  0.0723],
        ...,
        [-0.5082,  0.4104,  0.5776,  ..., -0.1827, -0.2138, -0.3059],
        [-0.4837,  0.3320,  0.5612,  ..., -0.2062, -0.2356, -0.3092],
        [-0.4554,  0.3514,  0.4941,  ..., -0.2356, -0.3487, -0.3685]]), 'rvq_quantizer.project_in.bias': tensor([-0.5643,  0.5780, -0.1527,  0.1936, -0.1310, -0.1951,  0.0667, -0.4378,
         0.0435, -0.6655, -0.1481, -0.2072, -0.5925, -0.2544,  0.5016, -0.2641,
        -0.0925,  0.3850,  0.3156,  0.5176,  0.4955,  0.6345, -0.5793,  0.6209,
        -0.2928, -0.5543,  0.1404,  0.5373,  0.2866,  0.6384,  0.6260,  0.6175]), 'rvq_quantizer.project_out.weight': tensor([[ 0.0863,  0.1175, -0.0987,  ..., -0.0436,  0.0902, -0.0665],
        [-0.0337,  0.0185,  0.1248,  ..., -0.1478, -0.1462, -0.0690],
        [ 0.1136,  0.0347, -0.1496,  ...,  0.1559,  0.1245, -0.1110],
        ...,
        [-0.0980,  0.0885, -0.1271,  ..., -0.0326,  0.1682, -0.0498],
        [-0.0419,  0.0095, -0.0684,  ...,  0.0084, -0.0638, -0.1158],
        [-0.0722,  0.0351, -0.0780,  ..., -0.1712,  0.1494, -0.0657]]), 'rvq_quantizer.project_out.bias': tensor([-0.0057, -0.1618, -0.0106, -0.1491,  0.1075, -0.1614, -0.1343,  0.1031,
         0.0111,  0.0539, -0.1584, -0.0913, -0.0218,  0.0136,  0.0118, -0.0675,
        -0.0649, -0.1732, -0.0018,  0.0052,  0.0404,  0.1226, -0.1440,  0.0450,
         0.1010,  0.1239,  0.1398, -0.0086, -0.0618,  0.0553,  0.1455,  0.1233,
        -0.1643,  0.0420, -0.1047,  0.1099, -0.0730, -0.0033,  0.0521, -0.1638,
         0.0447, -0.0199,  0.1100,  0.0143,  0.0467,  0.1464, -0.1500,  0.0397,
        -0.0979,  0.0147, -0.1461, -0.0785, -0.1591, -0.0969, -0.1011,  0.0893,
        -0.0945,  0.1582,  0.0263, -0.0766, -0.0984,  0.1358,  0.1505,  0.0912]), 'rvq_quantizer.layers.0._codebook.initted': tensor([1.]), 'rvq_quantizer.layers.0._codebook.cluster_size': tensor([[4.3826, 2.0000, 5.5533,  ..., 2.0000, 2.8529, 2.1900]]), 'rvq_quantizer.layers.0._codebook.embed_avg': tensor([[[-1402.8888,   896.6329,  -596.2744,  ...,  1910.8729,
           1780.6315,  1977.6151],
         [ -507.0228,   472.0273,  -177.8383,  ...,   716.5734,
            674.6394,   728.0576],
         [-1064.3589,  1038.5123,  -395.9870,  ...,  1517.6989,
           1413.3920,  1529.2129],
         ...,
         [ -550.4062,   669.3745,   -98.0637,  ...,   728.0599,
            697.2518,   666.2480],
         [ -690.8292,   698.4642,  -221.5314,  ...,   933.8917,
            901.7073,   916.6805],
         [ -388.8681,   238.8983,  -184.1981,  ...,   540.6110,
            505.4789,   609.8812]]]), 'rvq_quantizer.layers.0._codebook.embed': tensor([[[-320.1038,  204.5890, -136.0548,  ...,  436.0129,  406.2951,
           451.2418],
         [-253.5111,  236.0134,  -88.9191,  ...,  358.2863,  337.3193,
           364.0283],
         [-191.6614,  187.0072,  -71.3062,  ...,  273.2953,  254.5126,
           275.3687],
         ...,
         [-275.2031,  334.6873,  -49.0318,  ...,  364.0299,  348.6259,
           333.1240],
         [-242.1520,  244.8282,  -77.6520,  ...,  327.3512,  316.0698,
           321.3182],
         [-177.5652,  109.0859,  -84.1086,  ...,  246.8541,  230.8121,
           278.4843]]]), 'rvq_quantizer.layers.1._codebook.initted': tensor([1.]), 'rvq_quantizer.layers.1._codebook.cluster_size': tensor([[2.2170, 2.5090, 2.1000,  ..., 2.0000, 2.1000, 2.6700]]), 'rvq_quantizer.layers.1._codebook.embed_avg': tensor([[[-6.3367e+00, -9.2501e-01,  8.4695e+00,  ...,  5.0362e+00,
          -1.2015e+00, -5.2738e-01],
         [-2.3599e+00, -1.4685e+00,  2.6324e+01,  ..., -3.7901e+00,
           2.1892e+01,  1.0515e+01],
         [-1.3935e+01,  4.2235e-02,  2.5254e+01,  ..., -3.7805e+00,
          -4.3141e+00,  6.6305e+00],
         ...,
         [ 1.2694e+01, -6.8950e+00,  9.6814e+00,  ..., -1.8564e+00,
          -7.0463e+00,  4.2132e+00],
         [-2.9948e+00, -8.2660e+00,  1.7771e+01,  ...,  5.1019e+00,
           7.0178e+00,  3.4079e+00],
         [ 1.4748e+01,  8.4383e+00,  4.2729e+01,  ..., -8.6506e+00,
           6.4626e+00, -1.7957e+00]]]), 'rvq_quantizer.layers.1._codebook.embed': tensor([[[-2.8582, -0.4172,  3.8202,  ...,  2.2716, -0.5420, -0.2379],
         [-0.9406, -0.5853, 10.4916,  ..., -1.5106,  8.7251,  4.1907],
         [-6.6356,  0.0201, 12.0255,  ..., -1.8002, -2.0543,  3.1574],
         ...,
         [ 6.3470, -3.4475,  4.8407,  ..., -0.9282, -3.5231,  2.1066],
         [-1.4261, -3.9362,  8.4622,  ...,  2.4295,  3.3418,  1.6228],
         [ 5.5234,  3.1604, 16.0032,  ..., -3.2399,  2.4205, -0.6726]]]), 'rvq_quantizer.layers.2._codebook.initted': tensor([1.]), 'rvq_quantizer.layers.2._codebook.cluster_size': tensor([[2.0000, 2.0000, 2.0000,  ..., 4.9650, 5.9676, 2.9218]]), 'rvq_quantizer.layers.2._codebook.embed_avg': tensor([[[-3.5044e+00,  1.8916e+00,  2.2765e+00,  ..., -7.4296e-01,
          -2.2669e-03,  2.2168e+00],
         [ 1.6126e+00, -3.9959e+00,  3.8174e+00,  ...,  2.4149e+00,
          -1.4525e+00,  8.4727e+00],
         [ 4.7718e-01,  7.3520e-01,  1.2902e+01,  ...,  2.1189e+00,
           3.3809e+00,  1.2774e+00],
         ...,
         [-2.8266e+00,  8.4462e+00,  8.9498e+00,  ...,  9.3876e+00,
           2.9752e+00, -5.5246e+00],
         [-7.4052e+00,  6.7353e+00,  1.1468e+01,  ...,  1.1502e+01,
           1.0576e+01,  1.1031e+01],
         [-2.2054e+00,  2.8657e+00,  8.3636e+00,  ...,  1.7459e+00,
           1.1949e+00,  2.5562e+00]]]), 'rvq_quantizer.layers.2._codebook.embed': tensor([[[-1.7522e+00,  9.4581e-01,  1.1383e+00,  ..., -3.7148e-01,
          -1.1334e-03,  1.1084e+00],
         [ 8.0628e-01, -1.9980e+00,  1.9087e+00,  ...,  1.2074e+00,
          -7.2624e-01,  4.2364e+00],
         [ 2.3859e-01,  3.6760e-01,  6.4509e+00,  ...,  1.0595e+00,
           1.6904e+00,  6.3871e-01],
         ...,
         [-5.6931e-01,  1.7012e+00,  1.8026e+00,  ...,  1.8908e+00,
           5.9923e-01, -1.1127e+00],
         [-1.2409e+00,  1.1287e+00,  1.9218e+00,  ...,  1.9274e+00,
           1.7723e+00,  1.8484e+00],
         [-7.5482e-01,  9.8081e-01,  2.8625e+00,  ...,  5.9756e-01,
           4.0896e-01,  8.7487e-01]]]), 'rvq_quantizer.layers.3._codebook.initted': tensor([1.]), 'rvq_quantizer.layers.3._codebook.cluster_size': tensor([[2.7525, 2.5380, 2.5438,  ..., 2.6757, 2.7700, 2.0000]]), 'rvq_quantizer.layers.3._codebook.embed_avg': tensor([[[-1.5550,  9.2035,  8.5421,  ...,  3.4634,  8.0427,  4.3597],
         [ 3.4189,  3.3702, -1.3945,  ...,  1.2829, -0.0255,  1.3149],
         [-5.0775, -0.4480, -0.0307,  ..., -8.2989,  6.6980,  0.2981],
         ...,
         [-0.8546, -1.2342,  6.9786,  ...,  0.2204, -0.1475,  0.0664],
         [-0.4747,  0.4166,  0.0250,  ...,  0.1505, -0.0599,  0.0623],
         [ 1.4668,  4.1859,  5.5732,  ..., -3.0227, -4.7392, -8.0888]]]), 'rvq_quantizer.layers.3._codebook.embed': tensor([[[-0.5649,  3.3436,  3.1033,  ...,  1.2582,  2.9219,  1.5839],
         [ 1.3471,  1.3279, -0.5495,  ...,  0.5055, -0.0100,  0.5181],
         [-1.9961, -0.1761, -0.0121,  ..., -3.2624,  2.6331,  0.1172],
         ...,
         [-0.3194, -0.4613,  2.6082,  ...,  0.0824, -0.0551,  0.0248],
         [-0.1714,  0.1504,  0.0090,  ...,  0.0543, -0.0216,  0.0225],
         [ 0.7334,  2.0930,  2.7866,  ..., -1.5114, -2.3696, -4.0444]]])})
Loss:  tensor(7.7457, grad_fn=<MeanBackward0>)
OrderedDict({'rvq_quantizer.project_in.weight': tensor([[ 0.3858, -0.3009, -0.4893,  ...,  0.1639,  0.1981,  0.1811],
        [-0.4766, -0.0664,  0.2953,  ...,  0.0097,  0.0559, -0.1797],
        [ 0.0633, -0.1147, -0.1374,  ..., -0.0277,  0.0805,  0.0723],
        ...,
        [-0.5108,  0.4119,  0.5811,  ..., -0.1802, -0.2114, -0.3041],
        [-0.4861,  0.3352,  0.5635,  ..., -0.2036, -0.2338, -0.3079],
        [-0.4578,  0.3540,  0.4972,  ..., -0.2341, -0.3468, -0.3677]]), 'rvq_quantizer.project_in.bias': tensor([-0.5658,  0.5790, -0.1534,  0.1939, -0.1312, -0.1965,  0.0671, -0.4384,
         0.0424, -0.6677, -0.1485, -0.2079, -0.5943, -0.2548,  0.5033, -0.2649,
        -0.0916,  0.3861,  0.3161,  0.5190,  0.4975,  0.6371, -0.5810,  0.6228,
        -0.2938, -0.5562,  0.1405,  0.5393,  0.2874,  0.6406,  0.6282,  0.6192]), 'rvq_quantizer.project_out.weight': tensor([[ 0.0863,  0.1175, -0.0987,  ..., -0.0436,  0.0902, -0.0665],
        [-0.0337,  0.0185,  0.1248,  ..., -0.1478, -0.1462, -0.0690],
        [ 0.1136,  0.0347, -0.1496,  ...,  0.1559,  0.1245, -0.1110],
        ...,
        [-0.0980,  0.0885, -0.1271,  ..., -0.0326,  0.1682, -0.0498],
        [-0.0419,  0.0095, -0.0684,  ...,  0.0084, -0.0638, -0.1158],
        [-0.0722,  0.0351, -0.0780,  ..., -0.1712,  0.1494, -0.0657]]), 'rvq_quantizer.project_out.bias': tensor([-0.0057, -0.1618, -0.0106, -0.1491,  0.1075, -0.1614, -0.1343,  0.1031,
         0.0111,  0.0539, -0.1584, -0.0913, -0.0218,  0.0136,  0.0118, -0.0675,
        -0.0649, -0.1732, -0.0018,  0.0052,  0.0404,  0.1226, -0.1440,  0.0450,
         0.1010,  0.1239,  0.1398, -0.0086, -0.0618,  0.0553,  0.1455,  0.1233,
        -0.1643,  0.0420, -0.1047,  0.1099, -0.0730, -0.0033,  0.0521, -0.1638,
         0.0447, -0.0199,  0.1100,  0.0143,  0.0467,  0.1464, -0.1500,  0.0397,
        -0.0979,  0.0147, -0.1461, -0.0785, -0.1591, -0.0969, -0.1011,  0.0893,
        -0.0945,  0.1582,  0.0263, -0.0766, -0.0984,  0.1358,  0.1505,  0.0912]), 'rvq_quantizer.layers.0._codebook.initted': tensor([1.]), 'rvq_quantizer.layers.0._codebook.cluster_size': tensor([[3.9444, 2.0000, 5.2980,  ..., 2.1000, 2.8676, 2.2710]]), 'rvq_quantizer.layers.0._codebook.embed_avg': tensor([[[-1262.5999,   806.9696,  -536.6470,  ...,  1719.7856,
           1602.5684,  1779.8536],
         [ -507.1567,   472.0010,  -176.9008,  ...,   715.9382,
            674.6823,   727.8945],
         [-1016.2527,   992.5181,  -375.0494,  ...,  1448.4591,
           1348.5236,  1459.0557],
         ...,
         [ -578.7532,   703.5895,  -102.9888,  ...,   765.2814,
            732.7510,   699.7479],
         [ -694.3364,   703.3992,  -221.0657,  ...,   939.0364,
            906.3118,   922.0052],
         [ -402.4588,   247.6082,  -189.2661,  ...,   560.4187,
            523.5662,   633.1906]]]), 'rvq_quantizer.layers.0._codebook.embed': tensor([[[-320.1037,  204.5889, -136.0547,  ...,  436.0128,  406.2950,
           451.2417],
         [-253.5780,  236.0002,  -88.4503,  ...,  357.9687,  337.3407,
           363.9468],
         [-191.8183,  187.3384,  -70.7908,  ...,  273.3976,  254.5347,
           275.3976],
         ...,
         [-275.5965,  335.0423,  -49.0422,  ...,  364.4193,  348.9287,
           333.2130],
         [-242.1327,  245.2931,  -77.0912,  ...,  327.4657,  316.0538,
           321.5265],
         [-177.2164,  109.0304,  -83.3404,  ...,  246.7716,  230.5442,
           278.8156]]]), 'rvq_quantizer.layers.1._codebook.initted': tensor([1.]), 'rvq_quantizer.layers.1._codebook.cluster_size': tensor([[2.3953, 2.2581, 2.0900,  ..., 2.0000, 2.0000, 2.8030]]), 'rvq_quantizer.layers.1._codebook.embed_avg': tensor([[[ -7.2595,  -1.1325,   9.3067,  ...,   5.4664,  -1.3713,  -0.4566],
         [ -2.1239,  -1.3217,  23.6913,  ...,  -3.4111,  19.7024,   9.4631],
         [-13.4194,  -0.1865,  25.8343,  ...,  -3.9591,  -4.2256,   6.5336],
         ...,
         [ 12.3161,  -6.9307,   8.8342,  ...,  -2.1554,  -7.7146,   4.3414],
         [ -5.6755,  22.3204,   9.2032,  ...,  -4.2087,   6.7918,  -2.6511],
         [ 16.6298,   9.8830,  44.4813,  ...,  -8.1012,   6.5255,  -1.4961]]]), 'rvq_quantizer.layers.1._codebook.embed': tensor([[[-3.0307, -0.4728,  3.8854,  ...,  2.2821, -0.5725, -0.1906],
         [-0.9406, -0.5853, 10.4916,  ..., -1.5106,  8.7251,  4.1907],
         [-6.4208, -0.0892, 12.3609,  ..., -1.8943, -2.0218,  3.1261],
         ...,
         [ 6.1581, -3.4653,  4.4171,  ..., -1.0777, -3.8573,  2.1707],
         [-2.8378, 11.1602,  4.6016,  ..., -2.1044,  3.3959, -1.3255],
         [ 5.9328,  3.5259, 15.8692,  ..., -2.8902,  2.3280, -0.5338]]]), 'rvq_quantizer.layers.2._codebook.initted': tensor([1.]), 'rvq_quantizer.layers.2._codebook.cluster_size': tensor([[2.2000, 2.1000, 2.1000,  ..., 5.2685, 5.4708, 2.6296]]), 'rvq_quantizer.layers.2._codebook.embed_avg': tensor([[[-4.1266,  2.6995,  2.9164,  ..., -0.5756, -0.1418,  2.4545],
         [ 2.0690, -4.4084,  3.8035,  ...,  2.6841, -1.3059,  8.1890],
         [ 0.2399,  1.2643, 13.5492,  ...,  1.4963,  3.7573,  1.1185],
         ...,
         [-2.6841,  9.6555,  8.7932,  ...,  9.4844,  3.9102, -6.2741],
         [-6.5094,  6.2454, 10.4632,  ..., 10.6646,  9.8532, 10.4760],
         [-1.9849,  2.5791,  7.5273,  ...,  1.5713,  1.0754,  2.3005]]]), 'rvq_quantizer.layers.2._codebook.embed': tensor([[[-1.8757,  1.2270,  1.3257,  ..., -0.2616, -0.0644,  1.1157],
         [ 0.9853, -2.0992,  1.8112,  ...,  1.2782, -0.6219,  3.8995],
         [ 0.1142,  0.6021,  6.4520,  ...,  0.7125,  1.7892,  0.5326],
         ...,
         [-0.5095,  1.8327,  1.6690,  ...,  1.8002,  0.7422, -1.1909],
         [-1.1898,  1.1416,  1.9126,  ...,  1.9494,  1.8010,  1.9149],
         [-0.7548,  0.9808,  2.8625,  ...,  0.5976,  0.4090,  0.8749]]]), 'rvq_quantizer.layers.3._codebook.initted': tensor([1.]), 'rvq_quantizer.layers.3._codebook.cluster_size': tensor([[2.7773, 2.8842, 2.3894,  ..., 2.4081, 2.8930, 2.0000]]), 'rvq_quantizer.layers.3._codebook.embed_avg': tensor([[[-2.0462,  9.8804,  8.3888,  ...,  3.3397,  8.7331,  4.4482],
         [ 4.3331,  4.2694, -2.2386,  ...,  1.8915,  0.3282,  0.6075],
         [-4.9226, -0.2648, -0.1731,  ..., -7.5985,  6.5421,  0.3747],
         ...,
         [-0.7692, -1.1108,  6.2808,  ...,  0.1984, -0.1327,  0.0598],
         [-0.4594,  0.4260,  0.0417,  ...,  0.1700, -0.0762,  0.0420],
         [ 2.6043, -1.4011, -1.6977,  ...,  4.7555,  2.7453,  3.9323]]]), 'rvq_quantizer.layers.3._codebook.embed': tensor([[[-0.7367,  3.5576,  3.0205,  ...,  1.2025,  3.1445,  1.6016],
         [ 1.5024,  1.4803, -0.7762,  ...,  0.6558,  0.1138,  0.2106],
         [-2.0602, -0.1108, -0.0724,  ..., -3.1801,  2.7380,  0.1568],
         ...,
         [-0.3194, -0.4613,  2.6082,  ...,  0.0824, -0.0551,  0.0248],
         [-0.1588,  0.1472,  0.0144,  ...,  0.0588, -0.0264,  0.0145],
         [ 1.3022, -0.7005, -0.8488,  ...,  2.3778,  1.3727,  1.9661]]])})
Loss:  tensor(7.2284, grad_fn=<MeanBackward0>)
OrderedDict({'rvq_quantizer.project_in.weight': tensor([[ 0.3878, -0.3034, -0.4915,  ...,  0.1625,  0.1965,  0.1803],
        [-0.4774, -0.0656,  0.2939,  ...,  0.0101,  0.0581, -0.1787],
        [ 0.0650, -0.1156, -0.1355,  ..., -0.0272,  0.0817,  0.0730],
        ...,
        [-0.5134,  0.4135,  0.5846,  ..., -0.1778, -0.2090, -0.3023],
        [-0.4885,  0.3384,  0.5657,  ..., -0.2010, -0.2320, -0.3065],
        [-0.4601,  0.3567,  0.5001,  ..., -0.2326, -0.3450, -0.3667]]), 'rvq_quantizer.project_in.bias': tensor([-0.5673,  0.5796, -0.1548,  0.1942, -0.1315, -0.1979,  0.0677, -0.4390,
         0.0412, -0.6697, -0.1486, -0.2085, -0.5960, -0.2552,  0.5051, -0.2656,
        -0.0902,  0.3872,  0.3168,  0.5203,  0.4994,  0.6397, -0.5827,  0.6247,
        -0.2947, -0.5580,  0.1404,  0.5412,  0.2882,  0.6428,  0.6303,  0.6210]), 'rvq_quantizer.project_out.weight': tensor([[ 0.0863,  0.1175, -0.0987,  ..., -0.0436,  0.0902, -0.0665],
        [-0.0337,  0.0185,  0.1248,  ..., -0.1478, -0.1462, -0.0690],
        [ 0.1136,  0.0347, -0.1496,  ...,  0.1559,  0.1245, -0.1110],
        ...,
        [-0.0980,  0.0885, -0.1271,  ..., -0.0326,  0.1682, -0.0498],
        [-0.0419,  0.0095, -0.0684,  ...,  0.0084, -0.0638, -0.1158],
        [-0.0722,  0.0351, -0.0780,  ..., -0.1712,  0.1494, -0.0657]]), 'rvq_quantizer.project_out.bias': tensor([-0.0057, -0.1618, -0.0106, -0.1491,  0.1075, -0.1614, -0.1343,  0.1031,
         0.0111,  0.0539, -0.1584, -0.0913, -0.0218,  0.0136,  0.0118, -0.0675,
        -0.0649, -0.1732, -0.0018,  0.0052,  0.0404,  0.1226, -0.1440,  0.0450,
         0.1010,  0.1239,  0.1398, -0.0086, -0.0618,  0.0553,  0.1455,  0.1233,
        -0.1643,  0.0420, -0.1047,  0.1099, -0.0730, -0.0033,  0.0521, -0.1638,
         0.0447, -0.0199,  0.1100,  0.0143,  0.0467,  0.1464, -0.1500,  0.0397,
        -0.0979,  0.0147, -0.1461, -0.0785, -0.1591, -0.0969, -0.1011,  0.0893,
        -0.0945,  0.1582,  0.0263, -0.0766, -0.0984,  0.1358,  0.1505,  0.0912]), 'rvq_quantizer.layers.0._codebook.initted': tensor([1.]), 'rvq_quantizer.layers.0._codebook.cluster_size': tensor([[3.6499, 2.0000, 5.1682,  ..., 2.0900, 2.8808, 2.4439]]), 'rvq_quantizer.layers.0._codebook.embed_avg': tensor([[[-1167.9972,   746.7033,  -494.9821,  ...,  1591.2222,
           1483.5452,  1647.2960],
         [ -507.4178,   472.0538,  -176.1420,  ...,   715.4656,
            674.8735,   727.8480],
         [ -991.4651,   970.4407,  -362.6418,  ...,  1413.1699,
           1315.7113,  1423.3926],
         ...,
         [ -576.5986,   700.6140,  -102.7105,  ...,   762.2131,
            729.7233,   696.8429],
         [ -697.6129,   707.9580,  -220.7625,  ...,   943.8417,
            910.5795,   926.9516],
         [ -431.9216,   267.0944,  -201.7346,  ...,   603.1041,
            561.8975,   681.6516]]]), 'rvq_quantizer.layers.0._codebook.embed': tensor([[[-320.0069,  204.5812, -135.6148,  ...,  435.9618,  406.4605,
           451.3248],
         [-253.7085,  236.0266,  -88.0709,  ...,  357.7323,  337.4363,
           363.9235],
         [-191.8397,  187.7717,  -70.1680,  ...,  273.4358,  254.5785,
           275.4138],
         ...,
         [-275.8842,  335.2216,  -49.1437,  ...,  364.6949,  349.1495,
           333.4173],
         [-242.1571,  245.7481,  -76.6316,  ...,  327.6286,  316.0826,
           321.7657],
         [-176.7345,  109.2902,  -82.5461,  ...,  246.7793,  229.9183,
           278.9195]]]), 'rvq_quantizer.layers.1._codebook.initted': tensor([1.]), 'rvq_quantizer.layers.1._codebook.cluster_size': tensor([[2.9558, 2.1323, 2.0810,  ..., 2.0000, 2.0000, 2.9227]]), 'rvq_quantizer.layers.1._codebook.embed_avg': tensor([[[ -9.4995,  -2.1796,  11.2634,  ...,   7.1505,  -1.7584,  -1.3380],
         [ -2.0693,  -1.8551,  22.4223,  ...,  -2.6242,  18.2270,   8.8391],
         [-12.9587,  -0.3533,  26.0810,  ...,  -4.0418,  -4.0682,   6.4928],
         ...,
         [ 12.0484,  -6.9640,   7.8942,  ...,  -2.5781,  -8.2428,   4.3261],
         [  1.0818,   0.4663,  -0.6851,  ...,  -1.2799,  -1.6751,  -2.0358],
         [ 18.1312,  11.2543,  45.6902,  ...,  -7.8075,   7.1896,  -0.2915]]]), 'rvq_quantizer.layers.1._codebook.embed': tensor([[[-3.2139, -0.7374,  3.8106,  ...,  2.4192, -0.5949, -0.4527],
         [-0.9704, -0.8700, 10.5154,  ..., -1.2307,  8.5480,  4.1453],
         [-6.2271, -0.1698, 12.5329,  ..., -1.9422, -1.9549,  3.1200],
         ...,
         [ 6.0242, -3.4820,  3.9471,  ..., -1.2891, -4.1214,  2.1630],
         [ 0.5409,  0.2331, -0.3426,  ..., -0.6400, -0.8376, -1.0179],
         [ 6.2036,  3.8507, 15.6329,  ..., -2.6713,  2.4599, -0.0997]]]), 'rvq_quantizer.layers.2._codebook.initted': tensor([1.]), 'rvq_quantizer.layers.2._codebook.cluster_size': tensor([[2.3800, 2.1900, 2.0000,  ..., 5.6417, 4.9237, 2.3666]]), 'rvq_quantizer.layers.2._codebook.embed_avg': tensor([[[-4.2694,  3.0471,  3.3747,  ..., -0.6840, -0.1280,  2.5704],
         [ 2.7585, -4.2134,  3.3619,  ...,  2.9136, -1.3384,  8.0727],
         [ 0.3096, -3.5274,  2.6548,  ...,  3.9977, -2.9975, -3.2685],
         ...,
         [-2.9175, 10.8808,  9.0747,  ..., 11.0787,  4.7760, -6.4428],
         [-5.8585,  5.6209,  9.4169,  ...,  9.5982,  8.8679,  9.4284],
         [-1.7864,  2.3212,  6.7745,  ...,  1.4142,  0.9679,  2.0705]]]), 'rvq_quantizer.layers.2._codebook.embed': tensor([[[-1.7939,  1.2803,  1.4179,  ..., -0.2874, -0.0538,  1.0800],
         [ 1.2596, -1.9239,  1.5351,  ...,  1.3304, -0.6111,  3.6862],
         [ 0.1548, -1.7637,  1.3274,  ...,  1.9989, -1.4988, -1.6343],
         ...,
         [-0.5171,  1.9287,  1.6085,  ...,  1.9637,  0.8466, -1.1420],
         [-1.1898,  1.1416,  1.9126,  ...,  1.9494,  1.8010,  1.9149],
         [-0.7548,  0.9808,  2.8625,  ...,  0.5976,  0.4090,  0.8749]]]), 'rvq_quantizer.layers.3._codebook.initted': tensor([1.]), 'rvq_quantizer.layers.3._codebook.cluster_size': tensor([[2.4996, 2.9958, 2.3504,  ..., 2.4673, 2.7037, 2.0000]]), 'rvq_quantizer.layers.3._codebook.embed_avg': tensor([[[-1.8415,  8.8923,  7.5499,  ...,  3.0057,  7.8598,  4.0033],
         [ 4.8295,  4.0995, -2.6675,  ...,  2.0312,  0.4406,  0.2411],
         [-5.0133,  0.0667, -0.2647,  ..., -7.2457,  6.5248,  0.4492],
         ...,
         [-0.8097, -1.0012,  6.2217,  ...,  0.0218, -0.3327,  0.2716],
         [-0.4413,  0.4087, -0.0097,  ...,  0.1557, -0.0538,  0.0606],
         [ 6.3181,  6.6523, -3.9593,  ..., -3.8191, -0.1262,  1.7353]]]), 'rvq_quantizer.layers.3._codebook.embed': tensor([[[-0.7367,  3.5576,  3.0205,  ...,  1.2025,  3.1445,  1.6016],
         [ 1.6121,  1.3684, -0.8904,  ...,  0.6780,  0.1471,  0.0805],
         [-2.1329,  0.0284, -0.1126,  ..., -3.0827,  2.7760,  0.1911],
         ...,
         [-0.3282, -0.4058,  2.5217,  ...,  0.0088, -0.1348,  0.1101],
         [-0.1632,  0.1512, -0.0036,  ...,  0.0576, -0.0199,  0.0224],
         [ 3.1591,  3.3261, -1.9797,  ..., -1.9095, -0.0631,  0.8676]]])})
Loss:  tensor(6.7843, grad_fn=<MeanBackward0>)
OrderedDict({'rvq_quantizer.project_in.weight': tensor([[ 0.3897, -0.3058, -0.4936,  ...,  0.1611,  0.1950,  0.1795],
        [-0.4781, -0.0649,  0.2927,  ...,  0.0115,  0.0609, -0.1768],
        [ 0.0673, -0.1171, -0.1329,  ..., -0.0259,  0.0835,  0.0745],
        ...,
        [-0.5159,  0.4150,  0.5880,  ..., -0.1753, -0.2066, -0.3005],
        [-0.4909,  0.3417,  0.5679,  ..., -0.1985, -0.2302, -0.3052],
        [-0.4624,  0.3594,  0.5031,  ..., -0.2312, -0.3432, -0.3658]]), 'rvq_quantizer.project_in.bias': tensor([-0.5687,  0.5800, -0.1569,  0.1943, -0.1317, -0.1990,  0.0684, -0.4397,
         0.0401, -0.6718, -0.1484, -0.2090, -0.5977, -0.2557,  0.5068, -0.2665,
        -0.0884,  0.3883,  0.3177,  0.5216,  0.5014,  0.6422, -0.5844,  0.6265,
        -0.2957, -0.5599,  0.1402,  0.5432,  0.2892,  0.6449,  0.6323,  0.6227]), 'rvq_quantizer.project_out.weight': tensor([[ 0.0863,  0.1175, -0.0987,  ..., -0.0436,  0.0902, -0.0665],
        [-0.0337,  0.0185,  0.1248,  ..., -0.1478, -0.1462, -0.0690],
        [ 0.1136,  0.0347, -0.1496,  ...,  0.1559,  0.1245, -0.1110],
        ...,
        [-0.0980,  0.0885, -0.1271,  ..., -0.0326,  0.1682, -0.0498],
        [-0.0419,  0.0095, -0.0684,  ...,  0.0084, -0.0638, -0.1158],
        [-0.0722,  0.0351, -0.0780,  ..., -0.1712,  0.1494, -0.0657]]), 'rvq_quantizer.project_out.bias': tensor([-0.0057, -0.1618, -0.0106, -0.1491,  0.1075, -0.1614, -0.1343,  0.1031,
         0.0111,  0.0539, -0.1584, -0.0913, -0.0218,  0.0136,  0.0118, -0.0675,
        -0.0649, -0.1732, -0.0018,  0.0052,  0.0404,  0.1226, -0.1440,  0.0450,
         0.1010,  0.1239,  0.1398, -0.0086, -0.0618,  0.0553,  0.1455,  0.1233,
        -0.1643,  0.0420, -0.1047,  0.1099, -0.0730, -0.0033,  0.0521, -0.1638,
         0.0447, -0.0199,  0.1100,  0.0143,  0.0467,  0.1464, -0.1500,  0.0397,
        -0.0979,  0.0147, -0.1461, -0.0785, -0.1591, -0.0969, -0.1011,  0.0893,
        -0.0945,  0.1582,  0.0263, -0.0766, -0.0984,  0.1358,  0.1505,  0.0912]), 'rvq_quantizer.layers.0._codebook.initted': tensor([1.]), 'rvq_quantizer.layers.0._codebook.cluster_size': tensor([[3.5849, 2.0000, 5.0514,  ..., 2.0000, 2.8927, 2.5995]]), 'rvq_quantizer.layers.0._codebook.embed_avg': tensor([[[-1146.6682,   734.3607,  -482.1472,  ...,  1563.6189,
           1458.9642,  1619.1765],
         [ -507.7928,   472.0921,  -175.7160,  ...,   715.1339,
            675.1984,   727.9015],
         [ -969.1999,   950.5552,  -351.8673,  ...,  1381.4734,
           1286.1946,  1391.3229],
         ...,
         [ -612.2447,   530.3885,  -206.9423,  ...,   844.2438,
            794.9102,   835.6050],
         [ -700.6835,   712.0729,  -220.7736,  ...,   948.3309,
            914.5405,   931.5499],
         [ -458.2466,   284.5048,  -213.3445,  ...,   641.2021,
            596.1270,   724.9389]]]), 'rvq_quantizer.layers.0._codebook.embed': tensor([[[-319.8587,  204.8471, -134.4931,  ...,  436.1655,  406.9725,
           451.6631],
         [-253.8961,  236.0457,  -87.8579,  ...,  357.5665,  337.5988,
           363.9503],
         [-191.8685,  188.1775,  -69.6577,  ...,  273.4846,  254.6226,
           275.4344],
         ...,
         [-306.1223,  265.1942, -103.4711,  ...,  422.1219,  397.4551,
           417.8025],
         [-242.2210,  246.1582,  -76.3198,  ...,  327.8308,  316.1497,
           322.0297],
         [-176.2819,  109.4455,  -82.0710,  ...,  246.6627,  229.3228,
           278.8752]]]), 'rvq_quantizer.layers.1._codebook.initted': tensor([1.]), 'rvq_quantizer.layers.1._codebook.cluster_size': tensor([[2.9602, 2.2191, 2.0729,  ..., 2.0000, 4.7000, 2.8304]]), 'rvq_quantizer.layers.1._codebook.embed_avg': tensor([[[ -9.2090,  -1.9534,  11.1867,  ...,   6.9377,  -1.6276,  -1.5646],
         [ -2.1081,  -1.6426,  22.5612,  ...,  -1.7833,  18.4916,  10.2085],
         [-12.5264,  -0.6262,  25.7861,  ...,  -4.0825,  -3.9045,   6.4889],
         ...,
         [ 12.0057,  -6.7571,   6.4071,  ...,  -2.9738,  -8.4949,   3.5367],
         [  2.9189,   0.1400,  -4.3302,  ...,  -3.6716,  -2.7248,  -4.0396],
         [ 17.8075,  11.1636,  43.5293,  ...,  -7.3424,   6.9512,  -0.1225]]]), 'rvq_quantizer.layers.1._codebook.embed': tensor([[[-3.1109, -0.6599,  3.7790,  ...,  2.3436, -0.5498, -0.5285],
         [-0.9500, -0.7402, 10.1669,  ..., -0.8036,  8.3330,  4.6003],
         [-6.0429, -0.3021, 12.4396,  ..., -1.9695, -1.8836,  3.1304],
         ...,
         [ 6.0028, -3.3785,  3.2035,  ..., -1.4869, -4.2474,  1.7683],
         [ 0.6210,  0.0298, -0.9213,  ..., -0.7812, -0.5797, -0.8595],
         [ 6.2915,  3.9441, 15.3791,  ..., -2.5941,  2.4559, -0.0433]]]), 'rvq_quantizer.layers.2._codebook.initted': tensor([1.]), 'rvq_quantizer.layers.2._codebook.cluster_size': tensor([[2.6420, 2.0710, 2.0000,  ..., 6.0775, 4.4314, 2.1300]]), 'rvq_quantizer.layers.2._codebook.embed_avg': tensor([[[-4.3467,  3.0917,  3.6414,  ..., -0.5208, -0.0358,  3.2624],
         [ 3.0109, -3.8712,  2.8364,  ...,  2.5300, -1.3165,  7.3174],
         [-7.8975, -3.4538, -1.2517,  ...,  1.3468, -2.9002,  7.3516],
         ...,
         [-2.9682, 11.7560,  9.2320,  ..., 12.8465,  5.7588, -6.6432],
         [-5.2726,  5.0588,  8.4752,  ...,  8.6384,  7.9811,  8.4856],
         [-1.6077,  2.0891,  6.0971,  ...,  1.2728,  0.8711,  1.8634]]]), 'rvq_quantizer.layers.2._codebook.embed': tensor([[[-1.6452,  1.1702,  1.3783,  ..., -0.1971, -0.0136,  1.2348],
         [ 1.4539, -1.8692,  1.3696,  ...,  1.2216, -0.6357,  3.5333],
         [-3.9487, -1.7269, -0.6259,  ...,  0.6734, -1.4501,  3.6758],
         ...,
         [-0.4884,  1.9344,  1.5190,  ...,  2.1138,  0.9476, -1.0931],
         [-1.1898,  1.1416,  1.9126,  ...,  1.9494,  1.8010,  1.9149],
         [-0.7548,  0.9808,  2.8625,  ...,  0.5976,  0.4090,  0.8749]]]), 'rvq_quantizer.layers.3._codebook.initted': tensor([1.]), 'rvq_quantizer.layers.3._codebook.cluster_size': tensor([[2.2496, 2.7962, 2.2154,  ..., 2.5206, 2.6333, 2.0000]]), 'rvq_quantizer.layers.3._codebook.embed_avg': tensor([[[-1.6574e+00,  8.0031e+00,  6.7949e+00,  ...,  2.7052e+00,
           7.0738e+00,  3.6030e+00],
         [ 4.4341e+00,  3.7782e+00, -2.7420e+00,  ...,  1.8344e+00,
           4.6306e-01,  2.0926e-01],
         [-4.6119e+00,  2.0912e-01, -5.3601e-01,  ..., -6.7763e+00,
           6.0145e+00,  5.1684e-01],
         ...,
         [-8.1780e-01, -9.4998e-01,  6.2484e+00,  ..., -4.2134e-03,
          -2.4210e-01,  2.0327e-02],
         [-4.7067e-01,  3.7907e-01,  7.6757e-02,  ...,  1.3247e-01,
          -7.8702e-02,  6.8186e-02],
         [ 5.6143e+00,  6.7622e+00, -4.2600e+00,  ..., -4.0560e+00,
          -8.2961e-02,  1.7805e+00]]]), 'rvq_quantizer.layers.3._codebook.embed': tensor([[[-7.3674e-01,  3.5576e+00,  3.0205e+00,  ...,  1.2025e+00,
           3.1445e+00,  1.6016e+00],
         [ 1.5857e+00,  1.3512e+00, -9.8060e-01,  ...,  6.5604e-01,
           1.6560e-01,  7.4836e-02],
         [-2.0818e+00,  9.4393e-02, -2.4195e-01,  ..., -3.0587e+00,
           2.7149e+00,  2.3330e-01],
         ...,
         [-3.2445e-01, -3.7689e-01,  2.4790e+00,  ..., -1.6716e-03,
          -9.6050e-02,  8.0646e-03],
         [-1.7873e-01,  1.4395e-01,  2.9148e-02,  ...,  5.0305e-02,
          -2.9887e-02,  2.5893e-02],
         [ 2.8071e+00,  3.3811e+00, -2.1300e+00,  ..., -2.0280e+00,
          -4.1481e-02,  8.9023e-01]]])})
Loss:  tensor(6.4801, grad_fn=<MeanBackward0>)
OrderedDict({'rvq_quantizer.project_in.weight': tensor([[ 0.3916, -0.3080, -0.4957,  ...,  0.1598,  0.1934,  0.1787],
        [-0.4785, -0.0641,  0.2918,  ...,  0.0136,  0.0642, -0.1743],
        [ 0.0701, -0.1191, -0.1299,  ..., -0.0240,  0.0859,  0.0765],
        ...,
        [-0.5183,  0.4166,  0.5914,  ..., -0.1729, -0.2042, -0.2987],
        [-0.4933,  0.3451,  0.5699,  ..., -0.1960, -0.2285, -0.3038],
        [-0.4647,  0.3621,  0.5059,  ..., -0.2297, -0.3413, -0.3648]]), 'rvq_quantizer.project_in.bias': tensor([-0.5702,  0.5800, -0.1595,  0.1944, -0.1321, -0.1995,  0.0693, -0.4404,
         0.0391, -0.6738, -0.1480, -0.2094, -0.5993, -0.2562,  0.5084, -0.2673,
        -0.0867,  0.3894,  0.3186,  0.5228,  0.5033,  0.6447, -0.5861,  0.6284,
        -0.2966, -0.5617,  0.1399,  0.5451,  0.2902,  0.6470,  0.6344,  0.6243]), 'rvq_quantizer.project_out.weight': tensor([[ 0.0863,  0.1175, -0.0987,  ..., -0.0436,  0.0902, -0.0665],
        [-0.0337,  0.0185,  0.1248,  ..., -0.1478, -0.1462, -0.0690],
        [ 0.1136,  0.0347, -0.1496,  ...,  0.1559,  0.1245, -0.1110],
        ...,
        [-0.0980,  0.0885, -0.1271,  ..., -0.0326,  0.1682, -0.0498],
        [-0.0419,  0.0095, -0.0684,  ...,  0.0084, -0.0638, -0.1158],
        [-0.0722,  0.0351, -0.0780,  ..., -0.1712,  0.1494, -0.0657]]), 'rvq_quantizer.project_out.bias': tensor([-0.0057, -0.1618, -0.0106, -0.1491,  0.1075, -0.1614, -0.1343,  0.1031,
         0.0111,  0.0539, -0.1584, -0.0913, -0.0218,  0.0136,  0.0118, -0.0675,
        -0.0649, -0.1732, -0.0018,  0.0052,  0.0404,  0.1226, -0.1440,  0.0450,
         0.1010,  0.1239,  0.1398, -0.0086, -0.0618,  0.0553,  0.1455,  0.1233,
        -0.1643,  0.0420, -0.1047,  0.1099, -0.0730, -0.0033,  0.0521, -0.1638,
         0.0447, -0.0199,  0.1100,  0.0143,  0.0467,  0.1464, -0.1500,  0.0397,
        -0.0979,  0.0147, -0.1461, -0.0785, -0.1591, -0.0969, -0.1011,  0.0893,
        -0.0945,  0.1582,  0.0263, -0.0766, -0.0984,  0.1358,  0.1505,  0.0912]), 'rvq_quantizer.layers.0._codebook.initted': tensor([1.]), 'rvq_quantizer.layers.0._codebook.cluster_size': tensor([[3.5264, 2.0000, 4.8462,  ..., 2.0000, 2.8035, 2.7396]]), 'rvq_quantizer.layers.0._codebook.embed_avg': tensor([[[-1127.4382,   723.0512,  -471.2873,  ...,  1538.7786,
           1437.0184,  1593.9025],
         [ -508.2693,   472.0359,  -175.7320,  ...,   714.9238,
            675.6425,   728.0396],
         [ -930.7271,   913.3413,  -336.2279,  ...,  1326.0566,
           1234.1741,  1335.0239],
         ...,
         [ -382.1127,   246.6236,  -162.3082,  ...,   527.9624,
            498.6797,   581.2223],
         [ -679.1548,   691.9014,  -213.9756,  ...,   919.1824,
            886.3416,   903.2552],
         [ -481.7495,   299.8159,  -224.5035,  ...,   675.1683,
            626.6753,   763.5673]]]), 'rvq_quantizer.layers.0._codebook.embed': tensor([[[-319.7110,  205.0378, -133.6443,  ...,  436.3560,  407.4996,
           451.9877],
         [-254.1343,  236.0177,  -87.8659,  ...,  357.4614,  337.8208,
           364.0193],
         [-192.0515,  188.4640,  -69.3792,  ...,  273.6260,  254.6664,
           275.4763],
         ...,
         [-191.0563,  123.3118,  -81.1541,  ...,  263.9812,  249.3399,
           290.6111],
         [-242.2550,  246.8017,  -76.3252,  ...,  327.8730,  316.1587,
           322.1918],
         [-175.8493,  109.4395,  -81.9488,  ...,  246.4514,  228.7504,
           278.7191]]]), 'rvq_quantizer.layers.1._codebook.initted': tensor([1.]), 'rvq_quantizer.layers.1._codebook.cluster_size': tensor([[2.8642, 2.1972, 2.0000,  ..., 2.1000, 5.2300, 2.6474]]), 'rvq_quantizer.layers.1._codebook.embed_avg': tensor([[[-8.8766, -1.5942, 10.4750,  ...,  6.7991, -1.3959, -1.2387],
         [-2.1238, -2.1877, 21.8527,  ..., -1.3159, 18.0976, 10.8715],
         [-2.1442, -0.1469, -4.2097,  ...,  2.8524,  2.9788,  2.9776],
         ...,
         [12.1541, -7.8330,  4.4919,  ..., -3.7911, -9.3375,  2.5519],
         [ 3.9885, -0.1146, -6.4041,  ..., -4.8857, -2.6532, -4.1004],
         [16.8208, 10.6427, 40.1240,  ..., -7.0823,  6.3992, -0.3204]]]), 'rvq_quantizer.layers.1._codebook.embed': tensor([[[-3.0992, -0.5566,  3.6572,  ...,  2.3738, -0.4874, -0.4325],
         [-0.9666, -0.9957,  9.9458,  ..., -0.5989,  8.2367,  4.9480],
         [-1.0721, -0.0735, -2.1049,  ...,  1.4262,  1.4894,  1.4888],
         ...,
         [ 5.7877, -3.7300,  2.1390,  ..., -1.8053, -4.4464,  1.2152],
         [ 0.7626, -0.0219, -1.2245,  ..., -0.9342, -0.5073, -0.7840],
         [ 6.3537,  4.0201, 15.1561,  ..., -2.6752,  2.4172, -0.1210]]]), 'rvq_quantizer.layers.2._codebook.initted': tensor([1.]), 'rvq_quantizer.layers.2._codebook.cluster_size': tensor([[2.5778, 2.0639, 2.0000,  ..., 6.0697, 3.9882, 2.0000]]), 'rvq_quantizer.layers.2._codebook.embed_avg': tensor([[[ -4.1993,   2.6309,   3.4089,  ...,  -0.4058,  -0.0450,   3.1318],
         [  3.3926,  -3.5296,   2.2971,  ...,   2.2701,  -1.6102,   6.7547],
         [  2.4068,  -2.1322, -12.2590,  ...,  -0.5728,   1.0763,   3.4206],
         ...,
         [ -3.0858,  10.9418,   8.5431,  ...,  13.7271,   5.9398,  -6.1029],
         [ -4.7454,   4.5529,   7.6277,  ...,   7.7745,   7.1830,   7.6370],
         [ -1.4458,   5.5502,   0.4067,  ...,   0.6326,   4.3370,  -0.8384]]]), 'rvq_quantizer.layers.2._codebook.embed': tensor([[[-1.6290,  1.0206,  1.3224,  ..., -0.1574, -0.0175,  1.2149],
         [ 1.6438, -1.7101,  1.1130,  ...,  1.0999, -0.7802,  3.2728],
         [ 1.2034, -1.0661, -6.1295,  ..., -0.2864,  0.5382,  1.7103],
         ...,
         [-0.5084,  1.8027,  1.4075,  ...,  2.2616,  0.9786, -1.0055],
         [-1.1898,  1.1416,  1.9126,  ...,  1.9494,  1.8010,  1.9149],
         [-0.7229,  2.7751,  0.2033,  ...,  0.3163,  2.1685, -0.4192]]]), 'rvq_quantizer.layers.3._codebook.initted': tensor([1.]), 'rvq_quantizer.layers.3._codebook.cluster_size': tensor([[2.0246, 2.7166, 2.0939,  ..., 2.2685, 2.3700, 2.0000]]), 'rvq_quantizer.layers.3._codebook.embed_avg': tensor([[[-1.4916e+00,  7.2028e+00,  6.1154e+00,  ...,  2.4347e+00,
           6.3664e+00,  3.2427e+00],
         [ 4.5216e+00,  3.6747e+00, -2.6802e+00,  ...,  1.7710e+00,
           2.9301e-01,  9.7879e-02],
         [-4.1832e+00, -1.8052e-01, -5.2180e-01,  ..., -6.1202e+00,
           5.0429e+00,  3.5060e-01],
         ...,
         [-7.3602e-01, -8.5498e-01,  5.6236e+00,  ..., -3.7921e-03,
          -2.1789e-01,  1.8295e-02],
         [-4.2360e-01,  3.4116e-01,  6.9081e-02,  ...,  1.1922e-01,
          -7.0832e-02,  6.1367e-02],
         [ 5.0079e+00,  6.5505e+00, -4.8298e+00,  ..., -4.1892e+00,
          -8.6470e-02,  1.6894e+00]]]), 'rvq_quantizer.layers.3._codebook.embed': tensor([[[-7.3674e-01,  3.5576e+00,  3.0205e+00,  ...,  1.2025e+00,
           3.1445e+00,  1.6016e+00],
         [ 1.6644e+00,  1.3527e+00, -9.8662e-01,  ...,  6.5193e-01,
           1.0786e-01,  3.6030e-02],
         [-1.9979e+00, -8.6214e-02, -2.4920e-01,  ..., -2.9229e+00,
           2.4084e+00,  1.6744e-01],
         ...,
         [-3.2445e-01, -3.7689e-01,  2.4790e+00,  ..., -1.6716e-03,
          -9.6050e-02,  8.0646e-03],
         [-1.7873e-01,  1.4395e-01,  2.9148e-02,  ...,  5.0305e-02,
          -2.9887e-02,  2.5893e-02],
         [ 2.5040e+00,  3.2753e+00, -2.4149e+00,  ..., -2.0946e+00,
          -4.3235e-02,  8.4470e-01]]])})
Loss:  tensor(6.4347, grad_fn=<MeanBackward0>)
OrderedDict({'rvq_quantizer.project_in.weight': tensor([[ 0.3935, -0.3102, -0.4977,  ...,  0.1585,  0.1919,  0.1779],
        [-0.4788, -0.0634,  0.2912,  ...,  0.0163,  0.0680, -0.1713],
        [ 0.0732, -0.1214, -0.1266,  ..., -0.0218,  0.0887,  0.0789],
        ...,
        [-0.5207,  0.4182,  0.5946,  ..., -0.1704, -0.2018, -0.2969],
        [-0.4955,  0.3485,  0.5719,  ..., -0.1935, -0.2268, -0.3025],
        [-0.4669,  0.3647,  0.5087,  ..., -0.2282, -0.3394, -0.3638]]), 'rvq_quantizer.project_in.bias': tensor([-0.5717,  0.5798, -0.1625,  0.1943, -0.1325, -0.1994,  0.0703, -0.4411,
         0.0383, -0.6758, -0.1476, -0.2097, -0.6010, -0.2567,  0.5100, -0.2682,
        -0.0852,  0.3905,  0.3196,  0.5240,  0.5053,  0.6471, -0.5878,  0.6302,
        -0.2975, -0.5636,  0.1394,  0.5469,  0.2912,  0.6491,  0.6364,  0.6259]), 'rvq_quantizer.project_out.weight': tensor([[ 0.0863,  0.1175, -0.0987,  ..., -0.0436,  0.0902, -0.0665],
        [-0.0337,  0.0185,  0.1248,  ..., -0.1478, -0.1462, -0.0690],
        [ 0.1136,  0.0347, -0.1496,  ...,  0.1559,  0.1245, -0.1110],
        ...,
        [-0.0980,  0.0885, -0.1271,  ..., -0.0326,  0.1682, -0.0498],
        [-0.0419,  0.0095, -0.0684,  ...,  0.0084, -0.0638, -0.1158],
        [-0.0722,  0.0351, -0.0780,  ..., -0.1712,  0.1494, -0.0657]]), 'rvq_quantizer.project_out.bias': tensor([-0.0057, -0.1618, -0.0106, -0.1491,  0.1075, -0.1614, -0.1343,  0.1031,
         0.0111,  0.0539, -0.1584, -0.0913, -0.0218,  0.0136,  0.0118, -0.0675,
        -0.0649, -0.1732, -0.0018,  0.0052,  0.0404,  0.1226, -0.1440,  0.0450,
         0.1010,  0.1239,  0.1398, -0.0086, -0.0618,  0.0553,  0.1455,  0.1233,
        -0.1643,  0.0420, -0.1047,  0.1099, -0.0730, -0.0033,  0.0521, -0.1638,
         0.0447, -0.0199,  0.1100,  0.0143,  0.0467,  0.1464, -0.1500,  0.0397,
        -0.0979,  0.0147, -0.1461, -0.0785, -0.1591, -0.0969, -0.1011,  0.0893,
        -0.0945,  0.1582,  0.0263, -0.0766, -0.0984,  0.1358,  0.1505,  0.0912]), 'rvq_quantizer.layers.0._codebook.initted': tensor([1.]), 'rvq_quantizer.layers.0._codebook.cluster_size': tensor([[3.5738, 2.0000, 4.6616,  ..., 2.0000, 3.0231, 2.7656]]), 'rvq_quantizer.layers.0._codebook.embed_avg': tensor([[[-1141.4916,   733.1840,  -475.0689,  ...,  1559.4031,
           1457.9286,  1615.8519],
         [ -508.8356,   471.8233,  -176.2571,  ...,   714.8180,
            676.1912,   728.2486],
         [ -896.1449,   879.6245,  -322.7516,  ...,  1276.2322,
           1187.3956,  1284.3683],
         ...,
         [ -547.9734,   370.0256,  -233.5199,  ...,   762.3140,
            711.6319,   793.6201],
         [ -732.9418,   746.5170,  -228.3047,  ...,   994.1402,
            955.9916,   975.2822],
         [ -486.0278,   302.5834,  -226.9235,  ...,   681.4962,
            631.6803,   769.8730]]]), 'rvq_quantizer.layers.0._codebook.embed': tensor([[[-319.4069,  205.1561, -132.9316,  ...,  436.3449,  407.9508,
           452.1401],
         [-254.4175,  235.9113,  -88.1284,  ...,  357.4085,  338.0952,
           364.1238],
         [-192.2392,  188.6953,  -69.2360,  ...,  273.7747,  254.7177,
           275.5201],
         ...,
         [-273.9867,  185.0128, -116.7600,  ...,  381.1570,  355.8159,
           396.8100],
         [-242.4453,  246.9357,  -75.5195,  ...,  328.8454,  316.2265,
           322.6075],
         [-175.7403,  109.4096,  -82.0521,  ...,  246.4187,  228.4060,
           278.3744]]]), 'rvq_quantizer.layers.1._codebook.initted': tensor([1.]), 'rvq_quantizer.layers.1._codebook.cluster_size': tensor([[3.0778, 2.2775, 3.1000,  ..., 2.0000, 4.9070, 2.3826]]), 'rvq_quantizer.layers.1._codebook.embed_avg': tensor([[[-9.5815e+00, -1.3061e+00,  1.0870e+01,  ...,  6.6121e+00,
          -1.4129e+00, -1.3604e+00],
         [-1.9330e+00, -2.2763e+00,  2.1104e+01,  ..., -1.6052e+00,
           1.8273e+01,  1.2314e+01],
         [-3.4138e+00, -5.8585e-01, -7.0571e+00,  ...,  4.1182e+00,
           4.4970e+00,  4.2705e+00],
         ...,
         [-4.6045e-01,  8.7086e+00, -4.8392e+00,  ...,  3.2330e+00,
           7.6168e+00,  4.2243e+00],
         [ 3.8748e+00, -3.4053e-02, -6.0687e+00,  ..., -4.7656e+00,
          -2.3165e+00, -4.3005e+00],
         [ 1.5139e+01,  9.5784e+00,  3.6112e+01,  ..., -6.3741e+00,
           5.7593e+00, -2.8836e-01]]]), 'rvq_quantizer.layers.1._codebook.embed': tensor([[[-3.1131e+00, -4.2436e-01,  3.5316e+00,  ...,  2.1483e+00,
          -4.5907e-01, -4.4202e-01],
         [-8.4874e-01, -9.9948e-01,  9.2665e+00,  ..., -7.0482e-01,
           8.0235e+00,  5.4068e+00],
         [-1.1012e+00, -1.8898e-01, -2.2765e+00,  ...,  1.3284e+00,
           1.4506e+00,  1.3776e+00],
         ...,
         [-2.3022e-01,  4.3543e+00, -2.4196e+00,  ...,  1.6165e+00,
           3.8084e+00,  2.1122e+00],
         [ 7.8965e-01, -6.9397e-03, -1.2367e+00,  ..., -9.7119e-01,
          -4.7209e-01, -8.7641e-01],
         [ 6.3537e+00,  4.0201e+00,  1.5156e+01,  ..., -2.6752e+00,
           2.4172e+00, -1.2102e-01]]]), 'rvq_quantizer.layers.2._codebook.initted': tensor([1.]), 'rvq_quantizer.layers.2._codebook.cluster_size': tensor([[2.6200, 2.0575, 2.0000,  ..., 5.8628, 3.5894, 2.0000]]), 'rvq_quantizer.layers.2._codebook.embed_avg': tensor([[[-4.3875,  2.1168,  2.7753,  ..., -0.4142,  0.2216,  3.4143],
         [ 3.7269, -4.1222,  1.0128,  ...,  1.8873, -1.8931,  6.3424],
         [ 0.6757,  0.3064, -0.4665,  ..., -0.6636, -0.4990, -0.6742],
         ...,
         [-3.7569, 10.7211,  7.8482,  ..., 12.8202,  4.2990, -5.6040],
         [-4.2708,  4.0976,  6.8649,  ...,  6.9971,  6.4647,  6.8733],
         [-1.4193, -1.5741, -5.5835,  ...,  0.5660,  1.2713,  0.8870]]]), 'rvq_quantizer.layers.2._codebook.embed': tensor([[[-1.6746,  0.8079,  1.0593,  ..., -0.1581,  0.0846,  1.3032],
         [ 1.8114, -2.0035,  0.4922,  ...,  0.9173, -0.9201,  3.0826],
         [ 0.3379,  0.1532, -0.2333,  ..., -0.3318, -0.2495, -0.3371],
         ...,
         [-0.6408,  1.8287,  1.3387,  ...,  2.1867,  0.7333, -0.9559],
         [-1.1898,  1.1416,  1.9126,  ...,  1.9494,  1.8010,  1.9149],
         [-0.7096, -0.7871, -2.7917,  ...,  0.2830,  0.6356,  0.4435]]]), 'rvq_quantizer.layers.3._codebook.initted': tensor([1.]), 'rvq_quantizer.layers.3._codebook.cluster_size': tensor([[2.0000, 2.6449, 2.0000,  ..., 2.1416, 2.1330, 2.0000]]), 'rvq_quantizer.layers.3._codebook.embed_avg': tensor([[[ 1.9016e+00, -5.6471e+00, -4.0927e+00,  ..., -1.2702e+00,
          -3.1968e+00, -1.4369e+00],
         [ 4.6385e+00,  4.0330e+00, -2.6318e+00,  ...,  1.6579e+00,
           1.4858e-02,  1.6797e-01],
         [ 5.9627e+00,  1.5943e+00,  1.3968e+00,  ..., -2.4176e+00,
           1.9258e+00, -1.8471e+00],
         ...,
         [-8.6422e-01, -8.6966e-01,  5.4116e+00,  ...,  4.7835e-02,
          -8.5603e-02, -4.6506e-03],
         [-3.8124e-01,  3.0704e-01,  6.2173e-02,  ...,  1.0730e-01,
          -6.3749e-02,  5.5230e-02],
         [-7.1393e+00,  7.4255e+00, -4.4072e-01,  ..., -9.7767e-02,
          -3.0833e+00, -1.1716e+00]]]), 'rvq_quantizer.layers.3._codebook.embed': tensor([[[ 9.5081e-01, -2.8235e+00, -2.0464e+00,  ..., -6.3512e-01,
          -1.5984e+00, -7.1844e-01],
         [ 1.7537e+00,  1.5248e+00, -9.9502e-01,  ...,  6.2681e-01,
           5.6174e-03,  6.3505e-02],
         [ 2.9814e+00,  7.9713e-01,  6.9839e-01,  ..., -1.2088e+00,
           9.6290e-01, -9.2353e-01],
         ...,
         [-4.0353e-01, -4.0607e-01,  2.5268e+00,  ...,  2.2336e-02,
          -3.9971e-02, -2.1715e-03],
         [-1.7873e-01,  1.4395e-01,  2.9148e-02,  ...,  5.0305e-02,
          -2.9887e-02,  2.5893e-02],
         [-3.5697e+00,  3.7128e+00, -2.2036e-01,  ..., -4.8883e-02,
          -1.5417e+00, -5.8578e-01]]])})
Loss:  tensor(6.4229, grad_fn=<MeanBackward0>)
OrderedDict({'rvq_quantizer.project_in.weight': tensor([[ 0.3972, -0.3144, -0.5015,  ...,  0.1559,  0.1888,  0.1765],
        [-0.4790, -0.0616,  0.2905,  ...,  0.0227,  0.0762, -0.1643],
        [ 0.0800, -0.1266, -0.1194,  ..., -0.0165,  0.0949,  0.0844],
        ...,
        [-0.5254,  0.4215,  0.6010,  ..., -0.1655, -0.1971, -0.2932],
        [-0.5000,  0.3552,  0.5756,  ..., -0.1885, -0.2232, -0.2996],
        [-0.4712,  0.3701,  0.5140,  ..., -0.2252, -0.3357, -0.3617]]), 'rvq_quantizer.project_in.bias': tensor([-0.5745,  0.5788, -0.1690,  0.1939, -0.1333, -0.1977,  0.0725, -0.4425,
         0.0369, -0.6796, -0.1466, -0.2103, -0.6041, -0.2578,  0.5131, -0.2701,
        -0.0841,  0.3926,  0.3218,  0.5264,  0.5091,  0.6518, -0.5909,  0.6337,
        -0.2993, -0.5674,  0.1386,  0.5506,  0.2933,  0.6530,  0.6403,  0.6291]), 'rvq_quantizer.project_out.weight': tensor([[ 0.0863,  0.1175, -0.0987,  ..., -0.0436,  0.0902, -0.0665],
        [-0.0337,  0.0185,  0.1248,  ..., -0.1478, -0.1462, -0.0690],
        [ 0.1136,  0.0347, -0.1496,  ...,  0.1559,  0.1245, -0.1110],
        ...,
        [-0.0980,  0.0885, -0.1271,  ..., -0.0326,  0.1682, -0.0498],
        [-0.0419,  0.0095, -0.0684,  ...,  0.0084, -0.0638, -0.1158],
        [-0.0722,  0.0351, -0.0780,  ..., -0.1712,  0.1494, -0.0657]]), 'rvq_quantizer.project_out.bias': tensor([-0.0057, -0.1618, -0.0106, -0.1491,  0.1075, -0.1614, -0.1343,  0.1031,
         0.0111,  0.0539, -0.1584, -0.0913, -0.0218,  0.0136,  0.0118, -0.0675,
        -0.0649, -0.1732, -0.0018,  0.0052,  0.0404,  0.1226, -0.1440,  0.0450,
         0.1010,  0.1239,  0.1398, -0.0086, -0.0618,  0.0553,  0.1455,  0.1233,
        -0.1643,  0.0420, -0.1047,  0.1099, -0.0730, -0.0033,  0.0521, -0.1638,
         0.0447, -0.0199,  0.1100,  0.0143,  0.0467,  0.1464, -0.1500,  0.0397,
        -0.0979,  0.0147, -0.1461, -0.0785, -0.1591, -0.0969, -0.1011,  0.0893,
        -0.0945,  0.1582,  0.0263, -0.0766, -0.0984,  0.1358,  0.1505,  0.0912]), 'rvq_quantizer.layers.0._codebook.initted': tensor([1.]), 'rvq_quantizer.layers.0._codebook.cluster_size': tensor([[3.4548, 2.0000, 4.2559,  ..., 2.0000, 3.1987, 2.6201]]), 'rvq_quantizer.layers.0._codebook.embed_avg': tensor([[[-1101.6467,   707.6586,  -458.5873,  ...,  1506.5559,
           1411.3838,  1562.1812],
         [ -510.1932,   470.7825,  -178.9190,  ...,   714.8629,
            677.5432,   728.8314],
         [ -820.0120,   803.9229,  -295.5846,  ...,  1166.7501,
           1084.4250,  1172.3696],
         ...,
         [ -674.8948,   518.6003,  -229.2584,  ...,   914.0285,
            850.9244,   898.5632],
         [ -776.9419,   788.3165,  -241.6067,  ...,  1055.5991,
           1012.3772,  1033.5911],
         [ -459.7480,   285.4780,  -217.4726,  ...,   646.0761,
            596.9698,   728.4513]]]), 'rvq_quantizer.layers.0._codebook.embed': tensor([[[-318.8773,  204.8355, -132.7405,  ...,  436.0804,  408.5323,
           452.1814],
         [-255.0963,  235.3909,  -89.4594,  ...,  357.4310,  338.7711,
           364.4152],
         [-192.6762,  188.8958,  -69.4528,  ...,  274.1484,  254.8047,
           275.4688],
         ...,
         [-337.4470,  259.2998, -114.6290,  ...,  457.0136,  425.4617,
           449.2810],
         [-242.8909,  246.4468,  -75.5321,  ...,  330.0059,  316.4936,
           323.1256],
         [-175.4671,  108.9553,  -83.0004,  ...,  246.5809,  227.8390,
           278.0201]]]), 'rvq_quantizer.layers.1._codebook.initted': tensor([1.]), 'rvq_quantizer.layers.1._codebook.cluster_size': tensor([[2.9630, 2.0000, 2.5110,  ..., 2.5600, 4.1547, 2.0000]]), 'rvq_quantizer.layers.1._codebook.embed_avg': tensor([[[ -9.2393,  -1.0716,   9.1416,  ...,   6.3088,  -1.5837,  -0.9998],
         [  2.2339,  -8.3221, -19.1186,  ...,  -2.4171,  -0.0455,  -1.6057],
         [ -2.7652,  -0.4745,  -5.7162,  ...,   3.3357,   3.6426,   3.4591],
         ...,
         [ -0.8975,  10.6302,  -7.0486,  ...,   4.0044,   8.9095,   4.8404],
         [  3.3402,  -0.1899,  -5.1717,  ...,  -4.3659,  -2.0830,  -3.4333],
         [  4.3822,  -1.7491, -12.5892,  ...,   2.9859,  -1.7359,  -2.1823]]]), 'rvq_quantizer.layers.1._codebook.embed': tensor([[[-3.1182, -0.3616,  3.0853,  ...,  2.1292, -0.5345, -0.3374],
         [ 1.1169, -4.1610, -9.5593,  ..., -1.2085, -0.0227, -0.8029],
         [-1.1012, -0.1890, -2.2765,  ...,  1.3284,  1.4506,  1.3776],
         ...,
         [-0.3506,  4.1524, -2.7534,  ...,  1.5642,  3.4803,  1.8908],
         [ 0.8040, -0.0457, -1.2448,  ..., -1.0508, -0.5014, -0.8264],
         [ 2.1911, -0.8745, -6.2946,  ...,  1.4930, -0.8680, -1.0911]]]), 'rvq_quantizer.layers.2._codebook.initted': tensor([1.]), 'rvq_quantizer.layers.2._codebook.cluster_size': tensor([[2.7922, 2.1366, 2.7900,  ..., 4.9488, 3.0974, 2.7300]]), 'rvq_quantizer.layers.2._codebook.embed_avg': tensor([[[-5.0699,  1.5222,  1.8514,  ..., -0.5373, -0.6442,  3.3200],
         [ 4.0978, -5.2216, -0.3446,  ...,  2.1007, -1.9325,  6.0465],
         [ 0.9049, -0.0412, -0.4764,  ..., -0.9962, -1.0845, -1.0052],
         ...,
         [-3.4749,  9.0384,  6.4888,  ..., 11.0550,  3.4766, -4.9975],
         [-3.4103,  3.4331,  5.6699,  ...,  6.0647,  5.7212,  5.8842],
         [-1.9382, -2.2749, -7.8762,  ...,  0.9189,  1.4784,  1.1673]]]), 'rvq_quantizer.layers.2._codebook.embed': tensor([[[-1.8157,  0.5452,  0.6631,  ..., -0.1924, -0.2307,  1.1890],
         [ 1.9179, -2.4439, -0.1613,  ...,  0.9832, -0.9045,  2.8300],
         [ 0.3244, -0.0148, -0.1708,  ..., -0.3571, -0.3887, -0.3603],
         ...,
         [-0.7022,  1.8264,  1.3112,  ...,  2.2339,  0.7025, -1.0098],
         [-1.1010,  1.1084,  1.8305,  ...,  1.9580,  1.8471,  1.8997],
         [-0.7100, -0.8333, -2.8851,  ...,  0.3366,  0.5415,  0.4276]]]), 'rvq_quantizer.layers.3._codebook.initted': tensor([1.]), 'rvq_quantizer.layers.3._codebook.cluster_size': tensor([[2.0000, 2.2324, 2.3000,  ..., 2.1047, 2.0177, 2.1000]]), 'rvq_quantizer.layers.3._codebook.embed_avg': tensor([[[-1.9501e+00, -1.0335e+01,  1.2947e+00,  ..., -5.8823e+00,
           4.7194e+00, -1.6125e+00],
         [ 4.0256e+00,  3.5105e+00, -2.3185e+00,  ...,  1.4352e+00,
           3.6350e-02,  1.2298e-01],
         [ 1.2427e+00, -1.9373e+00,  8.0884e-02,  ..., -4.4529e+00,
          -1.8488e-01,  1.3680e+00],
         ...,
         [-9.0497e-01, -9.2427e-01,  5.5184e+00,  ..., -7.8513e-03,
           1.8420e-01, -7.1449e-02],
         [-3.1896e-01,  2.7203e-01,  1.0160e-01,  ...,  1.0892e-01,
          -4.5468e-02,  7.8490e-02],
         [ 8.6799e-01, -1.1320e+00,  4.8304e-01,  ...,  8.8393e-01,
          -6.4825e-01, -7.2446e-01]]]), 'rvq_quantizer.layers.3._codebook.embed': tensor([[[-9.7504e-01, -5.1673e+00,  6.4735e-01,  ..., -2.9412e+00,
           2.3597e+00, -8.0625e-01],
         [ 1.8033e+00,  1.5725e+00, -1.0386e+00,  ...,  6.4287e-01,
           1.6283e-02,  5.5090e-02],
         [ 5.4030e-01, -8.4230e-01,  3.5167e-02,  ..., -1.9361e+00,
          -8.0380e-02,  5.9476e-01],
         ...,
         [-4.2997e-01, -4.3914e-01,  2.6219e+00,  ..., -3.7303e-03,
           8.7518e-02, -3.3947e-02],
         [-1.5808e-01,  1.3482e-01,  5.0355e-02,  ...,  5.3981e-02,
          -2.2534e-02,  3.8900e-02],
         [ 4.1333e-01, -5.3903e-01,  2.3002e-01,  ...,  4.2092e-01,
          -3.0869e-01, -3.4498e-01]]])})
Loss:  tensor(6.8066, grad_fn=<MeanBackward0>)
OrderedDict({'rvq_quantizer.project_in.weight': tensor([[ 0.3990, -0.3163, -0.5034,  ...,  0.1546,  0.1873,  0.1757],
        [-0.4791, -0.0604,  0.2902,  ...,  0.0261,  0.0804, -0.1606],
        [ 0.0833, -0.1291, -0.1159,  ..., -0.0139,  0.0980,  0.0871],
        ...,
        [-0.5277,  0.4231,  0.6041,  ..., -0.1631, -0.1947, -0.2914],
        [-0.5022,  0.3585,  0.5774,  ..., -0.1860, -0.2214, -0.2981],
        [-0.4733,  0.3727,  0.5166,  ..., -0.2237, -0.3338, -0.3607]]), 'rvq_quantizer.project_in.bias': tensor([-0.5758,  0.5783, -0.1722,  0.1935, -0.1338, -0.1965,  0.0736, -0.4431,
         0.0365, -0.6815, -0.1462, -0.2106, -0.6056, -0.2583,  0.5146, -0.2711,
        -0.0846,  0.3936,  0.3229,  0.5275,  0.5110,  0.6542, -0.5923,  0.6354,
        -0.3002, -0.5692,  0.1383,  0.5524,  0.2942,  0.6549,  0.6421,  0.6306]), 'rvq_quantizer.project_out.weight': tensor([[ 0.0863,  0.1175, -0.0987,  ..., -0.0436,  0.0902, -0.0665],
        [-0.0337,  0.0185,  0.1248,  ..., -0.1478, -0.1462, -0.0690],
        [ 0.1136,  0.0347, -0.1496,  ...,  0.1559,  0.1245, -0.1110],
        ...,
        [-0.0980,  0.0885, -0.1271,  ..., -0.0326,  0.1682, -0.0498],
        [-0.0419,  0.0095, -0.0684,  ...,  0.0084, -0.0638, -0.1158],
        [-0.0722,  0.0351, -0.0780,  ..., -0.1712,  0.1494, -0.0657]]), 'rvq_quantizer.project_out.bias': tensor([-0.0057, -0.1618, -0.0106, -0.1491,  0.1075, -0.1614, -0.1343,  0.1031,
         0.0111,  0.0539, -0.1584, -0.0913, -0.0218,  0.0136,  0.0118, -0.0675,
        -0.0649, -0.1732, -0.0018,  0.0052,  0.0404,  0.1226, -0.1440,  0.0450,
         0.1010,  0.1239,  0.1398, -0.0086, -0.0618,  0.0553,  0.1455,  0.1233,
        -0.1643,  0.0420, -0.1047,  0.1099, -0.0730, -0.0033,  0.0521, -0.1638,
         0.0447, -0.0199,  0.1100,  0.0143,  0.0467,  0.1464, -0.1500,  0.0397,
        -0.0979,  0.0147, -0.1461, -0.0785, -0.1591, -0.0969, -0.1011,  0.0893,
        -0.0945,  0.1582,  0.0263, -0.0766, -0.0984,  0.1358,  0.1505,  0.0912]), 'rvq_quantizer.layers.0._codebook.initted': tensor([1.]), 'rvq_quantizer.layers.0._codebook.cluster_size': tensor([[3.4093, 2.0000, 4.1303,  ..., 2.1000, 3.1789, 2.5581]]), 'rvq_quantizer.layers.0._codebook.embed_avg': tensor([[[-1086.4055,   698.0162,  -453.4427,  ...,  1485.5833,
           1393.4677,  1541.0459],
         [ -510.9640,   469.9333,  -181.0158,  ...,   714.9909,
            678.3168,   729.1859],
         [ -796.6338,   780.0754,  -288.3856,  ...,  1132.9688,
           1052.7094,  1137.9940],
         ...,
         [ -708.3930,   544.1403,  -242.1158,  ...,   960.0193,
            893.9971,   942.6079],
         [ -772.8945,   781.7379,  -241.7201,  ...,  1050.1266,
           1006.6394,  1027.6729],
         [ -448.4087,   277.5277,  -214.3723,  ...,   630.7532,
            581.9886,   710.5526]]]), 'rvq_quantizer.layers.0._codebook.embed': tensor([[[-318.6604,  204.7395, -133.0021,  ...,  435.7457,  408.7267,
           452.0138],
         [-255.4817,  234.9663,  -90.5078,  ...,  357.4950,  339.1580,
           364.5925],
         [-192.8747,  188.8658,  -69.8217,  ...,  274.3055,  254.8738,
           275.5222],
         ...,
         [-337.3297,  259.1142, -115.2931,  ...,  457.1516,  425.7125,
           448.8605],
         [-243.1361,  245.9180,  -76.0400,  ...,  330.3474,  316.6672,
           323.2839],
         [-175.2880,  108.4887,  -83.8005,  ...,  246.5685,  227.5059,
           277.7631]]]), 'rvq_quantizer.layers.1._codebook.initted': tensor([1.]), 'rvq_quantizer.layers.1._codebook.cluster_size': tensor([[2.6667, 4.5000, 2.2599,  ..., 2.5040, 3.9392, 2.3000]]), 'rvq_quantizer.layers.1._codebook.embed_avg': tensor([[[ -8.3154,  -0.9644,   8.2275,  ...,   5.6779,  -1.4253,  -0.8998],
         [  5.6438, -23.8254, -47.9071,  ...,  -5.2568,   0.4249,  -4.4946],
         [ -2.4887,  -0.4271,  -5.1446,  ...,   3.0021,   3.2783,   3.1132],
         ...,
         [ -1.0922,   9.8823,  -7.7091,  ...,   3.8017,   9.0700,   4.9312],
         [  3.1761,   0.2839,  -4.9864,  ...,  -4.5950,  -1.8721,  -3.4111],
         [  3.7052,  -1.6002, -15.1700,  ...,   4.1527,  -2.1688,  -3.1626]]]), 'rvq_quantizer.layers.1._codebook.embed': tensor([[[ -3.1182,  -0.3616,   3.0853,  ...,   2.1292,  -0.5345,  -0.3374],
         [  1.2542,  -5.2945, -10.6460,  ...,  -1.1682,   0.0944,  -0.9988],
         [ -1.1012,  -0.1890,  -2.2765,  ...,   1.3284,   1.4506,   1.3776],
         ...,
         [ -0.4362,   3.9466,  -3.0787,  ...,   1.5182,   3.6222,   1.9693],
         [  0.8063,   0.0721,  -1.2658,  ...,  -1.1665,  -0.4752,  -0.8659],
         [  1.6110,  -0.6958,  -6.5957,  ...,   1.8055,  -0.9430,  -1.3750]]]), 'rvq_quantizer.layers.2._codebook.initted': tensor([1.]), 'rvq_quantizer.layers.2._codebook.cluster_size': tensor([[2.9130, 2.1229, 2.7110,  ..., 4.4540, 2.8877, 2.6570]]), 'rvq_quantizer.layers.2._codebook.embed_avg': tensor([[[-5.5388,  0.8763,  1.5255,  ..., -0.2805, -0.1660,  3.4932],
         [ 4.6952, -5.3321, -0.7419,  ...,  2.3131, -1.4429,  5.8928],
         [ 0.8850, -0.1135, -0.3815,  ..., -0.9684, -1.0544, -1.0223],
         ...,
         [-3.1274,  8.1346,  5.8399,  ...,  9.9495,  3.1289, -4.4977],
         [-3.3000,  3.0349,  5.3637,  ...,  5.7396,  5.5782,  5.3977],
         [-1.8971, -2.1929, -7.6259,  ...,  0.9164,  1.3716,  1.1251]]]), 'rvq_quantizer.layers.2._codebook.embed': tensor([[[-1.9014,  0.3008,  0.5237,  ..., -0.0963, -0.0570,  1.1992],
         [ 2.2117, -2.5117, -0.3495,  ...,  1.0896, -0.6797,  2.7758],
         [ 0.3265, -0.0419, -0.1407,  ..., -0.3572, -0.3889, -0.3771],
         ...,
         [-0.7022,  1.8264,  1.3112,  ...,  2.2339,  0.7025, -1.0098],
         [-1.1428,  1.0510,  1.8574,  ...,  1.9876,  1.9317,  1.8692],
         [-0.7140, -0.8253, -2.8701,  ...,  0.3449,  0.5162,  0.4234]]]), 'rvq_quantizer.layers.3._codebook.initted': tensor([1.]), 'rvq_quantizer.layers.3._codebook.cluster_size': tensor([[2.0000, 2.1092, 2.8700,  ..., 2.0000, 2.3160, 2.0900]]), 'rvq_quantizer.layers.3._codebook.embed_avg': tensor([[[-3.2518, -3.2095,  1.1328,  ..., -2.8319,  1.0012,  0.0280],
         [ 3.8807,  3.3892, -2.1894,  ...,  1.3452,  0.1360,  0.1221],
         [ 1.2180, -2.2023,  0.0176,  ..., -5.1988,  0.5054,  1.6503],
         ...,
         [-5.0284,  1.6538,  3.0082,  ...,  0.1325, -2.3583, -0.1626],
         [-0.1821,  0.1923,  0.1374,  ...,  0.0919, -0.0830,  0.1363],
         [ 0.9299, -1.0488,  0.5381,  ...,  0.8389, -0.6101, -0.7421]]]), 'rvq_quantizer.layers.3._codebook.embed': tensor([[[-1.6259, -1.6048,  0.5664,  ..., -1.4159,  0.5006,  0.0140],
         [ 1.8399,  1.6069, -1.0380,  ...,  0.6378,  0.0645,  0.0579],
         [ 0.4244, -0.7673,  0.0061,  ..., -1.8114,  0.1761,  0.5750],
         ...,
         [-2.5142,  0.8269,  1.5041,  ...,  0.0663, -1.1791, -0.0813],
         [-0.0786,  0.0831,  0.0593,  ...,  0.0397, -0.0358,  0.0589],
         [ 0.4449, -0.5018,  0.2575,  ...,  0.4014, -0.2919, -0.3551]]])})
Loss:  tensor(7.0247, grad_fn=<MeanBackward0>)
OrderedDict({'rvq_quantizer.project_in.weight': tensor([[ 0.4007, -0.3181, -0.5052,  ...,  0.1533,  0.1858,  0.1750],
        [-0.4792, -0.0589,  0.2899,  ...,  0.0293,  0.0844, -0.1569],
        [ 0.0865, -0.1314, -0.1126,  ..., -0.0114,  0.1009,  0.0897],
        ...,
        [-0.5300,  0.4248,  0.6072,  ..., -0.1607, -0.1924, -0.2896],
        [-0.5043,  0.3618,  0.5791,  ..., -0.1835, -0.2196, -0.2966],
        [-0.4754,  0.3754,  0.5191,  ..., -0.2223, -0.3320, -0.3596]]), 'rvq_quantizer.project_in.bias': tensor([-0.5772,  0.5777, -0.1752,  0.1931, -0.1342, -0.1953,  0.0747, -0.4438,
         0.0360, -0.6834, -0.1460, -0.2109, -0.6071, -0.2588,  0.5160, -0.2720,
        -0.0858,  0.3947,  0.3240,  0.5286,  0.5129,  0.6564, -0.5935,  0.6370,
        -0.3010, -0.5710,  0.1381,  0.5542,  0.2950,  0.6568,  0.6440,  0.6322]), 'rvq_quantizer.project_out.weight': tensor([[ 0.0863,  0.1175, -0.0987,  ..., -0.0436,  0.0902, -0.0665],
        [-0.0337,  0.0185,  0.1248,  ..., -0.1478, -0.1462, -0.0690],
        [ 0.1136,  0.0347, -0.1496,  ...,  0.1559,  0.1245, -0.1110],
        ...,
        [-0.0980,  0.0885, -0.1271,  ..., -0.0326,  0.1682, -0.0498],
        [-0.0419,  0.0095, -0.0684,  ...,  0.0084, -0.0638, -0.1158],
        [-0.0722,  0.0351, -0.0780,  ..., -0.1712,  0.1494, -0.0657]]), 'rvq_quantizer.project_out.bias': tensor([-0.0057, -0.1618, -0.0106, -0.1491,  0.1075, -0.1614, -0.1343,  0.1031,
         0.0111,  0.0539, -0.1584, -0.0913, -0.0218,  0.0136,  0.0118, -0.0675,
        -0.0649, -0.1732, -0.0018,  0.0052,  0.0404,  0.1226, -0.1440,  0.0450,
         0.1010,  0.1239,  0.1398, -0.0086, -0.0618,  0.0553,  0.1455,  0.1233,
        -0.1643,  0.0420, -0.1047,  0.1099, -0.0730, -0.0033,  0.0521, -0.1638,
         0.0447, -0.0199,  0.1100,  0.0143,  0.0467,  0.1464, -0.1500,  0.0397,
        -0.0979,  0.0147, -0.1461, -0.0785, -0.1591, -0.0969, -0.1011,  0.0893,
        -0.0945,  0.1582,  0.0263, -0.0766, -0.0984,  0.1358,  0.1505,  0.0912]), 'rvq_quantizer.layers.0._codebook.initted': tensor([1.]), 'rvq_quantizer.layers.0._codebook.cluster_size': tensor([[3.3684, 2.0000, 4.0173,  ..., 2.2900, 3.1610, 2.5023]]), 'rvq_quantizer.layers.0._codebook.embed_avg': tensor([[[-1072.6426,   688.7408,  -449.9296,  ...,  1466.7048,
           1377.4539,  1522.0360],
         [ -511.7834,   468.8832,  -183.5468,  ...,   715.1774,
            679.1367,   729.5732],
         [ -775.6360,   758.1984,  -282.6624,  ...,  1102.5928,
           1024.1794,  1107.0558],
         ...,
         [ -772.0898,   591.4528,  -267.4995,  ...,  1046.8534,
            975.0069,  1027.0701],
         [ -769.3640,   775.4801,  -242.5044,  ...,  1045.3402,
           1001.5623,  1022.4764],
         [ -438.1090,   269.9123,  -212.2063,  ...,   616.8133,
            568.3755,   694.2834]]]), 'rvq_quantizer.layers.0._codebook.embed': tensor([[[-318.4465,  204.4736, -133.5753,  ...,  435.4358,  408.9390,
           451.8625],
         [-255.8913,  234.4413,  -91.7733,  ...,  357.5882,  339.5679,
           364.7861],
         [-193.0747,  188.7340,  -70.3616,  ...,  274.4622,  254.9432,
           275.5731],
         ...,
         [-337.1569,  258.2761, -116.8119,  ...,  457.1409,  425.7669,
           448.5019],
         [-243.3949,  245.3298,  -76.7183,  ...,  330.7024,  316.8528,
           323.4692],
         [-175.0816,  107.8651,  -84.8041,  ...,  246.4972,  227.1401,
           277.4567]]]), 'rvq_quantizer.layers.1._codebook.initted': tensor([1.]), 'rvq_quantizer.layers.1._codebook.cluster_size': tensor([[2.5000, 6.5500, 2.0339,  ..., 2.3536, 3.6453, 2.4700]]), 'rvq_quantizer.layers.1._codebook.embed_avg': tensor([[[ -7.7692,  -1.2004,   7.9137,  ...,   5.5135,  -1.3725,  -0.7788],
         [  8.8607, -38.4528, -76.9107,  ...,  -7.8464,   1.8993,  -6.8623],
         [ -2.2398,  -0.3844,  -4.6301,  ...,   2.7019,   2.9505,   2.8019],
         ...,
         [ -0.5260,   9.2000,  -8.0412,  ...,   3.5403,   8.1334,   4.6138],
         [  2.7888,   0.3308,  -4.3346,  ...,  -4.3070,  -1.5974,  -3.1901],
         [  3.6944,  -2.3782, -16.7872,  ...,   4.7113,  -2.1273,  -3.2280]]]), 'rvq_quantizer.layers.1._codebook.embed': tensor([[[ -3.1076,  -0.4801,   3.1655,  ...,   2.2054,  -0.5490,  -0.3115],
         [  1.3528,  -5.8707, -11.7421,  ...,  -1.1979,   0.2900,  -1.0477],
         [ -1.1012,  -0.1890,  -2.2765,  ...,   1.3284,   1.4506,   1.3776],
         ...,
         [ -0.2235,   3.9089,  -3.4166,  ...,   1.5042,   3.4557,   1.9603],
         [  0.7650,   0.0907,  -1.1891,  ...,  -1.1815,  -0.4382,  -0.8751],
         [  1.4957,  -0.9628,  -6.7965,  ...,   1.9074,  -0.8612,  -1.3069]]]), 'rvq_quantizer.layers.2._codebook.initted': tensor([1.]), 'rvq_quantizer.layers.2._codebook.cluster_size': tensor([[2.8217, 2.1106, 2.7399,  ..., 4.1086, 3.0989, 2.3913]]), 'rvq_quantizer.layers.2._codebook.embed_avg': tensor([[[-5.5163,  0.2004,  0.9507,  ..., -0.2304, -0.2404,  3.1491],
         [ 4.9194, -5.1552, -1.6475,  ...,  1.6003, -1.0431,  5.7328],
         [ 0.8320, -0.2133, -0.3079,  ..., -0.9775, -1.1015, -1.0497],
         ...,
         [-3.1244,  6.9739,  5.0646,  ...,  9.3425,  3.3673, -4.1140],
         [-3.6813,  2.7635,  5.5883,  ...,  7.1949,  5.4178,  5.4743],
         [-1.7074, -1.9736, -6.8633,  ...,  0.8248,  1.2344,  1.0126]]]), 'rvq_quantizer.layers.2._codebook.embed': tensor([[[-1.9550,  0.0710,  0.3369,  ..., -0.0816, -0.0852,  1.1160],
         [ 2.3308, -2.4425, -0.7806,  ...,  0.7582, -0.4942,  2.7161],
         [ 0.3037, -0.0779, -0.1124,  ..., -0.3568, -0.4020, -0.3831],
         ...,
         [-0.7605,  1.6974,  1.2327,  ...,  2.2739,  0.8196, -1.0013],
         [-1.1879,  0.8918,  1.8033,  ...,  2.3217,  1.7483,  1.7665],
         [-0.7140, -0.8253, -2.8701,  ...,  0.3449,  0.5162,  0.4234]]]), 'rvq_quantizer.layers.3._codebook.initted': tensor([1.]), 'rvq_quantizer.layers.3._codebook.cluster_size': tensor([[2.2000, 2.0000, 2.9830,  ..., 2.0000, 2.2844, 2.0000]]), 'rvq_quantizer.layers.3._codebook.embed_avg': tensor([[[-3.3950, -3.5577,  1.8425,  ..., -3.6925,  0.8530,  0.2247],
         [ 1.6185, -4.9357,  0.5770,  ...,  3.1271,  1.2317,  2.4573],
         [ 1.3548, -2.7527,  0.3706,  ..., -5.5345,  0.5029,  1.5702],
         ...,
         [-5.0942,  1.8017,  3.0230,  ...,  0.2281, -2.1186, -0.0167],
         [-0.1498,  0.2367,  0.1341,  ...,  0.1192, -0.0940,  0.1658],
         [-5.2219,  3.3660, -1.6736,  ...,  5.4890,  1.6983, -3.8830]]]), 'rvq_quantizer.layers.3._codebook.embed': tensor([[[-1.5432, -1.6171,  0.8375,  ..., -1.6784,  0.3877,  0.1021],
         [ 0.8092, -2.4679,  0.2885,  ...,  1.5636,  0.6158,  1.2286],
         [ 0.4542, -0.9228,  0.1242,  ..., -1.8554,  0.1686,  0.5264],
         ...,
         [-2.5471,  0.9009,  1.5115,  ...,  0.1141, -1.0593, -0.0083],
         [-0.0656,  0.1036,  0.0587,  ...,  0.0522, -0.0412,  0.0726],
         [-2.6110,  1.6830, -0.8368,  ...,  2.7445,  0.8491, -1.9415]]])})
Loss:  tensor(7.2253, grad_fn=<MeanBackward0>)
