OrderedDict({'rvq_quantizer.project_in.weight': tensor([[-0.0413, -0.0308, -0.0457,  ..., -0.0054,  0.1202, -0.1159],
        [ 0.0671,  0.0330, -0.0402,  ..., -0.0271,  0.0020,  0.1032],
        [-0.0275,  0.0642, -0.0733,  ..., -0.0311,  0.0269,  0.0363],
        ...,
        [-0.1104, -0.0646,  0.0862,  ..., -0.0201,  0.0044,  0.0403],
        [-0.0280,  0.0473, -0.0244,  ..., -0.0301, -0.0984, -0.0943],
        [-0.0933, -0.0056,  0.1242,  ..., -0.0953,  0.0431,  0.0878]]), 'rvq_quantizer.project_in.bias': tensor([-6.1077e-03, -1.0639e-01,  5.7743e-02,  6.1203e-02, -9.2560e-02,
         7.2414e-02, -8.3908e-02, -1.2417e-01,  1.2006e-01, -1.7564e-02,
        -1.3723e-02,  7.0126e-02,  6.4868e-03,  7.0763e-02,  1.1920e-01,
         4.2498e-05,  4.7043e-02,  9.1601e-02,  6.0515e-02, -1.7811e-02,
         2.7558e-02, -6.4958e-02,  4.0020e-02, -7.0381e-02,  5.4873e-03,
        -3.8032e-02,  2.0210e-02,  6.6242e-02, -3.0837e-02,  1.1786e-01,
         1.2109e-01, -8.7243e-02]), 'rvq_quantizer.project_out.weight': tensor([[ 0.1391,  0.1389, -0.0638,  ...,  0.1497, -0.1518, -0.0982],
        [ 0.0400, -0.1660,  0.0335,  ...,  0.1551, -0.0025, -0.0239],
        [-0.0596, -0.0033,  0.1215,  ...,  0.0158,  0.0578,  0.0373],
        ...,
        [ 0.1155, -0.1740, -0.0604,  ..., -0.0189, -0.1290, -0.1407],
        [ 0.1166, -0.1520,  0.1097,  ..., -0.1163, -0.1759,  0.0724],
        [ 0.0715,  0.1611, -0.1024,  ...,  0.0083, -0.0714, -0.1503]]), 'rvq_quantizer.project_out.bias': tensor([ 1.5987e-01,  1.5615e-01, -1.5339e-01, -1.0336e-01, -6.1310e-02,
         1.3101e-01,  1.5501e-01, -1.5527e-01,  1.1952e-01, -1.5099e-01,
        -6.0957e-02,  1.4259e-01,  1.0313e-01,  1.3681e-01,  1.7227e-01,
        -8.1989e-02, -8.3912e-03, -1.7124e-01, -4.0239e-02,  1.4932e-01,
         1.4961e-01, -5.6660e-02,  9.9182e-02, -1.0434e-01, -7.8989e-02,
        -9.6498e-02,  1.5545e-01,  3.2009e-02,  3.9123e-02, -3.6162e-02,
         3.2309e-02, -1.1915e-01,  1.7072e-01, -1.2743e-01,  1.0117e-01,
        -1.7586e-01, -2.1377e-03, -9.6926e-02, -1.5145e-01, -9.3806e-03,
         9.3895e-02, -1.7972e-02, -9.2573e-02,  4.8761e-02,  3.3396e-02,
        -1.5251e-01,  9.7981e-03,  1.3211e-01, -2.1608e-02, -7.7352e-02,
        -1.3026e-01,  7.6535e-02, -7.3283e-03,  1.0275e-04,  6.7207e-02,
         7.6276e-02,  2.7185e-03, -1.2288e-01,  1.6985e-01, -1.5501e-01,
        -1.4429e-01, -1.2162e-01, -1.6839e-01,  1.5317e-01]), 'rvq_quantizer.layers.0._codebook.initted': tensor([1.]), 'rvq_quantizer.layers.0._codebook.cluster_size': tensor([[2.0000, 2.0000, 2.3000,  ..., 2.3000, 2.0000, 2.2000]]), 'rvq_quantizer.layers.0._codebook.embed_avg': tensor([[[  57.1615, -101.1427,   38.3747,  ...,  155.5742,   46.2842,
           126.0430],
         [  36.2295,  -51.4523,   41.5640,  ...,   88.7308,   55.8316,
            75.5825],
         [  50.5076,  -76.8772,   40.1381,  ...,  136.8283,   73.8320,
            82.1179],
         ...,
         [  65.4968, -111.5899,   35.5773,  ...,  173.2455,   69.9978,
           144.6220],
         [  61.1450,  -81.4706,   26.9436,  ...,  140.1367,   78.3171,
           113.2970],
         [  71.2485,  -76.6848,   23.9536,  ...,  102.5247,   74.5257,
            53.5401]]]), 'rvq_quantizer.layers.0._codebook.embed': tensor([[[ 28.5808, -50.5714,  19.1874,  ...,  77.7871,  23.1421,  63.0215],
         [ 18.1147, -25.7261,  20.7820,  ...,  44.3654,  27.9158,  37.7913],
         [ 21.9598, -33.4249,  17.4513,  ...,  59.4906,  32.1009,  35.7034],
         ...,
         [ 28.4769, -48.5173,  15.4684,  ...,  75.3241,  30.4338,  62.8791],
         [ 30.5725, -40.7353,  13.4718,  ...,  70.0683,  39.1585,  56.6485],
         [ 32.3857, -34.8567,  10.8880,  ...,  46.6021,  33.8753,  24.3364]]]), 'rvq_quantizer.layers.1._codebook.initted': tensor([1.]), 'rvq_quantizer.layers.1._codebook.cluster_size': tensor([[2., 2., 2.,  ..., 2., 2., 2.]]), 'rvq_quantizer.layers.1._codebook.embed_avg': tensor([[[ 0.0000e+00,  0.0000e+00,  0.0000e+00,  ...,  0.0000e+00,
           0.0000e+00,  0.0000e+00],
         [ 0.0000e+00,  0.0000e+00,  0.0000e+00,  ...,  0.0000e+00,
           0.0000e+00,  0.0000e+00],
         [-3.3072e-01,  1.1769e+01,  1.0549e+01,  ..., -9.3152e+00,
          -5.5947e+00, -1.2107e+01],
         ...,
         [-1.4771e+01,  2.6077e+01,  2.6789e+00,  ..., -1.0633e+01,
          -2.6356e+00, -3.3982e+00],
         [-6.1597e+00,  3.6274e+00, -1.1902e-01,  ..., -2.2012e+00,
           1.7435e+00, -3.5306e+00],
         [ 2.2888e-05, -3.0518e-05,  7.6294e-06,  ...,  9.1553e-05,
           3.0518e-05,  4.5776e-05]]]), 'rvq_quantizer.layers.1._codebook.embed': tensor([[[ 0.0000e+00,  0.0000e+00,  0.0000e+00,  ...,  0.0000e+00,
           0.0000e+00,  0.0000e+00],
         [ 0.0000e+00,  0.0000e+00,  0.0000e+00,  ...,  0.0000e+00,
           0.0000e+00,  0.0000e+00],
         [-1.6536e-01,  5.8844e+00,  5.2745e+00,  ..., -4.6576e+00,
          -2.7974e+00, -6.0535e+00],
         ...,
         [-7.3853e+00,  1.3038e+01,  1.3395e+00,  ..., -5.3163e+00,
          -1.3178e+00, -1.6991e+00],
         [-3.0798e+00,  1.8137e+00, -5.9509e-02,  ..., -1.1006e+00,
           8.7173e-01, -1.7653e+00],
         [ 1.1444e-05, -1.5259e-05,  3.8147e-06,  ...,  4.5776e-05,
           1.5259e-05,  2.2888e-05]]]), 'rvq_quantizer.layers.2._codebook.initted': tensor([1.]), 'rvq_quantizer.layers.2._codebook.cluster_size': tensor([[2., 2., 2.,  ..., 2., 2., 2.]]), 'rvq_quantizer.layers.2._codebook.embed_avg': tensor([[[-23.9824,  29.8020, -26.9141,  ..., -83.3263, -42.8516, -45.0856],
         [-31.2757,  33.7633, -42.5244,  ..., -67.0290, -51.9698, -42.0722],
         [  0.0000,   0.0000,   0.0000,  ...,   0.0000,   0.0000,   0.0000],
         ...,
         [-25.7379,  33.6615, -33.4097,  ..., -62.5368, -44.5148, -37.4374],
         [-31.1147,  27.5681, -39.4899,  ..., -64.4415, -45.2651, -27.8097],
         [  0.0000,   0.0000,   0.0000,  ...,   0.0000,   0.0000,   0.0000]]]), 'rvq_quantizer.layers.2._codebook.embed': tensor([[[-11.9912,  14.9010, -13.4570,  ..., -41.6632, -21.4258, -22.5428],
         [-15.6378,  16.8817, -21.2622,  ..., -33.5145, -25.9849, -21.0361],
         [  0.0000,   0.0000,   0.0000,  ...,   0.0000,   0.0000,   0.0000],
         ...,
         [-12.8690,  16.8308, -16.7049,  ..., -31.2684, -22.2574, -18.7187],
         [-15.5573,  13.7840, -19.7450,  ..., -32.2207, -22.6326, -13.9048],
         [  0.0000,   0.0000,   0.0000,  ...,   0.0000,   0.0000,   0.0000]]]), 'rvq_quantizer.layers.3._codebook.initted': tensor([1.]), 'rvq_quantizer.layers.3._codebook.cluster_size': tensor([[2., 2., 2.,  ..., 2., 2., 2.]]), 'rvq_quantizer.layers.3._codebook.embed_avg': tensor([[[   0.0000,    0.0000,    0.0000,  ...,    0.0000,    0.0000,
             0.0000],
         [   0.0000,    0.0000,    0.0000,  ...,    0.0000,    0.0000,
             0.0000],
         [ -61.9164,   90.8578,  -44.8098,  ..., -142.9657,  -80.8446,
           -91.3225],
         ...,
         [ -55.6216,   94.7214,  -38.7519,  ..., -138.7185,  -74.9466,
           -95.8096],
         [   0.0000,    0.0000,    0.0000,  ...,    0.0000,    0.0000,
             0.0000],
         [ -52.4361,   81.8777,  -39.2940,  ..., -150.8222,  -77.3606,
           -90.3716]]]), 'rvq_quantizer.layers.3._codebook.embed': tensor([[[  0.0000,   0.0000,   0.0000,  ...,   0.0000,   0.0000,   0.0000],
         [  0.0000,   0.0000,   0.0000,  ...,   0.0000,   0.0000,   0.0000],
         [-30.9582,  45.4289, -22.4049,  ..., -71.4828, -40.4223, -45.6613],
         ...,
         [-27.8108,  47.3607, -19.3759,  ..., -69.3593, -37.4733, -47.9048],
         [  0.0000,   0.0000,   0.0000,  ...,   0.0000,   0.0000,   0.0000],
         [-26.2180,  40.9389, -19.6470,  ..., -75.4111, -38.6803, -45.1858]]])})
Loss:  tensor(1663.1155, grad_fn=<MeanBackward0>)
OrderedDict({'rvq_quantizer.project_in.weight': tensor([[-0.0413, -0.0308, -0.0457,  ..., -0.0054,  0.1202, -0.1159],
        [ 0.0671,  0.0330, -0.0402,  ..., -0.0271,  0.0020,  0.1032],
        [-0.0275,  0.0642, -0.0733,  ..., -0.0311,  0.0269,  0.0363],
        ...,
        [-0.1104, -0.0646,  0.0862,  ..., -0.0201,  0.0044,  0.0403],
        [-0.0280,  0.0473, -0.0244,  ..., -0.0301, -0.0984, -0.0943],
        [-0.0933, -0.0056,  0.1242,  ..., -0.0953,  0.0431,  0.0878]]), 'rvq_quantizer.project_in.bias': tensor([-6.1077e-03, -1.0639e-01,  5.7743e-02,  6.1203e-02, -9.2560e-02,
         7.2414e-02, -8.3908e-02, -1.2417e-01,  1.2006e-01, -1.7564e-02,
        -1.3723e-02,  7.0126e-02,  6.4868e-03,  7.0763e-02,  1.1920e-01,
         4.2498e-05,  4.7043e-02,  9.1601e-02,  6.0515e-02, -1.7811e-02,
         2.7558e-02, -6.4958e-02,  4.0020e-02, -7.0381e-02,  5.4873e-03,
        -3.8032e-02,  2.0210e-02,  6.6242e-02, -3.0837e-02,  1.1786e-01,
         1.2109e-01, -8.7243e-02]), 'rvq_quantizer.project_out.weight': tensor([[ 0.1391,  0.1389, -0.0638,  ...,  0.1497, -0.1518, -0.0982],
        [ 0.0400, -0.1660,  0.0335,  ...,  0.1551, -0.0025, -0.0239],
        [-0.0596, -0.0033,  0.1215,  ...,  0.0158,  0.0578,  0.0373],
        ...,
        [ 0.1155, -0.1740, -0.0604,  ..., -0.0189, -0.1290, -0.1407],
        [ 0.1166, -0.1520,  0.1097,  ..., -0.1163, -0.1759,  0.0724],
        [ 0.0715,  0.1611, -0.1024,  ...,  0.0083, -0.0714, -0.1503]]), 'rvq_quantizer.project_out.bias': tensor([ 1.5987e-01,  1.5615e-01, -1.5339e-01, -1.0336e-01, -6.1310e-02,
         1.3101e-01,  1.5501e-01, -1.5527e-01,  1.1952e-01, -1.5099e-01,
        -6.0957e-02,  1.4259e-01,  1.0313e-01,  1.3681e-01,  1.7227e-01,
        -8.1989e-02, -8.3912e-03, -1.7124e-01, -4.0239e-02,  1.4932e-01,
         1.4961e-01, -5.6660e-02,  9.9182e-02, -1.0434e-01, -7.8989e-02,
        -9.6498e-02,  1.5545e-01,  3.2009e-02,  3.9123e-02, -3.6162e-02,
         3.2309e-02, -1.1915e-01,  1.7072e-01, -1.2743e-01,  1.0117e-01,
        -1.7586e-01, -2.1377e-03, -9.6926e-02, -1.5145e-01, -9.3806e-03,
         9.3895e-02, -1.7972e-02, -9.2573e-02,  4.8761e-02,  3.3396e-02,
        -1.5251e-01,  9.7981e-03,  1.3211e-01, -2.1608e-02, -7.7352e-02,
        -1.3026e-01,  7.6535e-02, -7.3283e-03,  1.0275e-04,  6.7207e-02,
         7.6276e-02,  2.7185e-03, -1.2288e-01,  1.6985e-01, -1.5501e-01,
        -1.4429e-01, -1.2162e-01, -1.6839e-01,  1.5317e-01]), 'rvq_quantizer.layers.0._codebook.initted': tensor([1.]), 'rvq_quantizer.layers.0._codebook.cluster_size': tensor([[2.0000, 2.0000, 2.5700,  ..., 2.3700, 2.1000, 2.3800]]), 'rvq_quantizer.layers.0._codebook.embed_avg': tensor([[[  38.2777,  -48.3103,   32.0745,  ...,   95.5290,   63.2493,
            45.1749],
         [  48.4798,  -88.2401,   38.0594,  ...,  144.3103,   62.7679,
           124.6211],
         [  55.5987,  -86.1701,   44.3507,  ...,  152.7892,   82.3086,
            91.8748],
         ...,
         [  67.4166, -114.9554,   36.3570,  ...,  178.8647,   72.5209,
           149.0017],
         [  64.6755,  -86.4812,   28.2174,  ...,  147.5893,   82.1718,
           119.2895],
         [  76.0200,  -81.8003,   26.6325,  ...,  110.3232,   80.0316,
            56.7769]]]), 'rvq_quantizer.layers.0._codebook.embed': tensor([[[ 19.1388, -24.1551,  16.0372,  ...,  47.7645,  31.6247,  22.5874],
         [ 24.2399, -44.1200,  19.0297,  ...,  72.1551,  31.3840,  62.3105],
         [ 21.6338, -33.5292,  17.2571,  ...,  59.4511,  32.0267,  35.7490],
         ...,
         [ 28.4458, -48.5044,  15.3405,  ...,  75.4703,  30.5995,  62.8699],
         [ 30.7979, -41.1815,  13.4369,  ...,  70.2806,  39.1294,  56.8045],
         [ 31.9412, -34.3699,  11.1901,  ...,  46.3543,  33.6267,  23.8559]]]), 'rvq_quantizer.layers.1._codebook.initted': tensor([1.]), 'rvq_quantizer.layers.1._codebook.cluster_size': tensor([[28.9000,  2.0000,  2.4000,  ...,  2.0000,  2.4000,  2.0000]]), 'rvq_quantizer.layers.1._codebook.embed_avg': tensor([[[ 4.2343e-05, -5.9509e-05,  1.7405e-05,  ...,  1.1253e-04,
           4.8065e-05,  6.2180e-05],
         [-4.3346e-02, -8.0297e+00, -7.9519e+00,  ...,  4.0372e+00,
          -7.0835e+00,  2.7175e+00],
         [-4.8221e-01,  1.2846e+01,  1.1752e+01,  ..., -1.0184e+01,
          -4.9271e+00, -1.3423e+01],
         ...,
         [-2.7212e+00, -1.5016e+01, -1.4484e+01,  ..., -1.3969e+01,
           2.9083e+00,  5.8325e+00],
         [-7.7933e+00,  3.1420e+00, -1.0359e-01,  ..., -4.0417e+00,
           1.3418e+00, -4.8326e+00],
         [-6.8191e+00, -5.7323e+00, -3.3593e+00,  ..., -2.1591e-01,
          -4.0395e+00, -8.3677e+00]]]), 'rvq_quantizer.layers.1._codebook.embed': tensor([[[ 1.4652e-06, -2.0592e-06,  6.0224e-07,  ...,  3.8939e-06,
           1.6632e-06,  2.1516e-06],
         [-2.1673e-02, -4.0149e+00, -3.9759e+00,  ...,  2.0186e+00,
          -3.5417e+00,  1.3588e+00],
         [-2.0092e-01,  5.3523e+00,  4.8968e+00,  ..., -4.2433e+00,
          -2.0530e+00, -5.5931e+00],
         ...,
         [-1.3606e+00, -7.5082e+00, -7.2418e+00,  ..., -6.9843e+00,
           1.4541e+00,  2.9163e+00],
         [-3.2472e+00,  1.3092e+00, -4.3161e-02,  ..., -1.6841e+00,
           5.5906e-01, -2.0136e+00],
         [-3.4095e+00, -2.8662e+00, -1.6797e+00,  ..., -1.0796e-01,
          -2.0197e+00, -4.1838e+00]]]), 'rvq_quantizer.layers.2._codebook.initted': tensor([1.]), 'rvq_quantizer.layers.2._codebook.cluster_size': tensor([[  2.0000,   2.0000, 266.3000,  ...,   2.0000,   2.0000,   2.0000]]), 'rvq_quantizer.layers.2._codebook.embed_avg': tensor([[[ 7.6294e-06, -1.5259e-05,  0.0000e+00,  ...,  3.0518e-05,
           0.0000e+00,  1.5259e-05],
         [ 1.5259e-05, -1.5259e-05, -5.7220e-06,  ...,  4.5776e-05,
           7.6294e-06,  3.0518e-05],
         [ 1.3880e+01,  5.6305e+00,  5.0663e+00,  ...,  7.3993e+00,
           1.5635e+00, -5.5184e+00],
         ...,
         [ 2.9282e-01, -4.7668e-01,  4.3982e-02,  ..., -4.2685e-01,
           2.7455e-01,  5.2917e-02],
         [ 4.3243e+00, -7.3509e+00,  5.0642e-01,  ...,  1.0111e+00,
           3.5010e-01, -8.7127e+00],
         [ 8.8143e+00,  2.3250e+00, -5.2711e+00,  ...,  3.9101e+00,
          -4.8299e+00, -4.5256e+00]]]), 'rvq_quantizer.layers.2._codebook.embed': tensor([[[ 3.8147e-06, -7.6294e-06,  0.0000e+00,  ...,  1.5259e-05,
           0.0000e+00,  7.6294e-06],
         [ 7.6294e-06, -7.6294e-06, -2.8610e-06,  ...,  2.2888e-05,
           3.8147e-06,  1.5259e-05],
         [ 5.2122e-02,  2.1143e-02,  1.9025e-02,  ...,  2.7786e-02,
           5.8712e-03, -2.0723e-02],
         ...,
         [ 1.4641e-01, -2.3834e-01,  2.1991e-02,  ..., -2.1342e-01,
           1.3728e-01,  2.6459e-02],
         [ 2.1621e+00, -3.6754e+00,  2.5321e-01,  ...,  5.0555e-01,
           1.7505e-01, -4.3563e+00],
         [ 4.4072e+00,  1.1625e+00, -2.6356e+00,  ...,  1.9551e+00,
          -2.4150e+00, -2.2628e+00]]]), 'rvq_quantizer.layers.3._codebook.initted': tensor([1.]), 'rvq_quantizer.layers.3._codebook.cluster_size': tensor([[266.3000,   2.0000,   2.0000,  ...,   2.0000,   2.0000,   2.0000]]), 'rvq_quantizer.layers.3._codebook.embed_avg': tensor([[[13.8799,  5.6305,  5.0663,  ...,  7.3993,  1.5635, -5.5184],
         [ 0.2848, -0.5427, -0.6145,  ...,  0.6488,  0.0216,  0.5622],
         [ 0.0571, -0.1766, -0.0359,  ...,  0.1366, -0.0661,  0.2427],
         ...,
         [ 0.8328,  0.5824,  0.5796,  ...,  0.0709, -0.2349,  0.3464],
         [-1.2089,  0.9486,  2.5709,  ...,  6.8864, -5.4177,  2.8552],
         [ 4.3159, -1.3523,  4.7680,  ...,  5.8129,  2.2012,  1.0781]]]), 'rvq_quantizer.layers.3._codebook.embed': tensor([[[ 0.0521,  0.0211,  0.0190,  ...,  0.0278,  0.0059, -0.0207],
         [ 0.1424, -0.2714, -0.3073,  ...,  0.3244,  0.0108,  0.2811],
         [ 0.0286, -0.0883, -0.0179,  ...,  0.0683, -0.0330,  0.1213],
         ...,
         [ 0.4164,  0.2912,  0.2898,  ...,  0.0355, -0.1174,  0.1732],
         [-0.6044,  0.4743,  1.2855,  ...,  3.4432, -2.7088,  1.4276],
         [ 2.1579, -0.6762,  2.3840,  ...,  2.9064,  1.1006,  0.5391]]])})
Loss:  tensor(3.4323, grad_fn=<MeanBackward0>)
OrderedDict({'rvq_quantizer.project_in.weight': tensor([[-0.0413, -0.0308, -0.0457,  ..., -0.0054,  0.1202, -0.1159],
        [ 0.0671,  0.0330, -0.0402,  ..., -0.0271,  0.0020,  0.1032],
        [-0.0275,  0.0642, -0.0733,  ..., -0.0311,  0.0269,  0.0363],
        ...,
        [-0.1104, -0.0646,  0.0862,  ..., -0.0201,  0.0044,  0.0403],
        [-0.0280,  0.0473, -0.0244,  ..., -0.0301, -0.0984, -0.0943],
        [-0.0933, -0.0056,  0.1242,  ..., -0.0953,  0.0431,  0.0878]]), 'rvq_quantizer.project_in.bias': tensor([-6.1077e-03, -1.0639e-01,  5.7743e-02,  6.1203e-02, -9.2560e-02,
         7.2414e-02, -8.3908e-02, -1.2417e-01,  1.2006e-01, -1.7564e-02,
        -1.3723e-02,  7.0126e-02,  6.4868e-03,  7.0763e-02,  1.1920e-01,
         4.2498e-05,  4.7043e-02,  9.1601e-02,  6.0515e-02, -1.7811e-02,
         2.7558e-02, -6.4958e-02,  4.0020e-02, -7.0381e-02,  5.4873e-03,
        -3.8032e-02,  2.0210e-02,  6.6242e-02, -3.0837e-02,  1.1786e-01,
         1.2109e-01, -8.7243e-02]), 'rvq_quantizer.project_out.weight': tensor([[ 0.1391,  0.1389, -0.0638,  ...,  0.1497, -0.1518, -0.0982],
        [ 0.0400, -0.1660,  0.0335,  ...,  0.1551, -0.0025, -0.0239],
        [-0.0596, -0.0033,  0.1215,  ...,  0.0158,  0.0578,  0.0373],
        ...,
        [ 0.1155, -0.1740, -0.0604,  ..., -0.0189, -0.1290, -0.1407],
        [ 0.1166, -0.1520,  0.1097,  ..., -0.1163, -0.1759,  0.0724],
        [ 0.0715,  0.1611, -0.1024,  ...,  0.0083, -0.0714, -0.1503]]), 'rvq_quantizer.project_out.bias': tensor([ 1.5987e-01,  1.5615e-01, -1.5339e-01, -1.0336e-01, -6.1310e-02,
         1.3101e-01,  1.5501e-01, -1.5527e-01,  1.1952e-01, -1.5099e-01,
        -6.0957e-02,  1.4259e-01,  1.0313e-01,  1.3681e-01,  1.7227e-01,
        -8.1989e-02, -8.3912e-03, -1.7124e-01, -4.0239e-02,  1.4932e-01,
         1.4961e-01, -5.6660e-02,  9.9182e-02, -1.0434e-01, -7.8989e-02,
        -9.6498e-02,  1.5545e-01,  3.2009e-02,  3.9123e-02, -3.6162e-02,
         3.2309e-02, -1.1915e-01,  1.7072e-01, -1.2743e-01,  1.0117e-01,
        -1.7586e-01, -2.1377e-03, -9.6926e-02, -1.5145e-01, -9.3806e-03,
         9.3895e-02, -1.7972e-02, -9.2573e-02,  4.8761e-02,  3.3396e-02,
        -1.5251e-01,  9.7981e-03,  1.3211e-01, -2.1608e-02, -7.7352e-02,
        -1.3026e-01,  7.6535e-02, -7.3283e-03,  1.0275e-04,  6.7207e-02,
         7.6276e-02,  2.7185e-03, -1.2288e-01,  1.6985e-01, -1.5501e-01,
        -1.4429e-01, -1.2162e-01, -1.6839e-01,  1.5317e-01]), 'rvq_quantizer.layers.0._codebook.initted': tensor([1.]), 'rvq_quantizer.layers.0._codebook.cluster_size': tensor([[2.0000, 2.0000, 2.8130,  ..., 2.3330, 2.1900, 2.5420]]), 'rvq_quantizer.layers.0._codebook.embed_avg': tensor([[[  50.7426,  -69.3116,  -10.7291,  ...,  135.6118,   38.1984,
            94.9455],
         [  41.7354,  -63.0739,   36.2730,  ...,   89.8626,   72.6107,
            42.3066],
         [  60.1807,  -94.5337,   48.1421,  ...,  167.1541,   89.9376,
           100.6561],
         ...,
         [  66.3720, -113.0630,   35.4022,  ...,  175.8493,   71.3234,
           146.7215],
         [  67.8530,  -90.9909,   29.3639,  ...,  154.2966,   85.6410,
           124.6826],
         [  80.3143,  -86.4042,   29.0435,  ...,  117.3418,   84.9869,
            59.6901]]]), 'rvq_quantizer.layers.0._codebook.embed': tensor([[[ 25.3713, -34.6558,  -5.3645,  ...,  67.8059,  19.0992,  47.4728],
         [ 20.8677, -31.5370,  18.1365,  ...,  44.9313,  36.3054,  21.1533],
         [ 21.3938, -33.6060,  17.1141,  ...,  59.4221,  31.9721,  35.7825],
         ...,
         [ 28.4492, -48.4625,  15.1745,  ...,  75.3748,  30.5716,  62.8896],
         [ 30.9831, -41.5483,  13.4082,  ...,  70.4550,  39.1055,  56.9327],
         [ 31.5949, -33.9906,  11.4255,  ...,  46.1612,  33.4331,  23.4815]]]), 'rvq_quantizer.layers.1._codebook.initted': tensor([1.]), 'rvq_quantizer.layers.1._codebook.cluster_size': tensor([[52.8100,  2.0000,  2.4600,  ...,  2.0000,  2.5600,  2.0000]]), 'rvq_quantizer.layers.1._codebook.embed_avg': tensor([[[ 9.8000e-05, -1.3252e-04,  4.5794e-05,  ...,  2.5692e-04,
           1.1612e-04,  1.4141e-04],
         [ 1.3391e-01, -7.9888e+00, -7.8692e+00,  ...,  4.1620e+00,
          -7.2248e+00,  2.5780e+00],
         [-6.0391e-01,  1.2685e+01,  1.1369e+01,  ..., -9.6469e+00,
          -4.6654e+00, -1.3618e+01],
         ...,
         [-3.2925e-01,  9.4301e-01,  9.4360e-01,  ..., -4.7067e-01,
           1.0444e+00,  4.5451e-01],
         [-8.4811e+00,  2.6015e+00, -4.5539e-01,  ..., -4.6095e+00,
           1.0721e+00, -5.3068e+00],
         [-7.3318e+00, -6.1580e+00, -3.3532e+00,  ..., -5.5279e-01,
          -4.0761e+00, -7.9129e+00]]]), 'rvq_quantizer.layers.1._codebook.embed': tensor([[[ 1.8557e-06, -2.5094e-06,  8.6715e-07,  ...,  4.8650e-06,
           2.1988e-06,  2.6777e-06],
         [ 6.6956e-02, -3.9944e+00, -3.9346e+00,  ...,  2.0810e+00,
          -3.6124e+00,  1.2890e+00],
         [-2.4549e-01,  5.1564e+00,  4.6214e+00,  ..., -3.9215e+00,
          -1.8965e+00, -5.5356e+00],
         ...,
         [-1.6463e-01,  4.7150e-01,  4.7180e-01,  ..., -2.3534e-01,
           5.2220e-01,  2.2726e-01],
         [-3.3129e+00,  1.0162e+00, -1.7789e-01,  ..., -1.8006e+00,
           4.1879e-01, -2.0730e+00],
         [-3.6659e+00, -3.0790e+00, -1.6766e+00,  ..., -2.7639e-01,
          -2.0380e+00, -3.9565e+00]]]), 'rvq_quantizer.layers.2._codebook.initted': tensor([1.]), 'rvq_quantizer.layers.2._codebook.cluster_size': tensor([[ 33.2000,   2.0000, 240.0700,  ...,   2.0000,   2.0000,   2.0000]]), 'rvq_quantizer.layers.2._codebook.embed_avg': tensor([[[ 7.0148e-05, -1.1073e-04,  4.0940e-05,  ...,  2.3625e-04,
           8.7999e-05,  1.4584e-04],
         [ 0.0000e+00,  0.0000e+00,  0.0000e+00,  ...,  0.0000e+00,
           0.0000e+00,  0.0000e+00],
         [ 1.2511e+01,  5.0134e+00,  4.5662e+00,  ...,  6.6668e+00,
           1.3883e+00, -4.9590e+00],
         ...,
         [ 2.9325e-01, -5.0546e-01, -1.5257e-02,  ..., -4.6512e-01,
           2.8726e-01,  4.7243e-02],
         [-1.9934e+00,  4.0140e-01, -4.1240e+00,  ...,  1.6660e-01,
          -6.6515e+00,  3.7872e+00],
         [ 8.4459e+00,  1.6803e+00, -5.5591e+00,  ...,  3.1519e+00,
          -4.6833e+00, -4.7021e+00]]]), 'rvq_quantizer.layers.2._codebook.embed': tensor([[[ 2.1129e-06, -3.3353e-06,  1.2331e-06,  ...,  7.1160e-06,
           2.6506e-06,  4.3928e-06],
         [ 0.0000e+00,  0.0000e+00,  0.0000e+00,  ...,  0.0000e+00,
           0.0000e+00,  0.0000e+00],
         [ 5.2114e-02,  2.0883e-02,  1.9020e-02,  ...,  2.7770e-02,
           5.7828e-03, -2.0656e-02],
         ...,
         [ 1.4662e-01, -2.5273e-01, -7.6285e-03,  ..., -2.3256e-01,
           1.4363e-01,  2.3621e-02],
         [-9.9669e-01,  2.0070e-01, -2.0620e+00,  ...,  8.3299e-02,
          -3.3257e+00,  1.8936e+00],
         [ 4.2229e+00,  8.4015e-01, -2.7796e+00,  ...,  1.5760e+00,
          -2.3416e+00, -2.3511e+00]]]), 'rvq_quantizer.layers.3._codebook.initted': tensor([1.]), 'rvq_quantizer.layers.3._codebook.cluster_size': tensor([[240.3700,   2.1000,   2.9000,  ...,   2.0000,   2.0000,   2.0000]]), 'rvq_quantizer.layers.3._codebook.embed_avg': tensor([[[ 1.2483e+01,  5.0175e+00,  4.5209e+00,  ...,  6.7362e+00,
           1.3640e+00, -4.9410e+00],
         [ 3.0915e-01, -5.6233e-01, -6.6533e-01,  ...,  6.7417e-01,
           2.4717e-02,  5.7140e-01],
         [ 5.1330e-02, -3.7815e-01, -1.4059e-01,  ...,  2.6818e-01,
          -1.0864e-01,  3.4036e-01],
         ...,
         [ 8.2228e-01,  6.2899e-01,  5.4919e-01,  ...,  1.0554e-01,
          -2.0727e-01,  3.8880e-01],
         [ 0.0000e+00,  0.0000e+00,  0.0000e+00,  ...,  0.0000e+00,
           0.0000e+00,  0.0000e+00],
         [ 1.8181e+00,  6.3576e-01, -2.1588e+00,  ...,  1.1664e+00,
           2.4672e-03, -2.5687e-01]]]), 'rvq_quantizer.layers.3._codebook.embed': tensor([[[ 0.0519,  0.0209,  0.0188,  ...,  0.0280,  0.0057, -0.0206],
         [ 0.1472, -0.2678, -0.3168,  ...,  0.3210,  0.0118,  0.2721],
         [ 0.0177, -0.1304, -0.0485,  ...,  0.0925, -0.0375,  0.1174],
         ...,
         [ 0.4111,  0.3145,  0.2746,  ...,  0.0528, -0.1036,  0.1944],
         [ 0.0000,  0.0000,  0.0000,  ...,  0.0000,  0.0000,  0.0000],
         [ 0.9090,  0.3179, -1.0794,  ...,  0.5832,  0.0012, -0.1284]]])})
Loss:  tensor(2.6169, grad_fn=<MeanBackward0>)
OrderedDict({'rvq_quantizer.project_in.weight': tensor([[-0.0413, -0.0308, -0.0457,  ..., -0.0054,  0.1202, -0.1159],
        [ 0.0671,  0.0330, -0.0402,  ..., -0.0271,  0.0020,  0.1032],
        [-0.0275,  0.0642, -0.0733,  ..., -0.0311,  0.0269,  0.0363],
        ...,
        [-0.1104, -0.0646,  0.0862,  ..., -0.0201,  0.0044,  0.0403],
        [-0.0280,  0.0473, -0.0244,  ..., -0.0301, -0.0984, -0.0943],
        [-0.0933, -0.0056,  0.1242,  ..., -0.0953,  0.0431,  0.0878]]), 'rvq_quantizer.project_in.bias': tensor([-6.1077e-03, -1.0639e-01,  5.7743e-02,  6.1203e-02, -9.2560e-02,
         7.2414e-02, -8.3908e-02, -1.2417e-01,  1.2006e-01, -1.7564e-02,
        -1.3723e-02,  7.0126e-02,  6.4868e-03,  7.0763e-02,  1.1920e-01,
         4.2498e-05,  4.7043e-02,  9.1601e-02,  6.0515e-02, -1.7811e-02,
         2.7558e-02, -6.4958e-02,  4.0020e-02, -7.0381e-02,  5.4873e-03,
        -3.8032e-02,  2.0210e-02,  6.6242e-02, -3.0837e-02,  1.1786e-01,
         1.2109e-01, -8.7243e-02]), 'rvq_quantizer.project_out.weight': tensor([[ 0.1391,  0.1389, -0.0638,  ...,  0.1497, -0.1518, -0.0982],
        [ 0.0400, -0.1660,  0.0335,  ...,  0.1551, -0.0025, -0.0239],
        [-0.0596, -0.0033,  0.1215,  ...,  0.0158,  0.0578,  0.0373],
        ...,
        [ 0.1155, -0.1740, -0.0604,  ..., -0.0189, -0.1290, -0.1407],
        [ 0.1166, -0.1520,  0.1097,  ..., -0.1163, -0.1759,  0.0724],
        [ 0.0715,  0.1611, -0.1024,  ...,  0.0083, -0.0714, -0.1503]]), 'rvq_quantizer.project_out.bias': tensor([ 1.5987e-01,  1.5615e-01, -1.5339e-01, -1.0336e-01, -6.1310e-02,
         1.3101e-01,  1.5501e-01, -1.5527e-01,  1.1952e-01, -1.5099e-01,
        -6.0957e-02,  1.4259e-01,  1.0313e-01,  1.3681e-01,  1.7227e-01,
        -8.1989e-02, -8.3912e-03, -1.7124e-01, -4.0239e-02,  1.4932e-01,
         1.4961e-01, -5.6660e-02,  9.9182e-02, -1.0434e-01, -7.8989e-02,
        -9.6498e-02,  1.5545e-01,  3.2009e-02,  3.9123e-02, -3.6162e-02,
         3.2309e-02, -1.1915e-01,  1.7072e-01, -1.2743e-01,  1.0117e-01,
        -1.7586e-01, -2.1377e-03, -9.6926e-02, -1.5145e-01, -9.3806e-03,
         9.3895e-02, -1.7972e-02, -9.2573e-02,  4.8761e-02,  3.3396e-02,
        -1.5251e-01,  9.7981e-03,  1.3211e-01, -2.1608e-02, -7.7352e-02,
        -1.3026e-01,  7.6535e-02, -7.3283e-03,  1.0275e-04,  6.7207e-02,
         7.6276e-02,  2.7185e-03, -1.2288e-01,  1.6985e-01, -1.5501e-01,
        -1.4429e-01, -1.2162e-01, -1.6839e-01,  1.5317e-01]), 'rvq_quantizer.layers.0._codebook.initted': tensor([1.]), 'rvq_quantizer.layers.0._codebook.cluster_size': tensor([[2.0000, 2.0000, 3.0317,  ..., 2.4997, 2.2710, 2.7878]]), 'rvq_quantizer.layers.0._codebook.embed_avg': tensor([[[  50.2671,  -69.4030,  -10.2133,  ...,  135.3704,   38.3703,
            94.7504],
         [  47.2306,  -72.9501,   24.7678,  ...,  142.3264,   79.8749,
           100.4673],
         [  64.3045, -102.0610,   51.5543,  ...,  180.0825,   96.8036,
           108.5592],
         ...,
         [  70.8608, -121.0641,   37.4702,  ...,  188.4515,   76.7744,
           157.1563],
         [  70.7127,  -95.0495,   30.3958,  ...,  160.3332,   88.7633,
           129.5365],
         [  87.2168,  -93.7253,   32.8907,  ...,  128.4292,   93.2663,
            66.6316]]]), 'rvq_quantizer.layers.0._codebook.embed': tensor([[[ 25.1335, -34.7015,  -5.1067,  ...,  67.6852,  19.1851,  47.3751],
         [ 23.6153, -36.4751,  12.3839,  ...,  71.1632,  39.9374,  50.2337],
         [ 21.2107, -33.6646,  17.0051,  ...,  59.3999,  31.9305,  35.8081],
         ...,
         [ 28.3477, -48.4314,  14.9899,  ...,  75.3897,  30.7134,  62.8701],
         [ 31.1372, -41.8536,  13.3843,  ...,  70.6002,  39.0856,  57.0394],
         [ 31.2852, -33.6198,  11.7981,  ...,  46.0683,  33.4552,  23.9012]]]), 'rvq_quantizer.layers.1._codebook.initted': tensor([1.]), 'rvq_quantizer.layers.1._codebook.cluster_size': tensor([[72.5290,  2.1000,  2.8140,  ...,  2.0000,  2.7040,  2.0000]]), 'rvq_quantizer.layers.1._codebook.embed_avg': tensor([[[ 1.4981e-04, -2.0358e-04,  7.2233e-05,  ...,  3.8496e-04,
           1.7470e-04,  2.1596e-04],
         [ 4.4627e-01, -8.6020e+00, -8.0682e+00,  ...,  4.4268e+00,
          -7.5766e+00,  2.5525e+00],
         [-5.2721e-01,  1.4029e+01,  1.2553e+01,  ..., -1.0180e+01,
          -4.2764e+00, -1.5143e+01],
         ...,
         [-2.0022e+00, -5.5322e+00, -1.8202e+01,  ...,  1.1306e+01,
           3.6178e+00,  1.2017e+01],
         [-8.9912e+00,  2.3050e+00, -4.5869e-01,  ..., -5.2539e+00,
           8.3285e-01, -5.9851e+00],
         [ 2.2327e+00, -2.5290e+00,  4.6227e-01,  ...,  1.4751e+00,
           7.0933e+00, -6.0035e+00]]]), 'rvq_quantizer.layers.1._codebook.embed': tensor([[[ 2.0655e-06, -2.8068e-06,  9.9592e-07,  ...,  5.3077e-06,
           2.4087e-06,  2.9776e-06],
         [ 2.1251e-01, -4.0962e+00, -3.8420e+00,  ...,  2.1080e+00,
          -3.6079e+00,  1.2155e+00],
         [-1.8735e-01,  4.9853e+00,  4.4608e+00,  ..., -3.6178e+00,
          -1.5197e+00, -5.3815e+00],
         ...,
         [-1.0011e+00, -2.7661e+00, -9.1008e+00,  ...,  5.6529e+00,
           1.8089e+00,  6.0084e+00],
         [-3.3252e+00,  8.5245e-01, -1.6964e-01,  ..., -1.9430e+00,
           3.0801e-01, -2.2134e+00],
         [ 1.1164e+00, -1.2645e+00,  2.3113e-01,  ...,  7.3757e-01,
           3.5467e+00, -3.0017e+00]]]), 'rvq_quantizer.layers.2._codebook.initted': tensor([1.]), 'rvq_quantizer.layers.2._codebook.cluster_size': tensor([[ 57.2800,   2.0000, 216.7630,  ...,   2.0000,   2.0000,   2.0000]]), 'rvq_quantizer.layers.2._codebook.embed_avg': tensor([[[ 1.1483e-04, -1.7977e-04,  5.9510e-05,  ...,  3.1489e-04,
           1.4565e-04,  2.3317e-04],
         [-1.9073e-06,  2.2888e-06, -1.1444e-06,  ..., -6.1035e-06,
          -1.5259e-06, -4.5776e-06],
         [ 1.1265e+01,  4.5477e+00,  4.0865e+00,  ...,  6.0803e+00,
           1.2916e+00, -4.5105e+00],
         ...,
         [ 1.0052e-01,  5.2216e-02,  3.2226e-01,  ...,  2.0773e-01,
           3.3522e-01, -2.7317e-01],
         [-5.7245e-01,  2.8593e-01, -1.0067e-01,  ...,  2.0803e-01,
          -3.1707e-01,  2.2057e-01],
         [ 7.8816e+00,  9.4153e-01, -5.6776e+00,  ...,  2.1329e+00,
          -4.6503e+00, -5.2035e+00]]]), 'rvq_quantizer.layers.2._codebook.embed': tensor([[[ 2.0048e-06, -3.1384e-06,  1.0389e-06,  ...,  5.4974e-06,
           2.5428e-06,  4.0707e-06],
         [-9.5367e-07,  1.1444e-06, -5.7220e-07,  ..., -3.0518e-06,
          -7.6294e-07, -2.2888e-06],
         [ 5.1967e-02,  2.0980e-02,  1.8853e-02,  ...,  2.8051e-02,
           5.9584e-03, -2.0808e-02],
         ...,
         [ 5.0261e-02,  2.6108e-02,  1.6113e-01,  ...,  1.0387e-01,
           1.6761e-01, -1.3659e-01],
         [-2.8623e-01,  1.4296e-01, -5.0335e-02,  ...,  1.0401e-01,
          -1.5854e-01,  1.1029e-01],
         [ 3.9408e+00,  4.7076e-01, -2.8388e+00,  ...,  1.0664e+00,
          -2.3251e+00, -2.6017e+00]]]), 'rvq_quantizer.layers.3._codebook.initted': tensor([1.]), 'rvq_quantizer.layers.3._codebook.cluster_size': tensor([[216.6330,   2.0000,   2.9100,  ...,   2.1000,   2.0000,   2.0000]]), 'rvq_quantizer.layers.3._codebook.embed_avg': tensor([[[11.2466,  4.5293,  4.0668,  ...,  6.0445,  1.2262, -4.4416],
         [-0.3428,  0.5169,  0.1157,  ..., -1.8834, -0.2210, -0.5024],
         [ 0.0596, -0.4088, -0.1560,  ...,  0.2823, -0.1347,  0.3864],
         ...,
         [ 0.8982,  0.6411,  0.5373,  ...,  0.0668, -0.2107,  0.4342],
         [-5.9763, -3.6687,  3.9027,  ..., -1.2471, -5.5388,  1.3796],
         [-1.3870, -0.5066,  0.4832,  ..., -1.5602, -1.2337, -0.4708]]]), 'rvq_quantizer.layers.3._codebook.embed': tensor([[[ 0.0519,  0.0209,  0.0188,  ...,  0.0279,  0.0057, -0.0205],
         [-0.1714,  0.2585,  0.0579,  ..., -0.9417, -0.1105, -0.2512],
         [ 0.0205, -0.1405, -0.0536,  ...,  0.0970, -0.0463,  0.1328],
         ...,
         [ 0.4277,  0.3053,  0.2558,  ...,  0.0318, -0.1003,  0.2067],
         [-2.9882, -1.8343,  1.9514,  ..., -0.6235, -2.7694,  0.6898],
         [-0.6935, -0.2533,  0.2416,  ..., -0.7801, -0.6168, -0.2354]]])})
Loss:  tensor(2.4179, grad_fn=<MeanBackward0>)
OrderedDict({'rvq_quantizer.project_in.weight': tensor([[-0.0413, -0.0308, -0.0457,  ..., -0.0054,  0.1202, -0.1159],
        [ 0.0671,  0.0330, -0.0402,  ..., -0.0271,  0.0020,  0.1032],
        [-0.0275,  0.0642, -0.0733,  ..., -0.0311,  0.0269,  0.0363],
        ...,
        [-0.1104, -0.0646,  0.0862,  ..., -0.0201,  0.0044,  0.0403],
        [-0.0280,  0.0473, -0.0244,  ..., -0.0301, -0.0984, -0.0943],
        [-0.0933, -0.0056,  0.1242,  ..., -0.0953,  0.0431,  0.0878]]), 'rvq_quantizer.project_in.bias': tensor([-6.1077e-03, -1.0639e-01,  5.7743e-02,  6.1203e-02, -9.2560e-02,
         7.2414e-02, -8.3908e-02, -1.2417e-01,  1.2006e-01, -1.7564e-02,
        -1.3723e-02,  7.0126e-02,  6.4868e-03,  7.0763e-02,  1.1920e-01,
         4.2498e-05,  4.7043e-02,  9.1601e-02,  6.0515e-02, -1.7811e-02,
         2.7558e-02, -6.4958e-02,  4.0020e-02, -7.0381e-02,  5.4873e-03,
        -3.8032e-02,  2.0210e-02,  6.6242e-02, -3.0837e-02,  1.1786e-01,
         1.2109e-01, -8.7243e-02]), 'rvq_quantizer.project_out.weight': tensor([[ 0.1391,  0.1389, -0.0638,  ...,  0.1497, -0.1518, -0.0982],
        [ 0.0400, -0.1660,  0.0335,  ...,  0.1551, -0.0025, -0.0239],
        [-0.0596, -0.0033,  0.1215,  ...,  0.0158,  0.0578,  0.0373],
        ...,
        [ 0.1155, -0.1740, -0.0604,  ..., -0.0189, -0.1290, -0.1407],
        [ 0.1166, -0.1520,  0.1097,  ..., -0.1163, -0.1759,  0.0724],
        [ 0.0715,  0.1611, -0.1024,  ...,  0.0083, -0.0714, -0.1503]]), 'rvq_quantizer.project_out.bias': tensor([ 1.5987e-01,  1.5615e-01, -1.5339e-01, -1.0336e-01, -6.1310e-02,
         1.3101e-01,  1.5501e-01, -1.5527e-01,  1.1952e-01, -1.5099e-01,
        -6.0957e-02,  1.4259e-01,  1.0313e-01,  1.3681e-01,  1.7227e-01,
        -8.1989e-02, -8.3912e-03, -1.7124e-01, -4.0239e-02,  1.4932e-01,
         1.4961e-01, -5.6660e-02,  9.9182e-02, -1.0434e-01, -7.8989e-02,
        -9.6498e-02,  1.5545e-01,  3.2009e-02,  3.9123e-02, -3.6162e-02,
         3.2309e-02, -1.1915e-01,  1.7072e-01, -1.2743e-01,  1.0117e-01,
        -1.7586e-01, -2.1377e-03, -9.6926e-02, -1.5145e-01, -9.3806e-03,
         9.3895e-02, -1.7972e-02, -9.2573e-02,  4.8761e-02,  3.3396e-02,
        -1.5251e-01,  9.7981e-03,  1.3211e-01, -2.1608e-02, -7.7352e-02,
        -1.3026e-01,  7.6535e-02, -7.3283e-03,  1.0275e-04,  6.7207e-02,
         7.6276e-02,  2.7185e-03, -1.2288e-01,  1.6985e-01, -1.5501e-01,
        -1.4429e-01, -1.2162e-01, -1.6839e-01,  1.5317e-01]), 'rvq_quantizer.layers.0._codebook.initted': tensor([1.]), 'rvq_quantizer.layers.0._codebook.cluster_size': tensor([[2.0000, 2.0000, 3.1285,  ..., 2.6497, 2.3439, 2.9090]]), 'rvq_quantizer.layers.0._codebook.embed_avg': tensor([[[  49.8392,  -69.4852,   -9.7492,  ...,  135.1532,   38.5249,
            94.5747],
         [  65.1850,  -96.0054,   33.9932,  ...,  164.8564,   45.3969,
           135.4872],
         [  66.0594, -105.2643,   52.8026,  ...,  185.8092,  100.0037,
           112.1286],
         ...,
         [  74.9008, -128.2650,   39.3315,  ...,  199.7935,   81.6802,
           166.5476],
         [  73.2864,  -98.7023,   31.3245,  ...,  165.7661,   91.5734,
           133.9050],
         [  90.1317,  -96.7643,   35.3042,  ...,  133.7148,   97.2973,
            70.3819]]]), 'rvq_quantizer.layers.0._codebook.embed': tensor([[[ 24.9196, -34.7426,  -4.8746,  ...,  67.5765,  19.2624,  47.2873],
         [ 32.5925, -48.0027,  16.9966,  ...,  82.4282,  22.6985,  67.7436],
         [ 21.1152, -33.6466,  16.8778,  ...,  59.3919,  31.9651,  35.8407],
         ...,
         [ 28.2673, -48.4068,  14.8436,  ...,  75.4015,  30.8259,  62.8546],
         [ 31.2669, -42.1103,  13.3642,  ...,  70.7223,  39.0688,  57.1291],
         [ 30.9835, -33.2636,  12.1361,  ...,  45.9656,  33.4468,  24.1944]]]), 'rvq_quantizer.layers.1._codebook.initted': tensor([1.]), 'rvq_quantizer.layers.1._codebook.cluster_size': tensor([[89.9761,  2.1900,  2.9326,  ...,  2.0000,  2.6336,  2.0000]]), 'rvq_quantizer.layers.1._codebook.embed_avg': tensor([[[ 1.8804e-04, -2.5913e-04,  9.4881e-05,  ...,  4.7998e-04,
           2.2303e-04,  2.7199e-04],
         [ 1.5001e+00, -9.2597e+00, -8.1764e+00,  ...,  4.4881e+00,
          -7.6205e+00,  2.7340e+00],
         [-4.7076e-01,  1.4262e+01,  1.2735e+01,  ..., -1.0013e+01,
          -4.2393e+00, -1.5514e+01],
         ...,
         [-3.5465e+00, -7.4327e+00, -3.7629e+00,  ...,  3.1166e-01,
          -5.1346e+00,  1.3584e+01],
         [-8.8141e+00,  2.4392e+00, -8.2507e-02,  ..., -5.4226e+00,
           7.6875e-01, -5.9552e+00],
         [ 4.1814e+00,  1.1733e+01,  7.1864e-01,  ...,  6.4196e-01,
          -6.9051e+00,  1.5306e+00]]]), 'rvq_quantizer.layers.1._codebook.embed': tensor([[[ 2.0899e-06, -2.8800e-06,  1.0545e-06,  ...,  5.3345e-06,
           2.4788e-06,  3.0230e-06],
         [ 6.8499e-01, -4.2282e+00, -3.7335e+00,  ...,  2.0494e+00,
          -3.4797e+00,  1.2484e+00],
         [-1.6053e-01,  4.8634e+00,  4.3425e+00,  ..., -3.4145e+00,
          -1.4456e+00, -5.2903e+00],
         ...,
         [-1.7732e+00, -3.7164e+00, -1.8815e+00,  ...,  1.5583e-01,
          -2.5673e+00,  6.7921e+00],
         [-3.3468e+00,  9.2620e-01, -3.1329e-02,  ..., -2.0590e+00,
           2.9190e-01, -2.2612e+00],
         [ 2.0907e+00,  5.8663e+00,  3.5932e-01,  ...,  3.2098e-01,
          -3.4525e+00,  7.6528e-01]]]), 'rvq_quantizer.layers.2._codebook.initted': tensor([1.]), 'rvq_quantizer.layers.2._codebook.cluster_size': tensor([[ 79.4520,   2.2000, 195.8867,  ...,   2.0000,   2.1000,   2.0000]]), 'rvq_quantizer.layers.2._codebook.embed_avg': tensor([[[ 1.4804e-04, -2.2995e-04,  7.3490e-05,  ...,  3.6947e-04,
           1.8860e-04,  2.7841e-04],
         [-5.5629e-06,  7.9619e-06, -2.8504e-06,  ..., -1.8762e-05,
          -5.2883e-06, -1.3871e-05],
         [ 1.0170e+01,  4.1442e+00,  3.6654e+00,  ...,  5.5105e+00,
           1.1041e+00, -4.0811e+00],
         ...,
         [ 7.3558e-02,  6.6384e-02,  3.9537e-01,  ...,  2.2605e-01,
           2.8519e-01, -3.0964e-01],
         [-5.3199e-01,  2.8576e-01, -1.6319e-01,  ...,  2.5276e-01,
          -4.3562e-01,  2.3956e-01],
         [ 7.3538e+00,  3.2176e-01, -5.7357e+00,  ...,  1.3156e+00,
          -4.5627e+00, -5.5452e+00]]]), 'rvq_quantizer.layers.2._codebook.embed': tensor([[[ 1.8633e-06, -2.8942e-06,  9.2497e-07,  ...,  4.6503e-06,
           2.3738e-06,  3.5041e-06],
         [-2.5286e-06,  3.6190e-06, -1.2956e-06,  ..., -8.5281e-06,
          -2.4037e-06, -6.3048e-06],
         [ 5.1917e-02,  2.1156e-02,  1.8712e-02,  ...,  2.8131e-02,
           5.6365e-03, -2.0834e-02],
         ...,
         [ 3.6779e-02,  3.3192e-02,  1.9769e-01,  ...,  1.1302e-01,
           1.4260e-01, -1.5482e-01],
         [-2.5333e-01,  1.3608e-01, -7.7711e-02,  ...,  1.2036e-01,
          -2.0744e-01,  1.1407e-01],
         [ 3.6769e+00,  1.6088e-01, -2.8679e+00,  ...,  6.5778e-01,
          -2.2814e+00, -2.7726e+00]]]), 'rvq_quantizer.layers.3._codebook.initted': tensor([1.]), 'rvq_quantizer.layers.3._codebook.cluster_size': tensor([[195.5697,   2.1000,   3.3190,  ...,   2.1900,   2.0000,   2.1000]]), 'rvq_quantizer.layers.3._codebook.embed_avg': tensor([[[10.1657,  4.1208,  3.6761,  ...,  5.4431,  1.0813, -3.9802],
         [-0.3659,  0.6170, -0.0463,  ..., -2.1304, -0.1411, -0.3805],
         [ 0.0591, -0.5603, -0.1752,  ...,  0.3052, -0.1591,  0.4988],
         ...,
         [ 1.0260,  0.6134,  0.6346,  ...,  0.1192, -0.2200,  0.4677],
         [ 0.0000,  0.0000,  0.0000,  ...,  0.0000,  0.0000,  0.0000],
         [-1.5973, -0.9179,  0.6589,  ..., -2.0247, -1.4387, -0.5164]]]), 'rvq_quantizer.layers.3._codebook.embed': tensor([[[ 0.0520,  0.0211,  0.0188,  ...,  0.0278,  0.0055, -0.0204],
         [-0.1743,  0.2938, -0.0220,  ..., -1.0145, -0.0672, -0.1812],
         [ 0.0178, -0.1688, -0.0528,  ...,  0.0920, -0.0479,  0.1503],
         ...,
         [ 0.4685,  0.2801,  0.2898,  ...,  0.0544, -0.1005,  0.2136],
         [ 0.0000,  0.0000,  0.0000,  ...,  0.0000,  0.0000,  0.0000],
         [-0.7606, -0.4371,  0.3138,  ..., -0.9642, -0.6851, -0.2459]]])})
Loss:  tensor(2.2973, grad_fn=<MeanBackward0>)
OrderedDict({'rvq_quantizer.project_in.weight': tensor([[-0.0413, -0.0308, -0.0457,  ..., -0.0054,  0.1202, -0.1159],
        [ 0.0671,  0.0330, -0.0402,  ..., -0.0271,  0.0020,  0.1032],
        [-0.0275,  0.0642, -0.0733,  ..., -0.0311,  0.0269,  0.0363],
        ...,
        [-0.1104, -0.0646,  0.0862,  ..., -0.0201,  0.0044,  0.0403],
        [-0.0280,  0.0473, -0.0244,  ..., -0.0301, -0.0984, -0.0943],
        [-0.0933, -0.0056,  0.1242,  ..., -0.0953,  0.0431,  0.0878]]), 'rvq_quantizer.project_in.bias': tensor([-6.1077e-03, -1.0639e-01,  5.7743e-02,  6.1203e-02, -9.2560e-02,
         7.2414e-02, -8.3908e-02, -1.2417e-01,  1.2006e-01, -1.7564e-02,
        -1.3723e-02,  7.0126e-02,  6.4868e-03,  7.0763e-02,  1.1920e-01,
         4.2498e-05,  4.7043e-02,  9.1601e-02,  6.0515e-02, -1.7811e-02,
         2.7558e-02, -6.4958e-02,  4.0020e-02, -7.0381e-02,  5.4873e-03,
        -3.8032e-02,  2.0210e-02,  6.6242e-02, -3.0837e-02,  1.1786e-01,
         1.2109e-01, -8.7243e-02]), 'rvq_quantizer.project_out.weight': tensor([[ 0.1391,  0.1389, -0.0638,  ...,  0.1497, -0.1518, -0.0982],
        [ 0.0400, -0.1660,  0.0335,  ...,  0.1551, -0.0025, -0.0239],
        [-0.0596, -0.0033,  0.1215,  ...,  0.0158,  0.0578,  0.0373],
        ...,
        [ 0.1155, -0.1740, -0.0604,  ..., -0.0189, -0.1290, -0.1407],
        [ 0.1166, -0.1520,  0.1097,  ..., -0.1163, -0.1759,  0.0724],
        [ 0.0715,  0.1611, -0.1024,  ...,  0.0083, -0.0714, -0.1503]]), 'rvq_quantizer.project_out.bias': tensor([ 1.5987e-01,  1.5615e-01, -1.5339e-01, -1.0336e-01, -6.1310e-02,
         1.3101e-01,  1.5501e-01, -1.5527e-01,  1.1952e-01, -1.5099e-01,
        -6.0957e-02,  1.4259e-01,  1.0313e-01,  1.3681e-01,  1.7227e-01,
        -8.1989e-02, -8.3912e-03, -1.7124e-01, -4.0239e-02,  1.4932e-01,
         1.4961e-01, -5.6660e-02,  9.9182e-02, -1.0434e-01, -7.8989e-02,
        -9.6498e-02,  1.5545e-01,  3.2009e-02,  3.9123e-02, -3.6162e-02,
         3.2309e-02, -1.1915e-01,  1.7072e-01, -1.2743e-01,  1.0117e-01,
        -1.7586e-01, -2.1377e-03, -9.6926e-02, -1.5145e-01, -9.3806e-03,
         9.3895e-02, -1.7972e-02, -9.2573e-02,  4.8761e-02,  3.3396e-02,
        -1.5251e-01,  9.7981e-03,  1.3211e-01, -2.1608e-02, -7.7352e-02,
        -1.3026e-01,  7.6535e-02, -7.3283e-03,  1.0275e-04,  6.7207e-02,
         7.6276e-02,  2.7185e-03, -1.2288e-01,  1.6985e-01, -1.5501e-01,
        -1.4429e-01, -1.2162e-01, -1.6839e-01,  1.5317e-01]), 'rvq_quantizer.layers.0._codebook.initted': tensor([1.]), 'rvq_quantizer.layers.0._codebook.cluster_size': tensor([[2.0000, 2.0000, 3.3157,  ..., 2.7848, 2.4095, 3.1181]]), 'rvq_quantizer.layers.0._codebook.embed_avg': tensor([[[  49.4540,  -69.5593,   -9.3315,  ...,  134.9577,   38.6641,
            94.4166],
         [  60.6859,  -99.4312,   32.7793,  ...,  157.6102,   45.9652,
           131.9487],
         [  69.5539, -111.5757,   56.2525,  ...,  196.8007,  105.7291,
           118.5775],
         ...,
         [  78.5368, -134.7458,   41.0066,  ...,  210.0013,   86.0955,
           174.9998],
         [  75.6028, -101.9898,   32.1603,  ...,  170.6557,   94.1025,
           137.8366],
         [  96.0524, -103.0494,   38.5253,  ...,  143.1649,  104.3456,
            76.2543]]]), 'rvq_quantizer.layers.0._codebook.embed': tensor([[[ 24.7270, -34.7796,  -4.6657,  ...,  67.4788,  19.3320,  47.2083],
         [ 30.3429, -49.7156,  16.3897,  ...,  78.8051,  22.9826,  65.9743],
         [ 20.9773, -33.6510,  16.9656,  ...,  59.3547,  31.8877,  35.7627],
         ...,
         [ 28.2024, -48.3869,  14.7254,  ...,  75.4110,  30.9167,  62.8421],
         [ 31.3768, -42.3280,  13.3472,  ...,  70.8259,  39.0546,  57.2052],
         [ 30.8046, -33.0486,  12.3553,  ...,  45.9139,  33.4643,  24.4552]]]), 'rvq_quantizer.layers.1._codebook.initted': tensor([1.]), 'rvq_quantizer.layers.1._codebook.cluster_size': tensor([[107.1785,   2.1710,   3.0393,  ...,   2.0000,   2.7702,   2.0000]]), 'rvq_quantizer.layers.1._codebook.embed_avg': tensor([[[ 2.2760e-04, -3.1561e-04,  1.1941e-04,  ...,  5.8075e-04,
           2.7187e-04,  3.3330e-04],
         [ 2.3033e+00, -9.1326e+00, -7.9881e+00,  ...,  4.3639e+00,
          -7.3942e+00,  2.7797e+00],
         [-3.9925e-01,  1.4537e+01,  1.2974e+01,  ..., -1.0028e+01,
          -3.9970e+00, -1.5770e+01],
         ...,
         [ 7.7580e+00,  3.5268e+00, -3.4489e-01,  ...,  7.8394e+00,
          -4.7243e-01, -8.3151e-01],
         [-9.1985e+00,  2.0948e+00, -4.9723e-02,  ..., -5.9814e+00,
           4.9079e-01, -6.5118e+00],
         [-2.7469e-01,  1.0698e+00, -1.9227e+00,  ...,  8.0515e-01,
           5.4726e-02,  7.5846e-01]]]), 'rvq_quantizer.layers.1._codebook.embed': tensor([[[ 2.1236e-06, -2.9448e-06,  1.1142e-06,  ...,  5.4186e-06,
           2.5366e-06,  3.1097e-06],
         [ 1.0610e+00, -4.2066e+00, -3.6795e+00,  ...,  2.0101e+00,
          -3.4059e+00,  1.2804e+00],
         [-1.3136e-01,  4.7830e+00,  4.2688e+00,  ..., -3.2994e+00,
          -1.3151e+00, -5.1886e+00],
         ...,
         [ 3.8790e+00,  1.7634e+00, -1.7245e-01,  ...,  3.9197e+00,
          -2.3622e-01, -4.1576e-01],
         [-3.3205e+00,  7.5617e-01, -1.7949e-02,  ..., -2.1592e+00,
           1.7717e-01, -2.3506e+00],
         [-1.3735e-01,  5.3492e-01, -9.6137e-01,  ...,  4.0258e-01,
           2.7363e-02,  3.7923e-01]]]), 'rvq_quantizer.layers.2._codebook.initted': tensor([1.]), 'rvq_quantizer.layers.2._codebook.cluster_size': tensor([[100.5068,   2.0800, 176.7980,  ...,   2.0000,   2.2900,   2.0000]]), 'rvq_quantizer.layers.2._codebook.embed_avg': tensor([[[ 1.8604e-04, -2.9892e-04,  1.0055e-04,  ...,  4.5281e-04,
           2.1673e-04,  3.5756e-04],
         [-6.4181e-06,  9.2638e-06, -2.7990e-06,  ..., -1.8717e-05,
          -5.7894e-06, -1.3704e-05],
         [ 9.1689e+00,  3.7427e+00,  3.2857e+00,  ...,  5.0301e+00,
           9.8197e-01, -3.6569e+00],
         ...,
         [ 2.7839e-02,  1.3050e-01,  4.3924e-01,  ...,  2.2423e-01,
           3.8024e-01, -3.9158e-01],
         [-5.3781e-01,  1.7182e-01, -2.2915e-01,  ...,  3.0421e-01,
          -5.8128e-01,  3.2577e-01],
         [ 2.2044e+00,  4.7966e+00,  3.3074e+00,  ...,  4.6882e+00,
           9.8493e-01, -5.9895e+00]]]), 'rvq_quantizer.layers.2._codebook.embed': tensor([[[ 1.8510e-06, -2.9741e-06,  1.0004e-06,  ...,  4.5053e-06,
           2.1563e-06,  3.5576e-06],
         [-3.0856e-06,  4.4537e-06, -1.3457e-06,  ..., -8.9984e-06,
          -2.7834e-06, -6.5886e-06],
         [ 5.1861e-02,  2.1169e-02,  1.8585e-02,  ...,  2.8451e-02,
           5.5542e-03, -2.0684e-02],
         ...,
         [ 1.3920e-02,  6.5251e-02,  2.1962e-01,  ...,  1.1211e-01,
           1.9012e-01, -1.9579e-01],
         [-2.3485e-01,  7.5031e-02, -1.0007e-01,  ...,  1.3284e-01,
          -2.5383e-01,  1.4226e-01],
         [ 1.1022e+00,  2.3983e+00,  1.6537e+00,  ...,  2.3441e+00,
           4.9247e-01, -2.9947e+00]]]), 'rvq_quantizer.layers.3._codebook.initted': tensor([1.]), 'rvq_quantizer.layers.3._codebook.cluster_size': tensor([[176.1127,   2.1900,   3.1871,  ...,   2.2710,   2.0000,   2.1900]]), 'rvq_quantizer.layers.3._codebook.embed_avg': tensor([[[ 9.1730,  3.7227,  3.3199,  ...,  4.9020,  0.9724, -3.5805],
         [-0.2473,  0.6216,  0.0891,  ..., -2.2137, -0.0428, -0.4085],
         [ 0.0583, -0.5495, -0.1469,  ...,  0.2883, -0.1891,  0.4854],
         ...,
         [ 1.1436,  0.6019,  0.7433,  ...,  0.1538, -0.2195,  0.4618],
         [ 0.8454, -0.5113,  0.8619,  ..., -0.6741, -0.2319,  1.0921],
         [-1.7556, -0.9653,  0.7306,  ..., -2.1650, -1.3535, -0.5158]]]), 'rvq_quantizer.layers.3._codebook.embed': tensor([[[ 0.0521,  0.0211,  0.0189,  ...,  0.0278,  0.0055, -0.0203],
         [-0.1129,  0.2838,  0.0407,  ..., -1.0108, -0.0196, -0.1865],
         [ 0.0183, -0.1724, -0.0461,  ...,  0.0905, -0.0593,  0.1523],
         ...,
         [ 0.5036,  0.2650,  0.3273,  ...,  0.0677, -0.0967,  0.2034],
         [ 0.4227, -0.2557,  0.4310,  ..., -0.3371, -0.1160,  0.5461],
         [-0.8016, -0.4408,  0.3336,  ..., -0.9886, -0.6180, -0.2355]]])})
Loss:  tensor(2.1531, grad_fn=<MeanBackward0>)
OrderedDict({'rvq_quantizer.project_in.weight': tensor([[-0.0413, -0.0308, -0.0457,  ..., -0.0054,  0.1202, -0.1159],
        [ 0.0671,  0.0330, -0.0402,  ..., -0.0271,  0.0020,  0.1032],
        [-0.0275,  0.0642, -0.0733,  ..., -0.0311,  0.0269,  0.0363],
        ...,
        [-0.1104, -0.0646,  0.0862,  ..., -0.0201,  0.0044,  0.0403],
        [-0.0280,  0.0473, -0.0244,  ..., -0.0301, -0.0984, -0.0943],
        [-0.0933, -0.0056,  0.1242,  ..., -0.0953,  0.0431,  0.0878]]), 'rvq_quantizer.project_in.bias': tensor([-6.1077e-03, -1.0639e-01,  5.7743e-02,  6.1203e-02, -9.2560e-02,
         7.2414e-02, -8.3908e-02, -1.2417e-01,  1.2006e-01, -1.7564e-02,
        -1.3723e-02,  7.0126e-02,  6.4868e-03,  7.0763e-02,  1.1920e-01,
         4.2498e-05,  4.7043e-02,  9.1601e-02,  6.0515e-02, -1.7811e-02,
         2.7558e-02, -6.4958e-02,  4.0020e-02, -7.0381e-02,  5.4873e-03,
        -3.8032e-02,  2.0210e-02,  6.6242e-02, -3.0837e-02,  1.1786e-01,
         1.2109e-01, -8.7243e-02]), 'rvq_quantizer.project_out.weight': tensor([[ 0.1391,  0.1389, -0.0638,  ...,  0.1497, -0.1518, -0.0982],
        [ 0.0400, -0.1660,  0.0335,  ...,  0.1551, -0.0025, -0.0239],
        [-0.0596, -0.0033,  0.1215,  ...,  0.0158,  0.0578,  0.0373],
        ...,
        [ 0.1155, -0.1740, -0.0604,  ..., -0.0189, -0.1290, -0.1407],
        [ 0.1166, -0.1520,  0.1097,  ..., -0.1163, -0.1759,  0.0724],
        [ 0.0715,  0.1611, -0.1024,  ...,  0.0083, -0.0714, -0.1503]]), 'rvq_quantizer.project_out.bias': tensor([ 1.5987e-01,  1.5615e-01, -1.5339e-01, -1.0336e-01, -6.1310e-02,
         1.3101e-01,  1.5501e-01, -1.5527e-01,  1.1952e-01, -1.5099e-01,
        -6.0957e-02,  1.4259e-01,  1.0313e-01,  1.3681e-01,  1.7227e-01,
        -8.1989e-02, -8.3912e-03, -1.7124e-01, -4.0239e-02,  1.4932e-01,
         1.4961e-01, -5.6660e-02,  9.9182e-02, -1.0434e-01, -7.8989e-02,
        -9.6498e-02,  1.5545e-01,  3.2009e-02,  3.9123e-02, -3.6162e-02,
         3.2309e-02, -1.1915e-01,  1.7072e-01, -1.2743e-01,  1.0117e-01,
        -1.7586e-01, -2.1377e-03, -9.6926e-02, -1.5145e-01, -9.3806e-03,
         9.3895e-02, -1.7972e-02, -9.2573e-02,  4.8761e-02,  3.3396e-02,
        -1.5251e-01,  9.7981e-03,  1.3211e-01, -2.1608e-02, -7.7352e-02,
        -1.3026e-01,  7.6535e-02, -7.3283e-03,  1.0275e-04,  6.7207e-02,
         7.6276e-02,  2.7185e-03, -1.2288e-01,  1.6985e-01, -1.5501e-01,
        -1.4429e-01, -1.2162e-01, -1.6839e-01,  1.5317e-01]), 'rvq_quantizer.layers.0._codebook.initted': tensor([1.]), 'rvq_quantizer.layers.0._codebook.cluster_size': tensor([[2.0000, 2.0000, 3.5841,  ..., 2.9063, 2.3686, 3.2063]]), 'rvq_quantizer.layers.0._codebook.embed_avg': tensor([[[  49.1074,  -69.6259,   -8.9555,  ...,  134.7818,   38.7894,
            94.2744],
         [  69.6060, -101.1576,   32.6016,  ...,  155.8422,   52.8902,
           128.8069],
         [  74.9072, -120.5774,   61.0985,  ...,  212.6199,  114.1539,
           127.9330],
         ...,
         [  81.8091, -140.5786,   42.5142,  ...,  219.1883,   90.0692,
           182.6068],
         [  74.2855, -100.4647,   31.6440,  ...,  167.6276,   92.4337,
           135.4800],
         [  98.0837, -105.1560,   40.3754,  ...,  146.9769,  107.2687,
            79.0422]]]), 'rvq_quantizer.layers.0._codebook.embed': tensor([[[ 24.5537, -34.8129,  -4.4777,  ...,  67.3908,  19.3947,  47.1371],
         [ 34.8030, -50.5788,  16.3008,  ...,  77.9211,  26.4451,  64.4034],
         [ 20.8998, -33.6423,  17.0471,  ...,  59.3230,  31.8500,  35.6945],
         ...,
         [ 28.1491, -48.3706,  14.6284,  ...,  75.4189,  30.9912,  62.8318],
         [ 31.3632, -42.4159,  13.3600,  ...,  70.7719,  39.0253,  57.1993],
         [ 30.5909, -32.7966,  12.5925,  ...,  45.8400,  33.4556,  24.6521]]]), 'rvq_quantizer.layers.1._codebook.initted': tensor([1.]), 'rvq_quantizer.layers.1._codebook.cluster_size': tensor([[122.8606,   2.2539,   3.2354,  ...,   2.0000,   3.1932,   2.1000]]), 'rvq_quantizer.layers.1._codebook.embed_avg': tensor([[[ 2.6359e-04, -3.7065e-04,  1.2859e-04,  ...,  6.6878e-04,
           3.0763e-04,  3.8980e-04],
         [ 3.0825e+00, -9.5546e+00, -8.1004e+00,  ...,  4.3497e+00,
          -7.4099e+00,  2.9412e+00],
         [ 2.0997e-01,  1.5609e+01,  1.3971e+01,  ..., -1.0715e+01,
          -3.6657e+00, -1.6514e+01],
         ...,
         [ 5.9268e+00, -3.7682e+00,  3.7690e+00,  ..., -5.2690e+00,
          -1.8203e+00, -2.7050e-01],
         [-1.0747e+01,  2.0203e+00,  1.5969e-01,  ..., -6.7063e+00,
           1.3026e-01, -7.8771e+00],
         [-5.9779e-01,  1.4154e+00, -1.9779e+00,  ...,  7.4321e-01,
          -1.3511e-01,  1.1085e+00]]]), 'rvq_quantizer.layers.1._codebook.embed': tensor([[[ 2.1454e-06, -3.0168e-06,  1.0466e-06,  ...,  5.4434e-06,
           2.5039e-06,  3.1727e-06],
         [ 1.3676e+00, -4.2392e+00, -3.5940e+00,  ...,  1.9298e+00,
          -3.2876e+00,  1.3050e+00],
         [ 6.4899e-02,  4.8244e+00,  4.3182e+00,  ..., -3.3118e+00,
          -1.1330e+00, -5.1040e+00],
         ...,
         [ 2.9634e+00, -1.8841e+00,  1.8845e+00,  ..., -2.6345e+00,
          -9.1013e-01, -1.3525e-01],
         [-3.3657e+00,  6.3270e-01,  5.0009e-02,  ..., -2.1002e+00,
           4.0794e-02, -2.4668e+00],
         [-2.8466e-01,  6.7400e-01, -9.4185e-01,  ...,  3.5391e-01,
          -6.4336e-02,  5.2787e-01]]]), 'rvq_quantizer.layers.2._codebook.initted': tensor([1.]), 'rvq_quantizer.layers.2._codebook.cluster_size': tensor([[119.7561,   2.1720, 159.3182,  ...,   2.0000,   2.1610,   2.0000]]), 'rvq_quantizer.layers.2._codebook.embed_avg': tensor([[[ 2.1759e-04, -3.5549e-04,  1.0967e-04,  ...,  5.3527e-04,
           2.3971e-04,  4.2929e-04],
         [ 3.6003e-04,  2.5748e-03, -2.6174e-03,  ..., -7.8108e-03,
          -9.7380e-05,  4.0344e-03],
         [ 8.2457e+00,  3.3729e+00,  2.9606e+00,  ...,  4.5425e+00,
           8.8988e-01, -3.2933e+00],
         ...,
         [-3.6351e-02,  1.8954e-01,  4.9036e-01,  ...,  2.1939e-01,
           4.3058e-01, -4.5545e-01],
         [-4.9829e-01,  7.6590e-02, -2.3512e-01,  ...,  2.3970e-01,
          -5.1157e-01,  3.6023e-01],
         [ 1.8760e+00,  4.4269e+00,  3.3848e+00,  ...,  4.6929e+00,
           1.0873e+00, -5.8540e+00]]]), 'rvq_quantizer.layers.2._codebook.embed': tensor([[[ 1.8169e-06, -2.9685e-06,  9.1578e-07,  ...,  4.4697e-06,
           2.0016e-06,  3.5847e-06],
         [ 1.6576e-04,  1.1854e-03, -1.2051e-03,  ..., -3.5961e-03,
          -4.4834e-05,  1.8574e-03],
         [ 5.1757e-02,  2.1171e-02,  1.8583e-02,  ...,  2.8512e-02,
           5.5856e-03, -2.0671e-02],
         ...,
         [-1.8176e-02,  9.4772e-02,  2.4518e-01,  ...,  1.0970e-01,
           2.1529e-01, -2.2773e-01],
         [-2.3058e-01,  3.5442e-02, -1.0880e-01,  ...,  1.1092e-01,
          -2.3673e-01,  1.6670e-01],
         [ 9.3798e-01,  2.2135e+00,  1.6924e+00,  ...,  2.3464e+00,
           5.4363e-01, -2.9270e+00]]]), 'rvq_quantizer.layers.3._codebook.initted': tensor([1.]), 'rvq_quantizer.layers.3._codebook.cluster_size': tensor([[158.8015,   2.2710,   3.0684,  ...,   2.2439,   2.1000,   2.3710]]), 'rvq_quantizer.layers.3._codebook.embed_avg': tensor([[[ 8.2420,  3.3356,  2.9826,  ...,  4.4366,  0.8824, -3.2171],
         [-0.0384,  0.7581,  0.0291,  ..., -2.5121, -0.1429, -0.6137],
         [ 0.0509, -0.5661, -0.1609,  ...,  0.2777, -0.2129,  0.4477],
         ...,
         [ 1.2963,  0.6638,  0.8771,  ...,  0.1759, -0.3215,  0.5670],
         [ 1.3405, -0.4536,  0.8155,  ..., -0.7318, -0.3632,  1.0392],
         [-1.6467, -1.0782,  0.8614,  ..., -2.7334, -1.3799, -0.1481]]]), 'rvq_quantizer.layers.3._codebook.embed': tensor([[[ 0.0519,  0.0210,  0.0188,  ...,  0.0279,  0.0056, -0.0203],
         [-0.0169,  0.3338,  0.0128,  ..., -1.1062, -0.0629, -0.2702],
         [ 0.0166, -0.1845, -0.0524,  ...,  0.0905, -0.0694,  0.1459],
         ...,
         [ 0.5777,  0.2958,  0.3909,  ...,  0.0784, -0.1433,  0.2527],
         [ 0.6383, -0.2160,  0.3883,  ..., -0.3485, -0.1729,  0.4949],
         [-0.6945, -0.4547,  0.3633,  ..., -1.1529, -0.5820, -0.0625]]])})
Loss:  tensor(2.0868, grad_fn=<MeanBackward0>)
OrderedDict({'rvq_quantizer.project_in.weight': tensor([[-0.0413, -0.0308, -0.0457,  ..., -0.0054,  0.1202, -0.1159],
        [ 0.0671,  0.0330, -0.0402,  ..., -0.0271,  0.0020,  0.1032],
        [-0.0275,  0.0642, -0.0733,  ..., -0.0311,  0.0269,  0.0363],
        ...,
        [-0.1104, -0.0646,  0.0862,  ..., -0.0201,  0.0044,  0.0403],
        [-0.0280,  0.0473, -0.0244,  ..., -0.0301, -0.0984, -0.0943],
        [-0.0933, -0.0056,  0.1242,  ..., -0.0953,  0.0431,  0.0878]]), 'rvq_quantizer.project_in.bias': tensor([-6.1077e-03, -1.0639e-01,  5.7743e-02,  6.1203e-02, -9.2560e-02,
         7.2414e-02, -8.3908e-02, -1.2417e-01,  1.2006e-01, -1.7564e-02,
        -1.3723e-02,  7.0126e-02,  6.4868e-03,  7.0763e-02,  1.1920e-01,
         4.2498e-05,  4.7043e-02,  9.1601e-02,  6.0515e-02, -1.7811e-02,
         2.7558e-02, -6.4958e-02,  4.0020e-02, -7.0381e-02,  5.4873e-03,
        -3.8032e-02,  2.0210e-02,  6.6242e-02, -3.0837e-02,  1.1786e-01,
         1.2109e-01, -8.7243e-02]), 'rvq_quantizer.project_out.weight': tensor([[ 0.1391,  0.1389, -0.0638,  ...,  0.1497, -0.1518, -0.0982],
        [ 0.0400, -0.1660,  0.0335,  ...,  0.1551, -0.0025, -0.0239],
        [-0.0596, -0.0033,  0.1215,  ...,  0.0158,  0.0578,  0.0373],
        ...,
        [ 0.1155, -0.1740, -0.0604,  ..., -0.0189, -0.1290, -0.1407],
        [ 0.1166, -0.1520,  0.1097,  ..., -0.1163, -0.1759,  0.0724],
        [ 0.0715,  0.1611, -0.1024,  ...,  0.0083, -0.0714, -0.1503]]), 'rvq_quantizer.project_out.bias': tensor([ 1.5987e-01,  1.5615e-01, -1.5339e-01, -1.0336e-01, -6.1310e-02,
         1.3101e-01,  1.5501e-01, -1.5527e-01,  1.1952e-01, -1.5099e-01,
        -6.0957e-02,  1.4259e-01,  1.0313e-01,  1.3681e-01,  1.7227e-01,
        -8.1989e-02, -8.3912e-03, -1.7124e-01, -4.0239e-02,  1.4932e-01,
         1.4961e-01, -5.6660e-02,  9.9182e-02, -1.0434e-01, -7.8989e-02,
        -9.6498e-02,  1.5545e-01,  3.2009e-02,  3.9123e-02, -3.6162e-02,
         3.2309e-02, -1.1915e-01,  1.7072e-01, -1.2743e-01,  1.0117e-01,
        -1.7586e-01, -2.1377e-03, -9.6926e-02, -1.5145e-01, -9.3806e-03,
         9.3895e-02, -1.7972e-02, -9.2573e-02,  4.8761e-02,  3.3396e-02,
        -1.5251e-01,  9.7981e-03,  1.3211e-01, -2.1608e-02, -7.7352e-02,
        -1.3026e-01,  7.6535e-02, -7.3283e-03,  1.0275e-04,  6.7207e-02,
         7.6276e-02,  2.7185e-03, -1.2288e-01,  1.6985e-01, -1.5501e-01,
        -1.4429e-01, -1.2162e-01, -1.6839e-01,  1.5317e-01]), 'rvq_quantizer.layers.0._codebook.initted': tensor([1.]), 'rvq_quantizer.layers.0._codebook.cluster_size': tensor([[2.0000, 2.0000, 3.7257,  ..., 3.0157, 2.4317, 3.2857]]), 'rvq_quantizer.layers.0._codebook.embed_avg': tensor([[[  48.7954,  -69.6858,   -8.6171,  ...,  134.6234,   38.9021,
            94.1463],
         [  51.6263,  -62.9451,   36.9779,  ...,  138.3241,   68.8382,
           100.1440],
         [  77.9398, -125.3626,   63.8461,  ...,  220.4661,  118.8511,
           132.7812],
         ...,
         [  84.7542, -145.8280,   43.8711,  ...,  227.4566,   93.6456,
           189.4530],
         [  76.5020, -103.5759,   32.4478,  ...,  172.3311,   94.8767,
           139.2541],
         [ 100.2130, -106.9065,   41.5487,  ...,  150.0188,  110.1181,
            81.3908]]]), 'rvq_quantizer.layers.0._codebook.embed': tensor([[[ 24.3977, -34.8429,  -4.3086,  ...,  67.3116,  19.4510,  47.0731],
         [ 25.8132, -31.4725,  18.4889,  ...,  69.1621,  34.4191,  50.0720],
         [ 20.9195, -33.6481,  17.1367,  ...,  59.1745,  31.9004,  35.6393],
         ...,
         [ 28.1048, -48.3571,  14.5478,  ...,  75.4254,  31.0532,  62.8232],
         [ 31.4602, -42.5940,  13.3437,  ...,  70.8685,  39.0166,  57.2661],
         [ 30.5000, -32.5372,  12.6454,  ...,  45.6585,  33.5146,  24.7714]]]), 'rvq_quantizer.layers.1._codebook.initted': tensor([1.]), 'rvq_quantizer.layers.1._codebook.cluster_size': tensor([[137.2746,   2.3285,   3.2119,  ...,   2.0000,   3.4739,   2.0900]]), 'rvq_quantizer.layers.1._codebook.embed_avg': tensor([[[ 2.9388e-04, -4.1560e-04,  1.4749e-04,  ...,  7.5602e-04,
           3.4324e-04,  4.4085e-04],
         [ 3.7509e+00, -9.8598e+00, -8.2030e+00,  ...,  4.3060e+00,
          -7.3986e+00,  3.0768e+00],
         [ 9.2319e-02,  1.5567e+01,  1.4275e+01,  ..., -1.0871e+01,
          -3.4146e+00, -1.6042e+01],
         ...,
         [ 6.0450e+00, -3.3240e+00,  3.6846e+00,  ..., -6.0113e+00,
          -1.6885e+00, -8.2841e-02],
         [-1.1432e+01,  1.8324e+00, -2.5408e-01,  ..., -6.4319e+00,
           1.1121e-01, -8.4877e+00],
         [-8.3467e-01,  1.6388e+00, -1.9261e+00,  ...,  6.3759e-01,
          -3.0036e-01,  1.3770e+00]]]), 'rvq_quantizer.layers.1._codebook.embed': tensor([[[ 2.1408e-06, -3.0275e-06,  1.0744e-06,  ...,  5.5074e-06,
           2.5004e-06,  3.2115e-06],
         [ 1.6108e+00, -4.2344e+00, -3.5228e+00,  ...,  1.8492e+00,
          -3.1774e+00,  1.3214e+00],
         [ 2.8743e-02,  4.8466e+00,  4.4443e+00,  ..., -3.3847e+00,
          -1.0631e+00, -4.9947e+00],
         ...,
         [ 3.0225e+00, -1.6620e+00,  1.8423e+00,  ..., -3.0056e+00,
          -8.4425e-01, -4.1421e-02],
         [-3.2907e+00,  5.2749e-01, -7.3140e-02,  ..., -1.8515e+00,
           3.2012e-02, -2.4433e+00],
         [-3.9936e-01,  7.8411e-01, -9.2156e-01,  ...,  3.0507e-01,
          -1.4371e-01,  6.5887e-01]]]), 'rvq_quantizer.layers.2._codebook.initted': tensor([1.]), 'rvq_quantizer.layers.2._codebook.cluster_size': tensor([[136.9805,   2.1548, 143.9864,  ...,   2.0000,   2.2449,   2.0000]]), 'rvq_quantizer.layers.2._codebook.embed_avg': tensor([[[ 2.4183e-04, -3.9679e-04,  1.2817e-04,  ...,  6.0601e-04,
           2.6433e-04,  4.7054e-04],
         [ 3.1053e-03,  1.0734e-02, -1.0835e-02,  ..., -3.5219e-04,
          -3.3894e-04,  8.2345e-03],
         [ 7.4479e+00,  3.1049e+00,  2.6392e+00,  ...,  4.0572e+00,
           7.9927e-01, -3.0258e+00],
         ...,
         [-2.5450e+00, -2.8987e+00,  3.2762e+00,  ...,  2.9298e-01,
          -1.4051e+00,  3.3879e+00],
         [-4.6265e-01, -5.5491e-02, -3.2700e-01,  ...,  2.5790e-01,
          -7.0575e-01,  4.4932e-01],
         [ 1.5972e+00,  4.0865e+00,  3.4174e+00,  ...,  4.6588e+00,
           1.1534e+00, -5.6885e+00]]]), 'rvq_quantizer.layers.2._codebook.embed': tensor([[[ 1.7654e-06, -2.8967e-06,  9.3566e-07,  ...,  4.4240e-06,
           1.9297e-06,  3.4351e-06],
         [ 1.4411e-03,  4.9816e-03, -5.0285e-03,  ..., -1.6344e-04,
          -1.5730e-04,  3.8215e-03],
         [ 5.1726e-02,  2.1564e-02,  1.8329e-02,  ...,  2.8178e-02,
           5.5511e-03, -2.1014e-02],
         ...,
         [-1.2725e+00, -1.4494e+00,  1.6381e+00,  ...,  1.4649e-01,
          -7.0257e-01,  1.6939e+00],
         [-2.0609e-01, -2.4718e-02, -1.4566e-01,  ...,  1.1488e-01,
          -3.1438e-01,  2.0015e-01],
         [ 7.9858e-01,  2.0432e+00,  1.7087e+00,  ...,  2.3294e+00,
           5.7672e-01, -2.8443e+00]]]), 'rvq_quantizer.layers.3._codebook.initted': tensor([1.]), 'rvq_quantizer.layers.3._codebook.cluster_size': tensor([[142.9213,   2.6439,   2.9616,  ...,   2.2195,   2.2900,   2.7339]]), 'rvq_quantizer.layers.3._codebook.embed_avg': tensor([[[ 7.4178,  3.0021,  2.6843,  ...,  3.9930,  0.7941, -2.8954],
         [ 0.0185,  0.8214, -0.2835,  ..., -3.0706,  0.0300, -0.8451],
         [ 0.0299, -0.5917, -0.1470,  ...,  0.2876, -0.1787,  0.4302],
         ...,
         [ 1.3528,  0.5795,  0.9953,  ..., -0.0278, -0.4156,  0.6305],
         [ 1.3557, -0.5061,  0.8588,  ..., -0.4649, -0.4073,  1.0987],
         [-1.9595, -1.5048,  1.3196,  ..., -3.5902, -1.5524,  0.1399]]]), 'rvq_quantizer.layers.3._codebook.embed': tensor([[[ 0.0519,  0.0210,  0.0188,  ...,  0.0279,  0.0056, -0.0203],
         [ 0.0070,  0.3107, -0.1072,  ..., -1.1614,  0.0114, -0.3197],
         [ 0.0101, -0.1998, -0.0497,  ...,  0.0971, -0.0603,  0.1453],
         ...,
         [ 0.6095,  0.2611,  0.4485,  ..., -0.0125, -0.1873,  0.2841],
         [ 0.5920, -0.2210,  0.3750,  ..., -0.2030, -0.1779,  0.4798],
         [-0.7167, -0.5504,  0.4827,  ..., -1.3132, -0.5678,  0.0512]]])})
Loss:  tensor(1.9651, grad_fn=<MeanBackward0>)
OrderedDict({'rvq_quantizer.project_in.weight': tensor([[-0.0413, -0.0308, -0.0457,  ..., -0.0054,  0.1202, -0.1159],
        [ 0.0671,  0.0330, -0.0402,  ..., -0.0271,  0.0020,  0.1032],
        [-0.0275,  0.0642, -0.0733,  ..., -0.0311,  0.0269,  0.0363],
        ...,
        [-0.1104, -0.0646,  0.0862,  ..., -0.0201,  0.0044,  0.0403],
        [-0.0280,  0.0473, -0.0244,  ..., -0.0301, -0.0984, -0.0943],
        [-0.0933, -0.0056,  0.1242,  ..., -0.0953,  0.0431,  0.0878]]), 'rvq_quantizer.project_in.bias': tensor([-6.1077e-03, -1.0639e-01,  5.7743e-02,  6.1203e-02, -9.2560e-02,
         7.2414e-02, -8.3908e-02, -1.2417e-01,  1.2006e-01, -1.7564e-02,
        -1.3723e-02,  7.0126e-02,  6.4868e-03,  7.0763e-02,  1.1920e-01,
         4.2498e-05,  4.7043e-02,  9.1601e-02,  6.0515e-02, -1.7811e-02,
         2.7558e-02, -6.4958e-02,  4.0020e-02, -7.0381e-02,  5.4873e-03,
        -3.8032e-02,  2.0210e-02,  6.6242e-02, -3.0837e-02,  1.1786e-01,
         1.2109e-01, -8.7243e-02]), 'rvq_quantizer.project_out.weight': tensor([[ 0.1391,  0.1389, -0.0638,  ...,  0.1497, -0.1518, -0.0982],
        [ 0.0400, -0.1660,  0.0335,  ...,  0.1551, -0.0025, -0.0239],
        [-0.0596, -0.0033,  0.1215,  ...,  0.0158,  0.0578,  0.0373],
        ...,
        [ 0.1155, -0.1740, -0.0604,  ..., -0.0189, -0.1290, -0.1407],
        [ 0.1166, -0.1520,  0.1097,  ..., -0.1163, -0.1759,  0.0724],
        [ 0.0715,  0.1611, -0.1024,  ...,  0.0083, -0.0714, -0.1503]]), 'rvq_quantizer.project_out.bias': tensor([ 1.5987e-01,  1.5615e-01, -1.5339e-01, -1.0336e-01, -6.1310e-02,
         1.3101e-01,  1.5501e-01, -1.5527e-01,  1.1952e-01, -1.5099e-01,
        -6.0957e-02,  1.4259e-01,  1.0313e-01,  1.3681e-01,  1.7227e-01,
        -8.1989e-02, -8.3912e-03, -1.7124e-01, -4.0239e-02,  1.4932e-01,
         1.4961e-01, -5.6660e-02,  9.9182e-02, -1.0434e-01, -7.8989e-02,
        -9.6498e-02,  1.5545e-01,  3.2009e-02,  3.9123e-02, -3.6162e-02,
         3.2309e-02, -1.1915e-01,  1.7072e-01, -1.2743e-01,  1.0117e-01,
        -1.7586e-01, -2.1377e-03, -9.6926e-02, -1.5145e-01, -9.3806e-03,
         9.3895e-02, -1.7972e-02, -9.2573e-02,  4.8761e-02,  3.3396e-02,
        -1.5251e-01,  9.7981e-03,  1.3211e-01, -2.1608e-02, -7.7352e-02,
        -1.3026e-01,  7.6535e-02, -7.3283e-03,  1.0275e-04,  6.7207e-02,
         7.6276e-02,  2.7185e-03, -1.2288e-01,  1.6985e-01, -1.5501e-01,
        -1.4429e-01, -1.2162e-01, -1.6839e-01,  1.5317e-01]), 'rvq_quantizer.layers.0._codebook.initted': tensor([1.]), 'rvq_quantizer.layers.0._codebook.cluster_size': tensor([[2.0000, 2.0000, 3.9531,  ..., 3.1141, 2.3885, 3.3571]]), 'rvq_quantizer.layers.0._codebook.embed_avg': tensor([[[  30.7366,  -87.2877,   10.5022,  ...,  117.0488,   52.2434,
            85.1401],
         [  45.4074,  -45.4225,   48.9204,  ...,   68.6106,   54.7391,
            37.5120],
         [  82.4545, -132.9856,   67.9327,  ...,  233.9188,  125.9637,
           140.7164],
         ...,
         [  87.4048, -150.5525,   45.0923,  ...,  234.8981,   96.8643,
           195.6147],
         [  75.0948, -101.8922,   31.9028,  ...,  169.1354,   93.1305,
           136.7558],
         [ 102.1951, -109.3319,   42.8348,  ...,  153.8064,  112.3807,
            83.3747]]]), 'rvq_quantizer.layers.0._codebook.embed': tensor([[[ 15.3683, -43.6438,   5.2511,  ...,  58.5244,  26.1217,  42.5701],
         [ 22.7037, -22.7112,  24.4602,  ...,  34.3053,  27.3695,  18.7560],
         [ 20.8581, -33.6406,  17.1846,  ...,  59.1732,  31.8643,  35.5963],
         ...,
         [ 28.0676, -48.3457,  14.4801,  ...,  75.4308,  31.1052,  62.8161],
         [ 31.4397, -42.6589,  13.3566,  ...,  70.8114,  38.9907,  57.2551],
         [ 30.4414, -32.5673,  12.7595,  ...,  45.8152,  33.4755,  24.8353]]]), 'rvq_quantizer.layers.1._codebook.initted': tensor([1.]), 'rvq_quantizer.layers.1._codebook.cluster_size': tensor([[151.3471,   2.3957,   3.4907,  ...,   2.0000,   3.8265,   2.1810]]), 'rvq_quantizer.layers.1._codebook.embed_avg': tensor([[[ 3.1866e-04, -4.5262e-04,  1.6159e-04,  ...,  8.2156e-04,
           3.7453e-04,  4.7897e-04],
         [ 4.3336e+00, -1.0064e+01, -8.2766e+00,  ...,  4.2494e+00,
          -7.3712e+00,  3.1935e+00],
         [ 7.7592e-01,  1.6469e+01,  1.5275e+01,  ..., -1.1401e+01,
          -3.1064e+00, -1.6991e+01],
         ...,
         [ 1.6209e-01,  6.4539e-01, -9.1618e-02,  ..., -5.0101e-01,
          -2.2447e-01, -1.0491e+00],
         [-1.2675e+01,  1.5845e+00, -4.9952e-01,  ..., -6.8298e+00,
          -4.7498e-02, -9.2843e+00],
         [-1.2532e+00,  1.7052e+00, -1.9883e+00,  ...,  8.7298e-01,
          -2.1468e-01,  1.3877e+00]]]), 'rvq_quantizer.layers.1._codebook.embed': tensor([[[ 2.1055e-06, -2.9906e-06,  1.0677e-06,  ...,  5.4283e-06,
           2.4746e-06,  3.1647e-06],
         [ 1.8089e+00, -4.2008e+00, -3.4548e+00,  ...,  1.7738e+00,
          -3.0769e+00,  1.3330e+00],
         [ 2.2228e-01,  4.7179e+00,  4.3761e+00,  ..., -3.2662e+00,
          -8.8992e-01, -4.8675e+00],
         ...,
         [ 8.1047e-02,  3.2270e-01, -4.5809e-02,  ..., -2.5050e-01,
          -1.1224e-01, -5.2453e-01],
         [-3.3124e+00,  4.1407e-01, -1.3054e-01,  ..., -1.7849e+00,
          -1.2413e-02, -2.4263e+00],
         [-5.7462e-01,  7.8183e-01, -9.1166e-01,  ...,  4.0027e-01,
          -9.8432e-02,  6.3628e-01]]]), 'rvq_quantizer.layers.2._codebook.initted': tensor([1.]), 'rvq_quantizer.layers.2._codebook.cluster_size': tensor([[153.9825,   2.8393, 129.9878,  ...,   2.0000,   2.4204,   2.0000]]), 'rvq_quantizer.layers.2._codebook.embed_avg': tensor([[[ 2.5853e-04, -4.2517e-04,  1.4026e-04,  ...,  6.5835e-04,
           2.8740e-04,  4.9682e-04],
         [ 1.0553e-02,  2.4348e-02, -2.3963e-02,  ...,  5.0151e-03,
           3.0892e-04,  1.8667e-02],
         [ 6.7416e+00,  2.8003e+00,  2.3625e+00,  ...,  3.6933e+00,
           7.3196e-01, -2.7393e+00],
         ...,
         [ 4.4019e+00,  6.3476e-01, -2.3380e+00,  ...,  6.4796e+00,
           3.0587e+00,  1.6801e+00],
         [-3.8198e-01, -1.8369e-01, -5.6499e-01,  ...,  4.5018e-01,
          -9.7019e-01,  5.8725e-01],
         [-4.3994e-02, -1.3717e-01,  1.3245e-01,  ..., -1.0546e-01,
          -2.4191e-01, -4.5181e-02]]]), 'rvq_quantizer.layers.2._codebook.embed': tensor([[[ 1.6790e-06, -2.7611e-06,  9.1090e-07,  ...,  4.2755e-06,
           1.8665e-06,  3.2265e-06],
         [ 3.7167e-03,  8.5752e-03, -8.4398e-03,  ...,  1.7663e-03,
           1.0880e-04,  6.5745e-03],
         [ 5.1864e-02,  2.1543e-02,  1.8175e-02,  ...,  2.8413e-02,
           5.6310e-03, -2.1073e-02],
         ...,
         [ 2.2010e+00,  3.1738e-01, -1.1690e+00,  ...,  3.2398e+00,
           1.5293e+00,  8.4004e-01],
         [-1.5781e-01, -7.5893e-02, -2.3343e-01,  ...,  1.8599e-01,
          -4.0084e-01,  2.4262e-01],
         [-2.1997e-02, -6.8583e-02,  6.6226e-02,  ..., -5.2731e-02,
          -1.2096e-01, -2.2591e-02]]]), 'rvq_quantizer.layers.3._codebook.initted': tensor([1.]), 'rvq_quantizer.layers.3._codebook.cluster_size': tensor([[128.9292,   2.7795,   2.7654,  ...,   2.3976,   2.2610,   2.8605]]), 'rvq_quantizer.layers.3._codebook.embed_avg': tensor([[[ 6.6655,  2.7131,  2.4274,  ...,  3.5983,  0.7136, -2.6205],
         [ 0.0597,  0.8484, -0.6313,  ..., -3.6586,  0.1752, -1.2206],
         [ 0.0341, -0.5366, -0.1217,  ...,  0.2654, -0.1682,  0.3948],
         ...,
         [ 1.6318,  0.5856,  1.0996,  ..., -0.0243, -0.4694,  0.5225],
         [ 1.5858, -0.4898,  0.7976,  ..., -0.2888, -0.3633,  0.9392],
         [-2.5415, -1.4425,  1.4904,  ..., -4.2336, -1.8467,  0.2057]]]), 'rvq_quantizer.layers.3._codebook.embed': tensor([[[ 0.0517,  0.0210,  0.0188,  ...,  0.0279,  0.0055, -0.0203],
         [ 0.0215,  0.3052, -0.2271,  ..., -1.3163,  0.0630, -0.4391],
         [ 0.0123, -0.1940, -0.0440,  ...,  0.0960, -0.0608,  0.1428],
         ...,
         [ 0.6806,  0.2443,  0.4586,  ..., -0.0102, -0.1958,  0.2179],
         [ 0.7014, -0.2166,  0.3528,  ..., -0.1277, -0.1607,  0.4154],
         [-0.8885, -0.5043,  0.5210,  ..., -1.4800, -0.6456,  0.0719]]])})
Loss:  tensor(1.9636, grad_fn=<MeanBackward0>)
OrderedDict({'rvq_quantizer.project_in.weight': tensor([[-0.0413, -0.0308, -0.0457,  ..., -0.0054,  0.1202, -0.1159],
        [ 0.0671,  0.0330, -0.0402,  ..., -0.0271,  0.0020,  0.1032],
        [-0.0275,  0.0642, -0.0733,  ..., -0.0311,  0.0269,  0.0363],
        ...,
        [-0.1104, -0.0646,  0.0862,  ..., -0.0201,  0.0044,  0.0403],
        [-0.0280,  0.0473, -0.0244,  ..., -0.0301, -0.0984, -0.0943],
        [-0.0933, -0.0056,  0.1242,  ..., -0.0953,  0.0431,  0.0878]]), 'rvq_quantizer.project_in.bias': tensor([-6.1077e-03, -1.0639e-01,  5.7743e-02,  6.1203e-02, -9.2560e-02,
         7.2414e-02, -8.3908e-02, -1.2417e-01,  1.2006e-01, -1.7564e-02,
        -1.3723e-02,  7.0126e-02,  6.4868e-03,  7.0763e-02,  1.1920e-01,
         4.2498e-05,  4.7043e-02,  9.1601e-02,  6.0515e-02, -1.7811e-02,
         2.7558e-02, -6.4958e-02,  4.0020e-02, -7.0381e-02,  5.4873e-03,
        -3.8032e-02,  2.0210e-02,  6.6242e-02, -3.0837e-02,  1.1786e-01,
         1.2109e-01, -8.7243e-02]), 'rvq_quantizer.project_out.weight': tensor([[ 0.1391,  0.1389, -0.0638,  ...,  0.1497, -0.1518, -0.0982],
        [ 0.0400, -0.1660,  0.0335,  ...,  0.1551, -0.0025, -0.0239],
        [-0.0596, -0.0033,  0.1215,  ...,  0.0158,  0.0578,  0.0373],
        ...,
        [ 0.1155, -0.1740, -0.0604,  ..., -0.0189, -0.1290, -0.1407],
        [ 0.1166, -0.1520,  0.1097,  ..., -0.1163, -0.1759,  0.0724],
        [ 0.0715,  0.1611, -0.1024,  ...,  0.0083, -0.0714, -0.1503]]), 'rvq_quantizer.project_out.bias': tensor([ 1.5987e-01,  1.5615e-01, -1.5339e-01, -1.0336e-01, -6.1310e-02,
         1.3101e-01,  1.5501e-01, -1.5527e-01,  1.1952e-01, -1.5099e-01,
        -6.0957e-02,  1.4259e-01,  1.0313e-01,  1.3681e-01,  1.7227e-01,
        -8.1989e-02, -8.3912e-03, -1.7124e-01, -4.0239e-02,  1.4932e-01,
         1.4961e-01, -5.6660e-02,  9.9182e-02, -1.0434e-01, -7.8989e-02,
        -9.6498e-02,  1.5545e-01,  3.2009e-02,  3.9123e-02, -3.6162e-02,
         3.2309e-02, -1.1915e-01,  1.7072e-01, -1.2743e-01,  1.0117e-01,
        -1.7586e-01, -2.1377e-03, -9.6926e-02, -1.5145e-01, -9.3806e-03,
         9.3895e-02, -1.7972e-02, -9.2573e-02,  4.8761e-02,  3.3396e-02,
        -1.5251e-01,  9.7981e-03,  1.3211e-01, -2.1608e-02, -7.7352e-02,
        -1.3026e-01,  7.6535e-02, -7.3283e-03,  1.0275e-04,  6.7207e-02,
         7.6276e-02,  2.7185e-03, -1.2288e-01,  1.6985e-01, -1.5501e-01,
        -1.4429e-01, -1.2162e-01, -1.6839e-01,  1.5317e-01]), 'rvq_quantizer.layers.0._codebook.initted': tensor([1.]), 'rvq_quantizer.layers.0._codebook.cluster_size': tensor([[2.0000, 2.0000, 4.3420,  ..., 2.9924, 2.5047, 3.4693]]), 'rvq_quantizer.layers.0._codebook.embed_avg': tensor([[[  44.4399,  -87.3969,   17.6905,  ...,  123.6750,   48.9605,
            87.5147],
         [  51.5235,  -54.6305,   27.9427,  ...,  113.3195,   88.0878,
            79.8199],
         [  90.1746, -146.0209,   74.9208,  ...,  256.9229,  138.1263,
           154.2856],
         ...,
         [  83.9166, -144.5512,   42.8239,  ...,  225.5346,   93.1167,
           188.0168],
         [  79.1523, -107.5324,   33.3809,  ...,  177.7855,   97.6399,
           143.6842],
         [ 105.0126, -112.3520,   45.3378,  ...,  158.5982,  116.4857,
            87.1071]]]), 'rvq_quantizer.layers.0._codebook.embed': tensor([[[ 22.2200, -43.6985,   8.8452,  ...,  61.8375,  24.4803,  43.7574],
         [ 25.7617, -27.3152,  13.9713,  ...,  56.6597,  44.0439,  39.9100],
         [ 20.7679, -33.6297,  17.2548,  ...,  59.1712,  31.8115,  35.5331],
         ...,
         [ 28.0432, -48.3060,  14.3108,  ...,  75.3689,  31.1176,  62.8312],
         [ 31.6014, -42.9320,  13.3272,  ...,  70.9804,  38.9825,  57.3656],
         [ 30.2695, -32.3851,  13.0685,  ...,  45.7153,  33.5766,  25.1083]]]), 'rvq_quantizer.layers.1._codebook.initted': tensor([1.]), 'rvq_quantizer.layers.1._codebook.cluster_size': tensor([[175.8212,   2.7005,   4.1574,  ...,   2.0000,   4.3395,   2.2366]]), 'rvq_quantizer.layers.1._codebook.embed_avg': tensor([[[ 3.6767e-04, -5.4000e-04,  1.8712e-04,  ...,  9.6469e-04,
           4.3496e-04,  5.6766e-04],
         [ 5.9384e+00, -1.1272e+01, -9.5023e+00,  ...,  5.4975e+00,
          -7.7145e+00,  3.4234e+00],
         [ 1.8302e+00,  1.9112e+01,  1.8051e+01,  ..., -1.3028e+01,
          -2.4371e+00, -1.9139e+01],
         ...,
         [ 2.9593e+00,  2.0304e+00, -3.1613e+00,  ...,  1.7581e+00,
          -1.2588e+00,  2.6706e-01],
         [-1.4280e+01,  1.1822e+00, -4.0425e-01,  ..., -7.3972e+00,
          -2.5874e-01, -1.0451e+01],
         [-1.4729e+00,  1.4598e+00, -1.9159e+00,  ...,  8.3393e-01,
           4.2155e-01,  1.7268e+00]]]), 'rvq_quantizer.layers.1._codebook.embed': tensor([[[ 2.0912e-06, -3.0713e-06,  1.0643e-06,  ...,  5.4868e-06,
           2.4739e-06,  3.2286e-06],
         [ 2.1990e+00, -4.1739e+00, -3.5187e+00,  ...,  2.0357e+00,
          -2.8567e+00,  1.2677e+00],
         [ 4.4022e-01,  4.5970e+00,  4.3418e+00,  ..., -3.1336e+00,
          -5.8620e-01, -4.6035e+00],
         ...,
         [ 1.4797e+00,  1.0152e+00, -1.5806e+00,  ...,  8.7905e-01,
          -6.2938e-01,  1.3353e-01],
         [-3.2906e+00,  2.7243e-01, -9.3156e-02,  ..., -1.7046e+00,
          -5.9625e-02, -2.4083e+00],
         [-6.5856e-01,  6.5267e-01, -8.5660e-01,  ...,  3.7285e-01,
           1.8848e-01,  7.7204e-01]]]), 'rvq_quantizer.layers.2._codebook.initted': tensor([1.]), 'rvq_quantizer.layers.2._codebook.cluster_size': tensor([[183.3158,   3.6598, 105.5601,  ...,   2.0000,   2.7205,   2.0000]]), 'rvq_quantizer.layers.2._codebook.embed_avg': tensor([[[ 2.9228e-04, -4.9401e-04,  1.6137e-04,  ...,  7.7651e-04,
           3.3809e-04,  5.5558e-04],
         [ 2.2557e-03,  2.7092e-02, -1.3476e-02,  ...,  3.2472e-02,
           1.5724e-02,  2.8421e-02],
         [ 5.4791e+00,  2.2847e+00,  1.9126e+00,  ...,  2.9917e+00,
           5.9202e-01, -2.2404e+00],
         ...,
         [ 3.4644e-06, -1.6117e-06,  5.5079e-06,  ...,  4.4402e-06,
           1.0329e-05,  1.2781e-06],
         [-4.5739e-01, -6.1825e-01, -1.0215e+00,  ...,  6.8385e-01,
          -1.2617e+00,  6.3313e-01],
         [-6.1025e-02, -1.8253e-01,  1.1601e-01,  ..., -4.5592e-02,
          -2.2569e-01, -1.1902e-02]]]), 'rvq_quantizer.layers.2._codebook.embed': tensor([[[ 1.5944e-06, -2.6949e-06,  8.8030e-07,  ...,  4.2359e-06,
           1.8443e-06,  3.0308e-06],
         [ 6.1635e-04,  7.4026e-03, -3.6822e-03,  ...,  8.8724e-03,
           4.2962e-03,  7.7656e-03],
         [ 5.1905e-02,  2.1643e-02,  1.8119e-02,  ...,  2.8341e-02,
           5.6084e-03, -2.1224e-02],
         ...,
         [ 1.7322e-06, -8.0583e-07,  2.7539e-06,  ...,  2.2201e-06,
           5.1645e-06,  6.3904e-07],
         [-1.6813e-01, -2.2725e-01, -3.7548e-01,  ...,  2.5137e-01,
          -4.6376e-01,  2.3272e-01],
         [-3.0512e-02, -9.1263e-02,  5.8004e-02,  ..., -2.2796e-02,
          -1.1284e-01, -5.9509e-03]]]), 'rvq_quantizer.layers.3._codebook.initted': tensor([1.]), 'rvq_quantizer.layers.3._codebook.cluster_size': tensor([[104.6226,   2.7314,   2.8200,  ...,   2.7020,   2.5014,   2.9770]]), 'rvq_quantizer.layers.3._codebook.embed_avg': tensor([[[ 5.4112e+00,  2.2093e+00,  1.9604e+00,  ...,  2.9209e+00,
           5.7819e-01, -2.1249e+00],
         [-6.3121e-04,  2.3875e-01, -1.0887e+00,  ..., -3.5336e+00,
           4.1021e-01, -1.1433e+00],
         [ 3.1022e-02, -6.1217e-01, -1.6568e-01,  ...,  2.4403e-01,
          -1.3003e-01,  4.4427e-01],
         ...,
         [ 2.0177e+00,  4.0253e-01,  1.4275e+00,  ..., -7.0440e-02,
          -7.7961e-01,  6.0318e-01],
         [ 1.8661e+00, -8.6239e-01,  4.5805e-01,  ..., -5.2832e-01,
          -5.2462e-02,  1.2602e+00],
         [-2.9377e+00, -1.1609e+00,  1.9351e+00,  ..., -4.6789e+00,
          -1.9618e+00,  3.7426e-01]]]), 'rvq_quantizer.layers.3._codebook.embed': tensor([[[ 5.1721e-02,  2.1117e-02,  1.8738e-02,  ...,  2.7918e-02,
           5.5265e-03, -2.0310e-02],
         [-2.3109e-04,  8.7410e-02, -3.9860e-01,  ..., -1.2937e+00,
           1.5018e-01, -4.1859e-01],
         [ 1.1001e-02, -2.1708e-01, -5.8753e-02,  ...,  8.6538e-02,
          -4.6110e-02,  1.5755e-01],
         ...,
         [ 7.4675e-01,  1.4897e-01,  5.2830e-01,  ..., -2.6069e-02,
          -2.8853e-01,  2.2323e-01],
         [ 7.4602e-01, -3.4476e-01,  1.8312e-01,  ..., -2.1121e-01,
          -2.0973e-02,  5.0381e-01],
         [-9.8679e-01, -3.8996e-01,  6.5002e-01,  ..., -1.5717e+00,
          -6.5898e-01,  1.2572e-01]]])})
Loss:  tensor(1.9112, grad_fn=<MeanBackward0>)
OrderedDict({'rvq_quantizer.project_in.weight': tensor([[-0.0413, -0.0308, -0.0457,  ..., -0.0054,  0.1202, -0.1159],
        [ 0.0671,  0.0330, -0.0402,  ..., -0.0271,  0.0020,  0.1032],
        [-0.0275,  0.0642, -0.0733,  ..., -0.0311,  0.0269,  0.0363],
        ...,
        [-0.1104, -0.0646,  0.0862,  ..., -0.0201,  0.0044,  0.0403],
        [-0.0280,  0.0473, -0.0244,  ..., -0.0301, -0.0984, -0.0943],
        [-0.0933, -0.0056,  0.1242,  ..., -0.0953,  0.0431,  0.0878]]), 'rvq_quantizer.project_in.bias': tensor([-6.1077e-03, -1.0639e-01,  5.7743e-02,  6.1203e-02, -9.2560e-02,
         7.2414e-02, -8.3908e-02, -1.2417e-01,  1.2006e-01, -1.7564e-02,
        -1.3723e-02,  7.0126e-02,  6.4868e-03,  7.0763e-02,  1.1920e-01,
         4.2498e-05,  4.7043e-02,  9.1601e-02,  6.0515e-02, -1.7811e-02,
         2.7558e-02, -6.4958e-02,  4.0020e-02, -7.0381e-02,  5.4873e-03,
        -3.8032e-02,  2.0210e-02,  6.6242e-02, -3.0837e-02,  1.1786e-01,
         1.2109e-01, -8.7243e-02]), 'rvq_quantizer.project_out.weight': tensor([[ 0.1391,  0.1389, -0.0638,  ...,  0.1497, -0.1518, -0.0982],
        [ 0.0400, -0.1660,  0.0335,  ...,  0.1551, -0.0025, -0.0239],
        [-0.0596, -0.0033,  0.1215,  ...,  0.0158,  0.0578,  0.0373],
        ...,
        [ 0.1155, -0.1740, -0.0604,  ..., -0.0189, -0.1290, -0.1407],
        [ 0.1166, -0.1520,  0.1097,  ..., -0.1163, -0.1759,  0.0724],
        [ 0.0715,  0.1611, -0.1024,  ...,  0.0083, -0.0714, -0.1503]]), 'rvq_quantizer.project_out.bias': tensor([ 1.5987e-01,  1.5615e-01, -1.5339e-01, -1.0336e-01, -6.1310e-02,
         1.3101e-01,  1.5501e-01, -1.5527e-01,  1.1952e-01, -1.5099e-01,
        -6.0957e-02,  1.4259e-01,  1.0313e-01,  1.3681e-01,  1.7227e-01,
        -8.1989e-02, -8.3912e-03, -1.7124e-01, -4.0239e-02,  1.4932e-01,
         1.4961e-01, -5.6660e-02,  9.9182e-02, -1.0434e-01, -7.8989e-02,
        -9.6498e-02,  1.5545e-01,  3.2009e-02,  3.9123e-02, -3.6162e-02,
         3.2309e-02, -1.1915e-01,  1.7072e-01, -1.2743e-01,  1.0117e-01,
        -1.7586e-01, -2.1377e-03, -9.6926e-02, -1.5145e-01, -9.3806e-03,
         9.3895e-02, -1.7972e-02, -9.2573e-02,  4.8761e-02,  3.3396e-02,
        -1.5251e-01,  9.7981e-03,  1.3211e-01, -2.1608e-02, -7.7352e-02,
        -1.3026e-01,  7.6535e-02, -7.3283e-03,  1.0275e-04,  6.7207e-02,
         7.6276e-02,  2.7185e-03, -1.2288e-01,  1.6985e-01, -1.5501e-01,
        -1.4429e-01, -1.2162e-01, -1.6839e-01,  1.5317e-01]), 'rvq_quantizer.layers.0._codebook.initted': tensor([1.]), 'rvq_quantizer.layers.0._codebook.cluster_size': tensor([[2.0000, 2.0000, 4.4078,  ..., 3.0932, 2.5542, 3.7223]]), 'rvq_quantizer.layers.0._codebook.embed_avg': tensor([[[  59.0687,  -41.9728,   39.1809,  ...,   74.5769,   57.4164,
            34.3666],
         [  51.1814,  -54.7940,   28.1424,  ...,  113.4293,   88.4123,
            79.8646],
         [  91.4619, -148.0175,   76.2812,  ...,  260.9870,  140.1728,
           156.7798],
         ...,
         [  86.6510, -149.4034,   44.1498,  ...,  233.1683,   96.3883,
           194.3221],
         [  80.8821, -109.9369,   34.0111,  ...,  181.4732,   99.5623,
           146.6379],
         [ 112.3029, -120.4392,   49.4496,  ...,  169.6463,  124.7947,
            94.1321]]]), 'rvq_quantizer.layers.0._codebook.embed': tensor([[[ 29.5344, -20.9864,  19.5904,  ...,  37.2885,  28.7082,  17.1833],
         [ 25.5907, -27.3969,  14.0712,  ...,  56.7146,  44.2061,  39.9322],
         [ 20.7499, -33.5806,  17.3059,  ...,  59.2099,  31.8009,  35.5685],
         ...,
         [ 28.0137, -48.3011,  14.2733,  ...,  75.3817,  31.1617,  62.8230],
         [ 31.6658, -43.0409,  13.3155,  ...,  71.0478,  38.9792,  57.4096],
         [ 30.1701, -32.3559,  13.2846,  ...,  45.5753,  33.5260,  25.2885]]]), 'rvq_quantizer.layers.1._codebook.initted': tensor([1.]), 'rvq_quantizer.layers.1._codebook.cluster_size': tensor([[188.1391,   2.7304,   4.4417,  ...,   2.0000,   4.3055,   2.3129]]), 'rvq_quantizer.layers.1._codebook.embed_avg': tensor([[[ 3.8622e-04, -5.6783e-04,  1.9561e-04,  ...,  1.0055e-03,
           4.5631e-04,  5.9520e-04],
         [ 6.1816e+00, -1.1370e+01, -1.0061e+01,  ...,  6.6319e+00,
          -7.7612e+00,  3.1395e+00],
         [ 2.1296e+00,  2.1286e+01,  2.0003e+01,  ..., -1.4236e+01,
          -2.7633e+00, -2.0549e+01],
         ...,
         [ 8.8166e+00, -1.6102e+01, -7.9748e+00,  ...,  1.0461e+01,
          -1.9272e+00,  5.9080e+00],
         [-1.4026e+01,  7.9841e-01, -7.4331e-01,  ..., -7.4499e+00,
          -1.1029e-01, -1.0046e+01],
         [-1.5482e+00,  1.3470e+00, -2.0246e+00,  ...,  7.3679e-01,
           6.0174e-01,  1.9684e+00]]]), 'rvq_quantizer.layers.1._codebook.embed': tensor([[[ 2.0528e-06, -3.0181e-06,  1.0397e-06,  ...,  5.3447e-06,
           2.4254e-06,  3.1636e-06],
         [ 2.2639e+00, -4.1642e+00, -3.6849e+00,  ...,  2.4289e+00,
          -2.8425e+00,  1.1498e+00],
         [ 4.7946e-01,  4.7923e+00,  4.5035e+00,  ..., -3.2050e+00,
          -6.2213e-01, -4.6263e+00],
         ...,
         [ 4.4083e+00, -8.0512e+00, -3.9874e+00,  ...,  5.2306e+00,
          -9.6358e-01,  2.9540e+00],
         [-3.2577e+00,  1.8544e-01, -1.7264e-01,  ..., -1.7303e+00,
          -2.5616e-02, -2.3334e+00],
         [-6.6934e-01,  5.8238e-01, -8.7531e-01,  ...,  3.1855e-01,
           2.6016e-01,  8.5104e-01]]]), 'rvq_quantizer.layers.2._codebook.initted': tensor([1.]), 'rvq_quantizer.layers.2._codebook.cluster_size': tensor([[198.9842,   4.3939,  95.1041,  ...,   2.0000,   2.7485,   2.1000]]), 'rvq_quantizer.layers.2._codebook.embed_avg': tensor([[[ 3.0727e-04, -5.0482e-04,  1.7150e-04,  ...,  8.0372e-04,
           3.6009e-04,  5.6951e-04],
         [-1.4933e-02,  6.4772e-02, -5.3484e-03,  ...,  4.6446e-02,
           3.9050e-02,  7.9200e-03],
         [ 4.9320e+00,  2.0590e+00,  1.7192e+00,  ...,  2.6887e+00,
           5.2633e-01, -2.0232e+00],
         ...,
         [-6.1774e-01,  5.0149e-01,  1.8467e+00,  ..., -1.9611e-01,
           3.0538e+00,  2.1379e+00],
         [-4.4780e-01, -6.9684e-01, -1.1371e+00,  ...,  6.6050e-01,
          -1.5462e+00,  6.1561e-01],
         [-6.1091e-02, -2.3983e-01,  1.4171e-01,  ...,  2.1591e-02,
          -2.3457e-01,  7.3218e-04]]]), 'rvq_quantizer.layers.2._codebook.embed': tensor([[[ 1.5442e-06, -2.5370e-06,  8.6190e-07,  ...,  4.0391e-06,
           1.8097e-06,  2.8621e-06],
         [-3.3985e-03,  1.4741e-02, -1.2172e-03,  ...,  1.0571e-02,
           8.8873e-03,  1.8025e-03],
         [ 5.1859e-02,  2.1650e-02,  1.8077e-02,  ...,  2.8271e-02,
           5.5343e-03, -2.1273e-02],
         ...,
         [-3.0887e-01,  2.5075e-01,  9.2334e-01,  ..., -9.8055e-02,
           1.5269e+00,  1.0690e+00],
         [-1.6293e-01, -2.5354e-01, -4.1373e-01,  ...,  2.4032e-01,
          -5.6256e-01,  2.2398e-01],
         [-2.9091e-02, -1.1420e-01,  6.7482e-02,  ...,  1.0282e-02,
          -1.1170e-01,  3.4866e-04]]]), 'rvq_quantizer.layers.3._codebook.initted': tensor([1.]), 'rvq_quantizer.layers.3._codebook.cluster_size': tensor([[94.1604,  2.6583,  2.8380,  ...,  2.7318,  2.5513,  2.9793]]), 'rvq_quantizer.layers.3._codebook.embed_avg': tensor([[[ 4.8701e+00,  1.9884e+00,  1.7643e+00,  ...,  2.6288e+00,
           5.2037e-01, -1.9124e+00],
         [ 3.4247e-04, -1.0172e-01, -1.2045e+00,  ..., -3.3133e+00,
           4.8610e-01, -1.1491e+00],
         [ 6.8803e-02, -6.5693e-01, -2.2393e-01,  ...,  2.9958e-01,
          -1.4935e-01,  4.5881e-01],
         ...,
         [ 2.1293e+00,  3.9084e-01,  1.6474e+00,  ...,  7.1971e-02,
          -7.8440e-01,  6.2713e-01],
         [ 2.0458e+00, -8.9282e-01,  5.8770e-01,  ..., -6.1138e-01,
           8.8923e-02,  1.0930e+00],
         [-2.9312e+00, -1.6730e+00,  2.1220e+00,  ..., -4.8399e+00,
          -2.0160e+00,  9.2370e-02]]]), 'rvq_quantizer.layers.3._codebook.embed': tensor([[[ 5.1721e-02,  2.1117e-02,  1.8738e-02,  ...,  2.7918e-02,
           5.5265e-03, -2.0310e-02],
         [ 1.2883e-04, -3.8267e-02, -4.5313e-01,  ..., -1.2464e+00,
           1.8286e-01, -4.3226e-01],
         [ 2.4244e-02, -2.3148e-01, -7.8905e-02,  ...,  1.0556e-01,
          -5.2626e-02,  1.6167e-01],
         ...,
         [ 7.7945e-01,  1.4307e-01,  6.0305e-01,  ...,  2.6346e-02,
          -2.8713e-01,  2.2956e-01],
         [ 8.0187e-01, -3.4995e-01,  2.3036e-01,  ..., -2.3964e-01,
           3.4855e-02,  4.2840e-01],
         [-9.8384e-01, -5.6154e-01,  7.1223e-01,  ..., -1.6245e+00,
          -6.7668e-01,  3.1004e-02]]])})
Loss:  tensor(1.9060, grad_fn=<MeanBackward0>)
OrderedDict({'rvq_quantizer.project_in.weight': tensor([[-0.0413, -0.0308, -0.0457,  ..., -0.0054,  0.1202, -0.1159],
        [ 0.0671,  0.0330, -0.0402,  ..., -0.0271,  0.0020,  0.1032],
        [-0.0275,  0.0642, -0.0733,  ..., -0.0311,  0.0269,  0.0363],
        ...,
        [-0.1104, -0.0646,  0.0862,  ..., -0.0201,  0.0044,  0.0403],
        [-0.0280,  0.0473, -0.0244,  ..., -0.0301, -0.0984, -0.0943],
        [-0.0933, -0.0056,  0.1242,  ..., -0.0953,  0.0431,  0.0878]]), 'rvq_quantizer.project_in.bias': tensor([-6.1077e-03, -1.0639e-01,  5.7743e-02,  6.1203e-02, -9.2560e-02,
         7.2414e-02, -8.3908e-02, -1.2417e-01,  1.2006e-01, -1.7564e-02,
        -1.3723e-02,  7.0126e-02,  6.4868e-03,  7.0763e-02,  1.1920e-01,
         4.2498e-05,  4.7043e-02,  9.1601e-02,  6.0515e-02, -1.7811e-02,
         2.7558e-02, -6.4958e-02,  4.0020e-02, -7.0381e-02,  5.4873e-03,
        -3.8032e-02,  2.0210e-02,  6.6242e-02, -3.0837e-02,  1.1786e-01,
         1.2109e-01, -8.7243e-02]), 'rvq_quantizer.project_out.weight': tensor([[ 0.1391,  0.1389, -0.0638,  ...,  0.1497, -0.1518, -0.0982],
        [ 0.0400, -0.1660,  0.0335,  ...,  0.1551, -0.0025, -0.0239],
        [-0.0596, -0.0033,  0.1215,  ...,  0.0158,  0.0578,  0.0373],
        ...,
        [ 0.1155, -0.1740, -0.0604,  ..., -0.0189, -0.1290, -0.1407],
        [ 0.1166, -0.1520,  0.1097,  ..., -0.1163, -0.1759,  0.0724],
        [ 0.0715,  0.1611, -0.1024,  ...,  0.0083, -0.0714, -0.1503]]), 'rvq_quantizer.project_out.bias': tensor([ 1.5987e-01,  1.5615e-01, -1.5339e-01, -1.0336e-01, -6.1310e-02,
         1.3101e-01,  1.5501e-01, -1.5527e-01,  1.1952e-01, -1.5099e-01,
        -6.0957e-02,  1.4259e-01,  1.0313e-01,  1.3681e-01,  1.7227e-01,
        -8.1989e-02, -8.3912e-03, -1.7124e-01, -4.0239e-02,  1.4932e-01,
         1.4961e-01, -5.6660e-02,  9.9182e-02, -1.0434e-01, -7.8989e-02,
        -9.6498e-02,  1.5545e-01,  3.2009e-02,  3.9123e-02, -3.6162e-02,
         3.2309e-02, -1.1915e-01,  1.7072e-01, -1.2743e-01,  1.0117e-01,
        -1.7586e-01, -2.1377e-03, -9.6926e-02, -1.5145e-01, -9.3806e-03,
         9.3895e-02, -1.7972e-02, -9.2573e-02,  4.8761e-02,  3.3396e-02,
        -1.5251e-01,  9.7981e-03,  1.3211e-01, -2.1608e-02, -7.7352e-02,
        -1.3026e-01,  7.6535e-02, -7.3283e-03,  1.0275e-04,  6.7207e-02,
         7.6276e-02,  2.7185e-03, -1.2288e-01,  1.6985e-01, -1.5501e-01,
        -1.4429e-01, -1.2162e-01, -1.6839e-01,  1.5317e-01]), 'rvq_quantizer.layers.0._codebook.initted': tensor([1.]), 'rvq_quantizer.layers.0._codebook.cluster_size': tensor([[2.0000, 2.0000, 4.5670,  ..., 3.1839, 2.4988, 3.9501]]), 'rvq_quantizer.layers.0._codebook.embed_avg': tensor([[[  38.6066,  -46.6764,   46.3829,  ...,   77.6761,   63.6328,
            45.5128],
         [  50.8735,  -54.9411,   28.3221,  ...,  113.5281,   88.7044,
            79.9048],
         [  94.6244, -153.3750,   79.1242,  ...,  270.3877,  145.1533,
           162.3151],
         ...,
         [  89.1119, -153.7704,   45.3431,  ...,  240.0386,   99.3328,
           199.9968],
         [  79.3887, -108.0567,   33.2313,  ...,  177.7866,   97.3716,
           143.6368],
         [ 118.8642, -127.7176,   53.1503,  ...,  179.5896,  132.2729,
           100.4546]]]), 'rvq_quantizer.layers.0._codebook.embed': tensor([[[ 19.3033, -23.3382,  23.1914,  ...,  38.8381,  31.8164,  22.7564],
         [ 25.4367, -27.4705,  14.1611,  ...,  56.7640,  44.3521,  39.9523],
         [ 20.7190, -33.5830,  17.3251,  ...,  59.2041,  31.7828,  35.5405],
         ...,
         [ 27.9887, -48.2970,  14.2416,  ...,  75.3925,  31.1989,  62.8160],
         [ 31.7705, -43.2431,  13.2988,  ...,  71.1483,  38.9671,  57.4819],
         [ 30.0915, -32.3328,  13.4555,  ...,  45.4646,  33.4860,  25.4309]]]), 'rvq_quantizer.layers.1._codebook.initted': tensor([1.]), 'rvq_quantizer.layers.1._codebook.cluster_size': tensor([[200.0251,   2.9574,   4.8975,  ...,   2.0000,   4.3750,   2.5817]]), 'rvq_quantizer.layers.1._codebook.embed_avg': tensor([[[ 4.1416e-04, -6.1385e-04,  2.1172e-04,  ...,  1.0786e-03,
           4.8783e-04,  6.3791e-04],
         [ 7.0948e+00, -1.2201e+01, -1.0958e+01,  ...,  7.6484e+00,
          -8.1125e+00,  3.3306e+00],
         [ 2.4460e+00,  2.3245e+01,  2.1176e+01,  ..., -1.5111e+01,
          -3.0383e+00, -2.2215e+01],
         ...,
         [-2.2526e+00,  6.9106e-01,  2.3475e+00,  ...,  4.9213e-01,
           4.4897e-01, -1.8989e+00],
         [-1.4259e+01,  2.8223e-01, -1.0985e+00,  ..., -7.2153e+00,
          -2.0967e-01, -1.0139e+01],
         [-1.7043e+00,  1.2973e+00, -2.0742e+00,  ...,  7.2322e-01,
           6.6927e-01,  2.2819e+00]]]), 'rvq_quantizer.layers.1._codebook.embed': tensor([[[ 2.0706e-06, -3.0689e-06,  1.0585e-06,  ...,  5.3922e-06,
           2.4389e-06,  3.1892e-06],
         [ 2.3990e+00, -4.1255e+00, -3.7052e+00,  ...,  2.5862e+00,
          -2.7431e+00,  1.1262e+00],
         [ 4.9944e-01,  4.7463e+00,  4.3239e+00,  ..., -3.0854e+00,
          -6.2037e-01, -4.5359e+00],
         ...,
         [-1.1263e+00,  3.4553e-01,  1.1738e+00,  ...,  2.4606e-01,
           2.2448e-01, -9.4946e-01],
         [-3.2591e+00,  6.4510e-02, -2.5109e-01,  ..., -1.6492e+00,
          -4.7924e-02, -2.3174e+00],
         [-6.6016e-01,  5.0251e-01, -8.0344e-01,  ...,  2.8014e-01,
           2.5924e-01,  8.8388e-01]]]), 'rvq_quantizer.layers.2._codebook.initted': tensor([1.]), 'rvq_quantizer.layers.2._codebook.cluster_size': tensor([[213.7858,   5.1545,  85.8937,  ...,   2.0000,   2.7736,   2.1900]]), 'rvq_quantizer.layers.2._codebook.embed_avg': tensor([[[ 3.2340e-04, -5.3301e-04,  1.8309e-04,  ...,  8.5289e-04,
           3.7594e-04,  5.8835e-04],
         [-3.5025e-03,  6.2438e-02, -1.7657e-02,  ...,  5.1001e-02,
           4.7087e-02,  2.7753e-02],
         [ 4.4299e+00,  1.8638e+00,  1.5491e+00,  ...,  2.4343e+00,
           4.6739e-01, -1.8248e+00],
         ...,
         [-8.6245e-01, -5.5668e+00, -1.5257e+00,  ...,  2.6909e+00,
          -3.2847e-01,  2.0905e+00],
         [-4.7249e-01, -8.0873e-01, -1.2795e+00,  ...,  6.0549e-01,
          -1.7406e+00,  6.8070e-01],
         [ 4.4523e-02, -3.0536e-01,  2.1471e-01,  ...,  5.3579e-02,
          -2.8480e-01,  2.1874e-02]]]), 'rvq_quantizer.layers.2._codebook.embed': tensor([[[ 1.5127e-06, -2.4932e-06,  8.5640e-07,  ...,  3.9895e-06,
           1.7585e-06,  2.7521e-06],
         [-6.7952e-04,  1.2113e-02, -3.4256e-03,  ...,  9.8946e-03,
           9.1352e-03,  5.3843e-03],
         [ 5.1575e-02,  2.1699e-02,  1.8036e-02,  ...,  2.8341e-02,
           5.4415e-03, -2.1244e-02],
         ...,
         [-4.3123e-01, -2.7834e+00, -7.6283e-01,  ...,  1.3455e+00,
          -1.6423e-01,  1.0452e+00],
         [-1.7035e-01, -2.9158e-01, -4.6132e-01,  ...,  2.1830e-01,
          -6.2755e-01,  2.4542e-01],
         [ 2.0330e-02, -1.3944e-01,  9.8041e-02,  ...,  2.4465e-02,
          -1.3005e-01,  9.9881e-03]]]), 'rvq_quantizer.layers.3._codebook.initted': tensor([1.]), 'rvq_quantizer.layers.3._codebook.cluster_size': tensor([[84.7443,  2.4924,  3.0542,  ...,  2.8586,  2.5961,  3.1814]]), 'rvq_quantizer.layers.3._codebook.embed_avg': tensor([[[ 4.3831,  1.7895,  1.5879,  ...,  2.3659,  0.4683, -1.7212],
         [ 0.0338, -0.2484, -1.2268,  ..., -3.0943,  0.4446, -1.0059],
         [ 0.1563, -0.7463, -0.3688,  ...,  0.4020, -0.1537,  0.5150],
         ...,
         [ 2.4182,  0.4390,  1.9542,  ...,  0.2090, -0.9413,  0.7717],
         [ 2.2483, -0.9262,  0.3821,  ..., -0.7566,  0.1711,  1.1827],
         [-3.6377, -2.0314,  2.4440,  ..., -5.4366, -1.9935, -0.0507]]]), 'rvq_quantizer.layers.3._codebook.embed': tensor([[[ 0.0517,  0.0211,  0.0187,  ...,  0.0279,  0.0055, -0.0203],
         [ 0.0136, -0.0997, -0.4922,  ..., -1.2415,  0.1784, -0.4036],
         [ 0.0512, -0.2444, -0.1207,  ...,  0.1316, -0.0503,  0.1686],
         ...,
         [ 0.8459,  0.1536,  0.6836,  ...,  0.0731, -0.3293,  0.2700],
         [ 0.8660, -0.3568,  0.1472,  ..., -0.2914,  0.0659,  0.4556],
         [-1.1434, -0.6385,  0.7682,  ..., -1.7089, -0.6266, -0.0159]]])})
Loss:  tensor(1.8488, grad_fn=<MeanBackward0>)
OrderedDict({'rvq_quantizer.project_in.weight': tensor([[-0.0413, -0.0308, -0.0457,  ..., -0.0054,  0.1202, -0.1159],
        [ 0.0671,  0.0330, -0.0402,  ..., -0.0271,  0.0020,  0.1032],
        [-0.0275,  0.0642, -0.0733,  ..., -0.0311,  0.0269,  0.0363],
        ...,
        [-0.1104, -0.0646,  0.0862,  ..., -0.0201,  0.0044,  0.0403],
        [-0.0280,  0.0473, -0.0244,  ..., -0.0301, -0.0984, -0.0943],
        [-0.0933, -0.0056,  0.1242,  ..., -0.0953,  0.0431,  0.0878]]), 'rvq_quantizer.project_in.bias': tensor([-6.1077e-03, -1.0639e-01,  5.7743e-02,  6.1203e-02, -9.2560e-02,
         7.2414e-02, -8.3908e-02, -1.2417e-01,  1.2006e-01, -1.7564e-02,
        -1.3723e-02,  7.0126e-02,  6.4868e-03,  7.0763e-02,  1.1920e-01,
         4.2498e-05,  4.7043e-02,  9.1601e-02,  6.0515e-02, -1.7811e-02,
         2.7558e-02, -6.4958e-02,  4.0020e-02, -7.0381e-02,  5.4873e-03,
        -3.8032e-02,  2.0210e-02,  6.6242e-02, -3.0837e-02,  1.1786e-01,
         1.2109e-01, -8.7243e-02]), 'rvq_quantizer.project_out.weight': tensor([[ 0.1391,  0.1389, -0.0638,  ...,  0.1497, -0.1518, -0.0982],
        [ 0.0400, -0.1660,  0.0335,  ...,  0.1551, -0.0025, -0.0239],
        [-0.0596, -0.0033,  0.1215,  ...,  0.0158,  0.0578,  0.0373],
        ...,
        [ 0.1155, -0.1740, -0.0604,  ..., -0.0189, -0.1290, -0.1407],
        [ 0.1166, -0.1520,  0.1097,  ..., -0.1163, -0.1759,  0.0724],
        [ 0.0715,  0.1611, -0.1024,  ...,  0.0083, -0.0714, -0.1503]]), 'rvq_quantizer.project_out.bias': tensor([ 1.5987e-01,  1.5615e-01, -1.5339e-01, -1.0336e-01, -6.1310e-02,
         1.3101e-01,  1.5501e-01, -1.5527e-01,  1.1952e-01, -1.5099e-01,
        -6.0957e-02,  1.4259e-01,  1.0313e-01,  1.3681e-01,  1.7227e-01,
        -8.1989e-02, -8.3912e-03, -1.7124e-01, -4.0239e-02,  1.4932e-01,
         1.4961e-01, -5.6660e-02,  9.9182e-02, -1.0434e-01, -7.8989e-02,
        -9.6498e-02,  1.5545e-01,  3.2009e-02,  3.9123e-02, -3.6162e-02,
         3.2309e-02, -1.1915e-01,  1.7072e-01, -1.2743e-01,  1.0117e-01,
        -1.7586e-01, -2.1377e-03, -9.6926e-02, -1.5145e-01, -9.3806e-03,
         9.3895e-02, -1.7972e-02, -9.2573e-02,  4.8761e-02,  3.3396e-02,
        -1.5251e-01,  9.7981e-03,  1.3211e-01, -2.1608e-02, -7.7352e-02,
        -1.3026e-01,  7.6535e-02, -7.3283e-03,  1.0275e-04,  6.7207e-02,
         7.6276e-02,  2.7185e-03, -1.2288e-01,  1.6985e-01, -1.5501e-01,
        -1.4429e-01, -1.2162e-01, -1.6839e-01,  1.5317e-01]), 'rvq_quantizer.layers.0._codebook.initted': tensor([1.]), 'rvq_quantizer.layers.0._codebook.cluster_size': tensor([[2.0000, 2.0000, 4.7103,  ..., 3.1655, 2.5489, 4.1551]]), 'rvq_quantizer.layers.0._codebook.embed_avg': tensor([[[ 5.3248e+01, -6.7520e+01, -1.7655e-02,  ...,  1.2105e+02,
           5.4503e+01,  7.8739e+01],
         [ 5.0596e+01, -5.5074e+01,  2.8484e+01,  ...,  1.1362e+02,
           8.8967e+01,  7.9941e+01],
         [ 9.7471e+01, -1.5820e+02,  8.1683e+01,  ...,  2.7885e+02,
           1.4964e+02,  1.6730e+02],
         ...,
         [ 8.8286e+01, -1.5288e+02,  4.5007e+01,  ...,  2.3859e+02,
           9.8989e+01,  1.9875e+02],
         [ 8.1095e+01, -1.1041e+02,  3.3876e+01,  ...,  1.8147e+02,
           9.9321e+01,  1.4660e+02],
         [ 1.2477e+02, -1.3427e+02,  5.6481e+01,  ...,  1.8854e+02,
           1.3900e+02,  1.0614e+02]]]), 'rvq_quantizer.layers.0._codebook.embed': tensor([[[ 2.6624e+01, -3.3760e+01, -8.8273e-03,  ...,  6.0523e+01,
           2.7252e+01,  3.9370e+01],
         [ 2.5298e+01, -2.7537e+01,  1.4242e+01,  ...,  5.6808e+01,
           4.4484e+01,  3.9970e+01],
         [ 2.0693e+01, -3.3585e+01,  1.7341e+01,  ...,  5.9199e+01,
           3.1768e+01,  3.5517e+01],
         ...,
         [ 2.7890e+01, -4.8296e+01,  1.4218e+01,  ...,  7.5374e+01,
           3.1271e+01,  6.2787e+01],
         [ 3.1815e+01, -4.3316e+01,  1.3290e+01,  ...,  7.1196e+01,
           3.8966e+01,  5.7512e+01],
         [ 3.0028e+01, -3.2314e+01,  1.3593e+01,  ...,  4.5375e+01,
           3.3454e+01,  2.5546e+01]]]), 'rvq_quantizer.layers.1._codebook.initted': tensor([1.]), 'rvq_quantizer.layers.1._codebook.cluster_size': tensor([[211.0226,   2.8617,   5.3078,  ...,   2.0000,   4.4375,   2.8235]]), 'rvq_quantizer.layers.1._codebook.embed_avg': tensor([[[ 4.4179e-04, -6.4631e-04,  2.2001e-04,  ...,  1.1359e-03,
           5.1344e-04,  6.7998e-04],
         [ 6.9825e+00, -1.1728e+01, -1.0832e+01,  ...,  7.8959e+00,
          -7.8476e+00,  3.3920e+00],
         [ 3.3495e+00,  2.5367e+01,  2.2589e+01,  ..., -1.6565e+01,
          -3.4243e+00, -2.4097e+01],
         ...,
         [-2.4067e+00,  9.4118e-01,  2.5554e+00,  ...,  7.9578e-03,
          -1.3185e-01, -1.5751e+00],
         [-1.3972e+01,  3.1745e-02, -1.4758e+00,  ..., -6.4357e+00,
          -1.0743e-01, -1.0069e+01],
         [-1.8262e+00,  1.2644e+00, -2.1153e+00,  ...,  7.0442e-01,
           7.2823e-01,  2.5476e+00]]]), 'rvq_quantizer.layers.1._codebook.embed': tensor([[[ 2.0936e-06, -3.0627e-06,  1.0426e-06,  ...,  5.3828e-06,
           2.4331e-06,  3.2223e-06],
         [ 2.4400e+00, -4.0984e+00, -3.7854e+00,  ...,  2.7592e+00,
          -2.7423e+00,  1.1853e+00],
         [ 6.3106e-01,  4.7793e+00,  4.2559e+00,  ..., -3.1209e+00,
          -6.4515e-01, -4.5400e+00],
         ...,
         [-1.2034e+00,  4.7059e-01,  1.2777e+00,  ...,  3.9789e-03,
          -6.5926e-02, -7.8755e-01],
         [-3.1486e+00,  7.1539e-03, -3.3258e-01,  ..., -1.4503e+00,
          -2.4209e-02, -2.2691e+00],
         [-6.4681e-01,  4.4780e-01, -7.4917e-01,  ...,  2.4949e-01,
           2.5792e-01,  9.0229e-01]]]), 'rvq_quantizer.layers.2._codebook.initted': tensor([1.]), 'rvq_quantizer.layers.2._codebook.cluster_size': tensor([[227.8072,   5.4390,  77.7043,  ...,   2.0000,   2.7963,   2.2710]]), 'rvq_quantizer.layers.2._codebook.embed_avg': tensor([[[ 3.4118e-04, -5.4915e-04,  1.8771e-04,  ...,  8.8751e-04,
           3.9359e-04,  6.1976e-04],
         [-8.9974e-03,  6.1075e-02, -2.0443e-02,  ...,  6.1659e-02,
           5.5290e-02,  1.7701e-02],
         [ 3.9711e+00,  1.7061e+00,  1.3744e+00,  ...,  2.1810e+00,
           3.8190e-01, -1.6352e+00],
         ...,
         [ 3.9837e+00,  5.5641e-01,  7.0880e-01,  ...,  2.4434e+00,
          -7.6378e-01, -2.2189e+00],
         [-4.1729e-01, -7.9780e-01, -1.4009e+00,  ...,  6.3943e-01,
          -1.8241e+00,  7.9073e-01],
         [ 6.7144e-02, -4.0327e-01,  2.4580e-01,  ...,  1.7252e-01,
          -2.6939e-01,  6.7153e-02]]]), 'rvq_quantizer.layers.2._codebook.embed': tensor([[[ 1.4977e-06, -2.4106e-06,  8.2397e-07,  ...,  3.8959e-06,
           1.7278e-06,  2.7205e-06],
         [-1.6542e-03,  1.1229e-02, -3.7585e-03,  ...,  1.1336e-02,
           1.0165e-02,  3.2544e-03],
         [ 5.1105e-02,  2.1957e-02,  1.7688e-02,  ...,  2.8068e-02,
           4.9148e-03, -2.1044e-02],
         ...,
         [ 1.9919e+00,  2.7820e-01,  3.5440e-01,  ...,  1.2217e+00,
          -3.8189e-01, -1.1095e+00],
         [-1.4923e-01, -2.8531e-01, -5.0097e-01,  ...,  2.2867e-01,
          -6.5232e-01,  2.8278e-01],
         [ 2.9566e-02, -1.7757e-01,  1.0824e-01,  ...,  7.5967e-02,
          -1.1862e-01,  2.9570e-02]]]), 'rvq_quantizer.layers.3._codebook.initted': tensor([1.]), 'rvq_quantizer.layers.3._codebook.cluster_size': tensor([[76.3699,  2.4432,  2.8488,  ...,  3.2728,  2.5365,  3.2632]]), 'rvq_quantizer.layers.3._codebook.embed_avg': tensor([[[ 3.9505e+00,  1.6081e+00,  1.4358e+00,  ...,  2.1313e+00,
           4.2804e-01, -1.5545e+00],
         [ 1.6925e-03, -5.3838e-01, -1.2711e+00,  ..., -2.8929e+00,
           5.3714e-01, -1.0092e+00],
         [ 1.3980e-01, -6.9705e-01, -3.8323e-01,  ...,  3.7481e-01,
          -1.6419e-01,  4.9684e-01],
         ...,
         [ 2.9090e+00,  6.1785e-01,  2.2306e+00,  ...,  4.0485e-01,
          -1.2819e+00,  1.0593e+00],
         [ 2.0065e+00, -9.4445e-01,  3.3225e-01,  ..., -8.3936e-01,
           3.8104e-01,  1.1217e+00],
         [-4.2111e+00, -1.7780e+00,  2.8018e+00,  ..., -5.5253e+00,
          -1.9502e+00,  7.1653e-02]]]), 'rvq_quantizer.layers.3._codebook.embed': tensor([[[ 5.1729e-02,  2.1057e-02,  1.8801e-02,  ...,  2.7908e-02,
           5.6048e-03, -2.0355e-02],
         [ 6.9275e-04, -2.2036e-01, -5.2026e-01,  ..., -1.1840e+00,
           2.1985e-01, -4.1306e-01],
         [ 4.9075e-02, -2.4469e-01, -1.3453e-01,  ...,  1.3157e-01,
          -5.7635e-02,  1.7441e-01],
         ...,
         [ 8.8884e-01,  1.8879e-01,  6.8156e-01,  ...,  1.2370e-01,
          -3.9168e-01,  3.2366e-01],
         [ 7.9104e-01, -3.7234e-01,  1.3099e-01,  ..., -3.3091e-01,
           1.5022e-01,  4.4223e-01],
         [-1.2905e+00, -5.4486e-01,  8.5860e-01,  ..., -1.6932e+00,
          -5.9762e-01,  2.1958e-02]]])})
Loss:  tensor(1.8704, grad_fn=<MeanBackward0>)
OrderedDict({'rvq_quantizer.project_in.weight': tensor([[-0.0413, -0.0308, -0.0457,  ..., -0.0054,  0.1202, -0.1159],
        [ 0.0671,  0.0330, -0.0402,  ..., -0.0271,  0.0020,  0.1032],
        [-0.0275,  0.0642, -0.0733,  ..., -0.0311,  0.0269,  0.0363],
        ...,
        [-0.1104, -0.0646,  0.0862,  ..., -0.0201,  0.0044,  0.0403],
        [-0.0280,  0.0473, -0.0244,  ..., -0.0301, -0.0984, -0.0943],
        [-0.0933, -0.0056,  0.1242,  ..., -0.0953,  0.0431,  0.0878]]), 'rvq_quantizer.project_in.bias': tensor([-6.1077e-03, -1.0639e-01,  5.7743e-02,  6.1203e-02, -9.2560e-02,
         7.2414e-02, -8.3908e-02, -1.2417e-01,  1.2006e-01, -1.7564e-02,
        -1.3723e-02,  7.0126e-02,  6.4868e-03,  7.0763e-02,  1.1920e-01,
         4.2498e-05,  4.7043e-02,  9.1601e-02,  6.0515e-02, -1.7811e-02,
         2.7558e-02, -6.4958e-02,  4.0020e-02, -7.0381e-02,  5.4873e-03,
        -3.8032e-02,  2.0210e-02,  6.6242e-02, -3.0837e-02,  1.1786e-01,
         1.2109e-01, -8.7243e-02]), 'rvq_quantizer.project_out.weight': tensor([[ 0.1391,  0.1389, -0.0638,  ...,  0.1497, -0.1518, -0.0982],
        [ 0.0400, -0.1660,  0.0335,  ...,  0.1551, -0.0025, -0.0239],
        [-0.0596, -0.0033,  0.1215,  ...,  0.0158,  0.0578,  0.0373],
        ...,
        [ 0.1155, -0.1740, -0.0604,  ..., -0.0189, -0.1290, -0.1407],
        [ 0.1166, -0.1520,  0.1097,  ..., -0.1163, -0.1759,  0.0724],
        [ 0.0715,  0.1611, -0.1024,  ...,  0.0083, -0.0714, -0.1503]]), 'rvq_quantizer.project_out.bias': tensor([ 1.5987e-01,  1.5615e-01, -1.5339e-01, -1.0336e-01, -6.1310e-02,
         1.3101e-01,  1.5501e-01, -1.5527e-01,  1.1952e-01, -1.5099e-01,
        -6.0957e-02,  1.4259e-01,  1.0313e-01,  1.3681e-01,  1.7227e-01,
        -8.1989e-02, -8.3912e-03, -1.7124e-01, -4.0239e-02,  1.4932e-01,
         1.4961e-01, -5.6660e-02,  9.9182e-02, -1.0434e-01, -7.8989e-02,
        -9.6498e-02,  1.5545e-01,  3.2009e-02,  3.9123e-02, -3.6162e-02,
         3.2309e-02, -1.1915e-01,  1.7072e-01, -1.2743e-01,  1.0117e-01,
        -1.7586e-01, -2.1377e-03, -9.6926e-02, -1.5145e-01, -9.3806e-03,
         9.3895e-02, -1.7972e-02, -9.2573e-02,  4.8761e-02,  3.3396e-02,
        -1.5251e-01,  9.7981e-03,  1.3211e-01, -2.1608e-02, -7.7352e-02,
        -1.3026e-01,  7.6535e-02, -7.3283e-03,  1.0275e-04,  6.7207e-02,
         7.6276e-02,  2.7185e-03, -1.2288e-01,  1.6985e-01, -1.5501e-01,
        -1.4429e-01, -1.2162e-01, -1.6839e-01,  1.5317e-01]), 'rvq_quantizer.layers.0._codebook.initted': tensor([1.]), 'rvq_quantizer.layers.0._codebook.cluster_size': tensor([[2.0000, 2.0000, 4.7393,  ..., 3.0489, 2.5940, 4.2396]]), 'rvq_quantizer.layers.0._codebook.embed_avg': tensor([[[  51.7493,  -94.6072,   20.7025,  ...,  157.9577,   54.7562,
           121.1727],
         [  50.3471,  -55.1927,   28.6295,  ...,  113.6970,   89.2038,
            79.9735],
         [  97.8241, -159.2149,   82.2449,  ...,  280.5358,  150.3978,
           168.2289],
         ...,
         [  84.9939, -147.2373,   43.3650,  ...,  229.5031,   95.1757,
           191.4141],
         [  82.6304, -112.5256,   34.4570,  ...,  184.7930,  101.0752,
           149.2578],
         [ 127.1535, -137.3182,   58.1680,  ...,  192.5606,  141.5569,
           108.4785]]]), 'rvq_quantizer.layers.0._codebook.embed': tensor([[[ 25.8746, -47.3036,  10.3513,  ...,  78.9788,  27.3781,  60.5864],
         [ 25.1735, -27.5963,  14.3147,  ...,  56.8484,  44.6018,  39.9867],
         [ 20.6410, -33.5946,  17.3538,  ...,  59.1935,  31.7342,  35.4966],
         ...,
         [ 27.8767, -48.2916,  14.2231,  ...,  75.2736,  31.2162,  62.7810],
         [ 31.8539, -43.3785,  13.2831,  ...,  71.2375,  38.9644,  57.5387],
         [ 29.9920, -32.3896,  13.7202,  ...,  45.4198,  33.3894,  25.5871]]]), 'rvq_quantizer.layers.1._codebook.initted': tensor([1.]), 'rvq_quantizer.layers.1._codebook.cluster_size': tensor([[221.7204,   2.8755,   5.4770,  ...,   2.1000,   4.5937,   3.0411]]), 'rvq_quantizer.layers.1._codebook.embed_avg': tensor([[[ 4.6799e-04, -6.8544e-04,  2.3385e-04,  ...,  1.2249e-03,
           5.4201e-04,  7.2566e-04],
         [ 7.5613e+00, -1.1574e+01, -1.0872e+01,  ...,  8.0535e+00,
          -7.6921e+00,  3.8115e+00],
         [ 3.8948e+00,  2.6083e+01,  2.2711e+01,  ..., -1.6697e+01,
          -3.2540e+00, -2.4801e+01],
         ...,
         [-2.4853e+00,  1.2335e+00,  2.7177e+00,  ..., -2.6015e-01,
          -9.1336e-01, -1.1941e+00],
         [-1.4314e+01, -2.6680e-01, -1.7525e+00,  ..., -6.3058e+00,
          -1.4126e-01, -1.0260e+01],
         [-1.9257e+00,  1.2488e+00, -2.1423e+00,  ...,  6.8444e-01,
           7.7004e-01,  2.7675e+00]]]), 'rvq_quantizer.layers.1._codebook.embed': tensor([[[ 2.1107e-06, -3.0915e-06,  1.0547e-06,  ...,  5.5243e-06,
           2.4446e-06,  3.2729e-06],
         [ 2.6296e+00, -4.0251e+00, -3.7811e+00,  ...,  2.8007e+00,
          -2.6751e+00,  1.3255e+00],
         [ 7.1111e-01,  4.7623e+00,  4.1467e+00,  ..., -3.0485e+00,
          -5.9413e-01, -4.5283e+00],
         ...,
         [-1.1835e+00,  5.8740e-01,  1.2941e+00,  ..., -1.2388e-01,
          -4.3493e-01, -5.6862e-01],
         [-3.1159e+00, -5.8079e-02, -3.8150e-01,  ..., -1.3727e+00,
          -3.0750e-02, -2.2336e+00],
         [-6.3320e-01,  4.1065e-01, -7.0443e-01,  ...,  2.2506e-01,
           2.5321e-01,  9.1001e-01]]]), 'rvq_quantizer.layers.2._codebook.initted': tensor([1.]), 'rvq_quantizer.layers.2._codebook.cluster_size': tensor([[240.2265,   5.2951,  70.0339,  ...,   2.0000,   2.6166,   2.1439]]), 'rvq_quantizer.layers.2._codebook.embed_avg': tensor([[[ 3.6774e-04, -6.0042e-04,  2.0714e-04,  ...,  1.0047e-03,
           4.2321e-04,  6.8694e-04],
         [-1.0959e-02,  5.1861e-02, -1.6227e-02,  ...,  5.9796e-02,
           5.0482e-02,  1.6824e-02],
         [ 3.5748e+00,  1.5365e+00,  1.2355e+00,  ...,  1.9685e+00,
           3.4527e-01, -1.4702e+00],
         ...,
         [ 4.4831e+00, -2.0541e+00,  4.8422e+00,  ...,  2.3885e+00,
           1.4489e+00, -3.5686e+00],
         [-3.7183e-01, -7.4573e-01, -1.2206e+00,  ...,  5.6230e-01,
          -1.7100e+00,  6.8259e-01],
         [ 8.9633e-02, -4.4074e-01,  2.3697e-01,  ...,  2.0471e-01,
          -3.0041e-01,  8.5548e-02]]]), 'rvq_quantizer.layers.2._codebook.embed': tensor([[[ 1.5308e-06, -2.4994e-06,  8.6226e-07,  ...,  4.1824e-06,
           1.7617e-06,  2.8596e-06],
         [-2.0697e-03,  9.7941e-03, -3.0644e-03,  ...,  1.1293e-02,
           9.5338e-03,  3.1773e-03],
         [ 5.1045e-02,  2.1940e-02,  1.7642e-02,  ...,  2.8108e-02,
           4.9301e-03, -2.0993e-02],
         ...,
         [ 2.2415e+00, -1.0270e+00,  2.4211e+00,  ...,  1.1942e+00,
           7.2443e-01, -1.7843e+00],
         [-1.4210e-01, -2.8500e-01, -4.6646e-01,  ...,  2.1489e-01,
          -6.5351e-01,  2.6087e-01],
         [ 4.1808e-02, -2.0558e-01,  1.1053e-01,  ...,  9.5484e-02,
          -1.4012e-01,  3.9903e-02]]]), 'rvq_quantizer.layers.3._codebook.initted': tensor([1.]), 'rvq_quantizer.layers.3._codebook.cluster_size': tensor([[68.9329,  2.2989,  2.8639,  ...,  3.6455,  2.5829,  3.0369]]), 'rvq_quantizer.layers.3._codebook.embed_avg': tensor([[[ 3.5678,  1.4678,  1.2996,  ...,  1.9383,  0.3822, -1.3971],
         [ 0.0366, -0.6236, -1.2942,  ..., -2.7204,  0.4984, -0.8709],
         [ 0.1098, -0.7223, -0.4576,  ...,  0.3767, -0.2045,  0.5236],
         ...,
         [ 3.3753,  0.5656,  2.4425,  ...,  0.4442, -1.5499,  1.4495],
         [ 2.0576, -1.0433,  0.2866,  ..., -0.8681,  0.3854,  1.0285],
         [-3.9381, -1.6383,  2.5001,  ..., -5.0046, -1.7979,  0.1262]]]), 'rvq_quantizer.layers.3._codebook.embed': tensor([[[ 0.0518,  0.0213,  0.0189,  ...,  0.0281,  0.0055, -0.0203],
         [ 0.0159, -0.2712, -0.5630,  ..., -1.1834,  0.2168, -0.3789],
         [ 0.0383, -0.2522, -0.1598,  ...,  0.1315, -0.0714,  0.1828],
         ...,
         [ 0.9259,  0.1552,  0.6700,  ...,  0.1218, -0.4252,  0.3976],
         [ 0.7966, -0.4039,  0.1110,  ..., -0.3361,  0.1492,  0.3982],
         [-1.2968, -0.5395,  0.8232,  ..., -1.6479, -0.5920,  0.0415]]])})
Loss:  tensor(1.8451, grad_fn=<MeanBackward0>)
OrderedDict({'rvq_quantizer.project_in.weight': tensor([[-0.0413, -0.0308, -0.0457,  ..., -0.0054,  0.1202, -0.1159],
        [ 0.0671,  0.0330, -0.0402,  ..., -0.0271,  0.0020,  0.1032],
        [-0.0275,  0.0642, -0.0733,  ..., -0.0311,  0.0269,  0.0363],
        ...,
        [-0.1104, -0.0646,  0.0862,  ..., -0.0201,  0.0044,  0.0403],
        [-0.0280,  0.0473, -0.0244,  ..., -0.0301, -0.0984, -0.0943],
        [-0.0933, -0.0056,  0.1242,  ..., -0.0953,  0.0431,  0.0878]]), 'rvq_quantizer.project_in.bias': tensor([-6.1077e-03, -1.0639e-01,  5.7743e-02,  6.1203e-02, -9.2560e-02,
         7.2414e-02, -8.3908e-02, -1.2417e-01,  1.2006e-01, -1.7564e-02,
        -1.3723e-02,  7.0126e-02,  6.4868e-03,  7.0763e-02,  1.1920e-01,
         4.2498e-05,  4.7043e-02,  9.1601e-02,  6.0515e-02, -1.7811e-02,
         2.7558e-02, -6.4958e-02,  4.0020e-02, -7.0381e-02,  5.4873e-03,
        -3.8032e-02,  2.0210e-02,  6.6242e-02, -3.0837e-02,  1.1786e-01,
         1.2109e-01, -8.7243e-02]), 'rvq_quantizer.project_out.weight': tensor([[ 0.1391,  0.1389, -0.0638,  ...,  0.1497, -0.1518, -0.0982],
        [ 0.0400, -0.1660,  0.0335,  ...,  0.1551, -0.0025, -0.0239],
        [-0.0596, -0.0033,  0.1215,  ...,  0.0158,  0.0578,  0.0373],
        ...,
        [ 0.1155, -0.1740, -0.0604,  ..., -0.0189, -0.1290, -0.1407],
        [ 0.1166, -0.1520,  0.1097,  ..., -0.1163, -0.1759,  0.0724],
        [ 0.0715,  0.1611, -0.1024,  ...,  0.0083, -0.0714, -0.1503]]), 'rvq_quantizer.project_out.bias': tensor([ 1.5987e-01,  1.5615e-01, -1.5339e-01, -1.0336e-01, -6.1310e-02,
         1.3101e-01,  1.5501e-01, -1.5527e-01,  1.1952e-01, -1.5099e-01,
        -6.0957e-02,  1.4259e-01,  1.0313e-01,  1.3681e-01,  1.7227e-01,
        -8.1989e-02, -8.3912e-03, -1.7124e-01, -4.0239e-02,  1.4932e-01,
         1.4961e-01, -5.6660e-02,  9.9182e-02, -1.0434e-01, -7.8989e-02,
        -9.6498e-02,  1.5545e-01,  3.2009e-02,  3.9123e-02, -3.6162e-02,
         3.2309e-02, -1.1915e-01,  1.7072e-01, -1.2743e-01,  1.0117e-01,
        -1.7586e-01, -2.1377e-03, -9.6926e-02, -1.5145e-01, -9.3806e-03,
         9.3895e-02, -1.7972e-02, -9.2573e-02,  4.8761e-02,  3.3396e-02,
        -1.5251e-01,  9.7981e-03,  1.3211e-01, -2.1608e-02, -7.7352e-02,
        -1.3026e-01,  7.6535e-02, -7.3283e-03,  1.0275e-04,  6.7207e-02,
         7.6276e-02,  2.7185e-03, -1.2288e-01,  1.6985e-01, -1.5501e-01,
        -1.4429e-01, -1.2162e-01, -1.6839e-01,  1.5317e-01]), 'rvq_quantizer.layers.0._codebook.initted': tensor([1.]), 'rvq_quantizer.layers.0._codebook.cluster_size': tensor([[2.0000, 2.0000, 4.6654,  ..., 3.1440, 2.6346, 4.3156]]), 'rvq_quantizer.layers.0._codebook.embed_avg': tensor([[[  48.0468,  -78.3769,   -9.1629,  ...,  119.9231,   26.7833,
            98.1364],
         [  50.1227,  -55.3000,   28.7605,  ...,  113.7690,   89.4167,
            80.0028],
         [  96.5610, -156.5758,   81.2592,  ...,  275.8474,  148.3321,
           165.7570],
         ...,
         [  87.6206, -151.8209,   44.6368,  ...,  236.7399,   98.2414,
           197.3796],
         [  84.0123, -114.4308,   34.9796,  ...,  187.7800,  102.6541,
           151.6542],
         [ 129.3720, -139.5479,   59.1026,  ...,  196.1261,  144.1793,
           110.5412]]]), 'rvq_quantizer.layers.0._codebook.embed': tensor([[[ 24.0234, -39.1884,  -4.5815,  ...,  59.9615,  13.3917,  49.0682],
         [ 25.0613, -27.6500,  14.3802,  ...,  56.8844,  44.7083,  40.0013],
         [ 20.6974, -33.5613,  17.4175,  ...,  59.1266,  31.7943,  35.5292],
         ...,
         [ 27.8689, -48.2887,  14.1973,  ...,  75.2983,  31.2470,  62.7792],
         [ 31.8876, -43.4332,  13.2768,  ...,  71.2736,  38.9633,  57.5617],
         [ 29.9776, -32.3356,  13.6951,  ...,  45.4457,  33.4087,  25.6142]]]), 'rvq_quantizer.layers.1._codebook.initted': tensor([1.]), 'rvq_quantizer.layers.1._codebook.cluster_size': tensor([[230.1483,   2.7879,   5.6293,  ...,   2.0900,   4.5344,   3.1370]]), 'rvq_quantizer.layers.1._codebook.embed_avg': tensor([[[ 4.8318e-04, -7.0349e-04,  2.3871e-04,  ...,  1.2633e-03,
           5.6220e-04,  7.4541e-04],
         [ 7.3717e+00, -1.1114e+01, -1.0716e+01,  ...,  8.2195e+00,
          -7.4592e+00,  3.8034e+00],
         [ 4.5881e+00,  2.6355e+01,  2.3044e+01,  ..., -1.7589e+01,
          -2.7728e+00, -2.4920e+01],
         ...,
         [-2.2028e+00,  1.2391e+00,  3.0131e+00,  ..., -3.0503e-01,
          -1.5974e+00, -1.1273e+00],
         [-1.3321e+01, -6.4488e-01, -1.9149e+00,  ..., -5.8729e+00,
           1.5439e-01, -9.8374e+00],
         [-1.9401e+00,  1.3771e+00, -2.1520e+00,  ...,  6.1306e-01,
           4.9300e-01,  2.8431e+00]]]), 'rvq_quantizer.layers.1._codebook.embed': tensor([[[ 2.0995e-06, -3.0567e-06,  1.0372e-06,  ...,  5.4893e-06,
           2.4428e-06,  3.2388e-06],
         [ 2.6441e+00, -3.9864e+00, -3.8438e+00,  ...,  2.9482e+00,
          -2.6755e+00,  1.3642e+00],
         [ 8.1504e-01,  4.6818e+00,  4.0936e+00,  ..., -3.1245e+00,
          -4.9257e-01, -4.4269e+00],
         ...,
         [-1.0539e+00,  5.9289e-01,  1.4417e+00,  ..., -1.4595e-01,
          -7.6430e-01, -5.3935e-01],
         [-2.9378e+00, -1.4222e-01, -4.2231e-01,  ..., -1.2952e+00,
           3.4048e-02, -2.1695e+00],
         [-6.1846e-01,  4.3897e-01, -6.8599e-01,  ...,  1.9543e-01,
           1.5715e-01,  9.0632e-01]]]), 'rvq_quantizer.layers.2._codebook.initted': tensor([1.]), 'rvq_quantizer.layers.2._codebook.cluster_size': tensor([[251.5038,   5.9656,  63.2305,  ...,   2.0000,   2.4550,   2.0295]]), 'rvq_quantizer.layers.2._codebook.embed_avg': tensor([[[ 3.9280e-04, -6.4185e-04,  2.1813e-04,  ...,  1.0880e-03,
           4.5137e-04,  7.4244e-04],
         [-1.2578e-02,  5.8308e-02, -1.0991e-02,  ...,  9.2064e-02,
           5.0436e-02,  1.0164e-02],
         [ 3.2575e+00,  1.4051e+00,  1.1347e+00,  ...,  1.7902e+00,
           3.0601e-01, -1.3107e+00],
         ...,
         [ 1.9147e+00,  1.1225e+00,  5.2139e-01,  ...,  1.6188e+00,
          -5.2764e-01, -1.4875e-01],
         [-3.3174e-01, -7.0197e-01, -1.0567e+00,  ...,  4.8797e-01,
          -1.6040e+00,  5.9219e-01],
         [-8.6297e-02, -3.6435e-01,  2.7231e-01,  ...,  2.0062e-01,
          -2.3719e-01,  6.5870e-02]]]), 'rvq_quantizer.layers.2._codebook.embed': tensor([[[ 1.5618e-06, -2.5521e-06,  8.6729e-07,  ...,  4.3261e-06,
           1.7947e-06,  2.9520e-06],
         [-2.1084e-03,  9.7740e-03, -1.8424e-03,  ...,  1.5432e-02,
           8.4545e-03,  1.7037e-03],
         [ 5.1517e-02,  2.2223e-02,  1.7946e-02,  ...,  2.8312e-02,
           4.8396e-03, -2.0729e-02],
         ...,
         [ 9.5733e-01,  5.6124e-01,  2.6069e-01,  ...,  8.0941e-01,
          -2.6382e-01, -7.4374e-02],
         [-1.3513e-01, -2.8594e-01, -4.3042e-01,  ...,  1.9877e-01,
          -6.5335e-01,  2.4122e-01],
         [-4.2521e-02, -1.7952e-01,  1.3417e-01,  ...,  9.8853e-02,
          -1.1687e-01,  3.2456e-02]]]), 'rvq_quantizer.layers.3._codebook.initted': tensor([1.]), 'rvq_quantizer.layers.3._codebook.cluster_size': tensor([[62.3396,  2.3690,  2.7775,  ...,  3.7809,  2.8246,  3.4332]]), 'rvq_quantizer.layers.3._codebook.embed_avg': tensor([[[ 3.2169,  1.3344,  1.1733,  ...,  1.7680,  0.3373, -1.2578],
         [ 0.1025, -0.9511, -1.4029,  ..., -2.7210,  0.5645, -0.9638],
         [ 0.1044, -0.6831, -0.4168,  ...,  0.3850, -0.1980,  0.5131],
         ...,
         [ 3.5754,  0.6749,  2.5621,  ...,  0.4570, -1.5748,  1.6986],
         [ 2.2638, -0.7849,  0.1136,  ..., -1.3397,  0.5548,  1.2252],
         [-4.0369, -1.9768,  2.7423,  ..., -5.7034, -2.5551, -0.1409]]]), 'rvq_quantizer.layers.3._codebook.embed': tensor([[[ 0.0516,  0.0214,  0.0188,  ...,  0.0284,  0.0054, -0.0202],
         [ 0.0433, -0.4015, -0.5922,  ..., -1.1486,  0.2383, -0.4068],
         [ 0.0376, -0.2459, -0.1500,  ...,  0.1386, -0.0713,  0.1847],
         ...,
         [ 0.9456,  0.1785,  0.6776,  ...,  0.1209, -0.4165,  0.4493],
         [ 0.8015, -0.2779,  0.0402,  ..., -0.4743,  0.1964,  0.4338],
         [-1.1758, -0.5758,  0.7988,  ..., -1.6612, -0.7442, -0.0411]]])})
Loss:  tensor(1.7787, grad_fn=<MeanBackward0>)
OrderedDict({'rvq_quantizer.project_in.weight': tensor([[-0.0413, -0.0308, -0.0457,  ..., -0.0054,  0.1202, -0.1159],
        [ 0.0671,  0.0330, -0.0402,  ..., -0.0271,  0.0020,  0.1032],
        [-0.0275,  0.0642, -0.0733,  ..., -0.0311,  0.0269,  0.0363],
        ...,
        [-0.1104, -0.0646,  0.0862,  ..., -0.0201,  0.0044,  0.0403],
        [-0.0280,  0.0473, -0.0244,  ..., -0.0301, -0.0984, -0.0943],
        [-0.0933, -0.0056,  0.1242,  ..., -0.0953,  0.0431,  0.0878]]), 'rvq_quantizer.project_in.bias': tensor([-6.1077e-03, -1.0639e-01,  5.7743e-02,  6.1203e-02, -9.2560e-02,
         7.2414e-02, -8.3908e-02, -1.2417e-01,  1.2006e-01, -1.7564e-02,
        -1.3723e-02,  7.0126e-02,  6.4868e-03,  7.0763e-02,  1.1920e-01,
         4.2498e-05,  4.7043e-02,  9.1601e-02,  6.0515e-02, -1.7811e-02,
         2.7558e-02, -6.4958e-02,  4.0020e-02, -7.0381e-02,  5.4873e-03,
        -3.8032e-02,  2.0210e-02,  6.6242e-02, -3.0837e-02,  1.1786e-01,
         1.2109e-01, -8.7243e-02]), 'rvq_quantizer.project_out.weight': tensor([[ 0.1391,  0.1389, -0.0638,  ...,  0.1497, -0.1518, -0.0982],
        [ 0.0400, -0.1660,  0.0335,  ...,  0.1551, -0.0025, -0.0239],
        [-0.0596, -0.0033,  0.1215,  ...,  0.0158,  0.0578,  0.0373],
        ...,
        [ 0.1155, -0.1740, -0.0604,  ..., -0.0189, -0.1290, -0.1407],
        [ 0.1166, -0.1520,  0.1097,  ..., -0.1163, -0.1759,  0.0724],
        [ 0.0715,  0.1611, -0.1024,  ...,  0.0083, -0.0714, -0.1503]]), 'rvq_quantizer.project_out.bias': tensor([ 1.5987e-01,  1.5615e-01, -1.5339e-01, -1.0336e-01, -6.1310e-02,
         1.3101e-01,  1.5501e-01, -1.5527e-01,  1.1952e-01, -1.5099e-01,
        -6.0957e-02,  1.4259e-01,  1.0313e-01,  1.3681e-01,  1.7227e-01,
        -8.1989e-02, -8.3912e-03, -1.7124e-01, -4.0239e-02,  1.4932e-01,
         1.4961e-01, -5.6660e-02,  9.9182e-02, -1.0434e-01, -7.8989e-02,
        -9.6498e-02,  1.5545e-01,  3.2009e-02,  3.9123e-02, -3.6162e-02,
         3.2309e-02, -1.1915e-01,  1.7072e-01, -1.2743e-01,  1.0117e-01,
        -1.7586e-01, -2.1377e-03, -9.6926e-02, -1.5145e-01, -9.3806e-03,
         9.3895e-02, -1.7972e-02, -9.2573e-02,  4.8761e-02,  3.3396e-02,
        -1.5251e-01,  9.7981e-03,  1.3211e-01, -2.1608e-02, -7.7352e-02,
        -1.3026e-01,  7.6535e-02, -7.3283e-03,  1.0275e-04,  6.7207e-02,
         7.6276e-02,  2.7185e-03, -1.2288e-01,  1.6985e-01, -1.5501e-01,
        -1.4429e-01, -1.2162e-01, -1.6839e-01,  1.5317e-01]), 'rvq_quantizer.layers.0._codebook.initted': tensor([1.]), 'rvq_quantizer.layers.0._codebook.cluster_size': tensor([[2.0000, 2.0000, 4.6988,  ..., 3.2296, 2.5712, 4.4841]]), 'rvq_quantizer.layers.0._codebook.embed_avg': tensor([[[  47.9165,  -78.3369,   -9.0272,  ...,  119.9515,   26.8093,
            98.0265],
         [  49.9207,  -55.3966,   28.8785,  ...,  113.8338,   89.6083,
            80.0291],
         [  97.0258, -157.8663,   82.1741,  ...,  278.0881,  148.9118,
           166.3832],
         ...,
         [  89.9845, -155.9462,   45.7814,  ...,  243.2531,  101.0005,
           202.7486],
         [  81.8542, -111.6615,   34.1813,  ...,  183.0394,  100.1301,
           147.9158],
         [ 134.2264, -144.9155,   61.8380,  ...,  203.4214,  149.7190,
           115.2228]]]), 'rvq_quantizer.layers.0._codebook.embed': tensor([[[ 23.9582, -39.1684,  -4.5136,  ...,  59.9757,  13.4046,  49.0132],
         [ 24.9603, -27.6982,  14.4392,  ...,  56.9168,  44.8041,  40.0145],
         [ 20.6489, -33.5969,  17.4882,  ...,  59.1824,  31.6912,  35.4095],
         ...,
         [ 27.8622, -48.2862,  14.1755,  ...,  75.3193,  31.2731,  62.7778],
         [ 31.8353, -43.4282,  13.2941,  ...,  71.1890,  38.9433,  57.5285],
         [ 29.9342, -32.3180,  13.7906,  ...,  45.3655,  33.3892,  25.6961]]]), 'rvq_quantizer.layers.1._codebook.initted': tensor([1.]), 'rvq_quantizer.layers.1._codebook.cluster_size': tensor([[239.2335,   2.8091,   5.4664,  ...,   2.1810,   4.4809,   3.3233]]), 'rvq_quantizer.layers.1._codebook.embed_avg': tensor([[[ 5.1097e-04, -7.3976e-04,  2.5469e-04,  ...,  1.3258e-03,
           5.9839e-04,  7.8397e-04],
         [ 7.3864e+00, -1.1056e+01, -1.1065e+01,  ...,  8.9667e+00,
          -7.4593e+00,  3.4569e+00],
         [ 4.4356e+00,  2.5733e+01,  2.2644e+01,  ..., -1.7332e+01,
          -2.1721e+00, -2.3858e+01],
         ...,
         [-2.1078e+00,  1.2817e+00,  3.4038e+00,  ..., -3.1783e-01,
          -2.1724e+00, -1.1607e+00],
         [-1.2817e+01, -6.1415e-01, -1.7453e+00,  ..., -5.1329e+00,
           2.2994e-01, -9.6694e+00],
         [-2.0182e+00,  1.3678e+00, -2.1745e+00,  ...,  5.8713e-01,
           5.4365e-01,  3.0017e+00]]]), 'rvq_quantizer.layers.1._codebook.embed': tensor([[[ 2.1359e-06, -3.0922e-06,  1.0646e-06,  ...,  5.5421e-06,
           2.5013e-06,  3.2770e-06],
         [ 2.6294e+00, -3.9357e+00, -3.9388e+00,  ...,  3.1920e+00,
          -2.6554e+00,  1.2306e+00],
         [ 8.1143e-01,  4.7076e+00,  4.1425e+00,  ..., -3.1707e+00,
          -3.9735e-01, -4.3645e+00],
         ...,
         [-9.6642e-01,  5.8768e-01,  1.5607e+00,  ..., -1.4573e-01,
          -9.9604e-01, -5.3219e-01],
         [-2.8604e+00, -1.3706e-01, -3.8949e-01,  ..., -1.1455e+00,
           5.1315e-02, -2.1579e+00],
         [-6.0729e-01,  4.1157e-01, -6.5432e-01,  ...,  1.7667e-01,
           1.6359e-01,  9.0323e-01]]]), 'rvq_quantizer.layers.2._codebook.initted': tensor([1.]), 'rvq_quantizer.layers.2._codebook.cluster_size': tensor([[262.3535,   6.7691,  57.0074,  ...,   2.0000,   2.6095,   2.0266]]), 'rvq_quantizer.layers.2._codebook.embed_avg': tensor([[[ 4.1141e-04, -6.6757e-04,  2.3015e-04,  ...,  1.1303e-03,
           4.7458e-04,  7.7428e-04],
         [-5.1507e-02,  5.8853e-02, -9.4356e-03,  ...,  9.4588e-02,
           5.5399e-02,  1.3632e-02],
         [ 2.9213e+00,  1.2694e+00,  1.0381e+00,  ...,  1.6306e+00,
           2.7630e-01, -1.1915e+00],
         ...,
         [-8.2737e-02, -2.1889e-02, -7.7276e-02,  ..., -1.9195e-02,
           4.3715e-03,  9.5795e-02],
         [-4.1346e-01, -1.1225e+00, -1.6314e+00,  ...,  6.4935e-01,
          -1.7563e+00,  7.6754e-01],
         [-1.0254e-01, -4.4694e-01,  2.4323e-01,  ...,  3.1880e-01,
          -2.3939e-01,  7.4281e-02]]]), 'rvq_quantizer.layers.2._codebook.embed': tensor([[[ 1.5682e-06, -2.5446e-06,  8.7724e-07,  ...,  4.3084e-06,
           1.8089e-06,  2.9513e-06],
         [-7.6092e-03,  8.6944e-03, -1.3939e-03,  ...,  1.3974e-02,
           8.1842e-03,  2.0139e-03],
         [ 5.1245e-02,  2.2267e-02,  1.8210e-02,  ...,  2.8603e-02,
           4.8467e-03, -2.0901e-02],
         ...,
         [-4.1368e-02, -1.0944e-02, -3.8638e-02,  ..., -9.5977e-03,
           2.1858e-03,  4.7897e-02],
         [-1.5844e-01, -4.3016e-01, -6.2519e-01,  ...,  2.4884e-01,
          -6.7305e-01,  2.9414e-01],
         [-5.0596e-02, -2.2054e-01,  1.2002e-01,  ...,  1.5731e-01,
          -1.1812e-01,  3.6654e-02]]]), 'rvq_quantizer.layers.3._codebook.initted': tensor([1.]), 'rvq_quantizer.layers.3._codebook.cluster_size': tensor([[56.5057,  2.2321,  2.4997,  ...,  4.0029,  3.1421,  3.3899]]), 'rvq_quantizer.layers.3._codebook.embed_avg': tensor([[[ 2.9369,  1.2443,  1.0487,  ...,  1.6133,  0.2861, -1.1409],
         [ 0.1565, -0.9719, -1.4955,  ..., -2.3543,  0.4819, -0.8292],
         [ 0.0940, -0.6148, -0.3751,  ...,  0.3465, -0.1782,  0.4617],
         ...,
         [ 3.8429,  0.7891,  2.6864,  ...,  0.2587, -1.7803,  1.9156],
         [ 2.4637, -0.7105, -0.0985,  ..., -1.9044,  0.7076,  1.6183],
         [-4.4355, -1.8144,  2.5782,  ..., -5.5592, -2.9065, -0.3040]]]), 'rvq_quantizer.layers.3._codebook.embed': tensor([[[ 0.0520,  0.0220,  0.0186,  ...,  0.0286,  0.0051, -0.0202],
         [ 0.0701, -0.4354, -0.6700,  ..., -1.0547,  0.2159, -0.3715],
         [ 0.0376, -0.2459, -0.1500,  ...,  0.1386, -0.0713,  0.1847],
         ...,
         [ 0.9600,  0.1971,  0.6711,  ...,  0.0646, -0.4447,  0.4786],
         [ 0.7841, -0.2261, -0.0314,  ..., -0.6061,  0.2252,  0.5150],
         [-1.3084, -0.5352,  0.7606,  ..., -1.6399, -0.8574, -0.0897]]])})
Loss:  tensor(1.7773, grad_fn=<MeanBackward0>)
OrderedDict({'rvq_quantizer.project_in.weight': tensor([[-0.0413, -0.0308, -0.0457,  ..., -0.0054,  0.1202, -0.1159],
        [ 0.0671,  0.0330, -0.0402,  ..., -0.0271,  0.0020,  0.1032],
        [-0.0275,  0.0642, -0.0733,  ..., -0.0311,  0.0269,  0.0363],
        ...,
        [-0.1104, -0.0646,  0.0862,  ..., -0.0201,  0.0044,  0.0403],
        [-0.0280,  0.0473, -0.0244,  ..., -0.0301, -0.0984, -0.0943],
        [-0.0933, -0.0056,  0.1242,  ..., -0.0953,  0.0431,  0.0878]]), 'rvq_quantizer.project_in.bias': tensor([-6.1077e-03, -1.0639e-01,  5.7743e-02,  6.1203e-02, -9.2560e-02,
         7.2414e-02, -8.3908e-02, -1.2417e-01,  1.2006e-01, -1.7564e-02,
        -1.3723e-02,  7.0126e-02,  6.4868e-03,  7.0763e-02,  1.1920e-01,
         4.2498e-05,  4.7043e-02,  9.1601e-02,  6.0515e-02, -1.7811e-02,
         2.7558e-02, -6.4958e-02,  4.0020e-02, -7.0381e-02,  5.4873e-03,
        -3.8032e-02,  2.0210e-02,  6.6242e-02, -3.0837e-02,  1.1786e-01,
         1.2109e-01, -8.7243e-02]), 'rvq_quantizer.project_out.weight': tensor([[ 0.1391,  0.1389, -0.0638,  ...,  0.1497, -0.1518, -0.0982],
        [ 0.0400, -0.1660,  0.0335,  ...,  0.1551, -0.0025, -0.0239],
        [-0.0596, -0.0033,  0.1215,  ...,  0.0158,  0.0578,  0.0373],
        ...,
        [ 0.1155, -0.1740, -0.0604,  ..., -0.0189, -0.1290, -0.1407],
        [ 0.1166, -0.1520,  0.1097,  ..., -0.1163, -0.1759,  0.0724],
        [ 0.0715,  0.1611, -0.1024,  ...,  0.0083, -0.0714, -0.1503]]), 'rvq_quantizer.project_out.bias': tensor([ 1.5987e-01,  1.5615e-01, -1.5339e-01, -1.0336e-01, -6.1310e-02,
         1.3101e-01,  1.5501e-01, -1.5527e-01,  1.1952e-01, -1.5099e-01,
        -6.0957e-02,  1.4259e-01,  1.0313e-01,  1.3681e-01,  1.7227e-01,
        -8.1989e-02, -8.3912e-03, -1.7124e-01, -4.0239e-02,  1.4932e-01,
         1.4961e-01, -5.6660e-02,  9.9182e-02, -1.0434e-01, -7.8989e-02,
        -9.6498e-02,  1.5545e-01,  3.2009e-02,  3.9123e-02, -3.6162e-02,
         3.2309e-02, -1.1915e-01,  1.7072e-01, -1.2743e-01,  1.0117e-01,
        -1.7586e-01, -2.1377e-03, -9.6926e-02, -1.5145e-01, -9.3806e-03,
         9.3895e-02, -1.7972e-02, -9.2573e-02,  4.8761e-02,  3.3396e-02,
        -1.5251e-01,  9.7981e-03,  1.3211e-01, -2.1608e-02, -7.7352e-02,
        -1.3026e-01,  7.6535e-02, -7.3283e-03,  1.0275e-04,  6.7207e-02,
         7.6276e-02,  2.7185e-03, -1.2288e-01,  1.6985e-01, -1.5501e-01,
        -1.4429e-01, -1.2162e-01, -1.6839e-01,  1.5317e-01]), 'rvq_quantizer.layers.0._codebook.initted': tensor([1.]), 'rvq_quantizer.layers.0._codebook.cluster_size': tensor([[2.0000, 2.0000, 4.7290,  ..., 3.2067, 2.5141, 4.5357]]), 'rvq_quantizer.layers.0._codebook.embed_avg': tensor([[[  52.9203,  -89.4357,   47.5312,  ...,  143.0041,   49.9341,
           110.3292],
         [  49.7389,  -55.4835,   28.9846,  ...,  113.8922,   89.7808,
            80.0529],
         [  97.6754, -158.6677,   82.6052,  ...,  279.8698,  150.0390,
           167.4148],
         ...,
         [  89.4556, -154.8761,   45.5407,  ...,  241.8715,  100.4233,
           201.3156],
         [  80.2636, -109.6089,   33.3846,  ...,  179.1962,   97.8827,
           144.7869],
         [ 135.6648, -146.9008,   62.9893,  ...,  205.9551,  151.2011,
           116.6487]]]), 'rvq_quantizer.layers.0._codebook.embed': tensor([[[ 26.4601, -44.7178,  23.7656,  ...,  71.5021,  24.9671,  55.1646],
         [ 24.8694, -27.7417,  14.4923,  ...,  56.9460,  44.8903,  40.0264],
         [ 20.6548, -33.5524,  17.4680,  ...,  59.1822,  31.7278,  35.4021],
         ...,
         [ 27.8968, -48.2982,  14.2019,  ...,  75.4278,  31.3171,  62.7804],
         [ 31.9259, -43.5984,  13.2792,  ...,  71.2777,  38.9341,  57.5910],
         [ 29.9108, -32.3880,  13.8876,  ...,  45.4081,  33.3362,  25.7182]]]), 'rvq_quantizer.layers.1._codebook.initted': tensor([1.]), 'rvq_quantizer.layers.1._codebook.cluster_size': tensor([[246.6102,   2.8282,   5.4197,  ...,   2.1629,   4.2328,   3.4910]]), 'rvq_quantizer.layers.1._codebook.embed_avg': tensor([[[ 5.3540e-04, -7.7507e-04,  2.6639e-04,  ...,  1.3931e-03,
           6.2800e-04,  8.3032e-04],
         [ 7.3852e+00, -1.0973e+01, -1.1361e+01,  ...,  9.6112e+00,
          -7.4409e+00,  3.1437e+00],
         [ 4.3024e+00,  2.5569e+01,  2.2485e+01,  ..., -1.7470e+01,
          -1.8804e+00, -2.3302e+01],
         ...,
         [-2.0211e+00,  1.2467e+00,  3.7362e+00,  ..., -4.6189e-01,
          -2.4245e+00, -1.3067e+00],
         [-1.2186e+01, -4.7905e-01, -1.6755e+00,  ..., -4.3824e+00,
           1.9777e-01, -9.0918e+00],
         [-2.0578e+00,  1.3592e+00, -2.1916e+00,  ...,  5.6061e-01,
           5.9496e-01,  3.1283e+00]]]), 'rvq_quantizer.layers.1._codebook.embed': tensor([[[ 2.1711e-06, -3.1429e-06,  1.0802e-06,  ...,  5.6492e-06,
           2.5466e-06,  3.3669e-06],
         [ 2.6113e+00, -3.8798e+00, -4.0169e+00,  ...,  3.3983e+00,
          -2.6309e+00,  1.1115e+00],
         [ 7.9384e-01,  4.7179e+00,  4.1488e+00,  ..., -3.2234e+00,
          -3.4696e-01, -4.2995e+00],
         ...,
         [-9.3443e-01,  5.7641e-01,  1.7274e+00,  ..., -2.1355e-01,
          -1.1210e+00, -6.0413e-01],
         [-2.8788e+00, -1.1318e-01, -3.9582e-01,  ..., -1.0353e+00,
           4.6723e-02, -2.1479e+00],
         [-5.8947e-01,  3.8935e-01, -6.2778e-01,  ...,  1.6059e-01,
           1.7043e-01,  8.9610e-01]]]), 'rvq_quantizer.layers.2._codebook.initted': tensor([1.]), 'rvq_quantizer.layers.2._codebook.cluster_size': tensor([[271.8181,   7.2921,  51.3067,  ...,   2.1000,   2.7485,   2.1239]]), 'rvq_quantizer.layers.2._codebook.embed_avg': tensor([[[ 4.3001e-04, -6.8751e-04,  2.4386e-04,  ...,  1.1798e-03,
           4.9849e-04,  8.0468e-04],
         [-4.6750e-02,  4.7424e-02,  4.4224e-03,  ...,  9.9168e-02,
           5.6775e-02,  8.0841e-03],
         [ 2.6292e+00,  1.1424e+00,  9.3431e-01,  ...,  1.4675e+00,
           2.4867e-01, -1.0724e+00],
         ...,
         [-7.5260e-02, -1.0499e-02, -7.2652e-02,  ..., -1.7220e-02,
          -3.3458e-03,  1.0986e-01],
         [-3.9630e-01, -1.2977e+00, -1.8057e+00,  ...,  6.0261e-01,
          -1.7693e+00,  8.2866e-01],
         [-2.8450e-01, -4.7801e-01,  2.7196e-01,  ...,  4.4401e-01,
          -2.1281e-01,  7.3664e-02]]]), 'rvq_quantizer.layers.2._codebook.embed': tensor([[[ 1.5820e-06, -2.5293e-06,  8.9713e-07,  ...,  4.3406e-06,
           1.8339e-06,  2.9604e-06],
         [-6.4110e-03,  6.5034e-03,  6.0647e-04,  ...,  1.3599e-02,
           7.7858e-03,  1.1086e-03],
         [ 5.1245e-02,  2.2267e-02,  1.8210e-02,  ...,  2.8602e-02,
           4.8467e-03, -2.0901e-02],
         ...,
         [-3.5838e-02, -4.9994e-03, -3.4596e-02,  ..., -8.1999e-03,
          -1.5932e-03,  5.2315e-02],
         [-1.4419e-01, -4.7216e-01, -6.5696e-01,  ...,  2.1925e-01,
          -6.4374e-01,  3.0149e-01],
         [-1.3395e-01, -2.2506e-01,  1.2805e-01,  ...,  2.0905e-01,
          -1.0020e-01,  3.4683e-02]]]), 'rvq_quantizer.layers.3._codebook.initted': tensor([1.]), 'rvq_quantizer.layers.3._codebook.cluster_size': tensor([[50.9551,  2.4089,  2.3498,  ...,  4.1026,  2.9279,  3.4509]]), 'rvq_quantizer.layers.3._codebook.embed_avg': tensor([[[ 2.6475,  1.1249,  0.9472,  ...,  1.4541,  0.2572, -1.0332],
         [ 0.1393, -0.9968, -1.7788,  ..., -2.4774,  0.6586, -0.6506],
         [ 0.0883, -0.6397, -0.3470,  ...,  0.3358, -0.2006,  0.4834],
         ...,
         [ 3.9611,  0.7799,  2.7750,  ...,  0.0475, -1.8714,  2.0886],
         [ 2.2436, -0.7663, -0.2767,  ..., -1.8620,  0.7254,  1.6328],
         [-4.6390, -1.7186,  2.7082,  ..., -5.8915, -3.3477, -0.3268]]]), 'rvq_quantizer.layers.3._codebook.embed': tensor([[[ 0.0520,  0.0221,  0.0186,  ...,  0.0285,  0.0050, -0.0203],
         [ 0.0578, -0.4138, -0.7384,  ..., -1.0285,  0.2734, -0.2701],
         [ 0.0376, -0.2722, -0.1477,  ...,  0.1429, -0.0854,  0.2057],
         ...,
         [ 0.9655,  0.1901,  0.6764,  ...,  0.0116, -0.4562,  0.5091],
         [ 0.7663, -0.2617, -0.0945,  ..., -0.6360,  0.2478,  0.5577],
         [-1.3443, -0.4980,  0.7848,  ..., -1.7072, -0.9701, -0.0947]]])})
Loss:  tensor(1.7774, grad_fn=<MeanBackward0>)
OrderedDict({'rvq_quantizer.project_in.weight': tensor([[-0.0413, -0.0308, -0.0457,  ..., -0.0054,  0.1202, -0.1159],
        [ 0.0671,  0.0330, -0.0402,  ..., -0.0271,  0.0020,  0.1032],
        [-0.0275,  0.0642, -0.0733,  ..., -0.0311,  0.0269,  0.0363],
        ...,
        [-0.1104, -0.0646,  0.0862,  ..., -0.0201,  0.0044,  0.0403],
        [-0.0280,  0.0473, -0.0244,  ..., -0.0301, -0.0984, -0.0943],
        [-0.0933, -0.0056,  0.1242,  ..., -0.0953,  0.0431,  0.0878]]), 'rvq_quantizer.project_in.bias': tensor([-6.1077e-03, -1.0639e-01,  5.7743e-02,  6.1203e-02, -9.2560e-02,
         7.2414e-02, -8.3908e-02, -1.2417e-01,  1.2006e-01, -1.7564e-02,
        -1.3723e-02,  7.0126e-02,  6.4868e-03,  7.0763e-02,  1.1920e-01,
         4.2498e-05,  4.7043e-02,  9.1601e-02,  6.0515e-02, -1.7811e-02,
         2.7558e-02, -6.4958e-02,  4.0020e-02, -7.0381e-02,  5.4873e-03,
        -3.8032e-02,  2.0210e-02,  6.6242e-02, -3.0837e-02,  1.1786e-01,
         1.2109e-01, -8.7243e-02]), 'rvq_quantizer.project_out.weight': tensor([[ 0.1391,  0.1389, -0.0638,  ...,  0.1497, -0.1518, -0.0982],
        [ 0.0400, -0.1660,  0.0335,  ...,  0.1551, -0.0025, -0.0239],
        [-0.0596, -0.0033,  0.1215,  ...,  0.0158,  0.0578,  0.0373],
        ...,
        [ 0.1155, -0.1740, -0.0604,  ..., -0.0189, -0.1290, -0.1407],
        [ 0.1166, -0.1520,  0.1097,  ..., -0.1163, -0.1759,  0.0724],
        [ 0.0715,  0.1611, -0.1024,  ...,  0.0083, -0.0714, -0.1503]]), 'rvq_quantizer.project_out.bias': tensor([ 1.5987e-01,  1.5615e-01, -1.5339e-01, -1.0336e-01, -6.1310e-02,
         1.3101e-01,  1.5501e-01, -1.5527e-01,  1.1952e-01, -1.5099e-01,
        -6.0957e-02,  1.4259e-01,  1.0313e-01,  1.3681e-01,  1.7227e-01,
        -8.1989e-02, -8.3912e-03, -1.7124e-01, -4.0239e-02,  1.4932e-01,
         1.4961e-01, -5.6660e-02,  9.9182e-02, -1.0434e-01, -7.8989e-02,
        -9.6498e-02,  1.5545e-01,  3.2009e-02,  3.9123e-02, -3.6162e-02,
         3.2309e-02, -1.1915e-01,  1.7072e-01, -1.2743e-01,  1.0117e-01,
        -1.7586e-01, -2.1377e-03, -9.6926e-02, -1.5145e-01, -9.3806e-03,
         9.3895e-02, -1.7972e-02, -9.2573e-02,  4.8761e-02,  3.3396e-02,
        -1.5251e-01,  9.7981e-03,  1.3211e-01, -2.1608e-02, -7.7352e-02,
        -1.3026e-01,  7.6535e-02, -7.3283e-03,  1.0275e-04,  6.7207e-02,
         7.6276e-02,  2.7185e-03, -1.2288e-01,  1.6985e-01, -1.5501e-01,
        -1.4429e-01, -1.2162e-01, -1.6839e-01,  1.5317e-01]), 'rvq_quantizer.layers.0._codebook.initted': tensor([1.]), 'rvq_quantizer.layers.0._codebook.cluster_size': tensor([[2.0000, 2.0000, 4.7561,  ..., 3.1860, 2.5627, 4.6821]]), 'rvq_quantizer.layers.0._codebook.embed_avg': tensor([[[  48.3288,  -55.8827,   17.0611,  ...,  137.7560,   90.4031,
            99.0810],
         [  49.5753,  -55.5617,   29.0801,  ...,  113.9447,   89.9360,
            80.0742],
         [  98.0083, -159.6388,   83.0749,  ...,  281.4552,  150.7608,
           168.3350],
         ...,
         [  89.0869, -153.8540,   45.2554,  ...,  240.0803,   99.4611,
           200.0788],
         [  81.8823, -111.8057,   34.0144,  ...,  182.7428,   99.7808,
           147.6304],
         [ 139.8899, -151.5331,   65.3360,  ...,  212.2676,  156.0387,
           120.7195]]]), 'rvq_quantizer.layers.0._codebook.embed': tensor([[[ 24.1644, -27.9414,   8.5306,  ...,  68.8780,  45.2015,  49.5405],
         [ 24.7876, -27.7808,  14.5400,  ...,  56.9723,  44.9679,  40.0371],
         [ 20.6071, -33.5654,  17.4672,  ...,  59.1783,  31.6987,  35.3938],
         ...,
         [ 27.9620, -48.2907,  14.2045,  ...,  75.3549,  31.2182,  62.7995],
         [ 31.9522, -43.6289,  13.2731,  ...,  71.3101,  38.9366,  57.6084],
         [ 29.8777, -32.3645,  13.9545,  ...,  45.3361,  33.3268,  25.7833]]]), 'rvq_quantizer.layers.1._codebook.initted': tensor([1.]), 'rvq_quantizer.layers.1._codebook.cluster_size': tensor([[252.5491,   2.7454,   5.7778,  ...,   2.1466,   4.4095,   3.4419]]), 'rvq_quantizer.layers.1._codebook.embed_avg': tensor([[[ 5.5358e-04, -7.9808e-04,  2.7484e-04,  ...,  1.4354e-03,
           6.5389e-04,  8.5562e-04],
         [ 7.0572e+00, -1.0430e+01, -1.1194e+01,  ...,  9.5342e+00,
          -7.1825e+00,  2.4259e+00],
         [ 5.1955e+00,  2.6907e+01,  2.3566e+01,  ..., -1.8436e+01,
          -1.9044e+00, -2.4629e+01],
         ...,
         [-2.2533e+00,  1.4252e+00,  3.2225e+00,  ..., -4.8528e-01,
          -2.4449e+00, -7.2198e-01],
         [-1.3461e+01, -5.1752e-01, -1.4114e+00,  ..., -4.4611e+00,
           1.0206e-01, -9.3775e+00],
         [-1.9352e+00,  1.0637e+00, -2.0657e+00,  ...,  5.6527e-01,
           7.7854e-01,  2.9427e+00]]]), 'rvq_quantizer.layers.1._codebook.embed': tensor([[[ 2.1920e-06, -3.1601e-06,  1.0883e-06,  ...,  5.6837e-06,
           2.5892e-06,  3.3880e-06],
         [ 2.5706e+00, -3.7991e+00, -4.0773e+00,  ...,  3.4728e+00,
          -2.6162e+00,  8.8361e-01],
         [ 8.9923e-01,  4.6571e+00,  4.0788e+00,  ..., -3.1908e+00,
          -3.2961e-01, -4.2627e+00],
         ...,
         [-1.0497e+00,  6.6395e-01,  1.5012e+00,  ..., -2.2607e-01,
          -1.1390e+00, -3.3633e-01],
         [-3.0528e+00, -1.1736e-01, -3.2009e-01,  ..., -1.0117e+00,
           2.3145e-02, -2.1266e+00],
         [-5.6226e-01,  3.0903e-01, -6.0016e-01,  ...,  1.6423e-01,
           2.2619e-01,  8.5497e-01]]]), 'rvq_quantizer.layers.2._codebook.initted': tensor([1.]), 'rvq_quantizer.layers.2._codebook.cluster_size': tensor([[280.2363,   7.6629,  46.2760,  ...,   2.0900,   2.6737,   2.1115]]), 'rvq_quantizer.layers.2._codebook.embed_avg': tensor([[[ 4.5903e-04, -7.4967e-04,  2.6040e-04,  ...,  1.2474e-03,
           5.3651e-04,  8.5326e-04],
         [-5.4428e-02,  5.0054e-02,  7.3882e-03,  ...,  1.1252e-01,
           5.8367e-02,  2.7624e-03],
         [ 2.3676e+00,  1.0362e+00,  8.5332e-01,  ...,  1.3224e+00,
           2.2513e-01, -9.7050e-01],
         ...,
         [-6.6757e-02, -9.4305e-03, -7.3212e-02,  ..., -2.8787e-02,
          -4.1287e-03,  9.2543e-02],
         [-3.7788e-01, -1.3712e+00, -2.0511e+00,  ...,  7.3724e-01,
          -2.0267e+00,  9.0096e-01],
         [-4.7729e-01, -4.0366e-01,  2.7556e-01,  ...,  4.7230e-01,
          -1.2485e-01,  4.8486e-02]]]), 'rvq_quantizer.layers.2._codebook.embed': tensor([[[ 1.6380e-06, -2.6752e-06,  9.2922e-07,  ...,  4.4511e-06,
           1.9145e-06,  3.0448e-06],
         [-7.1028e-03,  6.5320e-03,  9.6415e-04,  ...,  1.4683e-02,
           7.6168e-03,  3.6049e-04],
         [ 5.1163e-02,  2.2391e-02,  1.8440e-02,  ...,  2.8577e-02,
           4.8649e-03, -2.0972e-02],
         ...,
         [-3.1941e-02, -4.5122e-03, -3.5030e-02,  ..., -1.3774e-02,
          -1.9755e-03,  4.4279e-02],
         [-1.4133e-01, -5.1285e-01, -7.6713e-01,  ...,  2.7574e-01,
          -7.5803e-01,  3.3697e-01],
         [-2.2604e-01, -1.9117e-01,  1.3050e-01,  ...,  2.2368e-01,
          -5.9130e-02,  2.2963e-02]]]), 'rvq_quantizer.layers.3._codebook.initted': tensor([1.]), 'rvq_quantizer.layers.3._codebook.cluster_size': tensor([[46.0596,  2.4680,  2.3148,  ...,  4.0923,  2.7351,  3.5058]]), 'rvq_quantizer.layers.3._codebook.embed_avg': tensor([[[ 2.4161,  1.0447,  0.8456,  ...,  1.2962,  0.2353, -0.9381],
         [ 0.2261, -1.3093, -1.9049,  ..., -2.2124,  0.6865, -0.7102],
         [ 0.0574, -0.6995, -0.3347,  ...,  0.3187, -0.2657,  0.5295],
         ...,
         [ 4.0443,  0.7811,  2.6772,  ...,  0.0179, -1.7077,  2.0905],
         [ 2.1197, -0.7293, -0.1340,  ..., -1.9214,  0.7395,  1.5799],
         [-4.8268, -1.6796,  2.6573,  ..., -6.0816, -3.4053, -0.5790]]]), 'rvq_quantizer.layers.3._codebook.embed': tensor([[[ 0.0525,  0.0227,  0.0184,  ...,  0.0281,  0.0051, -0.0204],
         [ 0.0916, -0.5305, -0.7718,  ..., -0.8964,  0.2782, -0.2878],
         [ 0.0248, -0.3022, -0.1446,  ...,  0.1377, -0.1148,  0.2287],
         ...,
         [ 0.9883,  0.1909,  0.6542,  ...,  0.0044, -0.4173,  0.5108],
         [ 0.7750, -0.2666, -0.0490,  ..., -0.7025,  0.2704,  0.5776],
         [-1.3768, -0.4791,  0.7580,  ..., -1.7347, -0.9713, -0.1651]]])})
Loss:  tensor(1.7594, grad_fn=<MeanBackward0>)
OrderedDict({'rvq_quantizer.project_in.weight': tensor([[-0.0413, -0.0308, -0.0457,  ..., -0.0054,  0.1202, -0.1159],
        [ 0.0671,  0.0330, -0.0402,  ..., -0.0271,  0.0020,  0.1032],
        [-0.0275,  0.0642, -0.0733,  ..., -0.0311,  0.0269,  0.0363],
        ...,
        [-0.1104, -0.0646,  0.0862,  ..., -0.0201,  0.0044,  0.0403],
        [-0.0280,  0.0473, -0.0244,  ..., -0.0301, -0.0984, -0.0943],
        [-0.0933, -0.0056,  0.1242,  ..., -0.0953,  0.0431,  0.0878]]), 'rvq_quantizer.project_in.bias': tensor([-6.1077e-03, -1.0639e-01,  5.7743e-02,  6.1203e-02, -9.2560e-02,
         7.2414e-02, -8.3908e-02, -1.2417e-01,  1.2006e-01, -1.7564e-02,
        -1.3723e-02,  7.0126e-02,  6.4868e-03,  7.0763e-02,  1.1920e-01,
         4.2498e-05,  4.7043e-02,  9.1601e-02,  6.0515e-02, -1.7811e-02,
         2.7558e-02, -6.4958e-02,  4.0020e-02, -7.0381e-02,  5.4873e-03,
        -3.8032e-02,  2.0210e-02,  6.6242e-02, -3.0837e-02,  1.1786e-01,
         1.2109e-01, -8.7243e-02]), 'rvq_quantizer.project_out.weight': tensor([[ 0.1391,  0.1389, -0.0638,  ...,  0.1497, -0.1518, -0.0982],
        [ 0.0400, -0.1660,  0.0335,  ...,  0.1551, -0.0025, -0.0239],
        [-0.0596, -0.0033,  0.1215,  ...,  0.0158,  0.0578,  0.0373],
        ...,
        [ 0.1155, -0.1740, -0.0604,  ..., -0.0189, -0.1290, -0.1407],
        [ 0.1166, -0.1520,  0.1097,  ..., -0.1163, -0.1759,  0.0724],
        [ 0.0715,  0.1611, -0.1024,  ...,  0.0083, -0.0714, -0.1503]]), 'rvq_quantizer.project_out.bias': tensor([ 1.5987e-01,  1.5615e-01, -1.5339e-01, -1.0336e-01, -6.1310e-02,
         1.3101e-01,  1.5501e-01, -1.5527e-01,  1.1952e-01, -1.5099e-01,
        -6.0957e-02,  1.4259e-01,  1.0313e-01,  1.3681e-01,  1.7227e-01,
        -8.1989e-02, -8.3912e-03, -1.7124e-01, -4.0239e-02,  1.4932e-01,
         1.4961e-01, -5.6660e-02,  9.9182e-02, -1.0434e-01, -7.8989e-02,
        -9.6498e-02,  1.5545e-01,  3.2009e-02,  3.9123e-02, -3.6162e-02,
         3.2309e-02, -1.1915e-01,  1.7072e-01, -1.2743e-01,  1.0117e-01,
        -1.7586e-01, -2.1377e-03, -9.6926e-02, -1.5145e-01, -9.3806e-03,
         9.3895e-02, -1.7972e-02, -9.2573e-02,  4.8761e-02,  3.3396e-02,
        -1.5251e-01,  9.7981e-03,  1.3211e-01, -2.1608e-02, -7.7352e-02,
        -1.3026e-01,  7.6535e-02, -7.3283e-03,  1.0275e-04,  6.7207e-02,
         7.6276e-02,  2.7185e-03, -1.2288e-01,  1.6985e-01, -1.5501e-01,
        -1.4429e-01, -1.2162e-01, -1.6839e-01,  1.5317e-01]), 'rvq_quantizer.layers.0._codebook.initted': tensor([1.]), 'rvq_quantizer.layers.0._codebook.cluster_size': tensor([[2.0000, 2.0000, 4.9024,  ..., 3.3407, 2.6457, 4.7425]]), 'rvq_quantizer.layers.0._codebook.embed_avg': tensor([[[  49.1267,  -55.6803,   18.0776,  ...,  137.7410,   90.2931,
            98.7899],
         [  70.4848,  -83.1510,   26.3947,  ...,  149.8311,   89.0675,
           115.4448],
         [ 101.1664, -164.6253,   85.7336,  ...,  289.6754,  155.6153,
           173.4421],
         ...,
         [  93.2998, -161.3056,   47.3126,  ...,  251.8206,  104.4717,
           209.7670],
         [  84.6501, -115.5623,   35.0913,  ...,  188.8075,  103.0266,
           152.4926],
         [ 141.2798, -153.3723,   66.6908,  ...,  214.4766,  157.5809,
           122.9244]]]), 'rvq_quantizer.layers.0._codebook.embed': tensor([[[ 24.5633, -27.8401,   9.0388,  ...,  68.8704,  45.1465,  49.3949],
         [ 35.2424, -41.5755,  13.1974,  ...,  74.9156,  44.5338,  57.7224],
         [ 20.6361, -33.5805,  17.4881,  ...,  59.0885,  31.7427,  35.3790],
         ...,
         [ 27.9286, -48.2856,  14.1627,  ...,  75.3806,  31.2728,  62.7922],
         [ 31.9948, -43.6785,  13.2633,  ...,  71.3626,  38.9405,  57.6369],
         [ 29.7902, -32.3401,  14.0624,  ...,  45.2245,  33.2275,  25.9198]]]), 'rvq_quantizer.layers.1._codebook.initted': tensor([1.]), 'rvq_quantizer.layers.1._codebook.cluster_size': tensor([[264.2948,   2.9838,   5.8300,  ...,   2.3088,   4.1317,   3.1779]]), 'rvq_quantizer.layers.1._codebook.embed_avg': tensor([[[ 5.7119e-04, -8.3310e-04,  2.8690e-04,  ...,  1.4924e-03,
           6.7289e-04,  8.8846e-04],
         [ 8.4398e+00, -1.0728e+01, -1.1987e+01,  ...,  1.0533e+01,
          -7.3007e+00,  2.7889e+00],
         [ 5.3930e+00,  2.7781e+01,  2.3953e+01,  ..., -1.8605e+01,
          -1.6039e+00, -2.5130e+01],
         ...,
         [-2.4260e+00,  1.6242e+00,  3.7059e+00,  ..., -7.1000e-01,
          -3.3730e+00, -3.9909e-01],
         [-1.3587e+01, -3.3945e-01, -1.2334e+00,  ..., -3.7568e+00,
          -6.1334e-02, -8.6649e+00],
         [-1.7124e+00,  6.1405e-01, -1.7850e+00,  ...,  5.4509e-01,
           1.1038e+00,  2.5805e+00]]]), 'rvq_quantizer.layers.1._codebook.embed': tensor([[[ 2.1612e-06, -3.1522e-06,  1.0855e-06,  ...,  5.6467e-06,
           2.5460e-06,  3.3616e-06],
         [ 2.8286e+00, -3.5954e+00, -4.0172e+00,  ...,  3.5301e+00,
          -2.4468e+00,  9.3468e-01],
         [ 9.2504e-01,  4.7652e+00,  4.1086e+00,  ..., -3.1913e+00,
          -2.7512e-01, -4.3105e+00],
         ...,
         [-1.0508e+00,  7.0349e-01,  1.6052e+00,  ..., -3.0752e-01,
          -1.4610e+00, -1.7286e-01],
         [-3.2884e+00, -8.2157e-02, -2.9851e-01,  ..., -9.0926e-01,
          -1.4845e-02, -2.0972e+00],
         [-5.3885e-01,  1.9322e-01, -5.6169e-01,  ...,  1.7152e-01,
           3.4734e-01,  8.1199e-01]]]), 'rvq_quantizer.layers.2._codebook.initted': tensor([1.]), 'rvq_quantizer.layers.2._codebook.cluster_size': tensor([[294.5814,   7.9970,  37.5836,  ...,   2.8329,   3.1157,   2.0000]]), 'rvq_quantizer.layers.2._codebook.embed_avg': tensor([[[ 4.7735e-04, -7.9387e-04,  2.7633e-04,  ...,  1.3114e-03,
           5.5498e-04,  8.9353e-04],
         [-6.0716e-02,  5.4137e-02,  6.0757e-03,  ...,  1.2546e-01,
           5.8820e-02,  2.9591e-03],
         [ 1.9313e+00,  8.4800e-01,  7.0146e-01,  ...,  1.0635e+00,
           1.7175e-01, -7.9611e-01],
         ...,
         [-1.1048e-01, -1.1413e-02, -1.2156e-01,  ..., -8.3624e-02,
          -2.5273e-02,  8.9790e-02],
         [-8.5856e-01, -1.8976e+00, -2.8350e+00,  ...,  5.9149e-01,
          -1.8778e+00,  1.6179e+00],
         [-7.7453e-01,  3.7013e+00,  2.0715e+00,  ..., -1.0931e+00,
           1.1444e+00, -8.2456e-01]]]), 'rvq_quantizer.layers.2._codebook.embed': tensor([[[ 1.6204e-06, -2.6949e-06,  9.3804e-07,  ...,  4.4517e-06,
           1.8840e-06,  3.0332e-06],
         [-7.5924e-03,  6.7698e-03,  7.5975e-04,  ...,  1.5688e-02,
           7.3553e-03,  3.7003e-04],
         [ 5.1387e-02,  2.2563e-02,  1.8664e-02,  ...,  2.8296e-02,
           4.5699e-03, -2.1182e-02],
         ...,
         [-3.8999e-02, -4.0287e-03, -4.2909e-02,  ..., -2.9519e-02,
          -8.9214e-03,  3.1695e-02],
         [-2.7556e-01, -6.0905e-01, -9.0993e-01,  ...,  1.8984e-01,
          -6.0269e-01,  5.1929e-01],
         [-3.8727e-01,  1.8506e+00,  1.0358e+00,  ..., -5.4653e-01,
           5.7218e-01, -4.1228e-01]]]), 'rvq_quantizer.layers.3._codebook.initted': tensor([1.]), 'rvq_quantizer.layers.3._codebook.cluster_size': tensor([[37.4983,  2.1791,  2.3450,  ...,  4.2648,  2.4955,  3.5797]]), 'rvq_quantizer.layers.3._codebook.embed_avg': tensor([[[ 1.9685,  0.8566,  0.7094,  ...,  1.0638,  0.2096, -0.7690],
         [ 0.2959, -1.2375, -1.9272,  ..., -1.8313,  0.5047, -0.4925],
         [-0.0375, -0.8374, -0.3044,  ...,  0.3572, -0.3113,  0.5843],
         ...,
         [ 4.2117,  0.8484,  2.6996,  ...,  0.2541, -1.6595,  2.1025],
         [ 2.0223, -0.4394, -0.1209,  ..., -1.7264,  0.6532,  1.4183],
         [-4.8378, -1.7641,  2.8569,  ..., -6.4650, -3.3514, -0.9185]]]), 'rvq_quantizer.layers.3._codebook.embed': tensor([[[ 0.0525,  0.0228,  0.0189,  ...,  0.0284,  0.0056, -0.0205],
         [ 0.1358, -0.5679, -0.8844,  ..., -0.8404,  0.2316, -0.2260],
         [-0.0160, -0.3571, -0.1298,  ...,  0.1523, -0.1328,  0.2492],
         ...,
         [ 0.9875,  0.1989,  0.6330,  ...,  0.0596, -0.3891,  0.4930],
         [ 0.8104, -0.1761, -0.0484,  ..., -0.6918,  0.2618,  0.5683],
         [-1.3515, -0.4928,  0.7981,  ..., -1.8060, -0.9362, -0.2566]]])})
Loss:  tensor(1.7237, grad_fn=<MeanBackward0>)
OrderedDict({'rvq_quantizer.project_in.weight': tensor([[-0.0413, -0.0308, -0.0457,  ..., -0.0054,  0.1202, -0.1159],
        [ 0.0671,  0.0330, -0.0402,  ..., -0.0271,  0.0020,  0.1032],
        [-0.0275,  0.0642, -0.0733,  ..., -0.0311,  0.0269,  0.0363],
        ...,
        [-0.1104, -0.0646,  0.0862,  ..., -0.0201,  0.0044,  0.0403],
        [-0.0280,  0.0473, -0.0244,  ..., -0.0301, -0.0984, -0.0943],
        [-0.0933, -0.0056,  0.1242,  ..., -0.0953,  0.0431,  0.0878]]), 'rvq_quantizer.project_in.bias': tensor([-6.1077e-03, -1.0639e-01,  5.7743e-02,  6.1203e-02, -9.2560e-02,
         7.2414e-02, -8.3908e-02, -1.2417e-01,  1.2006e-01, -1.7564e-02,
        -1.3723e-02,  7.0126e-02,  6.4868e-03,  7.0763e-02,  1.1920e-01,
         4.2498e-05,  4.7043e-02,  9.1601e-02,  6.0515e-02, -1.7811e-02,
         2.7558e-02, -6.4958e-02,  4.0020e-02, -7.0381e-02,  5.4873e-03,
        -3.8032e-02,  2.0210e-02,  6.6242e-02, -3.0837e-02,  1.1786e-01,
         1.2109e-01, -8.7243e-02]), 'rvq_quantizer.project_out.weight': tensor([[ 0.1391,  0.1389, -0.0638,  ...,  0.1497, -0.1518, -0.0982],
        [ 0.0400, -0.1660,  0.0335,  ...,  0.1551, -0.0025, -0.0239],
        [-0.0596, -0.0033,  0.1215,  ...,  0.0158,  0.0578,  0.0373],
        ...,
        [ 0.1155, -0.1740, -0.0604,  ..., -0.0189, -0.1290, -0.1407],
        [ 0.1166, -0.1520,  0.1097,  ..., -0.1163, -0.1759,  0.0724],
        [ 0.0715,  0.1611, -0.1024,  ...,  0.0083, -0.0714, -0.1503]]), 'rvq_quantizer.project_out.bias': tensor([ 1.5987e-01,  1.5615e-01, -1.5339e-01, -1.0336e-01, -6.1310e-02,
         1.3101e-01,  1.5501e-01, -1.5527e-01,  1.1952e-01, -1.5099e-01,
        -6.0957e-02,  1.4259e-01,  1.0313e-01,  1.3681e-01,  1.7227e-01,
        -8.1989e-02, -8.3912e-03, -1.7124e-01, -4.0239e-02,  1.4932e-01,
         1.4961e-01, -5.6660e-02,  9.9182e-02, -1.0434e-01, -7.8989e-02,
        -9.6498e-02,  1.5545e-01,  3.2009e-02,  3.9123e-02, -3.6162e-02,
         3.2309e-02, -1.1915e-01,  1.7072e-01, -1.2743e-01,  1.0117e-01,
        -1.7586e-01, -2.1377e-03, -9.6926e-02, -1.5145e-01, -9.3806e-03,
         9.3895e-02, -1.7972e-02, -9.2573e-02,  4.8761e-02,  3.3396e-02,
        -1.5251e-01,  9.7981e-03,  1.3211e-01, -2.1608e-02, -7.7352e-02,
        -1.3026e-01,  7.6535e-02, -7.3283e-03,  1.0275e-04,  6.7207e-02,
         7.6276e-02,  2.7185e-03, -1.2288e-01,  1.6985e-01, -1.5501e-01,
        -1.4429e-01, -1.2162e-01, -1.6839e-01,  1.5317e-01]), 'rvq_quantizer.layers.0._codebook.initted': tensor([1.]), 'rvq_quantizer.layers.0._codebook.cluster_size': tensor([[2.0000, 2.0000, 4.9122,  ..., 3.3066, 2.5812, 4.5682]]), 'rvq_quantizer.layers.0._codebook.embed_avg': tensor([[[  49.4668,  -55.5941,   18.5110,  ...,  137.7346,   90.2463,
            98.6659],
         [  52.2086,  -93.1429,    4.7114,  ...,   90.0782,   57.0181,
            67.8311],
         [ 101.3545, -164.7615,   86.0127,  ...,  290.4642,  155.9130,
           174.0206],
         ...,
         [  92.4393, -159.6996,   46.9188,  ...,  249.5823,  103.5474,
           207.6322],
         [  82.4282, -112.6799,   34.2819,  ...,  183.9642,  100.4654,
           148.6704],
         [ 136.2221, -147.4144,   63.5185,  ...,  206.4070,  151.7474,
           118.3760]]]), 'rvq_quantizer.layers.0._codebook.embed': tensor([[[ 24.7334, -27.7970,   9.2555,  ...,  68.8672,  45.1231,  49.3329],
         [ 26.1043, -46.5715,   2.3557,  ...,  45.0391,  28.5091,  33.9155],
         [ 20.6334, -33.5416,  17.5102,  ...,  59.1317,  31.7402,  35.4265],
         ...,
         [ 27.9561, -48.2974,  14.1895,  ...,  75.4803,  31.3155,  62.7934],
         [ 31.9344, -43.6545,  13.2815,  ...,  71.2715,  38.9224,  57.5980],
         [ 29.8194, -32.2694,  13.9044,  ...,  45.1831,  33.2179,  25.9129]]]), 'rvq_quantizer.layers.1._codebook.initted': tensor([1.]), 'rvq_quantizer.layers.1._codebook.cluster_size': tensor([[268.3653,   2.8854,   5.6470,  ...,   2.3779,   3.7186,   3.1601]]), 'rvq_quantizer.layers.1._codebook.embed_avg': tensor([[[ 5.9380e-04, -8.6175e-04,  2.9593e-04,  ...,  1.5385e-03,
           6.9429e-04,  9.2188e-04],
         [ 8.5100e+00, -1.0003e+01, -1.1400e+01,  ...,  9.7086e+00,
          -6.8968e+00,  2.8255e+00],
         [ 5.0173e+00,  2.7271e+01,  2.2970e+01,  ..., -1.7873e+01,
          -1.8603e+00, -2.4549e+01],
         ...,
         [-2.3821e+00,  1.6062e+00,  4.0524e+00,  ..., -7.1005e-01,
          -3.7448e+00, -4.3255e-01],
         [-1.2228e+01, -3.0551e-01, -1.1100e+00,  ..., -3.3811e+00,
          -5.5200e-02, -7.7984e+00],
         [-1.6227e+00,  4.2229e-01, -1.6972e+00,  ...,  5.3981e-01,
           1.2229e+00,  2.4371e+00]]]), 'rvq_quantizer.layers.1._codebook.embed': tensor([[[ 2.2127e-06, -3.2111e-06,  1.1027e-06,  ...,  5.7327e-06,
           2.5871e-06,  3.4352e-06],
         [ 2.9493e+00, -3.4667e+00, -3.9511e+00,  ...,  3.3647e+00,
          -2.3903e+00,  9.7925e-01],
         [ 8.8850e-01,  4.8294e+00,  4.0676e+00,  ..., -3.1651e+00,
          -3.2943e-01, -4.3472e+00],
         ...,
         [-1.0018e+00,  6.7548e-01,  1.7042e+00,  ..., -2.9860e-01,
          -1.5749e+00, -1.8191e-01],
         [-3.2884e+00, -8.2157e-02, -2.9851e-01,  ..., -9.0926e-01,
          -1.4845e-02, -2.0972e+00],
         [-5.1348e-01,  1.3363e-01, -5.3706e-01,  ...,  1.7082e-01,
           3.8697e-01,  7.7121e-01]]]), 'rvq_quantizer.layers.2._codebook.initted': tensor([1.]), 'rvq_quantizer.layers.2._codebook.cluster_size': tensor([[299.7233,   7.5973,  33.8252,  ...,   2.8496,   3.4041,   2.0000]]), 'rvq_quantizer.layers.2._codebook.embed_avg': tensor([[[ 4.9623e-04, -8.0829e-04,  2.7824e-04,  ...,  1.3395e-03,
           5.6647e-04,  9.0085e-04],
         [-6.1658e-02,  5.2345e-02,  9.1103e-04,  ...,  1.3021e-01,
           6.0489e-02, -3.8935e-03],
         [ 1.7382e+00,  7.6320e-01,  6.3132e-01,  ...,  9.5711e-01,
           1.5458e-01, -7.1650e-01],
         ...,
         [-1.4289e-01, -3.0199e-02, -1.3476e-01,  ..., -1.3866e-01,
          -4.8214e-02,  8.9322e-02],
         [-1.0133e+00, -2.0156e+00, -3.0478e+00,  ...,  5.5821e-01,
          -1.9821e+00,  2.0805e+00],
         [-1.4596e+00,  1.9558e+00, -2.8784e+00,  ...,  1.4460e+00,
          -3.5568e-02, -5.9447e+00]]]), 'rvq_quantizer.layers.2._codebook.embed': tensor([[[ 1.6556e-06, -2.6968e-06,  9.2832e-07,  ...,  4.4690e-06,
           1.8900e-06,  3.0056e-06],
         [-8.1159e-03,  6.8899e-03,  1.1991e-04,  ...,  1.7140e-02,
           7.9620e-03, -5.1249e-04],
         [ 5.1387e-02,  2.2563e-02,  1.8664e-02,  ...,  2.8296e-02,
           4.5699e-03, -2.1182e-02],
         ...,
         [-5.0144e-02, -1.0598e-02, -4.7292e-02,  ..., -4.8659e-02,
          -1.6919e-02,  3.1345e-02],
         [-2.9766e-01, -5.9210e-01, -8.9533e-01,  ...,  1.6398e-01,
          -5.8226e-01,  6.1116e-01],
         [-7.2981e-01,  9.7790e-01, -1.4392e+00,  ...,  7.2299e-01,
          -1.7784e-02, -2.9724e+00]]]), 'rvq_quantizer.layers.3._codebook.initted': tensor([1.]), 'rvq_quantizer.layers.3._codebook.cluster_size': tensor([[33.8484,  2.1612,  2.3105,  ...,  4.5383,  2.5459,  3.6217]]), 'rvq_quantizer.layers.3._codebook.embed_avg': tensor([[[ 1.7950,  0.8130,  0.6604,  ...,  0.9596,  0.1846, -0.6955],
         [ 0.2505, -1.4112, -1.8772,  ..., -1.4741,  0.5673, -0.5260],
         [-0.0410, -0.8501, -0.3375,  ...,  0.3799, -0.2940,  0.5885],
         ...,
         [ 4.4065,  0.9947,  2.6889,  ...,  0.6337, -1.5635,  2.4572],
         [ 2.1055, -0.2605, -0.0879,  ..., -1.7010,  0.6653,  1.4154],
         [-5.0330, -1.6086,  3.3263,  ..., -7.2769, -3.5089, -1.2439]]]), 'rvq_quantizer.layers.3._codebook.embed': tensor([[[ 0.0530,  0.0240,  0.0195,  ...,  0.0284,  0.0055, -0.0205],
         [ 0.1159, -0.6530, -0.8686,  ..., -0.6821,  0.2625, -0.2434],
         [-0.0178, -0.3679, -0.1461,  ...,  0.1644, -0.1273,  0.2547],
         ...,
         [ 0.9710,  0.2192,  0.5925,  ...,  0.1396, -0.3445,  0.5414],
         [ 0.8270, -0.1023, -0.0345,  ..., -0.6681,  0.2613,  0.5560],
         [-1.3897, -0.4442,  0.9184,  ..., -2.0092, -0.9688, -0.3435]]])})
Loss:  tensor(1.7248, grad_fn=<MeanBackward0>)
OrderedDict({'rvq_quantizer.project_in.weight': tensor([[-0.0413, -0.0308, -0.0457,  ..., -0.0054,  0.1202, -0.1159],
        [ 0.0671,  0.0330, -0.0402,  ..., -0.0271,  0.0020,  0.1032],
        [-0.0275,  0.0642, -0.0733,  ..., -0.0311,  0.0269,  0.0363],
        ...,
        [-0.1104, -0.0646,  0.0862,  ..., -0.0201,  0.0044,  0.0403],
        [-0.0280,  0.0473, -0.0244,  ..., -0.0301, -0.0984, -0.0943],
        [-0.0933, -0.0056,  0.1242,  ..., -0.0953,  0.0431,  0.0878]]), 'rvq_quantizer.project_in.bias': tensor([-6.1077e-03, -1.0639e-01,  5.7743e-02,  6.1203e-02, -9.2560e-02,
         7.2414e-02, -8.3908e-02, -1.2417e-01,  1.2006e-01, -1.7564e-02,
        -1.3723e-02,  7.0126e-02,  6.4868e-03,  7.0763e-02,  1.1920e-01,
         4.2498e-05,  4.7043e-02,  9.1601e-02,  6.0515e-02, -1.7811e-02,
         2.7558e-02, -6.4958e-02,  4.0020e-02, -7.0381e-02,  5.4873e-03,
        -3.8032e-02,  2.0210e-02,  6.6242e-02, -3.0837e-02,  1.1786e-01,
         1.2109e-01, -8.7243e-02]), 'rvq_quantizer.project_out.weight': tensor([[ 0.1391,  0.1389, -0.0638,  ...,  0.1497, -0.1518, -0.0982],
        [ 0.0400, -0.1660,  0.0335,  ...,  0.1551, -0.0025, -0.0239],
        [-0.0596, -0.0033,  0.1215,  ...,  0.0158,  0.0578,  0.0373],
        ...,
        [ 0.1155, -0.1740, -0.0604,  ..., -0.0189, -0.1290, -0.1407],
        [ 0.1166, -0.1520,  0.1097,  ..., -0.1163, -0.1759,  0.0724],
        [ 0.0715,  0.1611, -0.1024,  ...,  0.0083, -0.0714, -0.1503]]), 'rvq_quantizer.project_out.bias': tensor([ 1.5987e-01,  1.5615e-01, -1.5339e-01, -1.0336e-01, -6.1310e-02,
         1.3101e-01,  1.5501e-01, -1.5527e-01,  1.1952e-01, -1.5099e-01,
        -6.0957e-02,  1.4259e-01,  1.0313e-01,  1.3681e-01,  1.7227e-01,
        -8.1989e-02, -8.3912e-03, -1.7124e-01, -4.0239e-02,  1.4932e-01,
         1.4961e-01, -5.6660e-02,  9.9182e-02, -1.0434e-01, -7.8989e-02,
        -9.6498e-02,  1.5545e-01,  3.2009e-02,  3.9123e-02, -3.6162e-02,
         3.2309e-02, -1.1915e-01,  1.7072e-01, -1.2743e-01,  1.0117e-01,
        -1.7586e-01, -2.1377e-03, -9.6926e-02, -1.5145e-01, -9.3806e-03,
         9.3895e-02, -1.7972e-02, -9.2573e-02,  4.8761e-02,  3.3396e-02,
        -1.5251e-01,  9.7981e-03,  1.3211e-01, -2.1608e-02, -7.7352e-02,
        -1.3026e-01,  7.6535e-02, -7.3283e-03,  1.0275e-04,  6.7207e-02,
         7.6276e-02,  2.7185e-03, -1.2288e-01,  1.6985e-01, -1.5501e-01,
        -1.4429e-01, -1.2162e-01, -1.6839e-01,  1.5317e-01]), 'rvq_quantizer.layers.0._codebook.initted': tensor([1.]), 'rvq_quantizer.layers.0._codebook.cluster_size': tensor([[2.0000, 2.0000, 5.0210,  ..., 3.2759, 2.6231, 4.6114]]), 'rvq_quantizer.layers.0._codebook.embed_avg': tensor([[[  49.7729,  -55.5164,   18.9010,  ...,  137.7288,   90.2041,
            98.5542],
         [  58.4918,  -97.2894,   36.5616,  ...,  160.9819,   49.4010,
           133.1947],
         [ 103.5277, -168.4446,   87.8827,  ...,  296.9171,  159.3194,
           177.8318],
         ...,
         [  91.2809, -158.2166,   46.4252,  ...,  247.1835,  102.7817,
           205.6210],
         [  83.8303, -114.5697,   34.8220,  ...,  187.0340,  102.1053,
           151.1255],
         [ 137.5338, -148.6345,   63.9181,  ...,  208.5878,  153.3508,
           119.4490]]]), 'rvq_quantizer.layers.0._codebook.embed': tensor([[[ 24.8864, -27.7582,   9.4505,  ...,  68.8643,  45.1020,  49.2770],
         [ 29.2459, -48.6447,  18.2808,  ...,  80.4910,  24.7005,  66.5973],
         [ 20.6192, -33.5484,  17.5032,  ...,  59.1357,  31.7310,  35.4180],
         ...,
         [ 27.8641, -48.2967,  14.1716,  ...,  75.4544,  31.3748,  62.7672],
         [ 31.9590, -43.6779,  13.2753,  ...,  71.3039,  38.9261,  57.6143],
         [ 29.8247, -32.2319,  13.8609,  ...,  45.2330,  33.2546,  25.9029]]]), 'rvq_quantizer.layers.1._codebook.initted': tensor([1.]), 'rvq_quantizer.layers.1._codebook.cluster_size': tensor([[273.5288,   2.7969,   5.8823,  ...,   2.3401,   3.5467,   3.1441]]), 'rvq_quantizer.layers.1._codebook.embed_avg': tensor([[[ 6.0633e-04, -8.7953e-04,  3.0393e-04,  ...,  1.5643e-03,
           7.1107e-04,  9.4470e-04],
         [ 8.5705e+00, -9.3329e+00, -1.0875e+01,  ...,  8.9638e+00,
          -6.5209e+00,  2.8549e+00],
         [ 5.6672e+00,  2.8263e+01,  2.3713e+01,  ..., -1.8930e+01,
          -1.7169e+00, -2.5555e+01],
         ...,
         [-2.2216e+00,  1.5349e+00,  4.2333e+00,  ..., -7.4493e-01,
          -4.1067e+00, -3.5350e-01],
         [-1.1637e+01, -3.4935e-01, -1.0342e+00,  ..., -2.8055e+00,
          -1.9865e-01, -7.6086e+00],
         [-1.6410e+00,  5.8488e-01, -1.7499e+00,  ...,  6.5971e-01,
           1.3675e+00,  2.3921e+00]]]), 'rvq_quantizer.layers.1._codebook.embed': tensor([[[ 2.2167e-06, -3.2155e-06,  1.1112e-06,  ...,  5.7189e-06,
           2.5996e-06,  3.4538e-06],
         [ 3.0643e+00, -3.3369e+00, -3.8884e+00,  ...,  3.2050e+00,
          -2.3315e+00,  1.0207e+00],
         [ 9.6344e-01,  4.8047e+00,  4.0313e+00,  ..., -3.2182e+00,
          -2.9188e-01, -4.3443e+00],
         ...,
         [-9.4937e-01,  6.5591e-01,  1.8090e+00,  ..., -3.1833e-01,
          -1.7549e+00, -1.5106e-01],
         [-3.2811e+00, -9.8500e-02, -2.9158e-01,  ..., -7.9101e-01,
          -5.6009e-02, -2.1453e+00],
         [-5.2192e-01,  1.8602e-01, -5.5655e-01,  ...,  2.0982e-01,
           4.3495e-01,  7.6083e-01]]]), 'rvq_quantizer.layers.2._codebook.initted': tensor([1.]), 'rvq_quantizer.layers.2._codebook.cluster_size': tensor([[305.7509,   7.4376,  30.5427,  ...,   2.8646,   3.6637,   2.0000]]), 'rvq_quantizer.layers.2._codebook.embed_avg': tensor([[[ 5.0491e-04, -8.1441e-04,  2.8284e-04,  ...,  1.3442e-03,
           5.7797e-04,  9.1654e-04],
         [-5.5056e-02,  4.9868e-02,  1.3640e-03,  ...,  1.2504e-01,
           6.1572e-02, -5.2340e-03],
         [ 1.5794e+00,  6.8210e-01,  5.7576e-01,  ...,  8.7659e-01,
           1.4453e-01, -6.4742e-01],
         ...,
         [-1.6141e-01,  4.3464e-03, -1.0491e-01,  ..., -1.8996e-01,
          -6.1958e-02,  1.0407e-01],
         [-1.2102e+00, -2.2269e+00, -3.1183e+00,  ...,  3.0811e-01,
          -2.3109e+00,  2.4779e+00],
         [ 2.1015e+00,  1.0817e+00,  2.1410e+00,  ..., -1.4236e+00,
          -2.1100e+00, -1.2125e+00]]]), 'rvq_quantizer.layers.2._codebook.embed': tensor([[[ 1.6514e-06, -2.6636e-06,  9.2507e-07,  ...,  4.3966e-06,
           1.8903e-06,  2.9977e-06],
         [-7.4025e-03,  6.7049e-03,  1.8339e-04,  ...,  1.6812e-02,
           8.2785e-03, -7.0372e-04],
         [ 5.1711e-02,  2.2333e-02,  1.8851e-02,  ...,  2.8701e-02,
           4.7319e-03, -2.1197e-02],
         ...,
         [-5.6346e-02,  1.5172e-03, -3.6623e-02,  ..., -6.6312e-02,
          -2.1629e-02,  3.6330e-02],
         [-3.3031e-01, -6.0782e-01, -8.5114e-01,  ...,  8.4098e-02,
          -6.3075e-01,  6.7635e-01],
         [ 1.0508e+00,  5.4083e-01,  1.0705e+00,  ..., -7.1180e-01,
          -1.0550e+00, -6.0626e-01]]]), 'rvq_quantizer.layers.3._codebook.initted': tensor([1.]), 'rvq_quantizer.layers.3._codebook.cluster_size': tensor([[30.6636,  2.1450,  2.3794,  ...,  4.4845,  2.3913,  3.6596]]), 'rvq_quantizer.layers.3._codebook.embed_avg': tensor([[[ 1.6233,  0.7418,  0.5890,  ...,  0.8737,  0.1574, -0.6266],
         [ 0.2087, -1.5700, -1.8250,  ..., -1.1431,  0.6169, -0.5528],
         [-0.0341, -0.8695, -0.3902,  ...,  0.4668, -0.2933,  0.6321],
         ...,
         [ 4.4339,  0.7749,  2.5009,  ...,  0.7903, -1.5666,  2.5386],
         [ 1.9622, -0.3052, -0.0408,  ..., -1.5535,  0.6473,  1.1618],
         [-5.0774, -1.4988,  3.7135,  ..., -8.0221, -3.6822, -1.3804]]]), 'rvq_quantizer.layers.3._codebook.embed': tensor([[[ 0.0529,  0.0242,  0.0192,  ...,  0.0285,  0.0051, -0.0204],
         [ 0.0973, -0.7319, -0.8508,  ..., -0.5329,  0.2876, -0.2577],
         [-0.0143, -0.3654, -0.1640,  ...,  0.1962, -0.1233,  0.2656],
         ...,
         [ 0.9887,  0.1728,  0.5577,  ...,  0.1762, -0.3493,  0.5661],
         [ 0.8206, -0.1276, -0.0171,  ..., -0.6497,  0.2707,  0.4859],
         [-1.3874, -0.4096,  1.0147,  ..., -2.1921, -1.0062, -0.3772]]])})
Loss:  tensor(1.7219, grad_fn=<MeanBackward0>)
OrderedDict({'rvq_quantizer.project_in.weight': tensor([[-0.0413, -0.0308, -0.0457,  ..., -0.0054,  0.1202, -0.1159],
        [ 0.0671,  0.0330, -0.0402,  ..., -0.0271,  0.0020,  0.1032],
        [-0.0275,  0.0642, -0.0733,  ..., -0.0311,  0.0269,  0.0363],
        ...,
        [-0.1104, -0.0646,  0.0862,  ..., -0.0201,  0.0044,  0.0403],
        [-0.0280,  0.0473, -0.0244,  ..., -0.0301, -0.0984, -0.0943],
        [-0.0933, -0.0056,  0.1242,  ..., -0.0953,  0.0431,  0.0878]]), 'rvq_quantizer.project_in.bias': tensor([-6.1077e-03, -1.0639e-01,  5.7743e-02,  6.1203e-02, -9.2560e-02,
         7.2414e-02, -8.3908e-02, -1.2417e-01,  1.2006e-01, -1.7564e-02,
        -1.3723e-02,  7.0126e-02,  6.4868e-03,  7.0763e-02,  1.1920e-01,
         4.2498e-05,  4.7043e-02,  9.1601e-02,  6.0515e-02, -1.7811e-02,
         2.7558e-02, -6.4958e-02,  4.0020e-02, -7.0381e-02,  5.4873e-03,
        -3.8032e-02,  2.0210e-02,  6.6242e-02, -3.0837e-02,  1.1786e-01,
         1.2109e-01, -8.7243e-02]), 'rvq_quantizer.project_out.weight': tensor([[ 0.1391,  0.1389, -0.0638,  ...,  0.1497, -0.1518, -0.0982],
        [ 0.0400, -0.1660,  0.0335,  ...,  0.1551, -0.0025, -0.0239],
        [-0.0596, -0.0033,  0.1215,  ...,  0.0158,  0.0578,  0.0373],
        ...,
        [ 0.1155, -0.1740, -0.0604,  ..., -0.0189, -0.1290, -0.1407],
        [ 0.1166, -0.1520,  0.1097,  ..., -0.1163, -0.1759,  0.0724],
        [ 0.0715,  0.1611, -0.1024,  ...,  0.0083, -0.0714, -0.1503]]), 'rvq_quantizer.project_out.bias': tensor([ 1.5987e-01,  1.5615e-01, -1.5339e-01, -1.0336e-01, -6.1310e-02,
         1.3101e-01,  1.5501e-01, -1.5527e-01,  1.1952e-01, -1.5099e-01,
        -6.0957e-02,  1.4259e-01,  1.0313e-01,  1.3681e-01,  1.7227e-01,
        -8.1989e-02, -8.3912e-03, -1.7124e-01, -4.0239e-02,  1.4932e-01,
         1.4961e-01, -5.6660e-02,  9.9182e-02, -1.0434e-01, -7.8989e-02,
        -9.6498e-02,  1.5545e-01,  3.2009e-02,  3.9123e-02, -3.6162e-02,
         3.2309e-02, -1.1915e-01,  1.7072e-01, -1.2743e-01,  1.0117e-01,
        -1.7586e-01, -2.1377e-03, -9.6926e-02, -1.5145e-01, -9.3806e-03,
         9.3895e-02, -1.7972e-02, -9.2573e-02,  4.8761e-02,  3.3396e-02,
        -1.5251e-01,  9.7981e-03,  1.3211e-01, -2.1608e-02, -7.7352e-02,
        -1.3026e-01,  7.6535e-02, -7.3283e-03,  1.0275e-04,  6.7207e-02,
         7.6276e-02,  2.7185e-03, -1.2288e-01,  1.6985e-01, -1.5501e-01,
        -1.4429e-01, -1.2162e-01, -1.6839e-01,  1.5317e-01]), 'rvq_quantizer.layers.0._codebook.initted': tensor([1.]), 'rvq_quantizer.layers.0._codebook.cluster_size': tensor([[2.0000, 2.0000, 5.0189,  ..., 3.3483, 2.6607, 4.7503]]), 'rvq_quantizer.layers.0._codebook.embed_avg': tensor([[[  63.2533,  -64.3281,   40.2257,  ...,  120.0666,   78.7174,
            98.1823],
         [  46.3764,  -77.6580,    5.0050,  ...,  126.4215,   40.0188,
            80.0412],
         [ 103.4797, -168.1988,   87.9469,  ...,  296.9818,  159.2467,
           177.9714],
         ...,
         [  93.2788, -161.7023,   47.3909,  ...,  252.6523,  105.0868,
           210.1659],
         [  85.0923, -116.2705,   35.3080,  ...,  189.7969,  103.5812,
           153.3351],
         [ 141.5720, -153.0934,   66.1719,  ...,  214.6370,  157.9733,
           123.2398]]]), 'rvq_quantizer.layers.0._codebook.embed': tensor([[[ 31.6266, -32.1641,  20.1128,  ...,  60.0333,  39.3587,  49.0911],
         [ 23.1882, -38.8290,   2.5025,  ...,  63.2107,  20.0094,  40.0206],
         [ 20.6182, -33.5134,  17.5233,  ...,  59.1733,  31.7297,  35.4606],
         ...,
         [ 27.8583, -48.2933,  14.1536,  ...,  75.4561,  31.3848,  62.7672],
         [ 31.9806, -43.6984,  13.2699,  ...,  71.3321,  38.9293,  57.6285],
         [ 29.8029, -32.2284,  13.9301,  ...,  45.1842,  33.2556,  25.9437]]]), 'rvq_quantizer.layers.1._codebook.initted': tensor([1.]), 'rvq_quantizer.layers.1._codebook.cluster_size': tensor([[277.9759,   2.8172,   5.9941,  ...,   2.3061,   3.3920,   3.1297]]), 'rvq_quantizer.layers.1._codebook.embed_avg': tensor([[[ 6.1341e-04, -8.9648e-04,  3.0499e-04,  ...,  1.5868e-03,
           7.2255e-04,  9.6219e-04],
         [ 8.8505e+00, -9.3666e+00, -1.0792e+01,  ...,  9.2192e+00,
          -6.3861e+00,  3.0839e+00],
         [ 5.8711e+00,  2.8466e+01,  2.4285e+01,  ..., -1.9607e+01,
          -1.1135e+00, -2.5796e+01],
         ...,
         [-2.0927e+00,  1.4674e+00,  4.3996e+00,  ..., -7.8247e-01,
          -4.4263e+00, -2.7310e-01],
         [-1.1101e+01, -3.7792e-01, -9.5508e-01,  ..., -2.2920e+00,
          -3.2950e-01, -7.4312e+00],
         [-1.6553e+00,  7.2711e-01, -1.7997e+00,  ...,  7.5746e-01,
           1.4892e+00,  2.3588e+00]]]), 'rvq_quantizer.layers.1._codebook.embed': tensor([[[ 2.2067e-06, -3.2250e-06,  1.0972e-06,  ...,  5.7083e-06,
           2.5993e-06,  3.4614e-06],
         [ 3.1416e+00, -3.3248e+00, -3.8307e+00,  ...,  3.2725e+00,
          -2.2668e+00,  1.0947e+00],
         [ 9.7948e-01,  4.7490e+00,  4.0516e+00,  ..., -3.2711e+00,
          -1.8577e-01, -4.3036e+00],
         ...,
         [-9.0746e-01,  6.3632e-01,  1.9078e+00,  ..., -3.3931e-01,
          -1.9194e+00, -1.1843e-01],
         [-3.2726e+00, -1.1142e-01, -2.8156e-01,  ..., -6.7571e-01,
          -9.7138e-02, -2.1908e+00],
         [-5.2889e-01,  2.3232e-01, -5.7504e-01,  ...,  2.4202e-01,
           4.7584e-01,  7.5369e-01]]]), 'rvq_quantizer.layers.2._codebook.initted': tensor([1.]), 'rvq_quantizer.layers.2._codebook.cluster_size': tensor([[310.7758,   6.9938,  27.5884,  ...,   3.1782,   3.6973,   2.0000]]), 'rvq_quantizer.layers.2._codebook.embed_avg': tensor([[[ 5.0544e-04, -8.1825e-04,  2.7824e-04,  ...,  1.3495e-03,
           5.8171e-04,  9.1323e-04],
         [-5.1723e-02,  3.9893e-02,  4.5369e-03,  ...,  1.0405e-01,
           6.1761e-02, -7.7633e-04],
         [ 1.4537e+00,  6.0002e-01,  5.2847e-01,  ...,  8.1715e-01,
           1.3770e-01, -5.8976e-01],
         ...,
         [-1.9078e-01, -1.0989e-02, -1.1540e-01,  ..., -2.2513e-01,
          -4.7596e-02,  1.2972e-01],
         [-1.3415e+00, -2.0811e+00, -3.1360e+00,  ..., -3.7774e-02,
          -2.4678e+00,  2.6891e+00],
         [-1.4120e+00, -3.1955e-01, -1.5598e+00,  ..., -1.1316e+00,
           1.8777e+00,  2.1334e+00]]]), 'rvq_quantizer.layers.2._codebook.embed': tensor([[[ 1.6264e-06, -2.6329e-06,  8.9530e-07,  ...,  4.3423e-06,
           1.8718e-06,  2.9386e-06],
         [-7.3956e-03,  5.7041e-03,  6.4871e-04,  ...,  1.4878e-02,
           8.8308e-03, -1.1100e-04],
         [ 5.2694e-02,  2.1749e-02,  1.9155e-02,  ...,  2.9619e-02,
           4.9912e-03, -2.1377e-02],
         ...,
         [-6.0029e-02, -3.4576e-03, -3.6309e-02,  ..., -7.0835e-02,
          -1.4976e-02,  4.0817e-02],
         [-3.6282e-01, -5.6285e-01, -8.4818e-01,  ..., -1.0217e-02,
          -6.6744e-01,  7.2730e-01],
         [-7.0599e-01, -1.5978e-01, -7.7992e-01,  ..., -5.6582e-01,
           9.3883e-01,  1.0667e+00]]]), 'rvq_quantizer.layers.3._codebook.initted': tensor([1.]), 'rvq_quantizer.layers.3._codebook.cluster_size': tensor([[27.8972,  2.2305,  2.4415,  ...,  4.7360,  2.2522,  3.5936]]), 'rvq_quantizer.layers.3._codebook.embed_avg': tensor([[[ 1.4807e+00,  6.8527e-01,  5.2937e-01,  ...,  8.0578e-01,
           1.5069e-01, -5.8646e-01],
         [ 2.0948e-01, -1.8906e+00, -1.7620e+00,  ..., -1.0309e+00,
           7.3582e-01, -6.7810e-01],
         [-2.4534e-02, -9.0123e-01, -4.5026e-01,  ...,  5.2827e-01,
          -2.8668e-01,  6.7559e-01],
         ...,
         [ 4.6215e+00,  8.7534e-01,  2.6774e+00,  ...,  8.9147e-01,
          -1.4965e+00,  3.0573e+00],
         [ 1.7847e+00, -3.4224e-01, -1.7439e-03,  ..., -1.4368e+00,
           6.3467e-01,  9.6264e-01],
         [-4.9045e+00, -1.3346e+00,  3.5125e+00,  ..., -7.8736e+00,
          -3.6460e+00, -1.5287e+00]]]), 'rvq_quantizer.layers.3._codebook.embed': tensor([[[ 5.3077e-02,  2.4564e-02,  1.8976e-02,  ...,  2.8884e-02,
           5.4017e-03, -2.1022e-02],
         [ 9.3916e-02, -8.4761e-01, -7.8995e-01,  ..., -4.6218e-01,
           3.2988e-01, -3.0400e-01],
         [-1.0049e-02, -3.6913e-01, -1.8442e-01,  ...,  2.1637e-01,
          -1.1742e-01,  2.7671e-01],
         ...,
         [ 9.7582e-01,  1.8483e-01,  5.6534e-01,  ...,  1.8823e-01,
          -3.1599e-01,  6.4554e-01],
         [ 7.9244e-01, -1.5196e-01, -7.7432e-04,  ..., -6.3794e-01,
           2.8180e-01,  4.2743e-01],
         [-1.3648e+00, -3.7139e-01,  9.7744e-01,  ..., -2.1910e+00,
          -1.0146e+00, -4.2539e-01]]])})
Loss:  tensor(1.6880, grad_fn=<MeanBackward0>)
OrderedDict({'rvq_quantizer.project_in.weight': tensor([[-0.0413, -0.0308, -0.0457,  ..., -0.0054,  0.1202, -0.1159],
        [ 0.0671,  0.0330, -0.0402,  ..., -0.0271,  0.0020,  0.1032],
        [-0.0275,  0.0642, -0.0733,  ..., -0.0311,  0.0269,  0.0363],
        ...,
        [-0.1104, -0.0646,  0.0862,  ..., -0.0201,  0.0044,  0.0403],
        [-0.0280,  0.0473, -0.0244,  ..., -0.0301, -0.0984, -0.0943],
        [-0.0933, -0.0056,  0.1242,  ..., -0.0953,  0.0431,  0.0878]]), 'rvq_quantizer.project_in.bias': tensor([-6.1077e-03, -1.0639e-01,  5.7743e-02,  6.1203e-02, -9.2560e-02,
         7.2414e-02, -8.3908e-02, -1.2417e-01,  1.2006e-01, -1.7564e-02,
        -1.3723e-02,  7.0126e-02,  6.4868e-03,  7.0763e-02,  1.1920e-01,
         4.2498e-05,  4.7043e-02,  9.1601e-02,  6.0515e-02, -1.7811e-02,
         2.7558e-02, -6.4958e-02,  4.0020e-02, -7.0381e-02,  5.4873e-03,
        -3.8032e-02,  2.0210e-02,  6.6242e-02, -3.0837e-02,  1.1786e-01,
         1.2109e-01, -8.7243e-02]), 'rvq_quantizer.project_out.weight': tensor([[ 0.1391,  0.1389, -0.0638,  ...,  0.1497, -0.1518, -0.0982],
        [ 0.0400, -0.1660,  0.0335,  ...,  0.1551, -0.0025, -0.0239],
        [-0.0596, -0.0033,  0.1215,  ...,  0.0158,  0.0578,  0.0373],
        ...,
        [ 0.1155, -0.1740, -0.0604,  ..., -0.0189, -0.1290, -0.1407],
        [ 0.1166, -0.1520,  0.1097,  ..., -0.1163, -0.1759,  0.0724],
        [ 0.0715,  0.1611, -0.1024,  ...,  0.0083, -0.0714, -0.1503]]), 'rvq_quantizer.project_out.bias': tensor([ 1.5987e-01,  1.5615e-01, -1.5339e-01, -1.0336e-01, -6.1310e-02,
         1.3101e-01,  1.5501e-01, -1.5527e-01,  1.1952e-01, -1.5099e-01,
        -6.0957e-02,  1.4259e-01,  1.0313e-01,  1.3681e-01,  1.7227e-01,
        -8.1989e-02, -8.3912e-03, -1.7124e-01, -4.0239e-02,  1.4932e-01,
         1.4961e-01, -5.6660e-02,  9.9182e-02, -1.0434e-01, -7.8989e-02,
        -9.6498e-02,  1.5545e-01,  3.2009e-02,  3.9123e-02, -3.6162e-02,
         3.2309e-02, -1.1915e-01,  1.7072e-01, -1.2743e-01,  1.0117e-01,
        -1.7586e-01, -2.1377e-03, -9.6926e-02, -1.5145e-01, -9.3806e-03,
         9.3895e-02, -1.7972e-02, -9.2573e-02,  4.8761e-02,  3.3396e-02,
        -1.5251e-01,  9.7981e-03,  1.3211e-01, -2.1608e-02, -7.7352e-02,
        -1.3026e-01,  7.6535e-02, -7.3283e-03,  1.0275e-04,  6.7207e-02,
         7.6276e-02,  2.7185e-03, -1.2288e-01,  1.6985e-01, -1.5501e-01,
        -1.4429e-01, -1.2162e-01, -1.6839e-01,  1.5317e-01]), 'rvq_quantizer.layers.0._codebook.initted': tensor([1.]), 'rvq_quantizer.layers.0._codebook.cluster_size': tensor([[2.0000, 2.0000, 5.0170,  ..., 3.4135, 2.6947, 4.6752]]), 'rvq_quantizer.layers.0._codebook.embed_avg': tensor([[[  44.2178, -105.0447,    9.1786,  ...,  147.5753,   48.0519,
           134.3561],
         [  43.9752,  -78.4737,   -2.6233,  ...,  140.5040,   31.3094,
           102.4309],
         [ 103.2322, -168.2168,   87.8824,  ...,  296.8560,  159.0477,
           177.8360],
         ...,
         [  95.0770, -164.8394,   48.2601,  ...,  257.5742,  107.1614,
           214.2562],
         [  86.2281, -117.8012,   35.7454,  ...,  192.2834,  104.9095,
           155.3237],
         [ 139.4084, -151.3739,   65.1758,  ...,  211.6877,  154.9784,
           121.3552]]]), 'rvq_quantizer.layers.0._codebook.embed': tensor([[[ 22.1089, -52.5224,   4.5893,  ...,  73.7877,  24.0259,  67.1780],
         [ 21.9876, -39.2369,  -1.3116,  ...,  70.2520,  15.6547,  51.2154],
         [ 20.5766, -33.5296,  17.5170,  ...,  59.1705,  31.7020,  35.4469],
         ...,
         [ 27.8532, -48.2904,  14.1380,  ...,  75.4574,  31.3934,  62.7673],
         [ 31.9994, -43.7163,  13.2652,  ...,  71.3568,  38.9321,  57.6410],
         [ 29.8184, -32.3778,  13.9406,  ...,  45.2784,  33.1487,  25.9570]]]), 'rvq_quantizer.layers.1._codebook.initted': tensor([1.]), 'rvq_quantizer.layers.1._codebook.cluster_size': tensor([[282.6783,   2.8355,   5.9947,  ...,   2.2755,   3.3528,   3.2167]]), 'rvq_quantizer.layers.1._codebook.embed_avg': tensor([[[ 6.3237e-04, -9.3310e-04,  3.1613e-04,  ...,  1.6272e-03,
           7.3994e-04,  9.8995e-04],
         [ 9.1514e+00, -9.1225e+00, -1.0738e+01,  ...,  9.1278e+00,
          -6.2775e+00,  3.5392e+00],
         [ 6.0382e+00,  2.8145e+01,  2.4169e+01,  ..., -1.9404e+01,
          -9.7829e-01, -2.5995e+01],
         ...,
         [-1.9916e+00,  1.4120e+00,  4.5427e+00,  ..., -8.1728e-01,
          -4.7012e+00, -1.9952e-01],
         [-1.1672e+01, -3.4991e-01, -8.1719e-01,  ..., -1.9112e+00,
          -4.9632e-01, -7.3788e+00],
         [-1.6368e+00,  7.3239e-01, -1.7280e+00,  ...,  7.9188e-01,
           1.5612e+00,  2.3062e+00]]]), 'rvq_quantizer.layers.1._codebook.embed': tensor([[[ 2.2371e-06, -3.3009e-06,  1.1184e-06,  ...,  5.7565e-06,
           2.6176e-06,  3.5021e-06],
         [ 3.2275e+00, -3.2173e+00, -3.7870e+00,  ...,  3.2192e+00,
          -2.2139e+00,  1.2482e+00],
         [ 1.0073e+00,  4.6950e+00,  4.0318e+00,  ..., -3.2369e+00,
          -1.6319e-01, -4.3363e+00],
         ...,
         [-8.7525e-01,  6.2053e-01,  1.9964e+00,  ..., -3.5917e-01,
          -2.0660e+00, -8.7683e-02],
         [-3.4814e+00, -1.0436e-01, -2.4373e-01,  ..., -5.7002e-01,
          -1.4803e-01, -2.2008e+00],
         [-5.0885e-01,  2.2768e-01, -5.3719e-01,  ...,  2.4617e-01,
           4.8534e-01,  7.1694e-01]]]), 'rvq_quantizer.layers.2._codebook.initted': tensor([1.]), 'rvq_quantizer.layers.2._codebook.cluster_size': tensor([[316.4983,   7.1944,  24.8296,  ...,   3.1604,   3.8276,   2.0000]]), 'rvq_quantizer.layers.2._codebook.embed_avg': tensor([[[ 5.2139e-04, -8.3763e-04,  2.8412e-04,  ...,  1.3673e-03,
           5.9377e-04,  9.1792e-04],
         [-4.0482e-02,  4.5468e-02,  2.5766e-02,  ...,  9.9134e-02,
           2.9688e-02, -6.7496e-03],
         [ 1.3084e+00,  5.4002e-01,  4.7562e-01,  ...,  7.3544e-01,
           1.2393e-01, -5.3079e-01],
         ...,
         [-2.2428e-01, -3.1562e-02, -9.8545e-02,  ..., -2.8483e-01,
          -5.1878e-02,  1.1053e-01],
         [-1.4827e+00, -2.2055e+00, -3.2075e+00,  ..., -2.1785e-01,
          -2.6581e+00,  2.9999e+00],
         [ 3.0090e+00, -9.8696e-01, -1.3740e+00,  ...,  5.3837e+00,
           2.3424e+00,  1.0542e+00]]]), 'rvq_quantizer.layers.2._codebook.embed': tensor([[[ 1.6474e-06, -2.6465e-06,  8.9769e-07,  ...,  4.3202e-06,
           1.8761e-06,  2.9003e-06],
         [-5.6269e-03,  6.3199e-03,  3.5814e-03,  ...,  1.3779e-02,
           4.1265e-03, -9.3818e-04],
         [ 5.2694e-02,  2.1749e-02,  1.9155e-02,  ...,  2.9619e-02,
           4.9912e-03, -2.1377e-02],
         ...,
         [-7.0966e-02, -9.9869e-03, -3.1181e-02,  ..., -9.0126e-02,
          -1.6415e-02,  3.4975e-02],
         [-3.8737e-01, -5.7620e-01, -8.3798e-01,  ..., -5.6917e-02,
          -6.9446e-01,  7.8376e-01],
         [ 1.5045e+00, -4.9348e-01, -6.8699e-01,  ...,  2.6919e+00,
           1.1712e+00,  5.2710e-01]]]), 'rvq_quantizer.layers.3._codebook.initted': tensor([1.]), 'rvq_quantizer.layers.3._codebook.cluster_size': tensor([[25.1075,  2.2075,  2.4973,  ...,  4.9624,  2.3270,  3.5343]]), 'rvq_quantizer.layers.3._codebook.embed_avg': tensor([[[ 1.3326,  0.6167,  0.4764,  ...,  0.7252,  0.1356, -0.5278],
         [ 0.1332, -2.0574, -1.5214,  ..., -1.0433,  0.8913, -0.7716],
         [-0.0417, -0.9347, -0.5321,  ...,  0.5340, -0.2907,  0.7239],
         ...,
         [ 4.8934,  0.7419,  2.7641,  ...,  1.1809, -1.2442,  3.3430],
         [ 1.8725, -0.2165, -0.0890,  ..., -1.4166,  0.5422,  0.9081],
         [-4.7151, -1.2773,  3.6115,  ..., -7.8170, -4.0295, -1.4935]]]), 'rvq_quantizer.layers.3._codebook.embed': tensor([[[ 0.0531,  0.0246,  0.0190,  ...,  0.0289,  0.0054, -0.0210],
         [ 0.0603, -0.9320, -0.6892,  ..., -0.4726,  0.4037, -0.3496],
         [-0.0167, -0.3743, -0.2131,  ...,  0.2138, -0.1164,  0.2898],
         ...,
         [ 0.9861,  0.1495,  0.5570,  ...,  0.2380, -0.2507,  0.6737],
         [ 0.8047, -0.0931, -0.0382,  ..., -0.6088,  0.2330,  0.3903],
         [-1.3341, -0.3614,  1.0219,  ..., -2.2118, -1.1401, -0.4226]]])})
Loss:  tensor(1.7135, grad_fn=<MeanBackward0>)
OrderedDict({'rvq_quantizer.project_in.weight': tensor([[-0.0413, -0.0308, -0.0457,  ..., -0.0054,  0.1202, -0.1159],
        [ 0.0671,  0.0330, -0.0402,  ..., -0.0271,  0.0020,  0.1032],
        [-0.0275,  0.0642, -0.0733,  ..., -0.0311,  0.0269,  0.0363],
        ...,
        [-0.1104, -0.0646,  0.0862,  ..., -0.0201,  0.0044,  0.0403],
        [-0.0280,  0.0473, -0.0244,  ..., -0.0301, -0.0984, -0.0943],
        [-0.0933, -0.0056,  0.1242,  ..., -0.0953,  0.0431,  0.0878]]), 'rvq_quantizer.project_in.bias': tensor([-6.1077e-03, -1.0639e-01,  5.7743e-02,  6.1203e-02, -9.2560e-02,
         7.2414e-02, -8.3908e-02, -1.2417e-01,  1.2006e-01, -1.7564e-02,
        -1.3723e-02,  7.0126e-02,  6.4868e-03,  7.0763e-02,  1.1920e-01,
         4.2498e-05,  4.7043e-02,  9.1601e-02,  6.0515e-02, -1.7811e-02,
         2.7558e-02, -6.4958e-02,  4.0020e-02, -7.0381e-02,  5.4873e-03,
        -3.8032e-02,  2.0210e-02,  6.6242e-02, -3.0837e-02,  1.1786e-01,
         1.2109e-01, -8.7243e-02]), 'rvq_quantizer.project_out.weight': tensor([[ 0.1391,  0.1389, -0.0638,  ...,  0.1497, -0.1518, -0.0982],
        [ 0.0400, -0.1660,  0.0335,  ...,  0.1551, -0.0025, -0.0239],
        [-0.0596, -0.0033,  0.1215,  ...,  0.0158,  0.0578,  0.0373],
        ...,
        [ 0.1155, -0.1740, -0.0604,  ..., -0.0189, -0.1290, -0.1407],
        [ 0.1166, -0.1520,  0.1097,  ..., -0.1163, -0.1759,  0.0724],
        [ 0.0715,  0.1611, -0.1024,  ...,  0.0083, -0.0714, -0.1503]]), 'rvq_quantizer.project_out.bias': tensor([ 1.5987e-01,  1.5615e-01, -1.5339e-01, -1.0336e-01, -6.1310e-02,
         1.3101e-01,  1.5501e-01, -1.5527e-01,  1.1952e-01, -1.5099e-01,
        -6.0957e-02,  1.4259e-01,  1.0313e-01,  1.3681e-01,  1.7227e-01,
        -8.1989e-02, -8.3912e-03, -1.7124e-01, -4.0239e-02,  1.4932e-01,
         1.4961e-01, -5.6660e-02,  9.9182e-02, -1.0434e-01, -7.8989e-02,
        -9.6498e-02,  1.5545e-01,  3.2009e-02,  3.9123e-02, -3.6162e-02,
         3.2309e-02, -1.1915e-01,  1.7072e-01, -1.2743e-01,  1.0117e-01,
        -1.7586e-01, -2.1377e-03, -9.6926e-02, -1.5145e-01, -9.3806e-03,
         9.3895e-02, -1.7972e-02, -9.2573e-02,  4.8761e-02,  3.3396e-02,
        -1.5251e-01,  9.7981e-03,  1.3211e-01, -2.1608e-02, -7.7352e-02,
        -1.3026e-01,  7.6535e-02, -7.3283e-03,  1.0275e-04,  6.7207e-02,
         7.6276e-02,  2.7185e-03, -1.2288e-01,  1.6985e-01, -1.5501e-01,
        -1.4429e-01, -1.2162e-01, -1.6839e-01,  1.5317e-01]), 'rvq_quantizer.layers.0._codebook.initted': tensor([1.]), 'rvq_quantizer.layers.0._codebook.cluster_size': tensor([[2.0000, 2.0000, 5.0153,  ..., 3.4722, 2.7252, 4.7077]]), 'rvq_quantizer.layers.0._codebook.embed_avg': tensor([[[  66.1649,  -95.4486,   23.7172,  ...,  154.4502,   56.5409,
           130.9543],
         [  43.1059,  -73.4238,   -2.8183,  ...,  120.9371,   33.0522,
            88.6421],
         [ 103.4323, -168.2380,   87.9516,  ...,  296.2786,  159.2555,
           177.6939],
         ...,
         [  96.6953, -167.6628,   49.0424,  ...,  262.0040,  109.0286,
           217.9376],
         [  87.2503, -119.1788,   36.1391,  ...,  194.5213,  106.1049,
           157.1135],
         [ 140.4167, -152.5753,   66.1664,  ...,  212.7739,  156.4376,
           122.4961]]]), 'rvq_quantizer.layers.0._codebook.embed': tensor([[[ 33.0825, -47.7243,  11.8586,  ...,  77.2251,  28.2705,  65.4771],
         [ 21.5530, -36.7119,  -1.4091,  ...,  60.4686,  16.5261,  44.3211],
         [ 20.6235, -33.5452,  17.5368,  ...,  59.0754,  31.7542,  35.4306],
         ...,
         [ 27.8488, -48.2878,  14.1245,  ...,  75.4587,  31.4009,  62.7673],
         [ 32.0160, -43.7320,  13.2611,  ...,  71.3785,  38.9346,  57.6519],
         [ 29.8269, -32.4096,  14.0549,  ...,  45.1968,  33.2300,  26.0203]]]), 'rvq_quantizer.layers.1._codebook.initted': tensor([1.]), 'rvq_quantizer.layers.1._codebook.cluster_size': tensor([[286.6105,   2.8519,   6.1952,  ...,   2.0479,   3.3175,   3.1951]]), 'rvq_quantizer.layers.1._codebook.embed_avg': tensor([[[ 6.3169e-04, -9.3992e-04,  3.1123e-04,  ...,  1.6362e-03,
           7.4072e-04,  9.9891e-04],
         [ 8.5577e+00, -9.1439e+00, -1.1186e+01,  ...,  9.1514e+00,
          -5.9465e+00,  3.6523e+00],
         [ 6.3630e+00,  2.8612e+01,  2.4364e+01,  ..., -1.9839e+01,
          -8.3476e-01, -2.6639e+01],
         ...,
         [-1.7925e+00,  1.2708e+00,  4.0884e+00,  ..., -7.3555e-01,
          -4.2311e+00, -1.7957e-01],
         [-1.1779e+01, -4.6885e-01, -7.2652e-01,  ..., -2.0898e+00,
          -7.1083e-01, -7.4764e+00],
         [-1.6500e+00,  8.6041e-01, -1.7826e+00,  ...,  8.6722e-01,
           1.6473e+00,  2.2871e+00]]]), 'rvq_quantizer.layers.1._codebook.embed': tensor([[[ 2.2040e-06, -3.2795e-06,  1.0859e-06,  ...,  5.7087e-06,
           2.5844e-06,  3.4853e-06],
         [ 3.0007e+00, -3.2062e+00, -3.9224e+00,  ...,  3.2089e+00,
          -2.0851e+00,  1.2807e+00],
         [ 1.0271e+00,  4.6185e+00,  3.9328e+00,  ..., -3.2023e+00,
          -1.3474e-01, -4.2999e+00],
         ...,
         [-8.7525e-01,  6.2053e-01,  1.9964e+00,  ..., -3.5917e-01,
          -2.0660e+00, -8.7683e-02],
         [-3.5507e+00, -1.4133e-01, -2.1899e-01,  ..., -6.2992e-01,
          -2.1426e-01, -2.2536e+00],
         [-5.1641e-01,  2.6929e-01, -5.5791e-01,  ...,  2.7142e-01,
           5.1557e-01,  7.1583e-01]]]), 'rvq_quantizer.layers.2._codebook.initted': tensor([1.]), 'rvq_quantizer.layers.2._codebook.cluster_size': tensor([[321.3484,   6.6750,  22.5466,  ...,   2.9443,   3.9448,   2.0000]]), 'rvq_quantizer.layers.2._codebook.embed_avg': tensor([[[ 5.0884e-04, -8.2701e-04,  2.7497e-04,  ...,  1.3458e-03,
           5.8595e-04,  9.0403e-04],
         [-4.7512e-02,  4.1941e-02,  2.1229e-02,  ...,  8.9008e-02,
           2.5581e-02,  4.7293e-03],
         [ 1.1945e+00,  4.8134e-01,  4.2143e-01,  ...,  6.6909e-01,
           1.1169e-01, -4.7920e-01],
         ...,
         [-2.5408e-01, -4.7710e-02, -7.0759e-02,  ..., -3.3734e-01,
          -5.2278e-02,  1.0829e-01],
         [-1.5707e+00, -2.4025e+00, -3.4208e+00,  ..., -4.5097e-01,
          -2.5961e+00,  3.4469e+00],
         [-1.0915e-01,  4.3633e-02, -3.0626e-02,  ..., -8.4383e-03,
           2.7794e-02,  1.0103e-01]]]), 'rvq_quantizer.layers.2._codebook.embed': tensor([[[ 1.5835e-06, -2.5736e-06,  8.5567e-07,  ...,  4.1881e-06,
           1.8234e-06,  2.8133e-06],
         [-7.1179e-03,  6.2833e-03,  3.1804e-03,  ...,  1.3335e-02,
           3.8324e-03,  7.0851e-04],
         [ 5.2980e-02,  2.1349e-02,  1.8691e-02,  ...,  2.9676e-02,
           4.9537e-03, -2.1254e-02],
         ...,
         [-8.6294e-02, -1.6204e-02, -2.4032e-02,  ..., -1.1457e-01,
          -1.7755e-02,  3.6779e-02],
         [-3.9816e-01, -6.0901e-01, -8.6716e-01,  ..., -1.1432e-01,
          -6.5810e-01,  8.7377e-01],
         [-5.4573e-02,  2.1816e-02, -1.5313e-02,  ..., -4.2192e-03,
           1.3897e-02,  5.0514e-02]]]), 'rvq_quantizer.layers.3._codebook.initted': tensor([1.]), 'rvq_quantizer.layers.3._codebook.cluster_size': tensor([[22.8968,  2.3867,  2.3476,  ...,  5.1662,  2.5943,  3.4808]]), 'rvq_quantizer.layers.3._codebook.embed_avg': tensor([[[ 1.2450,  0.5832,  0.4167,  ...,  0.6751,  0.1090, -0.4961],
         [ 0.2829, -2.4148, -1.7658,  ..., -0.9492,  0.8113, -0.8205],
         [-0.0736, -0.8841, -0.5389,  ...,  0.4666, -0.2950,  0.6772],
         ...,
         [ 5.1271,  0.6947,  2.7900,  ...,  1.4024, -1.1543,  3.5205],
         [ 1.9342, -0.2834, -0.1694,  ..., -1.7750,  0.4154,  1.3297],
         [-4.5753, -1.1937,  3.3858,  ..., -7.3885, -3.9478, -1.5857]]]), 'rvq_quantizer.layers.3._codebook.embed': tensor([[[ 0.0544,  0.0255,  0.0182,  ...,  0.0295,  0.0048, -0.0217],
         [ 0.1185, -1.0118, -0.7399,  ..., -0.3977,  0.3399, -0.3438],
         [-0.0314, -0.3766, -0.2295,  ...,  0.1987, -0.1257,  0.2885],
         ...,
         [ 0.9924,  0.1345,  0.5400,  ...,  0.2715, -0.2234,  0.6815],
         [ 0.7456, -0.1093, -0.0653,  ..., -0.6842,  0.1601,  0.5125],
         [-1.3144, -0.3429,  0.9727,  ..., -2.1226, -1.1342, -0.4555]]])})
Loss:  tensor(1.6903, grad_fn=<MeanBackward0>)
OrderedDict({'rvq_quantizer.project_in.weight': tensor([[-0.0413, -0.0308, -0.0457,  ..., -0.0054,  0.1202, -0.1159],
        [ 0.0671,  0.0330, -0.0402,  ..., -0.0271,  0.0020,  0.1032],
        [-0.0275,  0.0642, -0.0733,  ..., -0.0311,  0.0269,  0.0363],
        ...,
        [-0.1104, -0.0646,  0.0862,  ..., -0.0201,  0.0044,  0.0403],
        [-0.0280,  0.0473, -0.0244,  ..., -0.0301, -0.0984, -0.0943],
        [-0.0933, -0.0056,  0.1242,  ..., -0.0953,  0.0431,  0.0878]]), 'rvq_quantizer.project_in.bias': tensor([-6.1077e-03, -1.0639e-01,  5.7743e-02,  6.1203e-02, -9.2560e-02,
         7.2414e-02, -8.3908e-02, -1.2417e-01,  1.2006e-01, -1.7564e-02,
        -1.3723e-02,  7.0126e-02,  6.4868e-03,  7.0763e-02,  1.1920e-01,
         4.2498e-05,  4.7043e-02,  9.1601e-02,  6.0515e-02, -1.7811e-02,
         2.7558e-02, -6.4958e-02,  4.0020e-02, -7.0381e-02,  5.4873e-03,
        -3.8032e-02,  2.0210e-02,  6.6242e-02, -3.0837e-02,  1.1786e-01,
         1.2109e-01, -8.7243e-02]), 'rvq_quantizer.project_out.weight': tensor([[ 0.1391,  0.1389, -0.0638,  ...,  0.1497, -0.1518, -0.0982],
        [ 0.0400, -0.1660,  0.0335,  ...,  0.1551, -0.0025, -0.0239],
        [-0.0596, -0.0033,  0.1215,  ...,  0.0158,  0.0578,  0.0373],
        ...,
        [ 0.1155, -0.1740, -0.0604,  ..., -0.0189, -0.1290, -0.1407],
        [ 0.1166, -0.1520,  0.1097,  ..., -0.1163, -0.1759,  0.0724],
        [ 0.0715,  0.1611, -0.1024,  ...,  0.0083, -0.0714, -0.1503]]), 'rvq_quantizer.project_out.bias': tensor([ 1.5987e-01,  1.5615e-01, -1.5339e-01, -1.0336e-01, -6.1310e-02,
         1.3101e-01,  1.5501e-01, -1.5527e-01,  1.1952e-01, -1.5099e-01,
        -6.0957e-02,  1.4259e-01,  1.0313e-01,  1.3681e-01,  1.7227e-01,
        -8.1989e-02, -8.3912e-03, -1.7124e-01, -4.0239e-02,  1.4932e-01,
         1.4961e-01, -5.6660e-02,  9.9182e-02, -1.0434e-01, -7.8989e-02,
        -9.6498e-02,  1.5545e-01,  3.2009e-02,  3.9123e-02, -3.6162e-02,
         3.2309e-02, -1.1915e-01,  1.7072e-01, -1.2743e-01,  1.0117e-01,
        -1.7586e-01, -2.1377e-03, -9.6926e-02, -1.5145e-01, -9.3806e-03,
         9.3895e-02, -1.7972e-02, -9.2573e-02,  4.8761e-02,  3.3396e-02,
        -1.5251e-01,  9.7981e-03,  1.3211e-01, -2.1608e-02, -7.7352e-02,
        -1.3026e-01,  7.6535e-02, -7.3283e-03,  1.0275e-04,  6.7207e-02,
         7.6276e-02,  2.7185e-03, -1.2288e-01,  1.6985e-01, -1.5501e-01,
        -1.4429e-01, -1.2162e-01, -1.6839e-01,  1.5317e-01]), 'rvq_quantizer.layers.0._codebook.initted': tensor([1.]), 'rvq_quantizer.layers.0._codebook.cluster_size': tensor([[2.0000, 2.0000, 5.0137,  ..., 3.5249, 2.7527, 4.7370]]), 'rvq_quantizer.layers.0._codebook.embed_avg': tensor([[[  44.7213,  -78.1450,   34.0495,  ...,  132.5038,   74.8818,
            84.8961],
         [  45.5229,  -42.0004,   58.4966,  ...,   82.2054,   63.3950,
            39.9933],
         [ 103.2309, -168.3949,   87.3829,  ...,  296.2945,  159.1898,
           177.8932],
         ...,
         [  98.1518, -170.2038,   49.7464,  ...,  265.9907,  110.7090,
           221.2507],
         [  88.1702, -120.4186,   36.4935,  ...,  196.5354,  107.1808,
           158.7242],
         [ 141.2992, -153.7532,   66.4813,  ...,  214.0430,  157.0999,
           123.4735]]]), 'rvq_quantizer.layers.0._codebook.embed': tensor([[[ 22.3606, -39.0725,  17.0247,  ...,  66.2519,  37.4409,  42.4480],
         [ 22.7614, -21.0002,  29.2483,  ...,  41.1027,  31.6975,  19.9967],
         [ 20.5896, -33.5867,  17.4287,  ...,  59.0965,  31.7507,  35.4812],
         ...,
         [ 27.8450, -48.2856,  14.1127,  ...,  75.4597,  31.4074,  62.7673],
         [ 32.0306, -43.7459,  13.2574,  ...,  71.3977,  38.9368,  57.6616],
         [ 29.8292, -32.4583,  14.0346,  ...,  45.1859,  33.1648,  26.0661]]]), 'rvq_quantizer.layers.1._codebook.initted': tensor([1.]), 'rvq_quantizer.layers.1._codebook.cluster_size': tensor([[291.6494,   2.8667,   6.2757,  ...,   2.0431,   3.1858,   3.0756]]), 'rvq_quantizer.layers.1._codebook.embed_avg': tensor([[[ 6.5054e-04, -9.7849e-04,  3.2214e-04,  ...,  1.6923e-03,
           7.6516e-04,  1.0360e-03],
         [ 8.4780e+00, -9.2380e+00, -1.1195e+01,  ...,  8.8424e+00,
          -5.5220e+00,  4.2210e+00],
         [ 6.3764e+00,  2.8940e+01,  2.4547e+01,  ..., -2.0251e+01,
          -5.4545e-01, -2.7353e+01],
         ...,
         [-1.7386e+00,  1.2370e+00,  4.2590e+00,  ..., -7.7841e-01,
          -4.5129e+00, -1.1059e-01],
         [-1.1227e+01, -7.4860e-01, -5.3071e-01,  ..., -2.5249e+00,
          -7.2361e-01, -7.2523e+00],
         [-1.5984e+00,  1.0755e+00, -1.8183e+00,  ...,  9.0515e-01,
           1.5002e+00,  2.1946e+00]]]), 'rvq_quantizer.layers.1._codebook.embed': tensor([[[ 2.2306e-06, -3.3550e-06,  1.1045e-06,  ...,  5.8024e-06,
           2.6236e-06,  3.5521e-06],
         [ 2.9574e+00, -3.2225e+00, -3.9052e+00,  ...,  3.0845e+00,
          -1.9262e+00,  1.4724e+00],
         [ 1.0161e+00,  4.6114e+00,  3.9114e+00,  ..., -3.2270e+00,
          -8.6915e-02, -4.3586e+00],
         ...,
         [-8.5093e-01,  6.0544e-01,  2.0845e+00,  ..., -3.8099e-01,
          -2.2088e+00, -5.4129e-02],
         [-3.5241e+00, -2.3498e-01, -1.6659e-01,  ..., -7.9254e-01,
          -2.2714e-01, -2.2764e+00],
         [-5.1970e-01,  3.4969e-01, -5.9120e-01,  ...,  2.9430e-01,
           4.8778e-01,  7.1355e-01]]]), 'rvq_quantizer.layers.2._codebook.initted': tensor([1.]), 'rvq_quantizer.layers.2._codebook.cluster_size': tensor([[326.5136,   6.1075,  20.4920,  ...,   2.7499,   4.1504,   2.0000]]), 'rvq_quantizer.layers.2._codebook.embed_avg': tensor([[[ 5.1466e-04, -8.4385e-04,  2.7960e-04,  ...,  1.3690e-03,
           5.9845e-04,  9.1856e-04],
         [-4.6231e-02,  3.9124e-02,  1.9586e-02,  ...,  8.1908e-02,
           2.3061e-02,  5.5420e-03],
         [ 1.1193e+00,  4.4076e-01,  3.8600e-01,  ...,  6.0265e-01,
           8.3857e-02, -4.4814e-01],
         ...,
         [-2.4283e-01, -4.3937e-02, -6.5010e-02,  ..., -2.7157e-01,
          -3.6868e-02,  9.9075e-02],
         [-1.6340e+00, -2.5027e+00, -3.6972e+00,  ..., -6.3471e-01,
          -2.5946e+00,  3.7873e+00],
         [ 3.2214e-06, -8.6999e-06,  1.6429e-06,  ...,  1.9100e-05,
           1.0090e-05,  8.2882e-06]]]), 'rvq_quantizer.layers.2._codebook.embed': tensor([[[ 1.5762e-06, -2.5844e-06,  8.5632e-07,  ...,  4.1928e-06,
           1.8329e-06,  2.8132e-06],
         [-7.5696e-03,  6.4059e-03,  3.2069e-03,  ...,  1.3411e-02,
           3.7758e-03,  9.0742e-04],
         [ 5.4621e-02,  2.1509e-02,  1.8837e-02,  ...,  2.9409e-02,
           4.0922e-03, -2.1869e-02],
         ...,
         [-8.8306e-02, -1.5978e-02, -2.3641e-02,  ..., -9.8757e-02,
          -1.3407e-02,  3.6029e-02],
         [-3.9369e-01, -6.0301e-01, -8.9083e-01,  ..., -1.5293e-01,
          -6.2515e-01,  9.1253e-01],
         [ 1.6107e-06, -4.3499e-06,  8.2145e-07,  ...,  9.5501e-06,
           5.0450e-06,  4.1441e-06]]]), 'rvq_quantizer.layers.3._codebook.initted': tensor([1.]), 'rvq_quantizer.layers.3._codebook.cluster_size': tensor([[20.7071,  2.4481,  2.3128,  ...,  5.1496,  2.7348,  3.3327]]), 'rvq_quantizer.layers.3._codebook.embed_avg': tensor([[[ 1.1201,  0.5396,  0.3875,  ...,  0.6175,  0.0979, -0.4519],
         [ 0.2965, -2.6152, -1.4811,  ..., -0.9468,  0.9939, -0.8984],
         [-0.0950, -0.8746, -0.5823,  ...,  0.4278, -0.2636,  0.6864],
         ...,
         [ 5.1554,  0.8929,  2.6570,  ...,  1.3524, -0.9472,  3.5999],
         [ 2.0478, -0.2957, -0.1656,  ..., -1.9304,  0.3428,  1.5971],
         [-4.2597, -1.1241,  3.1464,  ..., -6.8865, -3.8118, -1.4550]]]), 'rvq_quantizer.layers.3._codebook.embed': tensor([[[ 0.0541,  0.0261,  0.0187,  ...,  0.0298,  0.0047, -0.0218],
         [ 0.1211, -1.0683, -0.6050,  ..., -0.3867,  0.4060, -0.3670],
         [-0.0411, -0.3781, -0.2518,  ...,  0.1850, -0.1140,  0.2968],
         ...,
         [ 1.0011,  0.1734,  0.5160,  ...,  0.2626, -0.1839,  0.6991],
         [ 0.7488, -0.1081, -0.0605,  ..., -0.7059,  0.1254,  0.5840],
         [-1.2781, -0.3373,  0.9441,  ..., -2.0663, -1.1437, -0.4366]]])})
Loss:  tensor(1.7130, grad_fn=<MeanBackward0>)
OrderedDict({'rvq_quantizer.project_in.weight': tensor([[-0.0413, -0.0308, -0.0457,  ..., -0.0054,  0.1202, -0.1159],
        [ 0.0671,  0.0330, -0.0402,  ..., -0.0271,  0.0020,  0.1032],
        [-0.0275,  0.0642, -0.0733,  ..., -0.0311,  0.0269,  0.0363],
        ...,
        [-0.1104, -0.0646,  0.0862,  ..., -0.0201,  0.0044,  0.0403],
        [-0.0280,  0.0473, -0.0244,  ..., -0.0301, -0.0984, -0.0943],
        [-0.0933, -0.0056,  0.1242,  ..., -0.0953,  0.0431,  0.0878]]), 'rvq_quantizer.project_in.bias': tensor([-6.1077e-03, -1.0639e-01,  5.7743e-02,  6.1203e-02, -9.2560e-02,
         7.2414e-02, -8.3908e-02, -1.2417e-01,  1.2006e-01, -1.7564e-02,
        -1.3723e-02,  7.0126e-02,  6.4868e-03,  7.0763e-02,  1.1920e-01,
         4.2498e-05,  4.7043e-02,  9.1601e-02,  6.0515e-02, -1.7811e-02,
         2.7558e-02, -6.4958e-02,  4.0020e-02, -7.0381e-02,  5.4873e-03,
        -3.8032e-02,  2.0210e-02,  6.6242e-02, -3.0837e-02,  1.1786e-01,
         1.2109e-01, -8.7243e-02]), 'rvq_quantizer.project_out.weight': tensor([[ 0.1391,  0.1389, -0.0638,  ...,  0.1497, -0.1518, -0.0982],
        [ 0.0400, -0.1660,  0.0335,  ...,  0.1551, -0.0025, -0.0239],
        [-0.0596, -0.0033,  0.1215,  ...,  0.0158,  0.0578,  0.0373],
        ...,
        [ 0.1155, -0.1740, -0.0604,  ..., -0.0189, -0.1290, -0.1407],
        [ 0.1166, -0.1520,  0.1097,  ..., -0.1163, -0.1759,  0.0724],
        [ 0.0715,  0.1611, -0.1024,  ...,  0.0083, -0.0714, -0.1503]]), 'rvq_quantizer.project_out.bias': tensor([ 1.5987e-01,  1.5615e-01, -1.5339e-01, -1.0336e-01, -6.1310e-02,
         1.3101e-01,  1.5501e-01, -1.5527e-01,  1.1952e-01, -1.5099e-01,
        -6.0957e-02,  1.4259e-01,  1.0313e-01,  1.3681e-01,  1.7227e-01,
        -8.1989e-02, -8.3912e-03, -1.7124e-01, -4.0239e-02,  1.4932e-01,
         1.4961e-01, -5.6660e-02,  9.9182e-02, -1.0434e-01, -7.8989e-02,
        -9.6498e-02,  1.5545e-01,  3.2009e-02,  3.9123e-02, -3.6162e-02,
         3.2309e-02, -1.1915e-01,  1.7072e-01, -1.2743e-01,  1.0117e-01,
        -1.7586e-01, -2.1377e-03, -9.6926e-02, -1.5145e-01, -9.3806e-03,
         9.3895e-02, -1.7972e-02, -9.2573e-02,  4.8761e-02,  3.3396e-02,
        -1.5251e-01,  9.7981e-03,  1.3211e-01, -2.1608e-02, -7.7352e-02,
        -1.3026e-01,  7.6535e-02, -7.3283e-03,  1.0275e-04,  6.7207e-02,
         7.6276e-02,  2.7185e-03, -1.2288e-01,  1.6985e-01, -1.5501e-01,
        -1.4429e-01, -1.2162e-01, -1.6839e-01,  1.5317e-01]), 'rvq_quantizer.layers.0._codebook.initted': tensor([1.]), 'rvq_quantizer.layers.0._codebook.cluster_size': tensor([[2.0000, 2.0000, 5.0124,  ..., 3.5724, 2.7774, 4.7633]]), 'rvq_quantizer.layers.0._codebook.embed_avg': tensor([[[  52.1752,  -74.6093,   30.2207,  ...,  127.1860,   77.5253,
            84.1367],
         [  45.4071,  -42.1586,   58.7691,  ...,   81.7088,   63.3877,
            40.0404],
         [ 103.0496, -168.5360,   86.8710,  ...,  296.3089,  159.1306,
           178.0726],
         ...,
         [  99.4627, -172.4908,   50.3801,  ...,  269.5788,  112.2214,
           224.2326],
         [  88.9982, -121.5345,   36.8124,  ...,  198.3481,  108.1492,
           160.1740],
         [ 142.0935, -154.8133,   66.7647,  ...,  215.1851,  157.6959,
           124.3531]]]), 'rvq_quantizer.layers.0._codebook.embed': tensor([[[ 26.0876, -37.3046,  15.1103,  ...,  63.5930,  38.7626,  42.0683],
         [ 22.7035, -21.0793,  29.3845,  ...,  40.8543,  31.6938,  20.0202],
         [ 20.5591, -33.6241,  17.3313,  ...,  59.1156,  31.7476,  35.5267],
         ...,
         [ 27.8416, -48.2837,  14.1024,  ...,  75.4606,  31.4131,  62.7673],
         [ 32.0435, -43.7581,  13.2542,  ...,  71.4146,  38.9387,  57.6701],
         [ 29.8312, -32.5016,  14.0166,  ...,  45.1761,  33.1068,  26.1068]]]), 'rvq_quantizer.layers.1._codebook.initted': tensor([1.]), 'rvq_quantizer.layers.1._codebook.cluster_size': tensor([[294.9845,   2.8800,   6.5481,  ...,   2.0000,   3.1672,   3.2680]]), 'rvq_quantizer.layers.1._codebook.embed_avg': tensor([[[ 6.4804e-04, -9.8059e-04,  3.2631e-04,  ...,  1.6909e-03,
           7.6456e-04,  1.0302e-03],
         [ 8.3812e+00, -9.2928e+00, -1.1182e+01,  ...,  8.5565e+00,
          -5.1422e+00,  4.7241e+00],
         [ 7.3834e+00,  2.9427e+01,  2.5249e+01,  ..., -2.0484e+01,
          -3.4383e-01, -2.8148e+01],
         ...,
         [ 1.9610e+00, -8.9577e-01,  1.4121e+00,  ...,  4.0810e+00,
           6.6350e+00, -1.0987e-01],
         [-1.1359e+01, -8.2583e-01, -4.7792e-01,  ..., -2.6055e+00,
          -9.0782e-01, -7.3595e+00],
         [-1.7174e+00,  1.0573e+00, -1.8679e+00,  ...,  1.1556e+00,
           1.5894e+00,  2.0663e+00]]]), 'rvq_quantizer.layers.1._codebook.embed': tensor([[[ 2.1969e-06, -3.3242e-06,  1.1062e-06,  ...,  5.7321e-06,
           2.5919e-06,  3.4925e-06],
         [ 2.9101e+00, -3.2266e+00, -3.8826e+00,  ...,  2.9709e+00,
          -1.7855e+00,  1.6403e+00],
         [ 1.1276e+00,  4.4939e+00,  3.8560e+00,  ..., -3.1282e+00,
          -5.2508e-02, -4.2986e+00],
         ...,
         [ 9.8048e-01, -4.4789e-01,  7.0607e-01,  ...,  2.0405e+00,
           3.3175e+00, -5.4935e-02],
         [-3.5864e+00, -2.6075e-01, -1.5090e-01,  ..., -8.2265e-01,
          -2.8663e-01, -2.3237e+00],
         [-5.2551e-01,  3.2352e-01, -5.7158e-01,  ...,  3.5362e-01,
           4.8635e-01,  6.3229e-01]]]), 'rvq_quantizer.layers.2._codebook.initted': tensor([1.]), 'rvq_quantizer.layers.2._codebook.cluster_size': tensor([[330.9622,   5.5967,  18.6428,  ...,   2.5749,   4.0353,   2.0000]]), 'rvq_quantizer.layers.2._codebook.embed_avg': tensor([[[ 5.1092e-04, -8.3338e-04,  2.8168e-04,  ...,  1.3620e-03,
           5.9538e-04,  9.0238e-04],
         [-4.6124e-02,  4.0658e-02,  2.5155e-02,  ...,  7.2313e-02,
           1.8287e-02,  3.8354e-03],
         [ 1.0802e+00,  4.1782e-01,  3.6570e-01,  ...,  5.3260e-01,
           5.1218e-02, -4.3995e-01],
         ...,
         [-2.3141e-01, -3.1597e-02, -6.0412e-02,  ..., -2.0759e-01,
          -2.1451e-02,  1.0037e-01],
         [-1.5402e+00, -2.5086e+00, -3.6079e+00,  ..., -5.6904e-01,
          -2.4038e+00,  3.8565e+00],
         [ 3.2213e+00,  2.0363e+00, -2.3011e+00,  ..., -7.4423e-01,
           2.6743e+00, -2.6051e+00]]]), 'rvq_quantizer.layers.2._codebook.embed': tensor([[[ 1.5438e-06, -2.5181e-06,  8.5109e-07,  ...,  4.1152e-06,
           1.7989e-06,  2.7265e-06],
         [-8.2413e-03,  7.2646e-03,  4.4946e-03,  ...,  1.2921e-02,
           3.2675e-03,  6.8530e-04],
         [ 5.7945e-02,  2.2412e-02,  1.9616e-02,  ...,  2.8569e-02,
           2.7473e-03, -2.3599e-02],
         ...,
         [-8.9872e-02, -1.2271e-02, -2.3462e-02,  ..., -8.0619e-02,
          -8.3309e-03,  3.8981e-02],
         [-3.8167e-01, -6.2166e-01, -8.9407e-01,  ..., -1.4101e-01,
          -5.9569e-01,  9.5569e-01],
         [ 1.6107e+00,  1.0181e+00, -1.1506e+00,  ..., -3.7211e-01,
           1.3371e+00, -1.3025e+00]]]), 'rvq_quantizer.layers.3._codebook.initted': tensor([1.]), 'rvq_quantizer.layers.3._codebook.cluster_size': tensor([[19.0364,  2.7033,  2.2816,  ...,  5.3346,  2.9614,  3.1995]]), 'rvq_quantizer.layers.3._codebook.embed_avg': tensor([[[ 1.0654,  0.5062,  0.3439,  ...,  0.6127,  0.0921, -0.3989],
         [ 0.4941, -3.0444, -1.6089,  ..., -0.3345,  0.7476, -0.7131],
         [-0.0660, -0.8567, -0.5883,  ...,  0.4733, -0.1529,  0.7953],
         ...,
         [ 5.4278,  1.2196,  2.8420,  ...,  1.3741, -0.6883,  3.8715],
         [ 2.1090,  0.0942, -0.4505,  ..., -1.9923,  0.1195,  1.6720],
         [-4.2100, -1.1159,  3.1195,  ..., -6.5532, -3.9741, -1.6194]]]), 'rvq_quantizer.layers.3._codebook.embed': tensor([[[ 0.0560,  0.0266,  0.0181,  ...,  0.0322,  0.0048, -0.0210],
         [ 0.1828, -1.1262, -0.5952,  ..., -0.1237,  0.2766, -0.2638],
         [-0.0289, -0.3755, -0.2578,  ...,  0.2074, -0.0670,  0.3486],
         ...,
         [ 1.0175,  0.2286,  0.5327,  ...,  0.2576, -0.1290,  0.7257],
         [ 0.7122,  0.0318, -0.1521,  ..., -0.6728,  0.0403,  0.5646],
         [-1.3159, -0.3488,  0.9750,  ..., -2.0482, -1.2421, -0.5062]]])})
Loss:  tensor(1.6903, grad_fn=<MeanBackward0>)
OrderedDict({'rvq_quantizer.project_in.weight': tensor([[-0.0413, -0.0308, -0.0457,  ..., -0.0054,  0.1202, -0.1159],
        [ 0.0671,  0.0330, -0.0402,  ..., -0.0271,  0.0020,  0.1032],
        [-0.0275,  0.0642, -0.0733,  ..., -0.0311,  0.0269,  0.0363],
        ...,
        [-0.1104, -0.0646,  0.0862,  ..., -0.0201,  0.0044,  0.0403],
        [-0.0280,  0.0473, -0.0244,  ..., -0.0301, -0.0984, -0.0943],
        [-0.0933, -0.0056,  0.1242,  ..., -0.0953,  0.0431,  0.0878]]), 'rvq_quantizer.project_in.bias': tensor([-6.1077e-03, -1.0639e-01,  5.7743e-02,  6.1203e-02, -9.2560e-02,
         7.2414e-02, -8.3908e-02, -1.2417e-01,  1.2006e-01, -1.7564e-02,
        -1.3723e-02,  7.0126e-02,  6.4868e-03,  7.0763e-02,  1.1920e-01,
         4.2498e-05,  4.7043e-02,  9.1601e-02,  6.0515e-02, -1.7811e-02,
         2.7558e-02, -6.4958e-02,  4.0020e-02, -7.0381e-02,  5.4873e-03,
        -3.8032e-02,  2.0210e-02,  6.6242e-02, -3.0837e-02,  1.1786e-01,
         1.2109e-01, -8.7243e-02]), 'rvq_quantizer.project_out.weight': tensor([[ 0.1391,  0.1389, -0.0638,  ...,  0.1497, -0.1518, -0.0982],
        [ 0.0400, -0.1660,  0.0335,  ...,  0.1551, -0.0025, -0.0239],
        [-0.0596, -0.0033,  0.1215,  ...,  0.0158,  0.0578,  0.0373],
        ...,
        [ 0.1155, -0.1740, -0.0604,  ..., -0.0189, -0.1290, -0.1407],
        [ 0.1166, -0.1520,  0.1097,  ..., -0.1163, -0.1759,  0.0724],
        [ 0.0715,  0.1611, -0.1024,  ...,  0.0083, -0.0714, -0.1503]]), 'rvq_quantizer.project_out.bias': tensor([ 1.5987e-01,  1.5615e-01, -1.5339e-01, -1.0336e-01, -6.1310e-02,
         1.3101e-01,  1.5501e-01, -1.5527e-01,  1.1952e-01, -1.5099e-01,
        -6.0957e-02,  1.4259e-01,  1.0313e-01,  1.3681e-01,  1.7227e-01,
        -8.1989e-02, -8.3912e-03, -1.7124e-01, -4.0239e-02,  1.4932e-01,
         1.4961e-01, -5.6660e-02,  9.9182e-02, -1.0434e-01, -7.8989e-02,
        -9.6498e-02,  1.5545e-01,  3.2009e-02,  3.9123e-02, -3.6162e-02,
         3.2309e-02, -1.1915e-01,  1.7072e-01, -1.2743e-01,  1.0117e-01,
        -1.7586e-01, -2.1377e-03, -9.6926e-02, -1.5145e-01, -9.3806e-03,
         9.3895e-02, -1.7972e-02, -9.2573e-02,  4.8761e-02,  3.3396e-02,
        -1.5251e-01,  9.7981e-03,  1.3211e-01, -2.1608e-02, -7.7352e-02,
        -1.3026e-01,  7.6535e-02, -7.3283e-03,  1.0275e-04,  6.7207e-02,
         7.6276e-02,  2.7185e-03, -1.2288e-01,  1.6985e-01, -1.5501e-01,
        -1.4429e-01, -1.2162e-01, -1.6839e-01,  1.5317e-01]), 'rvq_quantizer.layers.0._codebook.initted': tensor([1.]), 'rvq_quantizer.layers.0._codebook.cluster_size': tensor([[2.0000, 2.0000, 4.9111,  ..., 3.6152, 2.6997, 4.8869]]), 'rvq_quantizer.layers.0._codebook.embed_avg': tensor([[[  32.1078,  -71.7879,   32.1565,  ...,   94.3962,   58.3434,
            68.0340],
         [  61.2972, -108.1600,   35.9802,  ...,  156.7468,   53.5512,
           131.2894],
         [ 100.8826, -165.1025,   84.7916,  ...,  290.5788,  155.9389,
           174.9435],
         ...,
         [ 100.6424, -174.5490,   50.9504,  ...,  272.8081,  113.5825,
           226.9163],
         [  86.5504, -117.9092,   35.7465,  ...,  192.9477,  105.2001,
           155.7111],
         [ 145.6757, -158.6544,   68.7339,  ...,  220.5746,  161.8840,
           127.6535]]]), 'rvq_quantizer.layers.0._codebook.embed': tensor([[[ 16.0539, -35.8939,  16.0783,  ...,  47.1981,  29.1717,  34.0170],
         [ 30.6486, -54.0800,  17.9901,  ...,  78.3734,  26.7756,  65.6447],
         [ 20.5416, -33.6180,  17.2652,  ...,  59.1674,  31.7522,  35.6219],
         ...,
         [ 27.8387, -48.2820,  14.0934,  ...,  75.4614,  31.4181,  62.7673],
         [ 32.0596, -43.6753,  13.2410,  ...,  71.4707,  38.9677,  57.6777],
         [ 29.8093, -32.4651,  14.0649,  ...,  45.1357,  33.1259,  26.1214]]]), 'rvq_quantizer.layers.1._codebook.initted': tensor([1.]), 'rvq_quantizer.layers.1._codebook.cluster_size': tensor([[297.0861,   3.0920,   6.5933,  ...,   2.0000,   2.8505,   3.1412]]), 'rvq_quantizer.layers.1._codebook.embed_avg': tensor([[[ 6.5572e-04, -9.9125e-04,  3.3603e-04,  ...,  1.7163e-03,
           7.7813e-04,  1.0435e-03],
         [ 8.3443e+00, -1.0141e+01, -1.1805e+01,  ...,  8.4050e+00,
          -5.5674e+00,  4.9283e+00],
         [ 7.8652e+00,  2.9183e+01,  2.5472e+01,  ..., -2.0220e+01,
           6.3580e-02, -2.8000e+01],
         ...,
         [ 1.3103e+00,  3.5197e+00, -3.1978e+00,  ..., -4.5198e+00,
           1.8468e+00,  5.9761e-01],
         [-1.0223e+01, -7.4325e-01, -4.3013e-01,  ..., -2.3450e+00,
          -8.1703e-01, -6.6235e+00],
         [-1.6500e+00,  9.5492e-01, -1.8891e+00,  ...,  1.1123e+00,
           1.6612e+00,  1.9970e+00]]]), 'rvq_quantizer.layers.1._codebook.embed': tensor([[[ 2.2072e-06, -3.3366e-06,  1.1311e-06,  ...,  5.7773e-06,
           2.6192e-06,  3.5126e-06],
         [ 2.6986e+00, -3.2797e+00, -3.8177e+00,  ...,  2.7183e+00,
          -1.8006e+00,  1.5939e+00],
         [ 1.1929e+00,  4.4262e+00,  3.8634e+00,  ..., -3.0668e+00,
           9.6432e-03, -4.2467e+00],
         ...,
         [ 6.5514e-01,  1.7598e+00, -1.5989e+00,  ..., -2.2599e+00,
           9.2342e-01,  2.9881e-01],
         [-3.5864e+00, -2.6074e-01, -1.5090e-01,  ..., -8.2265e-01,
          -2.8663e-01, -2.3237e+00],
         [-5.2527e-01,  3.0400e-01, -6.0141e-01,  ...,  3.5410e-01,
           5.2885e-01,  6.3575e-01]]]), 'rvq_quantizer.layers.2._codebook.initted': tensor([1.]), 'rvq_quantizer.layers.2._codebook.cluster_size': tensor([[334.3660,   5.4371,  16.7785,  ...,   2.5174,   4.0318,   2.0000]]), 'rvq_quantizer.layers.2._codebook.embed_avg': tensor([[[ 5.0890e-04, -8.2145e-04,  2.8637e-04,  ...,  1.3524e-03,
           5.9642e-04,  8.9452e-04],
         [-4.7640e-02,  3.4953e-02,  1.6327e-02,  ...,  7.1633e-02,
           1.8292e-02,  4.2820e-03],
         [ 9.7222e-01,  3.7604e-01,  3.2913e-01,  ...,  4.7934e-01,
           4.6096e-02, -3.9595e-01],
         ...,
         [-2.3709e-01,  1.3894e-02, -4.3268e-02,  ..., -1.3653e-01,
           6.0422e-03,  1.0668e-01],
         [-1.2838e+00, -2.7604e+00, -3.6318e+00,  ..., -7.9468e-02,
          -2.4369e+00,  3.8943e+00],
         [ 2.1450e-01, -5.6663e-02, -1.7285e-03,  ...,  2.3352e-01,
           5.5616e-03,  2.3296e-01]]]), 'rvq_quantizer.layers.2._codebook.embed': tensor([[[ 1.5220e-06, -2.4568e-06,  8.5646e-07,  ...,  4.0447e-06,
           1.7837e-06,  2.6753e-06],
         [-8.7622e-03,  6.4286e-03,  3.0028e-03,  ...,  1.3175e-02,
           3.3644e-03,  7.8755e-04],
         [ 5.7945e-02,  2.2412e-02,  1.9616e-02,  ...,  2.8569e-02,
           2.7473e-03, -2.3599e-02],
         ...,
         [-9.4181e-02,  5.5191e-03, -1.7187e-02,  ..., -5.4233e-02,
           2.4002e-03,  4.2377e-02],
         [-3.1843e-01, -6.8467e-01, -9.0078e-01,  ..., -1.9710e-02,
          -6.0442e-01,  9.6590e-01],
         [ 1.0725e-01, -2.8332e-02, -8.6427e-04,  ...,  1.1676e-01,
           2.7808e-03,  1.1648e-01]]]), 'rvq_quantizer.layers.3._codebook.initted': tensor([1.]), 'rvq_quantizer.layers.3._codebook.cluster_size': tensor([[17.1327,  2.8329,  2.3534,  ...,  5.4011,  2.7652,  2.8795]]), 'rvq_quantizer.layers.3._codebook.embed_avg': tensor([[[ 0.9588,  0.4556,  0.3095,  ...,  0.5515,  0.0829, -0.3590],
         [ 0.6665, -3.1901, -1.6214,  ..., -0.1889,  0.6191, -0.5911],
         [ 0.0412, -0.8948, -0.6466,  ...,  0.5132, -0.1876,  0.9474],
         ...,
         [ 5.8337,  1.0578,  2.8217,  ...,  1.4084, -0.5832,  4.0071],
         [ 2.0367,  0.1159, -0.4179,  ..., -1.9245,  0.0618,  1.4246],
         [-3.7890, -1.0043,  2.8075,  ..., -5.8979, -3.5767, -1.4575]]]), 'rvq_quantizer.layers.3._codebook.embed': tensor([[[ 0.0560,  0.0266,  0.0181,  ...,  0.0322,  0.0048, -0.0210],
         [ 0.2353, -1.1261, -0.5724,  ..., -0.0667,  0.2185, -0.2086],
         [ 0.0175, -0.3802, -0.2747,  ...,  0.2181, -0.0797,  0.4026],
         ...,
         [ 1.0801,  0.1959,  0.5224,  ...,  0.2608, -0.1080,  0.7419],
         [ 0.7365,  0.0419, -0.1511,  ..., -0.6960,  0.0224,  0.5152],
         [-1.3159, -0.3488,  0.9750,  ..., -2.0482, -1.2421, -0.5062]]])})
Loss:  tensor(1.6687, grad_fn=<MeanBackward0>)
OrderedDict({'rvq_quantizer.project_in.weight': tensor([[-0.0413, -0.0308, -0.0457,  ..., -0.0054,  0.1202, -0.1159],
        [ 0.0671,  0.0330, -0.0402,  ..., -0.0271,  0.0020,  0.1032],
        [-0.0275,  0.0642, -0.0733,  ..., -0.0311,  0.0269,  0.0363],
        ...,
        [-0.1104, -0.0646,  0.0862,  ..., -0.0201,  0.0044,  0.0403],
        [-0.0280,  0.0473, -0.0244,  ..., -0.0301, -0.0984, -0.0943],
        [-0.0933, -0.0056,  0.1242,  ..., -0.0953,  0.0431,  0.0878]]), 'rvq_quantizer.project_in.bias': tensor([-6.1077e-03, -1.0639e-01,  5.7743e-02,  6.1203e-02, -9.2560e-02,
         7.2414e-02, -8.3908e-02, -1.2417e-01,  1.2006e-01, -1.7564e-02,
        -1.3723e-02,  7.0126e-02,  6.4868e-03,  7.0763e-02,  1.1920e-01,
         4.2498e-05,  4.7043e-02,  9.1601e-02,  6.0515e-02, -1.7811e-02,
         2.7558e-02, -6.4958e-02,  4.0020e-02, -7.0381e-02,  5.4873e-03,
        -3.8032e-02,  2.0210e-02,  6.6242e-02, -3.0837e-02,  1.1786e-01,
         1.2109e-01, -8.7243e-02]), 'rvq_quantizer.project_out.weight': tensor([[ 0.1391,  0.1389, -0.0638,  ...,  0.1497, -0.1518, -0.0982],
        [ 0.0400, -0.1660,  0.0335,  ...,  0.1551, -0.0025, -0.0239],
        [-0.0596, -0.0033,  0.1215,  ...,  0.0158,  0.0578,  0.0373],
        ...,
        [ 0.1155, -0.1740, -0.0604,  ..., -0.0189, -0.1290, -0.1407],
        [ 0.1166, -0.1520,  0.1097,  ..., -0.1163, -0.1759,  0.0724],
        [ 0.0715,  0.1611, -0.1024,  ...,  0.0083, -0.0714, -0.1503]]), 'rvq_quantizer.project_out.bias': tensor([ 1.5987e-01,  1.5615e-01, -1.5339e-01, -1.0336e-01, -6.1310e-02,
         1.3101e-01,  1.5501e-01, -1.5527e-01,  1.1952e-01, -1.5099e-01,
        -6.0957e-02,  1.4259e-01,  1.0313e-01,  1.3681e-01,  1.7227e-01,
        -8.1989e-02, -8.3912e-03, -1.7124e-01, -4.0239e-02,  1.4932e-01,
         1.4961e-01, -5.6660e-02,  9.9182e-02, -1.0434e-01, -7.8989e-02,
        -9.6498e-02,  1.5545e-01,  3.2009e-02,  3.9123e-02, -3.6162e-02,
         3.2309e-02, -1.1915e-01,  1.7072e-01, -1.2743e-01,  1.0117e-01,
        -1.7586e-01, -2.1377e-03, -9.6926e-02, -1.5145e-01, -9.3806e-03,
         9.3895e-02, -1.7972e-02, -9.2573e-02,  4.8761e-02,  3.3396e-02,
        -1.5251e-01,  9.7981e-03,  1.3211e-01, -2.1608e-02, -7.7352e-02,
        -1.3026e-01,  7.6535e-02, -7.3283e-03,  1.0275e-04,  6.7207e-02,
         7.6276e-02,  2.7185e-03, -1.2288e-01,  1.6985e-01, -1.5501e-01,
        -1.4429e-01, -1.2162e-01, -1.6839e-01,  1.5317e-01]), 'rvq_quantizer.layers.0._codebook.initted': tensor([1.]), 'rvq_quantizer.layers.0._codebook.cluster_size': tensor([[2.0000, 2.0000, 4.8380,  ..., 3.4983, 2.7567, 5.1984]]), 'rvq_quantizer.layers.0._codebook.embed_avg': tensor([[[  63.2803,  -99.8032,   33.4761,  ...,  163.7325,   49.6791,
           129.2322],
         [  52.8076,  -79.8183,  -17.0435,  ...,  144.4858,   28.7915,
            96.3419],
         [  99.1808, -162.7917,   82.8546,  ...,  286.5234,  153.6195,
           172.8834],
         ...,
         [  97.4858, -168.8486,   49.1320,  ...,  263.7932,  109.7318,
           219.6396],
         [  88.4314, -120.5062,   36.4944,  ...,  197.0735,  107.4163,
           159.0380],
         [ 154.4410, -168.4229,   73.2623,  ...,  234.5653,  171.6893,
           136.7077]]]), 'rvq_quantizer.layers.0._codebook.embed': tensor([[[ 31.6402, -49.9016,  16.7381,  ...,  81.8662,  24.8395,  64.6161],
         [ 26.4038, -39.9092,  -8.5217,  ...,  72.2429,  14.3958,  48.1710],
         [ 20.5003, -33.6485,  17.1257,  ...,  59.2234,  31.7526,  35.7344],
         ...,
         [ 27.8665, -48.2658,  14.0445,  ...,  75.4059,  31.3671,  62.7845],
         [ 32.0783, -43.7133,  13.2382,  ...,  71.4879,  38.9650,  57.6906],
         [ 29.7093, -32.3990,  14.0932,  ...,  45.1225,  33.0273,  26.2980]]]), 'rvq_quantizer.layers.1._codebook.initted': tensor([1.]), 'rvq_quantizer.layers.1._codebook.cluster_size': tensor([[303.8297,   3.2546,   6.7806,  ...,   2.0000,   2.7889,   3.1144]]), 'rvq_quantizer.layers.1._codebook.embed_avg': tensor([[[ 6.8534e-04, -1.0452e-03,  3.6192e-04,  ...,  1.8075e-03,
           8.2518e-04,  1.0932e-03],
         [ 7.8718e+00, -1.0741e+01, -1.1914e+01,  ...,  8.1570e+00,
          -6.4937e+00,  4.9016e+00],
         [ 8.4664e+00,  2.9653e+01,  2.5869e+01,  ..., -2.0940e+01,
           2.0958e-01, -2.8809e+01],
         ...,
         [-1.2349e+00,  2.8825e-01, -3.0606e+00,  ..., -1.3134e+00,
           1.9686e+00,  8.7309e-01],
         [-1.0060e+01, -8.4649e-01, -3.6142e-01,  ..., -1.9978e+00,
          -1.0451e+00, -6.7040e+00],
         [-1.5743e+00,  1.0245e+00, -1.6687e+00,  ...,  1.2255e+00,
           1.3525e+00,  1.6662e+00]]]), 'rvq_quantizer.layers.1._codebook.embed': tensor([[[ 2.2557e-06, -3.4401e-06,  1.1912e-06,  ...,  5.9491e-06,
           2.7159e-06,  3.5982e-06],
         [ 2.4187e+00, -3.3003e+00, -3.6606e+00,  ...,  2.5063e+00,
          -1.9953e+00,  1.5061e+00],
         [ 1.2486e+00,  4.3732e+00,  3.8152e+00,  ..., -3.0883e+00,
           3.0909e-02, -4.2488e+00],
         ...,
         [-6.1747e-01,  1.4412e-01, -1.5303e+00,  ..., -6.5668e-01,
           9.8430e-01,  4.3655e-01],
         [-3.6072e+00, -3.0352e-01, -1.2959e-01,  ..., -7.1633e-01,
          -3.7475e-01, -2.4038e+00],
         [-5.0548e-01,  3.2897e-01, -5.3579e-01,  ...,  3.9351e-01,
           4.3429e-01,  5.3499e-01]]]), 'rvq_quantizer.layers.2._codebook.initted': tensor([1.]), 'rvq_quantizer.layers.2._codebook.cluster_size': tensor([[341.8365,   4.8940,  13.5906,  ...,   2.2291,   3.9457,   2.0000]]), 'rvq_quantizer.layers.2._codebook.embed_avg': tensor([[[ 5.2533e-04, -8.4947e-04,  3.0016e-04,  ...,  1.3901e-03,
           6.2818e-04,  9.1178e-04],
         [-4.2796e-02,  4.1947e-02,  2.1673e-02,  ...,  6.5193e-02,
           1.5538e-02,  6.1125e-03],
         [ 7.8750e-01,  3.0459e-01,  2.6660e-01,  ...,  3.8826e-01,
           3.7338e-02, -3.2072e-01],
         ...,
         [-1.8894e-01,  4.5639e-02, -4.1653e-02,  ..., -6.6431e-02,
           1.6273e-02,  1.0397e-01],
         [-9.1456e-01, -2.4961e+00, -3.5105e+00,  ..., -1.8064e-01,
          -2.6867e+00,  4.0215e+00],
         [-3.1927e+00,  4.6299e+00, -8.3951e-01,  ..., -7.9210e-01,
          -1.1789e+00,  1.8703e+00]]]), 'rvq_quantizer.layers.2._codebook.embed': tensor([[[ 1.5368e-06, -2.4850e-06,  8.7807e-07,  ...,  4.0666e-06,
           1.8377e-06,  2.6673e-06],
         [-8.7447e-03,  8.5710e-03,  4.4286e-03,  ...,  1.3321e-02,
           3.1749e-03,  1.2490e-03],
         [ 5.7945e-02,  2.2412e-02,  1.9616e-02,  ...,  2.8569e-02,
           2.7473e-03, -2.3599e-02],
         ...,
         [-8.4759e-02,  2.0474e-02, -1.8686e-02,  ..., -2.9801e-02,
           7.3003e-03,  4.6644e-02],
         [-2.3178e-01, -6.3261e-01, -8.8970e-01,  ..., -4.5782e-02,
          -6.8092e-01,  1.0192e+00],
         [-1.5964e+00,  2.3149e+00, -4.1976e-01,  ..., -3.9605e-01,
          -5.8944e-01,  9.3514e-01]]]), 'rvq_quantizer.layers.3._codebook.initted': tensor([1.]), 'rvq_quantizer.layers.3._codebook.cluster_size': tensor([[14.2575,  2.6747,  2.2863,  ...,  6.0749,  3.0798,  2.8024]]), 'rvq_quantizer.layers.3._codebook.embed_avg': tensor([[[ 0.7951,  0.3929,  0.2229,  ...,  0.4608,  0.0671, -0.3003],
         [ 0.7599, -3.0799, -1.5744,  ...,  0.1387,  0.3840, -0.4473],
         [ 0.0844, -0.8914, -0.6789,  ...,  0.4372, -0.2307,  0.9508],
         ...,
         [ 6.7577,  1.1983,  2.8716,  ...,  1.7490, -0.4685,  4.9733],
         [ 2.0370,  0.2956, -0.7615,  ..., -2.2651,  0.2653,  1.7466],
         [-3.9282, -0.9173,  2.4477,  ..., -5.7280, -3.3536, -1.9871]]]), 'rvq_quantizer.layers.3._codebook.embed': tensor([[[ 0.0558,  0.0276,  0.0156,  ...,  0.0323,  0.0047, -0.0211],
         [ 0.2841, -1.1515, -0.5886,  ...,  0.0519,  0.1436, -0.1673],
         [ 0.0369, -0.3899, -0.2970,  ...,  0.1912, -0.1009,  0.4159],
         ...,
         [ 1.1124,  0.1973,  0.4727,  ...,  0.2879, -0.0771,  0.8187],
         [ 0.6614,  0.0960, -0.2472,  ..., -0.7355,  0.0861,  0.5671],
         [-1.4017, -0.3273,  0.8734,  ..., -2.0439, -1.1967, -0.7091]]])})
Loss:  tensor(1.6645, grad_fn=<MeanBackward0>)
OrderedDict({'rvq_quantizer.project_in.weight': tensor([[-0.0413, -0.0308, -0.0457,  ..., -0.0054,  0.1202, -0.1159],
        [ 0.0671,  0.0330, -0.0402,  ..., -0.0271,  0.0020,  0.1032],
        [-0.0275,  0.0642, -0.0733,  ..., -0.0311,  0.0269,  0.0363],
        ...,
        [-0.1104, -0.0646,  0.0862,  ..., -0.0201,  0.0044,  0.0403],
        [-0.0280,  0.0473, -0.0244,  ..., -0.0301, -0.0984, -0.0943],
        [-0.0933, -0.0056,  0.1242,  ..., -0.0953,  0.0431,  0.0878]]), 'rvq_quantizer.project_in.bias': tensor([-6.1077e-03, -1.0639e-01,  5.7743e-02,  6.1203e-02, -9.2560e-02,
         7.2414e-02, -8.3908e-02, -1.2417e-01,  1.2006e-01, -1.7564e-02,
        -1.3723e-02,  7.0126e-02,  6.4868e-03,  7.0763e-02,  1.1920e-01,
         4.2498e-05,  4.7043e-02,  9.1601e-02,  6.0515e-02, -1.7811e-02,
         2.7558e-02, -6.4958e-02,  4.0020e-02, -7.0381e-02,  5.4873e-03,
        -3.8032e-02,  2.0210e-02,  6.6242e-02, -3.0837e-02,  1.1786e-01,
         1.2109e-01, -8.7243e-02]), 'rvq_quantizer.project_out.weight': tensor([[ 0.1391,  0.1389, -0.0638,  ...,  0.1497, -0.1518, -0.0982],
        [ 0.0400, -0.1660,  0.0335,  ...,  0.1551, -0.0025, -0.0239],
        [-0.0596, -0.0033,  0.1215,  ...,  0.0158,  0.0578,  0.0373],
        ...,
        [ 0.1155, -0.1740, -0.0604,  ..., -0.0189, -0.1290, -0.1407],
        [ 0.1166, -0.1520,  0.1097,  ..., -0.1163, -0.1759,  0.0724],
        [ 0.0715,  0.1611, -0.1024,  ...,  0.0083, -0.0714, -0.1503]]), 'rvq_quantizer.project_out.bias': tensor([ 1.5987e-01,  1.5615e-01, -1.5339e-01, -1.0336e-01, -6.1310e-02,
         1.3101e-01,  1.5501e-01, -1.5527e-01,  1.1952e-01, -1.5099e-01,
        -6.0957e-02,  1.4259e-01,  1.0313e-01,  1.3681e-01,  1.7227e-01,
        -8.1989e-02, -8.3912e-03, -1.7124e-01, -4.0239e-02,  1.4932e-01,
         1.4961e-01, -5.6660e-02,  9.9182e-02, -1.0434e-01, -7.8989e-02,
        -9.6498e-02,  1.5545e-01,  3.2009e-02,  3.9123e-02, -3.6162e-02,
         3.2309e-02, -1.1915e-01,  1.7072e-01, -1.2743e-01,  1.0117e-01,
        -1.7586e-01, -2.1377e-03, -9.6926e-02, -1.5145e-01, -9.3806e-03,
         9.3895e-02, -1.7972e-02, -9.2573e-02,  4.8761e-02,  3.3396e-02,
        -1.5251e-01,  9.7981e-03,  1.3211e-01, -2.1608e-02, -7.7352e-02,
        -1.3026e-01,  7.6535e-02, -7.3283e-03,  1.0275e-04,  6.7207e-02,
         7.6276e-02,  2.7185e-03, -1.2288e-01,  1.6985e-01, -1.5501e-01,
        -1.4429e-01, -1.2162e-01, -1.6839e-01,  1.5317e-01]), 'rvq_quantizer.layers.0._codebook.initted': tensor([1.]), 'rvq_quantizer.layers.0._codebook.cluster_size': tensor([[2.0000, 2.0000, 4.8542,  ..., 3.5485, 2.7811, 5.2786]]), 'rvq_quantizer.layers.0._codebook.embed_avg': tensor([[[  40.0418,  -73.6265,   -1.4063,  ...,  100.5303,   48.0438,
            60.0114],
         [  47.2410,  -93.4214,  -21.2692,  ...,  132.9130,   35.0471,
            90.0311],
         [  99.4046, -163.4931,   82.7955,  ...,  287.5149,  154.1173,
           173.5638],
         ...,
         [  98.8633, -171.2711,   49.8271,  ...,  267.6010,  111.3419,
           222.7826],
         [  89.2332, -121.6133,   36.8132,  ...,  198.8324,  108.3610,
           160.4563],
         [ 156.7885, -170.9030,   74.5817,  ...,  238.0167,  174.4780,
           138.7726]]]), 'rvq_quantizer.layers.0._codebook.embed': tensor([[[ 20.0209, -36.8133,  -0.7032,  ...,  50.2651,  24.0219,  30.0057],
         [ 23.6205, -46.7107, -10.6346,  ...,  66.4565,  17.5236,  45.0155],
         [ 20.4780, -33.6807,  17.0564,  ...,  59.2300,  31.7492,  35.7553],
         ...,
         [ 27.8607, -48.2661,  14.0418,  ...,  75.4129,  31.3773,  62.7826],
         [ 32.0860, -43.7290,  13.2371,  ...,  71.4951,  38.9639,  57.6960],
         [ 29.7029, -32.3768,  14.1292,  ...,  45.0912,  33.0541,  26.2898]]]), 'rvq_quantizer.layers.1._codebook.initted': tensor([1.]), 'rvq_quantizer.layers.1._codebook.cluster_size': tensor([[306.1467,   3.1291,   6.9025,  ...,   2.0000,   2.7100,   3.2029]]), 'rvq_quantizer.layers.1._codebook.embed_avg': tensor([[[ 6.8528e-04, -1.0456e-03,  3.6153e-04,  ...,  1.8011e-03,
           8.2344e-04,  1.0932e-03],
         [ 7.4875e+00, -1.0459e+01, -1.1343e+01,  ...,  8.2445e+00,
          -6.6314e+00,  4.8671e+00],
         [ 8.9941e+00,  3.0009e+01,  2.5546e+01,  ..., -2.1055e+01,
           2.1665e-01, -2.9563e+01],
         ...,
         [-1.4638e+01,  3.3133e+00,  7.8911e+00,  ..., -7.1367e+00,
          -4.6493e+00, -6.2983e-01],
         [-1.0743e+01, -5.1610e-01, -3.6475e-01,  ..., -1.5789e+00,
          -1.1418e+00, -6.4489e+00],
         [-1.7629e+00,  1.1561e+00, -1.3039e+00,  ...,  1.3597e+00,
           1.0336e+00,  1.3672e+00]]]), 'rvq_quantizer.layers.1._codebook.embed': tensor([[[ 2.2384e-06, -3.4153e-06,  1.1809e-06,  ...,  5.8831e-06,
           2.6897e-06,  3.5708e-06],
         [ 2.3928e+00, -3.3425e+00, -3.6250e+00,  ...,  2.6348e+00,
          -2.1193e+00,  1.5554e+00],
         [ 1.3030e+00,  4.3475e+00,  3.7010e+00,  ..., -3.0504e+00,
           3.1387e-02, -4.2829e+00],
         ...,
         [-7.3188e+00,  1.6567e+00,  3.9456e+00,  ..., -3.5684e+00,
          -2.3246e+00, -3.1491e-01],
         [-3.9644e+00, -1.9044e-01, -1.3459e-01,  ..., -5.8260e-01,
          -4.2134e-01, -2.3797e+00],
         [-5.5041e-01,  3.6095e-01, -4.0708e-01,  ...,  4.2453e-01,
           3.2269e-01,  4.2687e-01]]]), 'rvq_quantizer.layers.2._codebook.initted': tensor([1.]), 'rvq_quantizer.layers.2._codebook.cluster_size': tensor([[345.4529,   4.5046,  12.2315,  ...,   2.1062,   3.9512,   2.0000]]), 'rvq_quantizer.layers.2._codebook.embed_avg': tensor([[[ 5.2159e-04, -8.4371e-04,  2.9760e-04,  ...,  1.3940e-03,
           6.1986e-04,  9.0243e-04],
         [-3.3273e-02,  3.5979e-02,  1.5749e-02,  ...,  6.6965e-02,
           1.2557e-02,  7.8554e-03],
         [ 7.0875e-01,  2.7413e-01,  2.3994e-01,  ...,  3.4944e-01,
           3.3604e-02, -2.8865e-01],
         ...,
         [-1.6945e-01,  4.8116e-02, -5.4022e-02,  ..., -6.5542e-02,
          -6.4244e-04,  9.6243e-02],
         [-6.8950e-01, -2.4035e+00, -3.6048e+00,  ..., -1.5382e-01,
          -2.8628e+00,  4.1011e+00],
         [-9.9362e-06,  1.3569e-05, -6.8307e-06,  ...,  1.7079e-05,
          -1.0599e-05,  6.2296e-06]]]), 'rvq_quantizer.layers.2._codebook.embed': tensor([[[ 1.5099e-06, -2.4423e-06,  8.6149e-07,  ...,  4.0352e-06,
           1.7943e-06,  2.6123e-06],
         [-7.3865e-03,  7.9871e-03,  3.4961e-03,  ...,  1.4866e-02,
           2.7875e-03,  1.7439e-03],
         [ 5.7945e-02,  2.2412e-02,  1.9616e-02,  ...,  2.8569e-02,
           2.7473e-03, -2.3599e-02],
         ...,
         [-8.0451e-02,  2.2845e-02, -2.5649e-02,  ..., -3.1118e-02,
          -3.0502e-04,  4.5695e-02],
         [-1.7450e-01, -6.0831e-01, -9.1234e-01,  ..., -3.8931e-02,
          -7.2455e-01,  1.0380e+00],
         [-4.9681e-06,  6.7846e-06, -3.4153e-06,  ...,  8.5396e-06,
          -5.2995e-06,  3.1148e-06]]]), 'rvq_quantizer.layers.3._codebook.initted': tensor([1.]), 'rvq_quantizer.layers.3._codebook.cluster_size': tensor([[12.9318,  2.7072,  2.3576,  ...,  6.2674,  2.8718,  2.8222]]), 'rvq_quantizer.layers.3._codebook.embed_avg': tensor([[[ 0.7190,  0.3603,  0.1994,  ...,  0.4115,  0.0556, -0.2735],
         [ 0.7874, -3.1625, -1.4622,  ...,  0.3218,  0.2673, -0.4247],
         [ 0.2181, -0.9200, -0.6815,  ...,  0.5009, -0.1777,  1.1046],
         ...,
         [ 7.2643,  1.1449,  3.1288,  ...,  1.7888, -0.4758,  5.1144],
         [ 1.9218,  0.1367, -0.8292,  ..., -2.1584,  0.2595,  1.5842],
         [-4.0751, -0.9347,  2.2611,  ..., -5.7812, -3.3339, -2.2930]]]), 'rvq_quantizer.layers.3._codebook.embed': tensor([[[ 0.0556,  0.0279,  0.0154,  ...,  0.0318,  0.0043, -0.0212],
         [ 0.2909, -1.1682, -0.5401,  ...,  0.1189,  0.0987, -0.1569],
         [ 0.0925, -0.3902, -0.2891,  ...,  0.2124, -0.0754,  0.4685],
         ...,
         [ 1.1591,  0.1827,  0.4992,  ...,  0.2854, -0.0759,  0.8160],
         [ 0.6692,  0.0476, -0.2887,  ..., -0.7516,  0.0903,  0.5516],
         [-1.4440, -0.3312,  0.8012,  ..., -2.0485, -1.1813, -0.8125]]])})
Loss:  tensor(1.6809, grad_fn=<MeanBackward0>)
OrderedDict({'rvq_quantizer.project_in.weight': tensor([[-0.0413, -0.0308, -0.0457,  ..., -0.0054,  0.1202, -0.1159],
        [ 0.0671,  0.0330, -0.0402,  ..., -0.0271,  0.0020,  0.1032],
        [-0.0275,  0.0642, -0.0733,  ..., -0.0311,  0.0269,  0.0363],
        ...,
        [-0.1104, -0.0646,  0.0862,  ..., -0.0201,  0.0044,  0.0403],
        [-0.0280,  0.0473, -0.0244,  ..., -0.0301, -0.0984, -0.0943],
        [-0.0933, -0.0056,  0.1242,  ..., -0.0953,  0.0431,  0.0878]]), 'rvq_quantizer.project_in.bias': tensor([-6.1077e-03, -1.0639e-01,  5.7743e-02,  6.1203e-02, -9.2560e-02,
         7.2414e-02, -8.3908e-02, -1.2417e-01,  1.2006e-01, -1.7564e-02,
        -1.3723e-02,  7.0126e-02,  6.4868e-03,  7.0763e-02,  1.1920e-01,
         4.2498e-05,  4.7043e-02,  9.1601e-02,  6.0515e-02, -1.7811e-02,
         2.7558e-02, -6.4958e-02,  4.0020e-02, -7.0381e-02,  5.4873e-03,
        -3.8032e-02,  2.0210e-02,  6.6242e-02, -3.0837e-02,  1.1786e-01,
         1.2109e-01, -8.7243e-02]), 'rvq_quantizer.project_out.weight': tensor([[ 0.1391,  0.1389, -0.0638,  ...,  0.1497, -0.1518, -0.0982],
        [ 0.0400, -0.1660,  0.0335,  ...,  0.1551, -0.0025, -0.0239],
        [-0.0596, -0.0033,  0.1215,  ...,  0.0158,  0.0578,  0.0373],
        ...,
        [ 0.1155, -0.1740, -0.0604,  ..., -0.0189, -0.1290, -0.1407],
        [ 0.1166, -0.1520,  0.1097,  ..., -0.1163, -0.1759,  0.0724],
        [ 0.0715,  0.1611, -0.1024,  ...,  0.0083, -0.0714, -0.1503]]), 'rvq_quantizer.project_out.bias': tensor([ 1.5987e-01,  1.5615e-01, -1.5339e-01, -1.0336e-01, -6.1310e-02,
         1.3101e-01,  1.5501e-01, -1.5527e-01,  1.1952e-01, -1.5099e-01,
        -6.0957e-02,  1.4259e-01,  1.0313e-01,  1.3681e-01,  1.7227e-01,
        -8.1989e-02, -8.3912e-03, -1.7124e-01, -4.0239e-02,  1.4932e-01,
         1.4961e-01, -5.6660e-02,  9.9182e-02, -1.0434e-01, -7.8989e-02,
        -9.6498e-02,  1.5545e-01,  3.2009e-02,  3.9123e-02, -3.6162e-02,
         3.2309e-02, -1.1915e-01,  1.7072e-01, -1.2743e-01,  1.0117e-01,
        -1.7586e-01, -2.1377e-03, -9.6926e-02, -1.5145e-01, -9.3806e-03,
         9.3895e-02, -1.7972e-02, -9.2573e-02,  4.8761e-02,  3.3396e-02,
        -1.5251e-01,  9.7981e-03,  1.3211e-01, -2.1608e-02, -7.7352e-02,
        -1.3026e-01,  7.6535e-02, -7.3283e-03,  1.0275e-04,  6.7207e-02,
         7.6276e-02,  2.7185e-03, -1.2288e-01,  1.6985e-01, -1.5501e-01,
        -1.4429e-01, -1.2162e-01, -1.6839e-01,  1.5317e-01]), 'rvq_quantizer.layers.0._codebook.initted': tensor([1.]), 'rvq_quantizer.layers.0._codebook.cluster_size': tensor([[2.0000, 2.0000, 4.8688,  ..., 3.5936, 2.8030, 5.3507]]), 'rvq_quantizer.layers.0._codebook.embed_avg': tensor([[[  42.4951,  -70.8820,  -13.1190,  ...,  123.9029,   46.1492,
            67.2344],
         [  33.4737,  -37.2703,   55.4664,  ...,   92.1645,   66.2197,
            30.3748],
         [  99.6060, -164.1244,   82.7424,  ...,  288.4072,  154.5654,
           174.1761],
         ...,
         [ 100.1030, -173.4513,   50.4527,  ...,  271.0280,  112.7909,
           225.6113],
         [  89.9549, -122.6097,   37.1001,  ...,  200.4154,  109.2113,
           161.7328],
         [ 158.9012, -173.1351,   75.7691,  ...,  241.1230,  176.9879,
           140.6311]]]), 'rvq_quantizer.layers.0._codebook.embed': tensor([[[ 21.2476, -35.4410,  -6.5595,  ...,  61.9514,  23.0746,  33.6172],
         [ 16.7369, -18.6352,  27.7332,  ...,  46.0823,  33.1098,  15.1874],
         [ 20.4581, -33.7095,  16.9945,  ...,  59.2359,  31.7462,  35.7740],
         ...,
         [ 27.8557, -48.2663,  14.0395,  ...,  75.4190,  31.3864,  62.7809],
         [ 32.0928, -43.7430,  13.2361,  ...,  71.5014,  38.9629,  57.7008],
         [ 29.6972, -32.3574,  14.1606,  ...,  45.0638,  33.0775,  26.2827]]]), 'rvq_quantizer.layers.1._codebook.initted': tensor([1.]), 'rvq_quantizer.layers.1._codebook.cluster_size': tensor([[309.5320,   3.1162,   6.9123,  ...,   2.0000,   2.8390,   3.1826]]), 'rvq_quantizer.layers.1._codebook.embed_avg': tensor([[[ 6.9076e-04, -1.0602e-03,  3.7030e-04,  ...,  1.8125e-03,
           8.3341e-04,  1.1050e-03],
         [ 7.4764e+00, -1.0376e+01, -1.1273e+01,  ...,  8.0060e+00,
          -6.1471e+00,  5.2591e+00],
         [ 9.0051e+00,  3.0046e+01,  2.5598e+01,  ..., -2.0913e+01,
           3.0187e-01, -2.9829e+01],
         ...,
         [-3.9385e+00,  1.6579e+00,  3.1872e+00,  ..., -5.6727e+00,
           4.2108e-01, -2.4030e+00],
         [-1.1944e+01, -5.7748e-01, -2.6148e-01,  ..., -1.8217e+00,
          -1.3057e+00, -6.7488e+00],
         [-1.6730e+00,  1.2186e+00, -1.3142e+00,  ...,  1.3071e+00,
           9.3025e-01,  1.3017e+00]]]), 'rvq_quantizer.layers.1._codebook.embed': tensor([[[ 2.2316e-06, -3.4253e-06,  1.1963e-06,  ...,  5.8555e-06,
           2.6925e-06,  3.5699e-06],
         [ 2.3992e+00, -3.3297e+00, -3.6176e+00,  ...,  2.5692e+00,
          -1.9726e+00,  1.6877e+00],
         [ 1.3028e+00,  4.3468e+00,  3.7033e+00,  ..., -3.0255e+00,
           4.3672e-02, -4.3154e+00],
         ...,
         [-1.9693e+00,  8.2895e-01,  1.5936e+00,  ..., -2.8363e+00,
           2.1054e-01, -1.2015e+00],
         [-4.2072e+00, -2.0341e-01, -9.2103e-02,  ..., -6.4168e-01,
          -4.5993e-01, -2.3772e+00],
         [-5.2567e-01,  3.8288e-01, -4.1294e-01,  ...,  4.1069e-01,
           2.9229e-01,  4.0901e-01]]]), 'rvq_quantizer.layers.2._codebook.initted': tensor([1.]), 'rvq_quantizer.layers.2._codebook.cluster_size': tensor([[348.6076,   4.0542,  11.1084,  ...,   2.0956,   3.9561,   2.0000]]), 'rvq_quantizer.layers.2._codebook.embed_avg': tensor([[[ 5.1974e-04, -8.4551e-04,  3.0091e-04,  ...,  1.3912e-03,
           6.2197e-04,  8.9914e-04],
         [-2.9946e-02,  3.2381e-02,  1.4174e-02,  ...,  6.0269e-02,
           1.1301e-02,  7.0698e-03],
         [ 6.3748e-01,  2.4798e-01,  2.0750e-01,  ...,  3.1835e-01,
           3.7696e-02, -2.7030e-01],
         ...,
         [-2.3637e-01,  7.3913e-02, -7.1632e-02,  ..., -3.7075e-02,
          -1.0021e-02,  6.8436e-02],
         [-4.1696e-01, -2.2016e+00, -3.5552e+00,  ..., -3.9255e-02,
          -2.9381e+00,  4.0350e+00],
         [-7.7136e-01,  6.1067e+00, -2.1003e+00,  ...,  6.1908e-01,
           1.3538e+00,  4.4396e+00]]]), 'rvq_quantizer.layers.2._codebook.embed': tensor([[[ 1.4909e-06, -2.4254e-06,  8.6319e-07,  ...,  3.9908e-06,
           1.7842e-06,  2.5792e-06],
         [-7.3865e-03,  7.9871e-03,  3.4961e-03,  ...,  1.4866e-02,
           2.7875e-03,  1.7439e-03],
         [ 5.7387e-02,  2.2324e-02,  1.8680e-02,  ...,  2.8659e-02,
           3.3935e-03, -2.4333e-02],
         ...,
         [-1.1279e-01,  3.5271e-02, -3.4183e-02,  ..., -1.7692e-02,
          -4.7822e-03,  3.2658e-02],
         [-1.0540e-01, -5.5651e-01, -8.9866e-01,  ..., -9.9227e-03,
          -7.4268e-01,  1.0200e+00],
         [-3.8568e-01,  3.0534e+00, -1.0502e+00,  ...,  3.0954e-01,
           6.7689e-01,  2.2198e+00]]]), 'rvq_quantizer.layers.3._codebook.initted': tensor([1.]), 'rvq_quantizer.layers.3._codebook.cluster_size': tensor([[11.8386,  2.7365,  2.1219,  ...,  5.9407,  2.7847,  2.6400]]), 'rvq_quantizer.layers.3._codebook.embed_avg': tensor([[[ 0.6673,  0.3406,  0.1687,  ...,  0.3846,  0.0594, -0.2513],
         [ 0.7464, -3.2168, -1.4731,  ...,  0.6750,  0.2726, -0.3459],
         [ 0.1963, -0.8280, -0.6134,  ...,  0.4508, -0.1599,  0.9942],
         ...,
         [ 7.0665,  1.2525,  2.9567,  ...,  1.7303, -0.5053,  4.7877],
         [ 1.9205,  0.2666, -0.6609,  ..., -2.0320,  0.2697,  1.8327],
         [-3.8008, -0.9777,  1.9080,  ..., -5.4518, -3.1783, -2.1619]]]), 'rvq_quantizer.layers.3._codebook.embed': tensor([[[ 0.0564,  0.0288,  0.0143,  ...,  0.0325,  0.0050, -0.0212],
         [ 0.2728, -1.1755, -0.5383,  ...,  0.2467,  0.0996, -0.1264],
         [ 0.0925, -0.3902, -0.2891,  ...,  0.2124, -0.0754,  0.4685],
         ...,
         [ 1.1895,  0.2108,  0.4977,  ...,  0.2913, -0.0851,  0.8059],
         [ 0.6897,  0.0957, -0.2373,  ..., -0.7297,  0.0968,  0.6581],
         [-1.4397, -0.3703,  0.7227,  ..., -2.0651, -1.2039, -0.8189]]])})
Loss:  tensor(1.6438, grad_fn=<MeanBackward0>)
OrderedDict({'rvq_quantizer.project_in.weight': tensor([[-0.0413, -0.0308, -0.0457,  ..., -0.0054,  0.1202, -0.1159],
        [ 0.0671,  0.0330, -0.0402,  ..., -0.0271,  0.0020,  0.1032],
        [-0.0275,  0.0642, -0.0733,  ..., -0.0311,  0.0269,  0.0363],
        ...,
        [-0.1104, -0.0646,  0.0862,  ..., -0.0201,  0.0044,  0.0403],
        [-0.0280,  0.0473, -0.0244,  ..., -0.0301, -0.0984, -0.0943],
        [-0.0933, -0.0056,  0.1242,  ..., -0.0953,  0.0431,  0.0878]]), 'rvq_quantizer.project_in.bias': tensor([-6.1077e-03, -1.0639e-01,  5.7743e-02,  6.1203e-02, -9.2560e-02,
         7.2414e-02, -8.3908e-02, -1.2417e-01,  1.2006e-01, -1.7564e-02,
        -1.3723e-02,  7.0126e-02,  6.4868e-03,  7.0763e-02,  1.1920e-01,
         4.2498e-05,  4.7043e-02,  9.1601e-02,  6.0515e-02, -1.7811e-02,
         2.7558e-02, -6.4958e-02,  4.0020e-02, -7.0381e-02,  5.4873e-03,
        -3.8032e-02,  2.0210e-02,  6.6242e-02, -3.0837e-02,  1.1786e-01,
         1.2109e-01, -8.7243e-02]), 'rvq_quantizer.project_out.weight': tensor([[ 0.1391,  0.1389, -0.0638,  ...,  0.1497, -0.1518, -0.0982],
        [ 0.0400, -0.1660,  0.0335,  ...,  0.1551, -0.0025, -0.0239],
        [-0.0596, -0.0033,  0.1215,  ...,  0.0158,  0.0578,  0.0373],
        ...,
        [ 0.1155, -0.1740, -0.0604,  ..., -0.0189, -0.1290, -0.1407],
        [ 0.1166, -0.1520,  0.1097,  ..., -0.1163, -0.1759,  0.0724],
        [ 0.0715,  0.1611, -0.1024,  ...,  0.0083, -0.0714, -0.1503]]), 'rvq_quantizer.project_out.bias': tensor([ 1.5987e-01,  1.5615e-01, -1.5339e-01, -1.0336e-01, -6.1310e-02,
         1.3101e-01,  1.5501e-01, -1.5527e-01,  1.1952e-01, -1.5099e-01,
        -6.0957e-02,  1.4259e-01,  1.0313e-01,  1.3681e-01,  1.7227e-01,
        -8.1989e-02, -8.3912e-03, -1.7124e-01, -4.0239e-02,  1.4932e-01,
         1.4961e-01, -5.6660e-02,  9.9182e-02, -1.0434e-01, -7.8989e-02,
        -9.6498e-02,  1.5545e-01,  3.2009e-02,  3.9123e-02, -3.6162e-02,
         3.2309e-02, -1.1915e-01,  1.7072e-01, -1.2743e-01,  1.0117e-01,
        -1.7586e-01, -2.1377e-03, -9.6926e-02, -1.5145e-01, -9.3806e-03,
         9.3895e-02, -1.7972e-02, -9.2573e-02,  4.8761e-02,  3.3396e-02,
        -1.5251e-01,  9.7981e-03,  1.3211e-01, -2.1608e-02, -7.7352e-02,
        -1.3026e-01,  7.6535e-02, -7.3283e-03,  1.0275e-04,  6.7207e-02,
         7.6276e-02,  2.7185e-03, -1.2288e-01,  1.6985e-01, -1.5501e-01,
        -1.4429e-01, -1.2162e-01, -1.6839e-01,  1.5317e-01]), 'rvq_quantizer.layers.0._codebook.initted': tensor([1.]), 'rvq_quantizer.layers.0._codebook.cluster_size': tensor([[2.0000, 2.0000, 4.7819,  ..., 3.5343, 2.8227, 5.4156]]), 'rvq_quantizer.layers.0._codebook.embed_avg': tensor([[[  58.3957,  -97.8547,   37.1759,  ...,  161.7069,   46.5070,
           132.0220],
         [  36.3364,  -54.0262,   37.5625,  ...,   88.1902,   61.5384,
            48.5498],
         [  97.5791, -161.3712,   80.9536,  ...,  283.2833,  151.6967,
           171.1757],
         ...,
         [  98.6695, -170.5717,   49.6761,  ...,  266.3212,  110.5920,
           221.9449],
         [  90.6044, -123.5065,   37.3583,  ...,  201.8401,  109.9766,
           162.8817],
         [ 160.8027, -175.1439,   76.8379,  ...,  243.9186,  179.2467,
           142.3036]]]), 'rvq_quantizer.layers.0._codebook.embed': tensor([[[ 29.1978, -48.9273,  18.5879,  ...,  80.8534,  23.2535,  66.0110],
         [ 18.1682, -27.0131,  18.7812,  ...,  44.0951,  30.7692,  24.2749],
         [ 20.4059, -33.7462,  16.9291,  ...,  59.2406,  31.7230,  35.7965],
         ...,
         [ 27.9180, -48.2622,  14.0556,  ...,  75.3540,  31.2914,  62.7980],
         [ 32.0989, -43.7553,  13.2351,  ...,  71.5070,  38.9620,  57.7050],
         [ 29.6923, -32.3404,  14.1882,  ...,  45.0397,  33.0980,  26.2764]]]), 'rvq_quantizer.layers.1._codebook.initted': tensor([1.]), 'rvq_quantizer.layers.1._codebook.cluster_size': tensor([[311.8788,   3.1046,   6.7210,  ...,   2.0000,   2.8551,   3.3644]]), 'rvq_quantizer.layers.1._codebook.embed_avg': tensor([[[ 7.0904e-04, -1.0841e-03,  3.7640e-04,  ...,  1.8674e-03,
           8.5173e-04,  1.1290e-03],
         [ 7.6903e+00, -1.0495e+01, -1.1037e+01,  ...,  8.0429e+00,
          -6.1980e+00,  5.4834e+00],
         [ 8.9124e+00,  2.9155e+01,  2.4896e+01,  ..., -2.0010e+01,
           3.4645e-01, -2.8929e+01],
         ...,
         [-9.2682e-02, -4.4648e+00, -1.3277e+00,  ...,  2.3655e+00,
          -3.5378e-02,  2.0975e+00],
         [-1.2354e+01, -8.1473e-01, -7.0250e-02,  ..., -2.3378e+00,
          -1.2830e+00, -6.7142e+00],
         [-1.8549e+00,  1.4960e+00, -1.0323e+00,  ...,  1.3162e+00,
           7.5209e-01,  9.6040e-01]]]), 'rvq_quantizer.layers.1._codebook.embed': tensor([[[ 2.2735e-06, -3.4761e-06,  1.2069e-06,  ...,  5.9874e-06,
           2.7310e-06,  3.6199e-06],
         [ 2.4771e+00, -3.3805e+00, -3.5552e+00,  ...,  2.5907e+00,
          -1.9964e+00,  1.7662e+00],
         [ 1.3260e+00,  4.3380e+00,  3.7042e+00,  ..., -2.9772e+00,
           5.1547e-02, -4.3042e+00],
         ...,
         [-4.6341e-02, -2.2324e+00, -6.6386e-01,  ...,  1.1828e+00,
          -1.7689e-02,  1.0487e+00],
         [-4.3269e+00, -2.8536e-01, -2.4605e-02,  ..., -8.1880e-01,
          -4.4938e-01, -2.3517e+00],
         [-5.5133e-01,  4.4466e-01, -3.0684e-01,  ...,  3.9122e-01,
           2.2355e-01,  2.8546e-01]]]), 'rvq_quantizer.layers.2._codebook.initted': tensor([1.]), 'rvq_quantizer.layers.2._codebook.cluster_size': tensor([[350.9468,   4.6487,  10.1975,  ...,   2.0000,   3.9604,   2.0000]]), 'rvq_quantizer.layers.2._codebook.embed_avg': tensor([[[ 5.3247e-04, -8.6056e-04,  3.0277e-04,  ...,  1.4398e-03,
           6.3259e-04,  9.1187e-04],
         [-4.6116e-02,  4.4785e-02,  3.5489e-02,  ...,  7.6902e-02,
           5.8680e-03,  1.9614e-02],
         [ 5.8590e-01,  2.3216e-01,  1.7871e-01,  ...,  2.9062e-01,
           2.7572e-02, -2.5284e-01],
         ...,
         [-4.1823e-01,  3.0142e+00,  3.2429e+00,  ...,  2.2641e+00,
           1.5599e+00, -9.8410e-02],
         [-1.7311e-01, -2.0239e+00, -3.5199e+00,  ...,  7.2461e-02,
          -2.9914e+00,  3.9729e+00],
         [-1.1595e+00,  1.2363e+00, -2.1918e+00,  ..., -3.5663e+00,
          -2.8924e-01,  1.0058e-01]]]), 'rvq_quantizer.layers.2._codebook.embed': tensor([[[ 1.5172e-06, -2.4521e-06,  8.6273e-07,  ...,  4.1025e-06,
           1.8025e-06,  2.5983e-06],
         [-9.9202e-03,  9.6339e-03,  7.6341e-03,  ...,  1.6543e-02,
           1.2623e-03,  4.2192e-03],
         [ 5.7455e-02,  2.2767e-02,  1.7525e-02,  ...,  2.8499e-02,
           2.7038e-03, -2.4795e-02],
         ...,
         [-2.0911e-01,  1.5071e+00,  1.6214e+00,  ...,  1.1321e+00,
           7.7996e-01, -4.9205e-02],
         [-4.3709e-02, -5.1102e-01, -8.8875e-01,  ...,  1.8296e-02,
          -7.5531e-01,  1.0032e+00],
         [-5.7973e-01,  6.1817e-01, -1.0959e+00,  ..., -1.7831e+00,
          -1.4462e-01,  5.0289e-02]]]), 'rvq_quantizer.layers.3._codebook.initted': tensor([1.]), 'rvq_quantizer.layers.3._codebook.cluster_size': tensor([[10.7547,  2.5628,  2.1097,  ...,  5.7466,  2.7062,  2.6760]]), 'rvq_quantizer.layers.3._codebook.embed_avg': tensor([[[ 0.6042,  0.3128,  0.1498,  ...,  0.3645,  0.0556, -0.2351],
         [ 0.5894, -3.1365, -1.2707,  ...,  0.7150,  0.3677, -0.4258],
         [ 0.1302, -0.8259, -0.6363,  ...,  0.4699, -0.1467,  1.0173],
         ...,
         [ 6.9475,  1.1294,  2.9880,  ...,  1.4840, -0.5880,  4.5686],
         [ 1.9045,  0.3879, -0.4941,  ..., -1.8893,  0.2539,  2.0631],
         [-4.0416, -1.0039,  1.9247,  ..., -6.0128, -3.1703, -2.4295]]]), 'rvq_quantizer.layers.3._codebook.embed': tensor([[[ 0.0562,  0.0291,  0.0139,  ...,  0.0339,  0.0052, -0.0219],
         [ 0.2300, -1.2238, -0.4958,  ...,  0.2790,  0.1435, -0.1661],
         [ 0.0617, -0.3915, -0.3016,  ...,  0.2227, -0.0695,  0.4822],
         ...,
         [ 1.2090,  0.1965,  0.5200,  ...,  0.2582, -0.1023,  0.7950],
         [ 0.7038,  0.1433, -0.1826,  ..., -0.6981,  0.0938,  0.7623],
         [-1.5104, -0.3752,  0.7192,  ..., -2.2470, -1.1847, -0.9079]]])})
Loss:  tensor(1.6504, grad_fn=<MeanBackward0>)
OrderedDict({'rvq_quantizer.project_in.weight': tensor([[-0.0413, -0.0308, -0.0457,  ..., -0.0054,  0.1202, -0.1159],
        [ 0.0671,  0.0330, -0.0402,  ..., -0.0271,  0.0020,  0.1032],
        [-0.0275,  0.0642, -0.0733,  ..., -0.0311,  0.0269,  0.0363],
        ...,
        [-0.1104, -0.0646,  0.0862,  ..., -0.0201,  0.0044,  0.0403],
        [-0.0280,  0.0473, -0.0244,  ..., -0.0301, -0.0984, -0.0943],
        [-0.0933, -0.0056,  0.1242,  ..., -0.0953,  0.0431,  0.0878]]), 'rvq_quantizer.project_in.bias': tensor([-6.1077e-03, -1.0639e-01,  5.7743e-02,  6.1203e-02, -9.2560e-02,
         7.2414e-02, -8.3908e-02, -1.2417e-01,  1.2006e-01, -1.7564e-02,
        -1.3723e-02,  7.0126e-02,  6.4868e-03,  7.0763e-02,  1.1920e-01,
         4.2498e-05,  4.7043e-02,  9.1601e-02,  6.0515e-02, -1.7811e-02,
         2.7558e-02, -6.4958e-02,  4.0020e-02, -7.0381e-02,  5.4873e-03,
        -3.8032e-02,  2.0210e-02,  6.6242e-02, -3.0837e-02,  1.1786e-01,
         1.2109e-01, -8.7243e-02]), 'rvq_quantizer.project_out.weight': tensor([[ 0.1391,  0.1389, -0.0638,  ...,  0.1497, -0.1518, -0.0982],
        [ 0.0400, -0.1660,  0.0335,  ...,  0.1551, -0.0025, -0.0239],
        [-0.0596, -0.0033,  0.1215,  ...,  0.0158,  0.0578,  0.0373],
        ...,
        [ 0.1155, -0.1740, -0.0604,  ..., -0.0189, -0.1290, -0.1407],
        [ 0.1166, -0.1520,  0.1097,  ..., -0.1163, -0.1759,  0.0724],
        [ 0.0715,  0.1611, -0.1024,  ...,  0.0083, -0.0714, -0.1503]]), 'rvq_quantizer.project_out.bias': tensor([ 1.5987e-01,  1.5615e-01, -1.5339e-01, -1.0336e-01, -6.1310e-02,
         1.3101e-01,  1.5501e-01, -1.5527e-01,  1.1952e-01, -1.5099e-01,
        -6.0957e-02,  1.4259e-01,  1.0313e-01,  1.3681e-01,  1.7227e-01,
        -8.1989e-02, -8.3912e-03, -1.7124e-01, -4.0239e-02,  1.4932e-01,
         1.4961e-01, -5.6660e-02,  9.9182e-02, -1.0434e-01, -7.8989e-02,
        -9.6498e-02,  1.5545e-01,  3.2009e-02,  3.9123e-02, -3.6162e-02,
         3.2309e-02, -1.1915e-01,  1.7072e-01, -1.2743e-01,  1.0117e-01,
        -1.7586e-01, -2.1377e-03, -9.6926e-02, -1.5145e-01, -9.3806e-03,
         9.3895e-02, -1.7972e-02, -9.2573e-02,  4.8761e-02,  3.3396e-02,
        -1.5251e-01,  9.7981e-03,  1.3211e-01, -2.1608e-02, -7.7352e-02,
        -1.3026e-01,  7.6535e-02, -7.3283e-03,  1.0275e-04,  6.7207e-02,
         7.6276e-02,  2.7185e-03, -1.2288e-01,  1.6985e-01, -1.5501e-01,
        -1.4429e-01, -1.2162e-01, -1.6839e-01,  1.5317e-01]), 'rvq_quantizer.layers.0._codebook.initted': tensor([1.]), 'rvq_quantizer.layers.0._codebook.cluster_size': tensor([[2.0000, 2.0000, 4.8037,  ..., 3.5808, 2.6404, 5.1741]]), 'rvq_quantizer.layers.0._codebook.embed_avg': tensor([[[  44.6592,  -99.1159,   26.0042,  ...,  156.6886,   44.9988,
           132.1472],
         [  56.1243,  -97.3436,   21.8732,  ...,  147.8258,   61.1371,
            97.8082],
         [  97.9630, -162.2147,   81.0846,  ...,  284.5988,  152.3868,
           172.0268],
         ...,
         [  99.9286, -172.8218,   50.3168,  ...,  269.8763,  112.1161,
           224.8573],
         [  84.7369, -115.7854,   34.9753,  ...,  188.6880,  102.7995,
           152.3611],
         [ 153.8080, -167.3860,   73.4076,  ...,  232.3382,  171.4257,
           136.1832]]]), 'rvq_quantizer.layers.0._codebook.embed': tensor([[[ 22.3296, -49.5580,  13.0021,  ...,  78.3443,  22.4994,  66.0736],
         [ 28.0622, -48.6718,  10.9366,  ...,  73.9129,  30.5686,  48.9041],
         [ 20.3932, -33.7686,  16.8796,  ...,  59.2455,  31.7227,  35.8112],
         ...,
         [ 27.9065, -48.2629,  14.0517,  ...,  75.3667,  31.3100,  62.7946],
         [ 32.0925, -43.8515,  13.2463,  ...,  71.4620,  38.9334,  57.7039],
         [ 29.7267, -32.3509,  14.1876,  ...,  44.9043,  33.1317,  26.3203]]]), 'rvq_quantizer.layers.1._codebook.initted': tensor([1.]), 'rvq_quantizer.layers.1._codebook.cluster_size': tensor([[313.6909,   2.8941,   6.7489,  ...,   2.0000,   2.8696,   3.3279]]), 'rvq_quantizer.layers.1._codebook.embed_avg': tensor([[[ 7.2053e-04, -1.1016e-03,  3.8029e-04,  ...,  1.8996e-03,
           8.6440e-04,  1.1519e-03],
         [ 7.5708e+00, -9.6337e+00, -1.0050e+01,  ...,  7.1885e+00,
          -5.6578e+00,  5.2998e+00],
         [ 8.9708e+00,  2.9499e+01,  2.4818e+01,  ..., -2.0084e+01,
           4.9606e-01, -2.9177e+01],
         ...,
         [ 1.5836e+00, -1.0180e+00,  7.2078e+00,  ..., -1.1053e+00,
           6.8063e+00, -4.1581e+00],
         [-1.2706e+01, -7.2293e-01, -3.8166e-02,  ..., -1.9436e+00,
          -1.3010e+00, -6.6684e+00],
         [-1.8816e+00,  1.7349e+00, -1.1387e+00,  ...,  1.3613e+00,
           7.9993e-01,  7.8456e-01]]]), 'rvq_quantizer.layers.1._codebook.embed': tensor([[[ 2.2970e-06, -3.5117e-06,  1.2123e-06,  ...,  6.0556e-06,
           2.7556e-06,  3.6720e-06],
         [ 2.6159e+00, -3.3287e+00, -3.4726e+00,  ...,  2.4838e+00,
          -1.9549e+00,  1.8312e+00],
         [ 1.3292e+00,  4.3709e+00,  3.6773e+00,  ..., -2.9759e+00,
           7.3502e-02, -4.3231e+00],
         ...,
         [ 7.9180e-01, -5.0900e-01,  3.6039e+00,  ..., -5.5267e-01,
           3.4031e+00, -2.0790e+00],
         [-4.4278e+00, -2.5193e-01, -1.3300e-02,  ..., -6.7730e-01,
          -4.5338e-01, -2.3238e+00],
         [-5.6539e-01,  5.2131e-01, -3.4216e-01,  ...,  4.0906e-01,
           2.4037e-01,  2.3575e-01]]]), 'rvq_quantizer.layers.2._codebook.initted': tensor([1.]), 'rvq_quantizer.layers.2._codebook.cluster_size': tensor([[352.7521,   4.2839,   9.1778,  ...,   2.0000,   3.9644,   2.0000]]), 'rvq_quantizer.layers.2._codebook.embed_avg': tensor([[[ 5.3848e-04, -8.6118e-04,  3.0367e-04,  ...,  1.4505e-03,
           6.4059e-04,  9.1451e-04],
         [-4.4820e-02,  4.4987e-02,  3.6154e-02,  ...,  6.7513e-02,
           5.2692e-03,  1.6279e-02],
         [ 5.2731e-01,  2.0895e-01,  1.6084e-01,  ...,  2.6156e-01,
           2.4815e-02, -2.2756e-01],
         ...,
         [ 4.0347e+00, -2.4884e+00, -4.5523e+00,  ..., -7.2850e-01,
           3.2258e+00,  3.4495e+00],
         [-1.4276e-01, -1.8364e+00, -3.3941e+00,  ..., -2.2345e-02,
          -3.1463e+00,  3.9948e+00],
         [-1.2023e+00,  1.1985e+00, -2.1618e+00,  ..., -3.5008e+00,
          -2.4377e-01,  1.0163e-01]]]), 'rvq_quantizer.layers.2._codebook.embed': tensor([[[ 1.5265e-06, -2.4413e-06,  8.6086e-07,  ...,  4.1120e-06,
           1.8160e-06,  2.5925e-06],
         [-1.0463e-02,  1.0502e-02,  8.4397e-03,  ...,  1.5760e-02,
           1.2300e-03,  3.8001e-03],
         [ 5.7455e-02,  2.2767e-02,  1.7525e-02,  ...,  2.8499e-02,
           2.7038e-03, -2.4795e-02],
         ...,
         [ 2.0173e+00, -1.2442e+00, -2.2762e+00,  ..., -3.6425e-01,
           1.6129e+00,  1.7247e+00],
         [-3.6011e-02, -4.6323e-01, -8.5614e-01,  ..., -5.6365e-03,
          -7.9364e-01,  1.0077e+00],
         [-6.0117e-01,  5.9925e-01, -1.0809e+00,  ..., -1.7504e+00,
          -1.2188e-01,  5.0813e-02]]]), 'rvq_quantizer.layers.3._codebook.initted': tensor([1.]), 'rvq_quantizer.layers.3._codebook.cluster_size': tensor([[9.7793, 2.4066, 2.0000,  ..., 6.0720, 2.4356, 2.5084]]), 'rvq_quantizer.layers.3._codebook.embed_avg': tensor([[[ 5.5072e-01,  2.8886e-01,  1.2238e-01,  ...,  3.5044e-01,
           5.1961e-02, -2.1371e-01],
         [ 4.3863e-01, -3.0558e+00, -1.0759e+00,  ...,  7.4268e-01,
           4.4724e-01, -5.0533e-01],
         [-2.0755e-02,  1.0483e-02,  7.6357e-03,  ..., -1.4646e-02,
          -2.9525e-03,  1.4100e-02],
         ...,
         [ 7.5803e+00,  1.2525e+00,  3.1913e+00,  ...,  1.6556e+00,
          -6.5827e-01,  4.5369e+00],
         [ 1.7140e+00,  3.4914e-01, -4.4466e-01,  ..., -1.7003e+00,
           2.2855e-01,  1.8568e+00],
         [-3.7864e+00, -9.5776e-01,  1.8849e+00,  ..., -5.9199e+00,
          -2.8786e+00, -2.4782e+00]]]), 'rvq_quantizer.layers.3._codebook.embed': tensor([[[ 5.6315e-02,  2.9538e-02,  1.2515e-02,  ...,  3.5835e-02,
           5.3134e-03, -2.1853e-02],
         [ 1.8226e-01, -1.2698e+00, -4.4708e-01,  ...,  3.0861e-01,
           1.8584e-01, -2.0998e-01],
         [-1.0378e-02,  5.2417e-03,  3.8178e-03,  ..., -7.3231e-03,
          -1.4763e-03,  7.0498e-03],
         ...,
         [ 1.2484e+00,  2.0628e-01,  5.2559e-01,  ...,  2.7266e-01,
          -1.0841e-01,  7.4719e-01],
         [ 7.0375e-01,  1.4335e-01, -1.8257e-01,  ..., -6.9812e-01,
           9.3836e-02,  7.6235e-01],
         [-1.5095e+00, -3.8183e-01,  7.5144e-01,  ..., -2.3601e+00,
          -1.1476e+00, -9.8797e-01]]])})
Loss:  tensor(1.6481, grad_fn=<MeanBackward0>)
OrderedDict({'rvq_quantizer.project_in.weight': tensor([[-0.0413, -0.0308, -0.0457,  ..., -0.0054,  0.1202, -0.1159],
        [ 0.0671,  0.0330, -0.0402,  ..., -0.0271,  0.0020,  0.1032],
        [-0.0275,  0.0642, -0.0733,  ..., -0.0311,  0.0269,  0.0363],
        ...,
        [-0.1104, -0.0646,  0.0862,  ..., -0.0201,  0.0044,  0.0403],
        [-0.0280,  0.0473, -0.0244,  ..., -0.0301, -0.0984, -0.0943],
        [-0.0933, -0.0056,  0.1242,  ..., -0.0953,  0.0431,  0.0878]]), 'rvq_quantizer.project_in.bias': tensor([-6.1077e-03, -1.0639e-01,  5.7743e-02,  6.1203e-02, -9.2560e-02,
         7.2414e-02, -8.3908e-02, -1.2417e-01,  1.2006e-01, -1.7564e-02,
        -1.3723e-02,  7.0126e-02,  6.4868e-03,  7.0763e-02,  1.1920e-01,
         4.2498e-05,  4.7043e-02,  9.1601e-02,  6.0515e-02, -1.7811e-02,
         2.7558e-02, -6.4958e-02,  4.0020e-02, -7.0381e-02,  5.4873e-03,
        -3.8032e-02,  2.0210e-02,  6.6242e-02, -3.0837e-02,  1.1786e-01,
         1.2109e-01, -8.7243e-02]), 'rvq_quantizer.project_out.weight': tensor([[ 0.1391,  0.1389, -0.0638,  ...,  0.1497, -0.1518, -0.0982],
        [ 0.0400, -0.1660,  0.0335,  ...,  0.1551, -0.0025, -0.0239],
        [-0.0596, -0.0033,  0.1215,  ...,  0.0158,  0.0578,  0.0373],
        ...,
        [ 0.1155, -0.1740, -0.0604,  ..., -0.0189, -0.1290, -0.1407],
        [ 0.1166, -0.1520,  0.1097,  ..., -0.1163, -0.1759,  0.0724],
        [ 0.0715,  0.1611, -0.1024,  ...,  0.0083, -0.0714, -0.1503]]), 'rvq_quantizer.project_out.bias': tensor([ 1.5987e-01,  1.5615e-01, -1.5339e-01, -1.0336e-01, -6.1310e-02,
         1.3101e-01,  1.5501e-01, -1.5527e-01,  1.1952e-01, -1.5099e-01,
        -6.0957e-02,  1.4259e-01,  1.0313e-01,  1.3681e-01,  1.7227e-01,
        -8.1989e-02, -8.3912e-03, -1.7124e-01, -4.0239e-02,  1.4932e-01,
         1.4961e-01, -5.6660e-02,  9.9182e-02, -1.0434e-01, -7.8989e-02,
        -9.6498e-02,  1.5545e-01,  3.2009e-02,  3.9123e-02, -3.6162e-02,
         3.2309e-02, -1.1915e-01,  1.7072e-01, -1.2743e-01,  1.0117e-01,
        -1.7586e-01, -2.1377e-03, -9.6926e-02, -1.5145e-01, -9.3806e-03,
         9.3895e-02, -1.7972e-02, -9.2573e-02,  4.8761e-02,  3.3396e-02,
        -1.5251e-01,  9.7981e-03,  1.3211e-01, -2.1608e-02, -7.7352e-02,
        -1.3026e-01,  7.6535e-02, -7.3283e-03,  1.0275e-04,  6.7207e-02,
         7.6276e-02,  2.7185e-03, -1.2288e-01,  1.6985e-01, -1.5501e-01,
        -1.4429e-01, -1.2162e-01, -1.6839e-01,  1.5317e-01]), 'rvq_quantizer.layers.0._codebook.initted': tensor([1.]), 'rvq_quantizer.layers.0._codebook.cluster_size': tensor([[2.0000, 2.0000, 4.7234,  ..., 3.5228, 2.5764, 5.2567]]), 'rvq_quantizer.layers.0._codebook.embed_avg': tensor([[[  44.8525,  -98.9649,   25.9558,  ...,  156.9071,   45.2127,
           132.1629],
         [  52.3398,  -97.4966,   36.3797,  ...,  150.0115,   52.2871,
           126.8004],
         [  96.1004, -159.6524,   79.4616,  ...,  279.8557,  149.7360,
           169.2413],
         ...,
         [  98.4052, -170.0642,   49.6226,  ...,  265.8324,  110.4273,
           221.2135],
         [  82.8581, -113.3203,   34.0992,  ...,  184.2799,  100.2851,
           148.7877],
         [ 156.2188, -169.9697,   74.7124,  ...,  236.0123,  174.2407,
           138.3005]]]), 'rvq_quantizer.layers.0._codebook.embed': tensor([[[ 22.4262, -49.4824,  12.9779,  ...,  78.4534,  22.6063,  66.0813],
         [ 26.1699, -48.7483,  18.1899,  ...,  75.0057,  26.1436,  63.4002],
         [ 20.3458, -33.8007,  16.8232,  ...,  59.2495,  31.7013,  35.8308],
         ...,
         [ 27.9342, -48.2759,  14.0863,  ...,  75.4615,  31.3468,  62.7956],
         [ 32.1609, -43.9847,  13.2354,  ...,  71.5273,  38.9252,  57.7512],
         [ 29.7182, -32.3341,  14.2129,  ...,  44.8977,  33.1466,  26.3096]]]), 'rvq_quantizer.layers.1._codebook.initted': tensor([1.]), 'rvq_quantizer.layers.1._codebook.cluster_size': tensor([[316.9218,   3.0047,   6.5740,  ...,   2.0000,   2.6826,   3.2951]]), 'rvq_quantizer.layers.1._codebook.embed_avg': tensor([[[ 7.3450e-04, -1.1158e-03,  3.8641e-04,  ...,  1.9362e-03,
           8.7638e-04,  1.1752e-03],
         [ 8.0042e+00, -1.0199e+01, -1.0467e+01,  ...,  7.9775e+00,
          -5.9685e+00,  5.1967e+00],
         [ 9.0056e+00,  2.8604e+01,  2.3653e+01,  ..., -1.8781e+01,
           1.1465e-01, -2.8727e+01],
         ...,
         [-1.2540e+00,  8.4833e+00,  5.9219e+00,  ..., -9.5662e+00,
          -3.0959e+00, -2.7312e-01],
         [-1.2388e+01, -5.7446e-01,  6.1199e-03,  ..., -1.8204e+00,
          -1.1653e+00, -6.1062e+00],
         [-2.0205e+00,  1.9896e+00, -7.9369e-01,  ...,  1.3466e+00,
           6.3372e-01,  5.1123e-01]]]), 'rvq_quantizer.layers.1._codebook.embed': tensor([[[ 2.3176e-06, -3.5207e-06,  1.2193e-06,  ...,  6.1095e-06,
           2.7653e-06,  3.7080e-06],
         [ 2.6639e+00, -3.3944e+00, -3.4835e+00,  ...,  2.6550e+00,
          -1.9864e+00,  1.7295e+00],
         [ 1.3699e+00,  4.3511e+00,  3.5979e+00,  ..., -2.8569e+00,
           1.7439e-02, -4.3698e+00],
         ...,
         [-6.2700e-01,  4.2417e+00,  2.9610e+00,  ..., -4.7831e+00,
          -1.5479e+00, -1.3656e-01],
         [-4.6180e+00, -2.1414e-01,  2.2813e-03,  ..., -6.7860e-01,
          -4.3440e-01, -2.2762e+00],
         [-6.1319e-01,  6.0379e-01, -2.4087e-01,  ...,  4.0866e-01,
           1.9232e-01,  1.5515e-01]]]), 'rvq_quantizer.layers.2._codebook.initted': tensor([1.]), 'rvq_quantizer.layers.2._codebook.cluster_size': tensor([[355.4769,   3.9555,   8.2600,  ...,   2.0000,   3.6680,   2.0000]]), 'rvq_quantizer.layers.2._codebook.embed_avg': tensor([[[ 5.4415e-04, -8.6509e-04,  3.0390e-04,  ...,  1.4643e-03,
           6.4251e-04,  9.3063e-04],
         [-4.1159e-02,  4.9768e-02,  3.5037e-02,  ...,  6.6679e-02,
           8.2241e-03,  1.7774e-02],
         [ 4.7458e-01,  1.8805e-01,  1.4476e-01,  ...,  2.3540e-01,
           2.2333e-02, -2.0480e-01],
         ...,
         [ 5.8736e-01, -1.1286e+00, -4.6872e-01,  ..., -5.6762e-01,
           9.1171e-01, -2.2488e+00],
         [-8.9929e-02, -1.5501e+00, -3.1456e+00,  ...,  2.6843e-02,
          -3.0090e+00,  3.6192e+00],
         [-1.2395e+00,  1.1605e+00, -2.1179e+00,  ..., -3.4049e+00,
          -2.0149e-01,  9.4245e-02]]]), 'rvq_quantizer.layers.2._codebook.embed': tensor([[[ 1.5308e-06, -2.4336e-06,  8.5491e-07,  ...,  4.1193e-06,
           1.8075e-06,  2.6180e-06],
         [-1.0406e-02,  1.2582e-02,  8.8579e-03,  ...,  1.6857e-02,
           2.0792e-03,  4.4935e-03],
         [ 5.7455e-02,  2.2767e-02,  1.7525e-02,  ...,  2.8499e-02,
           2.7038e-03, -2.4795e-02],
         ...,
         [ 2.9368e-01, -5.6430e-01, -2.3436e-01,  ..., -2.8381e-01,
           4.5586e-01, -1.1244e+00],
         [-2.4517e-02, -4.2260e-01, -8.5759e-01,  ...,  7.3183e-03,
          -8.2035e-01,  9.8671e-01],
         [-6.1976e-01,  5.8024e-01, -1.0589e+00,  ..., -1.7024e+00,
          -1.0074e-01,  4.7123e-02]]]), 'rvq_quantizer.layers.3._codebook.initted': tensor([1.]), 'rvq_quantizer.layers.3._codebook.cluster_size': tensor([[9.0013, 2.4659, 2.2000,  ..., 5.9648, 2.2920, 2.3575]]), 'rvq_quantizer.layers.3._codebook.embed_avg': tensor([[[ 4.9662e-01,  2.7194e-01,  1.0496e-01,  ...,  3.1951e-01,
           5.4589e-02, -2.0857e-01],
         [ 5.3543e-01, -3.1738e+00, -1.2204e+00,  ...,  9.7741e-01,
           3.0005e-01, -4.6135e-01],
         [-2.4103e-02,  9.5432e-03,  6.3168e-03,  ..., -1.7585e-02,
          -6.3928e-03,  1.2940e-02],
         ...,
         [ 7.6475e+00,  1.2116e+00,  2.8380e+00,  ...,  1.8203e+00,
          -6.7359e-01,  4.5009e+00],
         [ 1.5745e+00,  4.4420e-01, -4.4142e-01,  ..., -1.5125e+00,
           8.9659e-02,  1.9504e+00],
         [-3.5718e+00, -9.2519e-01,  1.8388e+00,  ..., -5.8259e+00,
          -2.6077e+00, -2.5109e+00]]]), 'rvq_quantizer.layers.3._codebook.embed': tensor([[[ 0.0552,  0.0302,  0.0117,  ...,  0.0355,  0.0061, -0.0232],
         [ 0.2171, -1.2871, -0.4949,  ...,  0.3964,  0.1217, -0.1871],
         [-0.0110,  0.0043,  0.0029,  ..., -0.0080, -0.0029,  0.0059],
         ...,
         [ 1.2821,  0.2031,  0.4758,  ...,  0.3052, -0.1129,  0.7546],
         [ 0.6870,  0.1938, -0.1926,  ..., -0.6599,  0.0391,  0.8510],
         [-1.5151, -0.3924,  0.7799,  ..., -2.4712, -1.1061, -1.0651]]])})
Loss:  tensor(1.6626, grad_fn=<MeanBackward0>)
OrderedDict({'rvq_quantizer.project_in.weight': tensor([[-0.0413, -0.0308, -0.0457,  ..., -0.0054,  0.1202, -0.1159],
        [ 0.0671,  0.0330, -0.0402,  ..., -0.0271,  0.0020,  0.1032],
        [-0.0275,  0.0642, -0.0733,  ..., -0.0311,  0.0269,  0.0363],
        ...,
        [-0.1104, -0.0646,  0.0862,  ..., -0.0201,  0.0044,  0.0403],
        [-0.0280,  0.0473, -0.0244,  ..., -0.0301, -0.0984, -0.0943],
        [-0.0933, -0.0056,  0.1242,  ..., -0.0953,  0.0431,  0.0878]]), 'rvq_quantizer.project_in.bias': tensor([-6.1077e-03, -1.0639e-01,  5.7743e-02,  6.1203e-02, -9.2560e-02,
         7.2414e-02, -8.3908e-02, -1.2417e-01,  1.2006e-01, -1.7564e-02,
        -1.3723e-02,  7.0126e-02,  6.4868e-03,  7.0763e-02,  1.1920e-01,
         4.2498e-05,  4.7043e-02,  9.1601e-02,  6.0515e-02, -1.7811e-02,
         2.7558e-02, -6.4958e-02,  4.0020e-02, -7.0381e-02,  5.4873e-03,
        -3.8032e-02,  2.0210e-02,  6.6242e-02, -3.0837e-02,  1.1786e-01,
         1.2109e-01, -8.7243e-02]), 'rvq_quantizer.project_out.weight': tensor([[ 0.1391,  0.1389, -0.0638,  ...,  0.1497, -0.1518, -0.0982],
        [ 0.0400, -0.1660,  0.0335,  ...,  0.1551, -0.0025, -0.0239],
        [-0.0596, -0.0033,  0.1215,  ...,  0.0158,  0.0578,  0.0373],
        ...,
        [ 0.1155, -0.1740, -0.0604,  ..., -0.0189, -0.1290, -0.1407],
        [ 0.1166, -0.1520,  0.1097,  ..., -0.1163, -0.1759,  0.0724],
        [ 0.0715,  0.1611, -0.1024,  ...,  0.0083, -0.0714, -0.1503]]), 'rvq_quantizer.project_out.bias': tensor([ 1.5987e-01,  1.5615e-01, -1.5339e-01, -1.0336e-01, -6.1310e-02,
         1.3101e-01,  1.5501e-01, -1.5527e-01,  1.1952e-01, -1.5099e-01,
        -6.0957e-02,  1.4259e-01,  1.0313e-01,  1.3681e-01,  1.7227e-01,
        -8.1989e-02, -8.3912e-03, -1.7124e-01, -4.0239e-02,  1.4932e-01,
         1.4961e-01, -5.6660e-02,  9.9182e-02, -1.0434e-01, -7.8989e-02,
        -9.6498e-02,  1.5545e-01,  3.2009e-02,  3.9123e-02, -3.6162e-02,
         3.2309e-02, -1.1915e-01,  1.7072e-01, -1.2743e-01,  1.0117e-01,
        -1.7586e-01, -2.1377e-03, -9.6926e-02, -1.5145e-01, -9.3806e-03,
         9.3895e-02, -1.7972e-02, -9.2573e-02,  4.8761e-02,  3.3396e-02,
        -1.5251e-01,  9.7981e-03,  1.3211e-01, -2.1608e-02, -7.7352e-02,
        -1.3026e-01,  7.6535e-02, -7.3283e-03,  1.0275e-04,  6.7207e-02,
         7.6276e-02,  2.7185e-03, -1.2288e-01,  1.6985e-01, -1.5501e-01,
        -1.4429e-01, -1.2162e-01, -1.6839e-01,  1.5317e-01]), 'rvq_quantizer.layers.0._codebook.initted': tensor([1.]), 'rvq_quantizer.layers.0._codebook.cluster_size': tensor([[2.0000, 2.0000, 4.7510,  ..., 3.5705, 2.6187, 5.3310]]), 'rvq_quantizer.layers.0._codebook.embed_avg': tensor([[[  45.0264,  -98.8289,   25.9123,  ...,  157.1038,   45.4052,
           132.1770],
         [  62.9727,  -61.6603,   22.8439,  ...,  132.8528,   83.7003,
           103.9032],
         [  96.6322, -160.6678,   79.7418,  ...,  281.5140,  150.6222,
           170.2859],
         ...,
         [  99.6907, -172.3651,   50.2686,  ...,  269.4363,  111.9679,
           224.1991],
         [  84.2173, -115.1460,   34.6575,  ...,  187.3182,  101.9430,
           151.2310],
         [ 158.3884, -172.2951,   75.8868,  ...,  239.3190,  176.7743,
           140.2062]]]), 'rvq_quantizer.layers.0._codebook.embed': tensor([[[ 22.5132, -49.4144,  12.9561,  ...,  78.5518,  22.7026,  66.0884],
         [ 31.4863, -30.8301,  11.4220,  ...,  66.4264,  41.8502,  51.9516],
         [ 20.3393, -33.8176,  16.7842,  ...,  59.2535,  31.7032,  35.8420],
         ...,
         [ 27.9208, -48.2750,  14.0790,  ...,  75.4622,  31.3593,  62.7924],
         [ 32.1597, -43.9703,  13.2345,  ...,  71.5304,  38.9286,  57.7500],
         [ 29.7109, -32.3195,  14.2350,  ...,  44.8920,  33.1597,  26.3002]]]), 'rvq_quantizer.layers.1._codebook.initted': tensor([1.]), 'rvq_quantizer.layers.1._codebook.cluster_size': tensor([[320.1297,   3.1042,   6.5166,  ...,   2.0000,   2.7144,   3.3656]]), 'rvq_quantizer.layers.1._codebook.embed_avg': tensor([[[ 7.4078e-04, -1.1205e-03,  3.8457e-04,  ...,  1.9478e-03,
           8.8201e-04,  1.1866e-03],
         [ 7.9877e+00, -1.0766e+01, -1.1081e+01,  ...,  8.1604e+00,
          -5.8992e+00,  4.7277e+00],
         [ 9.0759e+00,  2.8247e+01,  2.2844e+01,  ..., -1.8367e+01,
          -2.3199e-01, -2.8975e+01],
         ...,
         [ 0.0000e+00,  0.0000e+00,  0.0000e+00,  ...,  0.0000e+00,
           0.0000e+00,  0.0000e+00],
         [-1.2143e+01, -9.9292e-01,  3.0789e-01,  ..., -1.1833e+00,
          -1.2759e+00, -6.1756e+00],
         [-2.0643e+00,  2.1244e+00, -6.3881e-01,  ...,  1.2611e+00,
           3.9358e-01,  4.3513e-01]]]), 'rvq_quantizer.layers.1._codebook.embed': tensor([[[ 2.3140e-06, -3.5003e-06,  1.2013e-06,  ...,  6.0845e-06,
           2.7552e-06,  3.7066e-06],
         [ 2.5732e+00, -3.4682e+00, -3.5698e+00,  ...,  2.6288e+00,
          -1.9004e+00,  1.5230e+00],
         [ 1.3927e+00,  4.3346e+00,  3.5055e+00,  ..., -2.8185e+00,
          -3.5600e-02, -4.4463e+00],
         ...,
         [ 0.0000e+00,  0.0000e+00,  0.0000e+00,  ...,  0.0000e+00,
           0.0000e+00,  0.0000e+00],
         [-4.4736e+00, -3.6580e-01,  1.1343e-01,  ..., -4.3593e-01,
          -4.7004e-01, -2.2752e+00],
         [-6.1334e-01,  6.3121e-01, -1.8980e-01,  ...,  3.7470e-01,
           1.1694e-01,  1.2929e-01]]]), 'rvq_quantizer.layers.2._codebook.initted': tensor([1.]), 'rvq_quantizer.layers.2._codebook.cluster_size': tensor([[358.2292,   3.7599,   7.5340,  ...,   2.1000,   3.5012,   2.0000]]), 'rvq_quantizer.layers.2._codebook.embed_avg': tensor([[[ 5.4785e-04, -8.6255e-04,  2.9563e-04,  ...,  1.4629e-03,
           6.3987e-04,  9.3325e-04],
         [-3.6523e-02,  5.1089e-02,  4.0073e-02,  ...,  5.9395e-02,
           8.9600e-03,  1.0919e-02],
         [ 4.5438e-01,  1.8098e-01,  1.4286e-01,  ...,  2.2349e-01,
           2.9041e-04, -1.7485e-01],
         ...,
         [ 8.4924e-01, -1.1253e+00, -7.3768e-01,  ..., -6.4605e-01,
           7.8038e-01, -2.3378e+00],
         [-2.0377e-01, -1.5012e+00, -2.9303e+00,  ..., -1.8664e-01,
          -2.9208e+00,  3.5100e+00],
         [-1.2509e+00,  1.3367e+00, -1.8197e+00,  ..., -3.4883e+00,
          -1.9435e-01, -6.4930e-02]]]), 'rvq_quantizer.layers.2._codebook.embed': tensor([[[ 1.5293e-06, -2.4078e-06,  8.2526e-07,  ...,  4.0837e-06,
           1.7862e-06,  2.6052e-06],
         [-9.7136e-03,  1.3588e-02,  1.0658e-02,  ...,  1.5797e-02,
           2.3830e-03,  2.9041e-03],
         [ 6.0311e-02,  2.4022e-02,  1.8963e-02,  ...,  2.9664e-02,
           3.8546e-05, -2.3209e-02],
         ...,
         [ 4.0440e-01, -5.3584e-01, -3.5128e-01,  ..., -3.0764e-01,
           3.7161e-01, -1.1132e+00],
         [-5.8200e-02, -4.2878e-01, -8.3696e-01,  ..., -5.3308e-02,
          -8.3423e-01,  1.0025e+00],
         [-6.2546e-01,  6.6833e-01, -9.0984e-01,  ..., -1.7442e+00,
          -9.7175e-02, -3.2465e-02]]]), 'rvq_quantizer.layers.3._codebook.initted': tensor([1.]), 'rvq_quantizer.layers.3._codebook.cluster_size': tensor([[8.2012, 2.5193, 2.3800,  ..., 6.2683, 2.2628, 2.2218]]), 'rvq_quantizer.layers.3._codebook.embed_avg': tensor([[[ 4.4677e-01,  2.6578e-01,  1.0721e-01,  ...,  2.9614e-01,
           5.4319e-02, -1.9587e-01],
         [ 5.9960e-01, -3.2845e+00, -1.3326e+00,  ...,  1.1747e+00,
           1.7989e-01, -4.2054e-01],
         [-2.4416e-02,  9.5729e-03,  1.5672e-03,  ..., -2.2808e-02,
          -3.4377e-03,  1.3932e-02],
         ...,
         [ 8.2249e+00,  1.2798e+00,  2.7828e+00,  ...,  2.2487e+00,
          -8.7135e-01,  4.7921e+00],
         [ 1.4094e+00,  6.8239e-01, -3.4740e-01,  ..., -1.4559e+00,
           8.0457e-02,  2.0343e+00],
         [-3.5222e+00, -8.5831e-01,  1.7242e+00,  ..., -5.4149e+00,
          -2.4456e+00, -2.5087e+00]]]), 'rvq_quantizer.layers.3._codebook.embed': tensor([[[ 5.4477e-02,  3.2407e-02,  1.3072e-02,  ...,  3.6109e-02,
           6.6233e-03, -2.3883e-02],
         [ 2.3800e-01, -1.3037e+00, -5.2896e-01,  ...,  4.6629e-01,
           7.1404e-02, -1.6693e-01],
         [-1.0259e-02,  4.0222e-03,  6.5851e-04,  ..., -9.5833e-03,
          -1.4444e-03,  5.8537e-03],
         ...,
         [ 1.3121e+00,  2.0417e-01,  4.4395e-01,  ...,  3.5874e-01,
          -1.3901e-01,  7.6449e-01],
         [ 6.2286e-01,  3.0157e-01, -1.5353e-01,  ..., -6.4341e-01,
           3.5556e-02,  8.9900e-01],
         [-1.5853e+00, -3.8632e-01,  7.7603e-01,  ..., -2.4372e+00,
          -1.1007e+00, -1.1291e+00]]])})
Loss:  tensor(1.6815, grad_fn=<MeanBackward0>)
OrderedDict({'rvq_quantizer.project_in.weight': tensor([[-0.0413, -0.0308, -0.0457,  ..., -0.0054,  0.1202, -0.1159],
        [ 0.0671,  0.0330, -0.0402,  ..., -0.0271,  0.0020,  0.1032],
        [-0.0275,  0.0642, -0.0733,  ..., -0.0311,  0.0269,  0.0363],
        ...,
        [-0.1104, -0.0646,  0.0862,  ..., -0.0201,  0.0044,  0.0403],
        [-0.0280,  0.0473, -0.0244,  ..., -0.0301, -0.0984, -0.0943],
        [-0.0933, -0.0056,  0.1242,  ..., -0.0953,  0.0431,  0.0878]]), 'rvq_quantizer.project_in.bias': tensor([-6.1077e-03, -1.0639e-01,  5.7743e-02,  6.1203e-02, -9.2560e-02,
         7.2414e-02, -8.3908e-02, -1.2417e-01,  1.2006e-01, -1.7564e-02,
        -1.3723e-02,  7.0126e-02,  6.4868e-03,  7.0763e-02,  1.1920e-01,
         4.2498e-05,  4.7043e-02,  9.1601e-02,  6.0515e-02, -1.7811e-02,
         2.7558e-02, -6.4958e-02,  4.0020e-02, -7.0381e-02,  5.4873e-03,
        -3.8032e-02,  2.0210e-02,  6.6242e-02, -3.0837e-02,  1.1786e-01,
         1.2109e-01, -8.7243e-02]), 'rvq_quantizer.project_out.weight': tensor([[ 0.1391,  0.1389, -0.0638,  ...,  0.1497, -0.1518, -0.0982],
        [ 0.0400, -0.1660,  0.0335,  ...,  0.1551, -0.0025, -0.0239],
        [-0.0596, -0.0033,  0.1215,  ...,  0.0158,  0.0578,  0.0373],
        ...,
        [ 0.1155, -0.1740, -0.0604,  ..., -0.0189, -0.1290, -0.1407],
        [ 0.1166, -0.1520,  0.1097,  ..., -0.1163, -0.1759,  0.0724],
        [ 0.0715,  0.1611, -0.1024,  ...,  0.0083, -0.0714, -0.1503]]), 'rvq_quantizer.project_out.bias': tensor([ 1.5987e-01,  1.5615e-01, -1.5339e-01, -1.0336e-01, -6.1310e-02,
         1.3101e-01,  1.5501e-01, -1.5527e-01,  1.1952e-01, -1.5099e-01,
        -6.0957e-02,  1.4259e-01,  1.0313e-01,  1.3681e-01,  1.7227e-01,
        -8.1989e-02, -8.3912e-03, -1.7124e-01, -4.0239e-02,  1.4932e-01,
         1.4961e-01, -5.6660e-02,  9.9182e-02, -1.0434e-01, -7.8989e-02,
        -9.6498e-02,  1.5545e-01,  3.2009e-02,  3.9123e-02, -3.6162e-02,
         3.2309e-02, -1.1915e-01,  1.7072e-01, -1.2743e-01,  1.0117e-01,
        -1.7586e-01, -2.1377e-03, -9.6926e-02, -1.5145e-01, -9.3806e-03,
         9.3895e-02, -1.7972e-02, -9.2573e-02,  4.8761e-02,  3.3396e-02,
        -1.5251e-01,  9.7981e-03,  1.3211e-01, -2.1608e-02, -7.7352e-02,
        -1.3026e-01,  7.6535e-02, -7.3283e-03,  1.0275e-04,  6.7207e-02,
         7.6276e-02,  2.7185e-03, -1.2288e-01,  1.6985e-01, -1.5501e-01,
        -1.4429e-01, -1.2162e-01, -1.6839e-01,  1.5317e-01]), 'rvq_quantizer.layers.0._codebook.initted': tensor([1.]), 'rvq_quantizer.layers.0._codebook.cluster_size': tensor([[2.0000, 2.0000, 4.7759,  ..., 3.5134, 2.6568, 5.2979]]), 'rvq_quantizer.layers.0._codebook.embed_avg': tensor([[[  45.1829,  -98.7066,   25.8731,  ...,  157.2808,   45.5784,
           132.1898],
         [  47.8895,  -86.6794,   34.5476,  ...,  151.8770,   56.4251,
           127.1712],
         [  97.1108, -161.5816,   79.9941,  ...,  283.0064,  151.4198,
           171.2261],
         ...,
         [  98.2985, -169.5941,   49.5105,  ...,  264.8886,  109.8512,
           220.6738],
         [  85.4405, -116.7892,   35.1600,  ...,  190.0526,  103.4351,
           153.4301],
         [ 157.3450, -170.6926,   75.4031,  ...,  237.2130,  175.8527,
           139.2635]]]), 'rvq_quantizer.layers.0._codebook.embed': tensor([[[ 22.5914, -49.3532,  12.9365,  ...,  78.6403,  22.7892,  66.0948],
         [ 23.9448, -43.3397,  17.2738,  ...,  75.9385,  28.2125,  63.5856],
         [ 20.3335, -33.8326,  16.7495,  ...,  59.2571,  31.7049,  35.8520],
         ...,
         [ 27.9779, -48.2702,  14.0918,  ...,  75.3931,  31.2661,  62.8086],
         [ 32.1586, -43.9578,  13.2337,  ...,  71.5331,  38.9315,  57.7489],
         [ 29.6995, -32.2189,  14.2327,  ...,  44.7750,  33.1929,  26.2866]]]), 'rvq_quantizer.layers.1._codebook.initted': tensor([1.]), 'rvq_quantizer.layers.1._codebook.cluster_size': tensor([[321.3167,   3.0938,   6.1650,  ...,   2.0000,   2.8429,   3.4291]]), 'rvq_quantizer.layers.1._codebook.embed_avg': tensor([[[ 7.4738e-04, -1.1283e-03,  3.8501e-04,  ...,  1.9567e-03,
           8.8327e-04,  1.1995e-03],
         [ 8.2690e+00, -1.0616e+01, -1.0966e+01,  ...,  8.4561e+00,
          -5.8052e+00,  4.7220e+00],
         [ 8.2097e+00,  2.7210e+01,  2.1395e+01,  ..., -1.7923e+01,
          -5.6587e-01, -2.7783e+01],
         ...,
         [ 1.0894e+01, -8.9368e+00,  6.9318e-01,  ...,  4.2064e+00,
           1.5779e+00,  5.5443e+00],
         [-1.2826e+01, -1.2808e+00,  5.9782e-01,  ..., -6.7779e-01,
          -1.3479e+00, -6.3310e+00],
         [-2.2661e+00,  2.3642e+00, -7.5672e-01,  ...,  1.4422e+00,
           2.1707e-01,  3.2324e-01]]]), 'rvq_quantizer.layers.1._codebook.embed': tensor([[[ 2.3260e-06, -3.5114e-06,  1.1982e-06,  ...,  6.0898e-06,
           2.7489e-06,  3.7332e-06],
         [ 2.6728e+00, -3.4315e+00, -3.5445e+00,  ...,  2.7332e+00,
          -1.8764e+00,  1.5263e+00],
         [ 1.3317e+00,  4.4136e+00,  3.4704e+00,  ..., -2.9073e+00,
          -9.1788e-02, -4.5065e+00],
         ...,
         [ 5.4471e+00, -4.4684e+00,  3.4659e-01,  ...,  2.1032e+00,
           7.8895e-01,  2.7722e+00],
         [-4.5114e+00, -4.5052e-01,  2.1028e-01,  ..., -2.3841e-01,
          -4.7413e-01, -2.2269e+00],
         [-6.6085e-01,  6.8947e-01, -2.2068e-01,  ...,  4.2057e-01,
           6.3304e-02,  9.4264e-02]]]), 'rvq_quantizer.layers.2._codebook.initted': tensor([1.]), 'rvq_quantizer.layers.2._codebook.cluster_size': tensor([[360.7063,   3.6839,   7.1806,  ...,   2.0900,   3.4511,   2.0000]]), 'rvq_quantizer.layers.2._codebook.embed_avg': tensor([[[ 5.4752e-04, -8.5147e-04,  2.8874e-04,  ...,  1.4461e-03,
           6.3660e-04,  9.2328e-04],
         [-3.6456e-02,  5.3012e-02,  3.1672e-02,  ...,  5.6156e-02,
           1.1036e-02,  6.6176e-03],
         [ 4.3904e-01,  1.6178e-01,  1.1383e-01,  ...,  2.2690e-01,
           1.0335e-02, -1.7261e-01],
         ...,
         [ 1.0693e+00, -1.0641e+00, -9.5804e-01,  ..., -6.4544e-01,
           6.3562e-01, -2.2728e+00],
         [-1.6610e-01, -1.4701e+00, -2.7679e+00,  ..., -2.9742e-01,
          -2.8931e+00,  3.5300e+00],
         [ 1.3327e-02,  7.1266e-02, -1.3334e-02,  ...,  4.5192e-02,
           5.6914e-02, -1.2414e-01]]]), 'rvq_quantizer.layers.2._codebook.embed': tensor([[[ 1.5179e-06, -2.3606e-06,  8.0049e-07,  ...,  4.0091e-06,
           1.7649e-06,  2.5597e-06],
         [-9.8959e-03,  1.4390e-02,  8.5972e-03,  ...,  1.5244e-02,
           2.9956e-03,  1.7963e-03],
         [ 6.1143e-02,  2.2530e-02,  1.5852e-02,  ...,  3.1599e-02,
           1.4393e-03, -2.4039e-02],
         ...,
         [ 5.1161e-01, -5.0916e-01, -4.5839e-01,  ..., -3.0882e-01,
           3.0412e-01, -1.0875e+00],
         [-4.8130e-02, -4.2599e-01, -8.0206e-01,  ..., -8.6182e-02,
          -8.3832e-01,  1.0229e+00],
         [ 6.6637e-03,  3.5633e-02, -6.6670e-03,  ...,  2.2596e-02,
           2.8457e-02, -6.2072e-02]]]), 'rvq_quantizer.layers.3._codebook.initted': tensor([1.]), 'rvq_quantizer.layers.3._codebook.cluster_size': tensor([[7.5811, 2.5674, 2.3420,  ..., 6.3415, 2.1365, 2.1996]]), 'rvq_quantizer.layers.3._codebook.embed_avg': tensor([[[ 4.2127e-01,  2.3044e-01,  8.4896e-02,  ...,  2.6829e-01,
           4.4290e-02, -1.7315e-01],
         [ 7.3273e-01, -3.0759e+00, -1.5215e+00,  ...,  1.1419e+00,
           4.0004e-01, -4.3314e-01],
         [-1.8795e-02,  9.2993e-03, -4.0261e-03,  ..., -2.2103e-02,
          -6.4888e-03,  1.3751e-02],
         ...,
         [ 8.2892e+00,  1.4240e+00,  2.7110e+00,  ...,  2.4320e+00,
          -1.2323e+00,  4.7510e+00],
         [ 1.3188e+00,  7.3510e-01, -3.0965e-01,  ..., -1.3069e+00,
          -4.9708e-02,  2.0886e+00],
         [-3.6410e+00, -8.5230e-01,  1.7447e+00,  ..., -5.5389e+00,
          -2.3113e+00, -2.7676e+00]]]), 'rvq_quantizer.layers.3._codebook.embed': tensor([[[ 5.5569e-02,  3.0397e-02,  1.1198e-02,  ...,  3.5389e-02,
           5.8422e-03, -2.2839e-02],
         [ 2.8540e-01, -1.1981e+00, -5.9262e-01,  ...,  4.4479e-01,
           1.5582e-01, -1.6871e-01],
         [-8.0250e-03,  3.9706e-03, -1.7191e-03,  ..., -9.4375e-03,
          -2.7706e-03,  5.8715e-03],
         ...,
         [ 1.3071e+00,  2.2456e-01,  4.2751e-01,  ...,  3.8351e-01,
          -1.9433e-01,  7.4920e-01],
         [ 6.1728e-01,  3.4406e-01, -1.4493e-01,  ..., -6.1170e-01,
          -2.3266e-02,  9.7755e-01],
         [-1.6553e+00, -3.8748e-01,  7.9320e-01,  ..., -2.5182e+00,
          -1.0508e+00, -1.2582e+00]]])})
Loss:  tensor(1.6790, grad_fn=<MeanBackward0>)
OrderedDict({'rvq_quantizer.project_in.weight': tensor([[-0.0413, -0.0308, -0.0457,  ..., -0.0054,  0.1202, -0.1159],
        [ 0.0671,  0.0330, -0.0402,  ..., -0.0271,  0.0020,  0.1032],
        [-0.0275,  0.0642, -0.0733,  ..., -0.0311,  0.0269,  0.0363],
        ...,
        [-0.1104, -0.0646,  0.0862,  ..., -0.0201,  0.0044,  0.0403],
        [-0.0280,  0.0473, -0.0244,  ..., -0.0301, -0.0984, -0.0943],
        [-0.0933, -0.0056,  0.1242,  ..., -0.0953,  0.0431,  0.0878]]), 'rvq_quantizer.project_in.bias': tensor([-6.1077e-03, -1.0639e-01,  5.7743e-02,  6.1203e-02, -9.2560e-02,
         7.2414e-02, -8.3908e-02, -1.2417e-01,  1.2006e-01, -1.7564e-02,
        -1.3723e-02,  7.0126e-02,  6.4868e-03,  7.0763e-02,  1.1920e-01,
         4.2498e-05,  4.7043e-02,  9.1601e-02,  6.0515e-02, -1.7811e-02,
         2.7558e-02, -6.4958e-02,  4.0020e-02, -7.0381e-02,  5.4873e-03,
        -3.8032e-02,  2.0210e-02,  6.6242e-02, -3.0837e-02,  1.1786e-01,
         1.2109e-01, -8.7243e-02]), 'rvq_quantizer.project_out.weight': tensor([[ 0.1391,  0.1389, -0.0638,  ...,  0.1497, -0.1518, -0.0982],
        [ 0.0400, -0.1660,  0.0335,  ...,  0.1551, -0.0025, -0.0239],
        [-0.0596, -0.0033,  0.1215,  ...,  0.0158,  0.0578,  0.0373],
        ...,
        [ 0.1155, -0.1740, -0.0604,  ..., -0.0189, -0.1290, -0.1407],
        [ 0.1166, -0.1520,  0.1097,  ..., -0.1163, -0.1759,  0.0724],
        [ 0.0715,  0.1611, -0.1024,  ...,  0.0083, -0.0714, -0.1503]]), 'rvq_quantizer.project_out.bias': tensor([ 1.5987e-01,  1.5615e-01, -1.5339e-01, -1.0336e-01, -6.1310e-02,
         1.3101e-01,  1.5501e-01, -1.5527e-01,  1.1952e-01, -1.5099e-01,
        -6.0957e-02,  1.4259e-01,  1.0313e-01,  1.3681e-01,  1.7227e-01,
        -8.1989e-02, -8.3912e-03, -1.7124e-01, -4.0239e-02,  1.4932e-01,
         1.4961e-01, -5.6660e-02,  9.9182e-02, -1.0434e-01, -7.8989e-02,
        -9.6498e-02,  1.5545e-01,  3.2009e-02,  3.9123e-02, -3.6162e-02,
         3.2309e-02, -1.1915e-01,  1.7072e-01, -1.2743e-01,  1.0117e-01,
        -1.7586e-01, -2.1377e-03, -9.6926e-02, -1.5145e-01, -9.3806e-03,
         9.3895e-02, -1.7972e-02, -9.2573e-02,  4.8761e-02,  3.3396e-02,
        -1.5251e-01,  9.7981e-03,  1.3211e-01, -2.1608e-02, -7.7352e-02,
        -1.3026e-01,  7.6535e-02, -7.3283e-03,  1.0275e-04,  6.7207e-02,
         7.6276e-02,  2.7185e-03, -1.2288e-01,  1.6985e-01, -1.5501e-01,
        -1.4429e-01, -1.2162e-01, -1.6839e-01,  1.5317e-01]), 'rvq_quantizer.layers.0._codebook.initted': tensor([1.]), 'rvq_quantizer.layers.0._codebook.cluster_size': tensor([[2.0000, 2.0000, 4.7983,  ..., 3.5621, 2.6912, 5.3681]]), 'rvq_quantizer.layers.0._codebook.embed_avg': tensor([[[  54.8467,  -98.1034,   35.6926,  ...,  155.9205,   52.5156,
           126.0635],
         [  59.4656,  -98.5866,   33.9228,  ...,  158.4717,   48.5536,
           130.9066],
         [  97.5416, -162.4041,   80.2211,  ...,  284.3495,  152.1376,
           172.0722],
         ...,
         [  99.5947, -171.9420,   50.1677,  ...,  268.5869,  111.4494,
           223.7134],
         [  86.5415, -118.2680,   35.6122,  ...,  192.5136,  104.7780,
           155.4092],
         [ 159.4021, -172.9457,   76.5084,  ...,  240.3997,  178.2251,
           141.0728]]]), 'rvq_quantizer.layers.0._codebook.embed': tensor([[[ 27.4234, -49.0517,  17.8463,  ...,  77.9602,  26.2578,  63.0317],
         [ 29.7328, -49.2933,  16.9614,  ...,  79.2359,  24.2768,  65.4533],
         [ 20.3283, -33.8461,  16.7186,  ...,  59.2603,  31.7065,  35.8610],
         ...,
         [ 27.9596, -48.2700,  14.0838,  ...,  75.4015,  31.2877,  62.8040],
         [ 32.1576, -43.9468,  13.2330,  ...,  71.5354,  38.9341,  57.7479],
         [ 29.6943, -32.2173,  14.2524,  ...,  44.7830,  33.2007,  26.2798]]]), 'rvq_quantizer.layers.1._codebook.initted': tensor([1.]), 'rvq_quantizer.layers.1._codebook.cluster_size': tensor([[323.7850,   3.0844,   5.9485,  ...,   2.0000,   2.8586,   3.4862]]), 'rvq_quantizer.layers.1._codebook.embed_avg': tensor([[[ 7.4875e-04, -1.1255e-03,  3.8477e-04,  ...,  1.9530e-03,
           8.8172e-04,  1.1912e-03],
         [ 8.3857e+00, -1.0672e+01, -1.0731e+01,  ...,  8.3876e+00,
          -5.8630e+00,  5.0007e+00],
         [ 8.1987e+00,  2.6221e+01,  2.0838e+01,  ..., -1.7409e+01,
           2.2842e-02, -2.6647e+01],
         ...,
         [-2.8291e+00,  6.7458e-01,  1.3330e+00,  ...,  1.2457e+00,
          -4.5983e+00,  4.2939e+00],
         [-1.2799e+01, -1.3158e+00,  5.4046e-01,  ..., -9.5293e-01,
          -1.4679e+00, -6.4847e+00],
         [-2.2900e+00,  2.4641e+00, -6.4035e-01,  ...,  1.3358e+00,
           1.3300e-02,  2.6116e-01]]]), 'rvq_quantizer.layers.1._codebook.embed': tensor([[[ 2.3125e-06, -3.4761e-06,  1.1884e-06,  ...,  6.0316e-06,
           2.7232e-06,  3.6789e-06],
         [ 2.7187e+00, -3.4601e+00, -3.4791e+00,  ...,  2.7193e+00,
          -1.9009e+00,  1.6213e+00],
         [ 1.3783e+00,  4.4080e+00,  3.5031e+00,  ..., -2.9266e+00,
           3.8401e-03, -4.4797e+00],
         ...,
         [-1.4145e+00,  3.3729e-01,  6.6652e-01,  ...,  6.2286e-01,
          -2.2992e+00,  2.1470e+00],
         [-4.4773e+00, -4.6028e-01,  1.8906e-01,  ..., -3.3335e-01,
          -5.1349e-01, -2.2685e+00],
         [-6.5688e-01,  7.0682e-01, -1.8368e-01,  ...,  3.8318e-01,
           3.8151e-03,  7.4914e-02]]]), 'rvq_quantizer.layers.2._codebook.initted': tensor([1.]), 'rvq_quantizer.layers.2._codebook.cluster_size': tensor([[363.2357,   3.8155,   6.5625,  ...,   2.1810,   3.5059,   2.1000]]), 'rvq_quantizer.layers.2._codebook.embed_avg': tensor([[[ 5.4656e-04, -8.4339e-04,  2.8772e-04,  ...,  1.4286e-03,
           6.3249e-04,  9.0845e-04],
         [-4.6930e-02,  5.7689e-02,  4.7673e-02,  ...,  3.8760e-02,
          -1.2689e-03, -9.7610e-03],
         [ 4.0226e-01,  1.5184e-01,  8.8693e-02,  ...,  2.0737e-01,
           2.1954e-02, -1.6832e-01],
         ...,
         [ 1.2858e+00, -1.0745e+00, -1.1512e+00,  ..., -6.4931e-01,
           5.8127e-01, -2.3336e+00],
         [-8.4112e-02, -1.6634e+00, -2.8503e+00,  ...,  5.0624e-02,
          -3.3454e+00,  3.6102e+00],
         [-1.0432e-03,  5.9192e-02, -2.7725e-02,  ...,  2.4096e-02,
           5.0342e-02, -1.4549e-01]]]), 'rvq_quantizer.layers.2._codebook.embed': tensor([[[ 1.5047e-06, -2.3219e-06,  7.9212e-07,  ...,  3.9331e-06,
           1.7413e-06,  2.5010e-06],
         [-1.2300e-02,  1.5119e-02,  1.2495e-02,  ...,  1.0158e-02,
          -3.3257e-04, -2.5582e-03],
         [ 6.1296e-02,  2.3138e-02,  1.3515e-02,  ...,  3.1599e-02,
           3.3454e-03, -2.5648e-02],
         ...,
         [ 5.8957e-01, -4.9265e-01, -5.2781e-01,  ..., -2.9771e-01,
           2.6651e-01, -1.0700e+00],
         [-2.3991e-02, -4.7445e-01, -8.1298e-01,  ...,  1.4440e-02,
          -9.5422e-01,  1.0297e+00],
         [-4.9674e-04,  2.8187e-02, -1.3202e-02,  ...,  1.1474e-02,
           2.3972e-02, -6.9279e-02]]]), 'rvq_quantizer.layers.3._codebook.initted': tensor([1.]), 'rvq_quantizer.layers.3._codebook.cluster_size': tensor([[6.8230, 2.4106, 2.1078,  ..., 6.2073, 2.0229, 2.0796]]), 'rvq_quantizer.layers.3._codebook.embed_avg': tensor([[[ 3.7915e-01,  2.0740e-01,  7.6407e-02,  ...,  2.4146e-01,
           3.9861e-02, -1.5583e-01],
         [ 7.5738e-01, -2.8525e+00, -1.5020e+00,  ...,  1.1583e+00,
           3.2131e-01, -3.8986e-01],
         [-1.6915e-02,  8.3693e-03, -3.6235e-03,  ..., -1.9892e-02,
          -5.8399e-03,  1.2376e-02],
         ...,
         [ 8.2056e+00,  1.1946e+00,  2.6044e+00,  ...,  2.4085e+00,
          -1.1854e+00,  4.5836e+00],
         [ 1.2322e+00,  7.8280e-01, -2.6557e-01,  ..., -1.1667e+00,
          -1.7430e-01,  2.1220e+00],
         [-3.5741e+00, -7.8242e-01,  1.6157e+00,  ..., -5.1294e+00,
          -2.1633e+00, -2.7162e+00]]]), 'rvq_quantizer.layers.3._codebook.embed': tensor([[[ 5.5569e-02,  3.0397e-02,  1.1198e-02,  ...,  3.5389e-02,
           5.8422e-03, -2.2839e-02],
         [ 3.1418e-01, -1.1833e+00, -6.2306e-01,  ...,  4.8050e-01,
           1.3329e-01, -1.6173e-01],
         [-8.0250e-03,  3.9706e-03, -1.7191e-03,  ..., -9.4375e-03,
          -2.7706e-03,  5.8715e-03],
         ...,
         [ 1.3219e+00,  1.9246e-01,  4.1957e-01,  ...,  3.8801e-01,
          -1.9097e-01,  7.3842e-01],
         [ 6.0914e-01,  3.8697e-01, -1.3128e-01,  ..., -5.7674e-01,
          -8.6165e-02,  1.0490e+00],
         [-1.7186e+00, -3.7623e-01,  7.7692e-01,  ..., -2.4665e+00,
          -1.0402e+00, -1.3061e+00]]])})
Loss:  tensor(1.6643, grad_fn=<MeanBackward0>)
OrderedDict({'rvq_quantizer.project_in.weight': tensor([[-0.0413, -0.0308, -0.0457,  ..., -0.0054,  0.1202, -0.1159],
        [ 0.0671,  0.0330, -0.0402,  ..., -0.0271,  0.0020,  0.1032],
        [-0.0275,  0.0642, -0.0733,  ..., -0.0311,  0.0269,  0.0363],
        ...,
        [-0.1104, -0.0646,  0.0862,  ..., -0.0201,  0.0044,  0.0403],
        [-0.0280,  0.0473, -0.0244,  ..., -0.0301, -0.0984, -0.0943],
        [-0.0933, -0.0056,  0.1242,  ..., -0.0953,  0.0431,  0.0878]]), 'rvq_quantizer.project_in.bias': tensor([-6.1077e-03, -1.0639e-01,  5.7743e-02,  6.1203e-02, -9.2560e-02,
         7.2414e-02, -8.3908e-02, -1.2417e-01,  1.2006e-01, -1.7564e-02,
        -1.3723e-02,  7.0126e-02,  6.4868e-03,  7.0763e-02,  1.1920e-01,
         4.2498e-05,  4.7043e-02,  9.1601e-02,  6.0515e-02, -1.7811e-02,
         2.7558e-02, -6.4958e-02,  4.0020e-02, -7.0381e-02,  5.4873e-03,
        -3.8032e-02,  2.0210e-02,  6.6242e-02, -3.0837e-02,  1.1786e-01,
         1.2109e-01, -8.7243e-02]), 'rvq_quantizer.project_out.weight': tensor([[ 0.1391,  0.1389, -0.0638,  ...,  0.1497, -0.1518, -0.0982],
        [ 0.0400, -0.1660,  0.0335,  ...,  0.1551, -0.0025, -0.0239],
        [-0.0596, -0.0033,  0.1215,  ...,  0.0158,  0.0578,  0.0373],
        ...,
        [ 0.1155, -0.1740, -0.0604,  ..., -0.0189, -0.1290, -0.1407],
        [ 0.1166, -0.1520,  0.1097,  ..., -0.1163, -0.1759,  0.0724],
        [ 0.0715,  0.1611, -0.1024,  ...,  0.0083, -0.0714, -0.1503]]), 'rvq_quantizer.project_out.bias': tensor([ 1.5987e-01,  1.5615e-01, -1.5339e-01, -1.0336e-01, -6.1310e-02,
         1.3101e-01,  1.5501e-01, -1.5527e-01,  1.1952e-01, -1.5099e-01,
        -6.0957e-02,  1.4259e-01,  1.0313e-01,  1.3681e-01,  1.7227e-01,
        -8.1989e-02, -8.3912e-03, -1.7124e-01, -4.0239e-02,  1.4932e-01,
         1.4961e-01, -5.6660e-02,  9.9182e-02, -1.0434e-01, -7.8989e-02,
        -9.6498e-02,  1.5545e-01,  3.2009e-02,  3.9123e-02, -3.6162e-02,
         3.2309e-02, -1.1915e-01,  1.7072e-01, -1.2743e-01,  1.0117e-01,
        -1.7586e-01, -2.1377e-03, -9.6926e-02, -1.5145e-01, -9.3806e-03,
         9.3895e-02, -1.7972e-02, -9.2573e-02,  4.8761e-02,  3.3396e-02,
        -1.5251e-01,  9.7981e-03,  1.3211e-01, -2.1608e-02, -7.7352e-02,
        -1.3026e-01,  7.6535e-02, -7.3283e-03,  1.0275e-04,  6.7207e-02,
         7.6276e-02,  2.7185e-03, -1.2288e-01,  1.6985e-01, -1.5501e-01,
        -1.4429e-01, -1.2162e-01, -1.6839e-01,  1.5317e-01]), 'rvq_quantizer.layers.0._codebook.initted': tensor([1.]), 'rvq_quantizer.layers.0._codebook.cluster_size': tensor([[2.0000, 2.0000, 4.8366,  ..., 3.4453, 2.7498, 5.2982]]), 'rvq_quantizer.layers.0._codebook.embed_avg': tensor([[[  50.3398,  -81.1223,   38.2151,  ...,  133.2234,   75.4094,
           106.5220],
         [  33.3184,  -49.3558,   31.2323,  ...,   92.1256,   67.4491,
            42.8646],
         [  98.2782, -163.8105,   80.6093,  ...,  286.6463,  153.3651,
           173.5191],
         ...,
         [  96.6055, -166.3323,   48.6812,  ...,  259.8764,  107.6187,
           216.4337],
         [  88.4241, -120.7968,   36.3856,  ...,  196.7218,  107.0744,
           158.7935],
         [ 157.5038, -170.7524,   75.4807,  ...,  237.5748,  176.4017,
           139.1283]]]), 'rvq_quantizer.layers.0._codebook.embed': tensor([[[ 25.1699, -40.5612,  19.1076,  ...,  66.6117,  37.7047,  53.2610],
         [ 16.6592, -24.6779,  15.6161,  ...,  46.0627,  33.7245,  21.4323],
         [ 20.3195, -33.8687,  16.6664,  ...,  59.2657,  31.7091,  35.8760],
         ...,
         [ 28.0399, -48.2782,  14.1298,  ...,  75.4294,  31.2365,  62.8201],
         [ 32.1561, -43.9286,  13.2319,  ...,  71.5393,  38.9384,  57.7464],
         [ 29.7280, -32.2286,  14.2466,  ...,  44.8410,  33.2949,  26.2597]]]), 'rvq_quantizer.layers.1._codebook.initted': tensor([1.]), 'rvq_quantizer.layers.1._codebook.cluster_size': tensor([[326.6259,   2.8684,   6.0683,  ...,   2.0000,   2.7855,   3.4838]]), 'rvq_quantizer.layers.1._codebook.embed_avg': tensor([[[ 7.6960e-04, -1.1707e-03,  3.9173e-04,  ...,  2.0139e-03,
           8.9806e-04,  1.2301e-03],
         [ 7.3452e+00, -1.0363e+01, -1.0162e+01,  ...,  8.3602e+00,
          -5.7828e+00,  4.0614e+00],
         [ 8.8257e+00,  2.6202e+01,  2.1164e+01,  ..., -1.7564e+01,
           5.4021e-01, -2.7056e+01],
         ...,
         [ 3.0333e+00, -7.6829e+00, -5.6709e+00,  ..., -3.8194e+00,
          -3.4549e+00, -3.4011e+00],
         [-1.2371e+01, -1.3901e+00,  5.6956e-01,  ..., -1.1680e+00,
          -1.3455e+00, -6.2870e+00],
         [-2.2812e+00,  2.5272e+00, -1.4089e-01,  ...,  1.1490e+00,
          -3.5754e-01,  1.2269e-01]]]), 'rvq_quantizer.layers.1._codebook.embed': tensor([[[ 2.3562e-06, -3.5842e-06,  1.1993e-06,  ...,  6.1657e-06,
           2.7495e-06,  3.7662e-06],
         [ 2.5607e+00, -3.6129e+00, -3.5428e+00,  ...,  2.9146e+00,
          -2.0161e+00,  1.4159e+00],
         [ 1.4544e+00,  4.3179e+00,  3.4877e+00,  ..., -2.8945e+00,
           8.9023e-02, -4.4587e+00],
         ...,
         [ 1.5167e+00, -3.8415e+00, -2.8354e+00,  ..., -1.9097e+00,
          -1.7275e+00, -1.7006e+00],
         [-4.4413e+00, -4.9903e-01,  2.0447e-01,  ..., -4.1932e-01,
          -4.8304e-01, -2.2570e+00],
         [-6.5481e-01,  7.2541e-01, -4.0442e-02,  ...,  3.2982e-01,
          -1.0263e-01,  3.5218e-02]]]), 'rvq_quantizer.layers.2._codebook.initted': tensor([1.]), 'rvq_quantizer.layers.2._codebook.cluster_size': tensor([[366.4709,   3.7706,   5.6857,  ...,   2.0000,   3.3198,   2.0000]]), 'rvq_quantizer.layers.2._codebook.embed_avg': tensor([[[ 5.5827e-04, -8.6823e-04,  2.8607e-04,  ...,  1.4760e-03,
           6.4032e-04,  9.2409e-04],
         [-4.7008e-02,  2.5309e-02,  5.6275e-02,  ...,  4.8049e-02,
          -1.5714e-03, -5.2383e-03],
         [ 3.4346e-01,  1.5539e-01,  5.9865e-02,  ...,  2.0218e-01,
           2.4626e-02, -1.2772e-01],
         ...,
         [-5.5813e+00,  4.8340e+00, -2.0874e+00,  ..., -7.2369e-01,
           7.0479e-01,  2.7909e-02],
         [-2.4359e-01, -2.0210e+00, -2.7467e+00,  ...,  4.0189e-01,
          -3.7997e+00,  3.3846e+00],
         [-4.4297e+00,  3.4472e+00,  1.4875e+00,  ..., -2.1538e+00,
          -2.3868e+00, -3.0744e+00]]]), 'rvq_quantizer.layers.2._codebook.embed': tensor([[[ 1.5234e-06, -2.3692e-06,  7.8060e-07,  ...,  4.0276e-06,
           1.7473e-06,  2.5216e-06],
         [-1.2467e-02,  6.7123e-03,  1.4925e-02,  ...,  1.2743e-02,
          -4.1677e-04, -1.3893e-03],
         [ 6.0408e-02,  2.7330e-02,  1.0529e-02,  ...,  3.5560e-02,
           4.3313e-03, -2.2463e-02],
         ...,
         [-2.7906e+00,  2.4170e+00, -1.0437e+00,  ..., -3.6185e-01,
           3.5240e-01,  1.3954e-02],
         [-7.3374e-02, -6.0877e-01, -8.2735e-01,  ...,  1.2106e-01,
          -1.1446e+00,  1.0195e+00],
         [-2.2149e+00,  1.7236e+00,  7.4376e-01,  ..., -1.0769e+00,
          -1.1934e+00, -1.5372e+00]]]), 'rvq_quantizer.layers.3._codebook.initted': tensor([1.]), 'rvq_quantizer.layers.3._codebook.cluster_size': tensor([[5.6266, 2.1526, 2.0000,  ..., 5.9679, 2.0000, 2.0000]]), 'rvq_quantizer.layers.3._codebook.embed_avg': tensor([[[ 0.3169,  0.1609,  0.0529,  ...,  0.2047,  0.0396, -0.1373],
         [ 0.5647, -2.7276, -1.1647,  ...,  1.1782,  0.1845, -0.3256],
         [ 1.9379, -0.7775, -1.6318,  ...,  0.9117,  0.3991,  4.9267],
         ...,
         [ 8.0667,  0.7842,  2.2655,  ...,  2.2495, -1.2531,  4.1925],
         [-3.2138,  0.3820, -3.3131,  ..., -1.2303,  2.7843,  3.4207],
         [ 0.0208,  0.0359, -0.0483,  ...,  0.0667,  0.0187,  0.0164]]]), 'rvq_quantizer.layers.3._codebook.embed': tensor([[[ 0.0563,  0.0286,  0.0094,  ...,  0.0364,  0.0070, -0.0244],
         [ 0.2623, -1.2671, -0.5411,  ...,  0.5474,  0.0857, -0.1512],
         [ 0.9690, -0.3888, -0.8159,  ...,  0.4559,  0.1996,  2.4633],
         ...,
         [ 1.3517,  0.1314,  0.3796,  ...,  0.3769, -0.2100,  0.7025],
         [-1.6069,  0.1910, -1.6566,  ..., -0.6151,  1.3922,  1.7104],
         [ 0.0104,  0.0180, -0.0241,  ...,  0.0333,  0.0093,  0.0082]]])})
Loss:  tensor(1.6259, grad_fn=<MeanBackward0>)
OrderedDict({'rvq_quantizer.project_in.weight': tensor([[-0.0413, -0.0308, -0.0457,  ..., -0.0054,  0.1202, -0.1159],
        [ 0.0671,  0.0330, -0.0402,  ..., -0.0271,  0.0020,  0.1032],
        [-0.0275,  0.0642, -0.0733,  ..., -0.0311,  0.0269,  0.0363],
        ...,
        [-0.1104, -0.0646,  0.0862,  ..., -0.0201,  0.0044,  0.0403],
        [-0.0280,  0.0473, -0.0244,  ..., -0.0301, -0.0984, -0.0943],
        [-0.0933, -0.0056,  0.1242,  ..., -0.0953,  0.0431,  0.0878]]), 'rvq_quantizer.project_in.bias': tensor([-6.1077e-03, -1.0639e-01,  5.7743e-02,  6.1203e-02, -9.2560e-02,
         7.2414e-02, -8.3908e-02, -1.2417e-01,  1.2006e-01, -1.7564e-02,
        -1.3723e-02,  7.0126e-02,  6.4868e-03,  7.0763e-02,  1.1920e-01,
         4.2498e-05,  4.7043e-02,  9.1601e-02,  6.0515e-02, -1.7811e-02,
         2.7558e-02, -6.4958e-02,  4.0020e-02, -7.0381e-02,  5.4873e-03,
        -3.8032e-02,  2.0210e-02,  6.6242e-02, -3.0837e-02,  1.1786e-01,
         1.2109e-01, -8.7243e-02]), 'rvq_quantizer.project_out.weight': tensor([[ 0.1391,  0.1389, -0.0638,  ...,  0.1497, -0.1518, -0.0982],
        [ 0.0400, -0.1660,  0.0335,  ...,  0.1551, -0.0025, -0.0239],
        [-0.0596, -0.0033,  0.1215,  ...,  0.0158,  0.0578,  0.0373],
        ...,
        [ 0.1155, -0.1740, -0.0604,  ..., -0.0189, -0.1290, -0.1407],
        [ 0.1166, -0.1520,  0.1097,  ..., -0.1163, -0.1759,  0.0724],
        [ 0.0715,  0.1611, -0.1024,  ...,  0.0083, -0.0714, -0.1503]]), 'rvq_quantizer.project_out.bias': tensor([ 1.5987e-01,  1.5615e-01, -1.5339e-01, -1.0336e-01, -6.1310e-02,
         1.3101e-01,  1.5501e-01, -1.5527e-01,  1.1952e-01, -1.5099e-01,
        -6.0957e-02,  1.4259e-01,  1.0313e-01,  1.3681e-01,  1.7227e-01,
        -8.1989e-02, -8.3912e-03, -1.7124e-01, -4.0239e-02,  1.4932e-01,
         1.4961e-01, -5.6660e-02,  9.9182e-02, -1.0434e-01, -7.8989e-02,
        -9.6498e-02,  1.5545e-01,  3.2009e-02,  3.9123e-02, -3.6162e-02,
         3.2309e-02, -1.1915e-01,  1.7072e-01, -1.2743e-01,  1.0117e-01,
        -1.7586e-01, -2.1377e-03, -9.6926e-02, -1.5145e-01, -9.3806e-03,
         9.3895e-02, -1.7972e-02, -9.2573e-02,  4.8761e-02,  3.3396e-02,
        -1.5251e-01,  9.7981e-03,  1.3211e-01, -2.1608e-02, -7.7352e-02,
        -1.3026e-01,  7.6535e-02, -7.3283e-03,  1.0275e-04,  6.7207e-02,
         7.6276e-02,  2.7185e-03, -1.2288e-01,  1.6985e-01, -1.5501e-01,
        -1.4429e-01, -1.2162e-01, -1.6839e-01,  1.5317e-01]), 'rvq_quantizer.layers.0._codebook.initted': tensor([1.]), 'rvq_quantizer.layers.0._codebook.cluster_size': tensor([[2.0000, 2.0000, 4.8530,  ..., 3.5008, 2.6749, 5.3684]]), 'rvq_quantizer.layers.0._codebook.embed_avg': tensor([[[ 4.8064e+01, -5.9252e+01,  2.6762e-01,  ...,  1.2223e+02,
           4.1119e+01,  8.8133e+01],
         [ 3.3558e+01, -4.9657e+01,  3.1224e+01,  ...,  9.2116e+01,
           6.7368e+01,  4.2999e+01],
         [ 9.8592e+01, -1.6441e+02,  8.0775e+01,  ...,  2.8763e+02,
           1.5389e+02,  1.7414e+02],
         ...,
         [ 9.8071e+01, -1.6901e+02,  4.9421e+01,  ...,  2.6408e+02,
           1.0944e+02,  2.1990e+02],
         [ 8.5825e+01, -1.1739e+02,  3.5447e+01,  ...,  1.9109e+02,
           1.0411e+02,  1.5434e+02],
         [ 1.5954e+02, -1.7300e+02,  7.6578e+01,  ...,  2.4073e+02,
           1.7872e+02,  1.4095e+02]]]), 'rvq_quantizer.layers.0._codebook.embed': tensor([[[ 24.0320, -29.6259,   0.1338,  ...,  61.1166,  20.5597,  44.0667],
         [ 16.7792, -24.8284,  15.6121,  ...,  46.0578,  33.6842,  21.4997],
         [ 20.3158, -33.8782,  16.6444,  ...,  59.2679,  31.7101,  35.8823],
         ...,
         [ 28.0142, -48.2770,  14.1173,  ...,  75.4338,  31.2618,  62.8141],
         [ 32.0857, -43.8868,  13.2518,  ...,  71.4382,  38.9211,  57.7007],
         [ 29.7196, -32.2259,  14.2648,  ...,  44.8416,  33.2913,  26.2560]]]), 'rvq_quantizer.layers.1._codebook.initted': tensor([1.]), 'rvq_quantizer.layers.1._codebook.cluster_size': tensor([[328.0633,   2.6815,   6.3614,  ...,   2.0000,   2.7069,   3.3354]]), 'rvq_quantizer.layers.1._codebook.embed_avg': tensor([[[ 7.6741e-04, -1.1677e-03,  3.8519e-04,  ...,  2.0124e-03,
           8.9275e-04,  1.2252e-03],
         [ 6.8295e+00, -9.7146e+00, -9.6775e+00,  ...,  8.1548e+00,
          -5.3996e+00,  3.3257e+00],
         [ 9.2830e+00,  2.7453e+01,  2.1730e+01,  ..., -1.8530e+01,
           5.9783e-01, -2.8682e+01],
         ...,
         [-4.4840e-01, -4.5086e+00, -2.4831e+00,  ...,  4.3662e+00,
          -4.5745e+00,  1.2786e+00],
         [-1.2634e+01, -1.0107e+00,  4.1805e-01,  ..., -8.0207e-01,
          -1.3292e+00, -6.0525e+00],
         [-2.1276e+00,  1.9917e+00, -2.4948e-02,  ...,  1.0396e+00,
           5.1906e-02,  1.9696e-01]]]), 'rvq_quantizer.layers.1._codebook.embed': tensor([[[ 2.3392e-06, -3.5593e-06,  1.1741e-06,  ...,  6.1341e-06,
           2.7213e-06,  3.7346e-06],
         [ 2.5468e+00, -3.6228e+00, -3.6089e+00,  ...,  3.0411e+00,
          -2.0136e+00,  1.2402e+00],
         [ 1.4593e+00,  4.3156e+00,  3.4158e+00,  ..., -2.9129e+00,
           9.3977e-02, -4.5088e+00],
         ...,
         [-2.2420e-01, -2.2543e+00, -1.2416e+00,  ...,  2.1831e+00,
          -2.2872e+00,  6.3928e-01],
         [-4.6672e+00, -3.7339e-01,  1.5444e-01,  ..., -2.9630e-01,
          -4.9102e-01, -2.2359e+00],
         [-6.3789e-01,  5.9715e-01, -7.4798e-03,  ...,  3.1167e-01,
           1.5562e-02,  5.9050e-02]]]), 'rvq_quantizer.layers.2._codebook.initted': tensor([1.]), 'rvq_quantizer.layers.2._codebook.cluster_size': tensor([[367.6238,   3.5935,   5.2171,  ...,   2.0000,   3.2878,   2.0000]]), 'rvq_quantizer.layers.2._codebook.embed_avg': tensor([[[ 5.5568e-04, -8.6420e-04,  2.8301e-04,  ...,  1.4747e-03,
           6.3668e-04,  9.2043e-04],
         [-3.8434e-02,  2.8771e-02,  5.8039e-02,  ...,  3.5550e-02,
          -6.4098e-03, -4.5439e-03],
         [ 3.2818e-01,  1.5447e-01,  2.9196e-02,  ...,  1.8551e-01,
           4.0482e-02, -1.3171e-01],
         ...,
         [ 1.4976e+00,  2.3919e-01,  1.3221e+00,  ..., -3.7489e+00,
          -2.6429e+00,  6.0689e-01],
         [ 2.3292e-01, -2.3647e+00, -2.6648e+00,  ...,  7.5708e-01,
          -4.0313e+00,  3.3150e+00],
         [-2.4760e+00,  1.6107e+00,  6.8165e+00,  ..., -8.3275e+00,
          -2.4963e+00,  3.9120e-01]]]), 'rvq_quantizer.layers.2._codebook.embed': tensor([[[ 1.5116e-06, -2.3508e-06,  7.6984e-07,  ...,  4.0113e-06,
           1.7319e-06,  2.5037e-06],
         [-1.0695e-02,  8.0064e-03,  1.6151e-02,  ...,  9.8929e-03,
          -1.7837e-03, -1.2645e-03],
         [ 6.2906e-02,  2.9609e-02,  5.5962e-03,  ...,  3.5559e-02,
           7.7595e-03, -2.5246e-02],
         ...,
         [ 7.4880e-01,  1.1959e-01,  6.6103e-01,  ..., -1.8744e+00,
          -1.3215e+00,  3.0344e-01],
         [ 7.0844e-02, -7.1924e-01, -8.1049e-01,  ...,  2.3027e-01,
          -1.2261e+00,  1.0083e+00],
         [-1.2380e+00,  8.0534e-01,  3.4083e+00,  ..., -4.1637e+00,
          -1.2481e+00,  1.9560e-01]]]), 'rvq_quantizer.layers.3._codebook.initted': tensor([1.]), 'rvq_quantizer.layers.3._codebook.cluster_size': tensor([[5.1639, 2.1374, 2.0000,  ..., 5.9711, 2.0000, 2.0000]]), 'rvq_quantizer.layers.3._codebook.embed_avg': tensor([[[ 0.3028,  0.1380,  0.0445,  ...,  0.1899,  0.0255, -0.1097],
         [ 0.5430, -2.8195, -0.9820,  ...,  1.2643,  0.2724, -0.5818],
         [ 1.9610, -0.9622, -1.4156,  ...,  1.1828,  0.4851,  4.7202],
         ...,
         [ 8.0362,  0.7315,  2.3612,  ...,  2.2465, -1.2792,  4.0799],
         [ 2.1112, -2.6486, -5.8690,  ..., -1.6959,  2.1253,  0.5104],
         [ 0.2471,  0.0211,  0.0641,  ..., -0.1256, -0.4862,  0.2387]]]), 'rvq_quantizer.layers.3._codebook.embed': tensor([[[ 0.0586,  0.0267,  0.0086,  ...,  0.0368,  0.0049, -0.0212],
         [ 0.2541, -1.3191, -0.4594,  ...,  0.5915,  0.1275, -0.2722],
         [ 0.9805, -0.4811, -0.7078,  ...,  0.5914,  0.2426,  2.3601],
         ...,
         [ 1.3458,  0.1225,  0.3954,  ...,  0.3762, -0.2142,  0.6833],
         [ 1.0556, -1.3243, -2.9345,  ..., -0.8479,  1.0627,  0.2552],
         [ 0.1236,  0.0105,  0.0320,  ..., -0.0628, -0.2431,  0.1193]]])})
Loss:  tensor(1.6474, grad_fn=<MeanBackward0>)
OrderedDict({'rvq_quantizer.project_in.weight': tensor([[-0.0413, -0.0308, -0.0457,  ..., -0.0054,  0.1202, -0.1159],
        [ 0.0671,  0.0330, -0.0402,  ..., -0.0271,  0.0020,  0.1032],
        [-0.0275,  0.0642, -0.0733,  ..., -0.0311,  0.0269,  0.0363],
        ...,
        [-0.1104, -0.0646,  0.0862,  ..., -0.0201,  0.0044,  0.0403],
        [-0.0280,  0.0473, -0.0244,  ..., -0.0301, -0.0984, -0.0943],
        [-0.0933, -0.0056,  0.1242,  ..., -0.0953,  0.0431,  0.0878]]), 'rvq_quantizer.project_in.bias': tensor([-6.1077e-03, -1.0639e-01,  5.7743e-02,  6.1203e-02, -9.2560e-02,
         7.2414e-02, -8.3908e-02, -1.2417e-01,  1.2006e-01, -1.7564e-02,
        -1.3723e-02,  7.0126e-02,  6.4868e-03,  7.0763e-02,  1.1920e-01,
         4.2498e-05,  4.7043e-02,  9.1601e-02,  6.0515e-02, -1.7811e-02,
         2.7558e-02, -6.4958e-02,  4.0020e-02, -7.0381e-02,  5.4873e-03,
        -3.8032e-02,  2.0210e-02,  6.6242e-02, -3.0837e-02,  1.1786e-01,
         1.2109e-01, -8.7243e-02]), 'rvq_quantizer.project_out.weight': tensor([[ 0.1391,  0.1389, -0.0638,  ...,  0.1497, -0.1518, -0.0982],
        [ 0.0400, -0.1660,  0.0335,  ...,  0.1551, -0.0025, -0.0239],
        [-0.0596, -0.0033,  0.1215,  ...,  0.0158,  0.0578,  0.0373],
        ...,
        [ 0.1155, -0.1740, -0.0604,  ..., -0.0189, -0.1290, -0.1407],
        [ 0.1166, -0.1520,  0.1097,  ..., -0.1163, -0.1759,  0.0724],
        [ 0.0715,  0.1611, -0.1024,  ...,  0.0083, -0.0714, -0.1503]]), 'rvq_quantizer.project_out.bias': tensor([ 1.5987e-01,  1.5615e-01, -1.5339e-01, -1.0336e-01, -6.1310e-02,
         1.3101e-01,  1.5501e-01, -1.5527e-01,  1.1952e-01, -1.5099e-01,
        -6.0957e-02,  1.4259e-01,  1.0313e-01,  1.3681e-01,  1.7227e-01,
        -8.1989e-02, -8.3912e-03, -1.7124e-01, -4.0239e-02,  1.4932e-01,
         1.4961e-01, -5.6660e-02,  9.9182e-02, -1.0434e-01, -7.8989e-02,
        -9.6498e-02,  1.5545e-01,  3.2009e-02,  3.9123e-02, -3.6162e-02,
         3.2309e-02, -1.1915e-01,  1.7072e-01, -1.2743e-01,  1.0117e-01,
        -1.7586e-01, -2.1377e-03, -9.6926e-02, -1.5145e-01, -9.3806e-03,
         9.3895e-02, -1.7972e-02, -9.2573e-02,  4.8761e-02,  3.3396e-02,
        -1.5251e-01,  9.7981e-03,  1.3211e-01, -2.1608e-02, -7.7352e-02,
        -1.3026e-01,  7.6535e-02, -7.3283e-03,  1.0275e-04,  6.7207e-02,
         7.6276e-02,  2.7185e-03, -1.2288e-01,  1.6985e-01, -1.5501e-01,
        -1.4429e-01, -1.2162e-01, -1.6839e-01,  1.5317e-01]), 'rvq_quantizer.layers.0._codebook.initted': tensor([1.]), 'rvq_quantizer.layers.0._codebook.cluster_size': tensor([[2.0000, 2.0000, 4.7677,  ..., 3.4507, 2.7074, 5.3315]]), 'rvq_quantizer.layers.0._codebook.embed_avg': tensor([[[  42.5151,  -62.5745,   24.3459,  ...,   93.6416,   36.0039,
            53.1119],
         [  33.7744,  -49.9278,   31.2171,  ...,   92.1068,   67.2959,
            43.1208],
         [  96.9183, -161.3785,   79.1011,  ...,  282.5979,  151.3801,
           171.1476],
         ...,
         [  96.7334, -166.6303,   48.8167,  ...,  260.6120,  108.0189,
           216.7495],
         [  86.8873, -118.8096,   35.8703,  ...,  193.4446,  105.3840,
           156.2292],
         [ 158.5396, -172.0383,   76.4287,  ...,  238.9077,  177.8042,
           140.1325]]]), 'rvq_quantizer.layers.0._codebook.embed': tensor([[[ 21.2576, -31.2873,  12.1729,  ...,  46.8208,  18.0019,  26.5560],
         [ 16.8872, -24.9639,  15.6085,  ...,  46.0533,  33.6479,  21.5604],
         [ 20.3282, -33.8485,  16.5911,  ...,  59.2737,  31.7513,  35.8975],
         ...,
         [ 28.0331, -48.2890,  14.1470,  ...,  75.5247,  31.3036,  62.8134],
         [ 32.0928, -43.8837,  13.2491,  ...,  71.4510,  38.9248,  57.7051],
         [ 29.7363, -32.2682,  14.3353,  ...,  44.8105,  33.3497,  26.2838]]]), 'rvq_quantizer.layers.1._codebook.initted': tensor([1.]), 'rvq_quantizer.layers.1._codebook.cluster_size': tensor([[329.7569,   2.6134,   6.6253,  ...,   2.0000,   2.8363,   3.3019]]), 'rvq_quantizer.layers.1._codebook.embed_avg': tensor([[[ 7.8184e-04, -1.1852e-03,  3.9239e-04,  ...,  2.0461e-03,
           9.0304e-04,  1.2495e-03],
         [ 7.0096e+00, -9.2866e+00, -9.1836e+00,  ...,  7.8086e+00,
          -5.1544e+00,  3.7932e+00],
         [ 9.1045e+00,  2.8930e+01,  2.2338e+01,  ..., -2.0452e+01,
           4.8060e-01, -3.0034e+01],
         ...,
         [-4.0227e-01, -4.1764e+00, -2.5861e+00,  ...,  4.1952e+00,
          -4.4473e+00,  1.2154e+00],
         [-1.3458e+01, -1.0090e+00,  4.0238e-01,  ..., -1.1063e+00,
          -1.3763e+00, -6.3340e+00],
         [-2.1501e+00,  1.6552e+00,  3.1286e-01,  ...,  9.3083e-01,
           2.0879e-01,  1.7516e-01]]]), 'rvq_quantizer.layers.1._codebook.embed': tensor([[[ 2.3710e-06, -3.5942e-06,  1.1899e-06,  ...,  6.2049e-06,
           2.7385e-06,  3.7893e-06],
         [ 2.6822e+00, -3.5535e+00, -3.5140e+00,  ...,  2.9879e+00,
          -1.9723e+00,  1.4515e+00],
         [ 1.3742e+00,  4.3667e+00,  3.3716e+00,  ..., -3.0869e+00,
           7.2540e-02, -4.5332e+00],
         ...,
         [-2.0113e-01, -2.0882e+00, -1.2930e+00,  ...,  2.0976e+00,
          -2.2237e+00,  6.0770e-01],
         [-4.7449e+00, -3.5575e-01,  1.4187e-01,  ..., -3.9005e-01,
          -4.8525e-01, -2.2332e+00],
         [-6.5118e-01,  5.0128e-01,  9.4753e-02,  ...,  2.8191e-01,
           6.3233e-02,  5.3049e-02]]]), 'rvq_quantizer.layers.2._codebook.initted': tensor([1.]), 'rvq_quantizer.layers.2._codebook.cluster_size': tensor([[368.3614,   3.5342,   4.9954,  ...,   2.0000,   3.2591,   2.0000]]), 'rvq_quantizer.layers.2._codebook.embed_avg': tensor([[[ 5.6726e-04, -8.7309e-04,  2.8668e-04,  ...,  1.4879e-03,
           6.4408e-04,  9.4156e-04],
         [-3.0652e-02,  2.6230e-02,  5.6373e-02,  ...,  2.9025e-02,
          -1.7868e-02, -5.9088e-03],
         [ 3.1273e-01,  1.5156e-01,  1.7400e-02,  ...,  1.7012e-01,
           2.7300e-02, -1.3257e-01],
         ...,
         [ 3.4187e+00, -5.3648e-01,  3.9316e+00,  ...,  5.6324e-01,
           3.0237e+00, -3.7390e+00],
         [ 4.4044e-01, -2.7573e+00, -2.6383e+00,  ...,  8.4755e-01,
          -4.3505e+00,  3.2565e+00],
         [ 7.2475e+00, -4.5970e+00, -1.5823e+00,  ...,  6.6104e-01,
          -5.1197e+00,  1.1989e+00]]]), 'rvq_quantizer.layers.2._codebook.embed': tensor([[[ 1.5400e-06, -2.3702e-06,  7.7826e-07,  ...,  4.0392e-06,
           1.7485e-06,  2.5561e-06],
         [-8.6729e-03,  7.4217e-03,  1.5951e-02,  ...,  8.2126e-03,
          -5.0558e-03, -1.6719e-03],
         [ 6.2604e-02,  3.0341e-02,  3.4833e-03,  ...,  3.4055e-02,
           5.4651e-03, -2.6539e-02],
         ...,
         [ 1.7094e+00, -2.6824e-01,  1.9658e+00,  ...,  2.8162e-01,
           1.5119e+00, -1.8695e+00],
         [ 1.3514e-01, -8.4605e-01, -8.0953e-01,  ...,  2.6006e-01,
          -1.3349e+00,  9.9921e-01],
         [ 3.6238e+00, -2.2985e+00, -7.9113e-01,  ...,  3.3052e-01,
          -2.5598e+00,  5.9946e-01]]]), 'rvq_quantizer.layers.3._codebook.initted': tensor([1.]), 'rvq_quantizer.layers.3._codebook.cluster_size': tensor([[4.7476, 2.3236, 2.0000,  ..., 5.5740, 2.0000, 2.0000]]), 'rvq_quantizer.layers.3._codebook.embed_avg': tensor([[[ 0.2714,  0.1368,  0.0262,  ...,  0.1774,  0.0275, -0.0999],
         [ 0.7747, -3.2511, -1.0668,  ...,  1.0866,  0.0352, -0.5179],
         [ 1.9745, -1.1256, -1.2314,  ...,  1.3859,  0.5421,  4.5383],
         ...,
         [ 7.4607,  0.6787,  2.1504,  ...,  2.0709, -1.3015,  3.6737],
         [ 0.0996, -0.0547, -0.0158,  ..., -0.0224,  0.0165, -0.0434],
         [ 0.2315, -0.0205,  0.0482,  ..., -0.1321, -0.5455,  0.3060]]]), 'rvq_quantizer.layers.3._codebook.embed': tensor([[[ 0.0572,  0.0288,  0.0055,  ...,  0.0374,  0.0058, -0.0210],
         [ 0.3334, -1.3991, -0.4591,  ...,  0.4676,  0.0152, -0.2229],
         [ 0.9873, -0.5628, -0.6157,  ...,  0.6929,  0.2711,  2.2691],
         ...,
         [ 1.3385,  0.1218,  0.3858,  ...,  0.3715, -0.2335,  0.6591],
         [ 0.0498, -0.0273, -0.0079,  ..., -0.0112,  0.0082, -0.0217],
         [ 0.1157, -0.0102,  0.0241,  ..., -0.0660, -0.2728,  0.1530]]])})
Loss:  tensor(1.6597, grad_fn=<MeanBackward0>)
OrderedDict({'rvq_quantizer.project_in.weight': tensor([[-0.0413, -0.0308, -0.0457,  ..., -0.0054,  0.1202, -0.1159],
        [ 0.0671,  0.0330, -0.0402,  ..., -0.0271,  0.0020,  0.1032],
        [-0.0275,  0.0642, -0.0733,  ..., -0.0311,  0.0269,  0.0363],
        ...,
        [-0.1104, -0.0646,  0.0862,  ..., -0.0201,  0.0044,  0.0403],
        [-0.0280,  0.0473, -0.0244,  ..., -0.0301, -0.0984, -0.0943],
        [-0.0933, -0.0056,  0.1242,  ..., -0.0953,  0.0431,  0.0878]]), 'rvq_quantizer.project_in.bias': tensor([-6.1077e-03, -1.0639e-01,  5.7743e-02,  6.1203e-02, -9.2560e-02,
         7.2414e-02, -8.3908e-02, -1.2417e-01,  1.2006e-01, -1.7564e-02,
        -1.3723e-02,  7.0126e-02,  6.4868e-03,  7.0763e-02,  1.1920e-01,
         4.2498e-05,  4.7043e-02,  9.1601e-02,  6.0515e-02, -1.7811e-02,
         2.7558e-02, -6.4958e-02,  4.0020e-02, -7.0381e-02,  5.4873e-03,
        -3.8032e-02,  2.0210e-02,  6.6242e-02, -3.0837e-02,  1.1786e-01,
         1.2109e-01, -8.7243e-02]), 'rvq_quantizer.project_out.weight': tensor([[ 0.1391,  0.1389, -0.0638,  ...,  0.1497, -0.1518, -0.0982],
        [ 0.0400, -0.1660,  0.0335,  ...,  0.1551, -0.0025, -0.0239],
        [-0.0596, -0.0033,  0.1215,  ...,  0.0158,  0.0578,  0.0373],
        ...,
        [ 0.1155, -0.1740, -0.0604,  ..., -0.0189, -0.1290, -0.1407],
        [ 0.1166, -0.1520,  0.1097,  ..., -0.1163, -0.1759,  0.0724],
        [ 0.0715,  0.1611, -0.1024,  ...,  0.0083, -0.0714, -0.1503]]), 'rvq_quantizer.project_out.bias': tensor([ 1.5987e-01,  1.5615e-01, -1.5339e-01, -1.0336e-01, -6.1310e-02,
         1.3101e-01,  1.5501e-01, -1.5527e-01,  1.1952e-01, -1.5099e-01,
        -6.0957e-02,  1.4259e-01,  1.0313e-01,  1.3681e-01,  1.7227e-01,
        -8.1989e-02, -8.3912e-03, -1.7124e-01, -4.0239e-02,  1.4932e-01,
         1.4961e-01, -5.6660e-02,  9.9182e-02, -1.0434e-01, -7.8989e-02,
        -9.6498e-02,  1.5545e-01,  3.2009e-02,  3.9123e-02, -3.6162e-02,
         3.2309e-02, -1.1915e-01,  1.7072e-01, -1.2743e-01,  1.0117e-01,
        -1.7586e-01, -2.1377e-03, -9.6926e-02, -1.5145e-01, -9.3806e-03,
         9.3895e-02, -1.7972e-02, -9.2573e-02,  4.8761e-02,  3.3396e-02,
        -1.5251e-01,  9.7981e-03,  1.3211e-01, -2.1608e-02, -7.7352e-02,
        -1.3026e-01,  7.6535e-02, -7.3283e-03,  1.0275e-04,  6.7207e-02,
         7.6276e-02,  2.7185e-03, -1.2288e-01,  1.6985e-01, -1.5501e-01,
        -1.4429e-01, -1.2162e-01, -1.6839e-01,  1.5317e-01]), 'rvq_quantizer.layers.0._codebook.initted': tensor([1.]), 'rvq_quantizer.layers.0._codebook.cluster_size': tensor([[2.0000, 2.0000, 4.7909,  ..., 3.5056, 2.7366, 5.0984]]), 'rvq_quantizer.layers.0._codebook.embed_avg': tensor([[[  47.9524,  -49.9180,    9.5617,  ...,  110.5924,   25.5711,
            93.0590],
         [  33.9688,  -50.1717,   31.2107,  ...,   92.0988,   67.2306,
            43.2300],
         [  97.3683, -162.2213,   79.4174,  ...,  283.9819,  152.1019,
           172.0016],
         ...,
         [  98.1861, -169.2746,   49.5433,  ...,  264.7380,  109.8003,
           220.1815],
         [  87.8435, -120.0864,   36.2515,  ...,  195.5664,  106.5320,
           157.9284],
         [ 151.3163, -164.0245,   73.1278,  ...,  227.7884,  169.7077,
           134.1912]]]), 'rvq_quantizer.layers.0._codebook.embed': tensor([[[ 23.9762, -24.9590,   4.7808,  ...,  55.2962,  12.7855,  46.5295],
         [ 16.9844, -25.0858,  15.6053,  ...,  46.0493,  33.6152,  21.6150],
         [ 20.3236, -33.8602,  16.5767,  ...,  59.2752,  31.7480,  35.9017],
         ...,
         [ 28.0082, -48.2867,  14.1326,  ...,  75.5182,  31.3213,  62.8082],
         [ 32.0991, -43.8810,  13.2468,  ...,  71.4623,  38.9281,  57.7090],
         [ 29.6794, -32.1720,  14.3434,  ...,  44.6788,  33.2867,  26.3205]]]), 'rvq_quantizer.layers.1._codebook.initted': tensor([1.]), 'rvq_quantizer.layers.1._codebook.cluster_size': tensor([[330.0812,   2.5521,   6.3628,  ...,   2.0000,   2.8526,   3.1717]]), 'rvq_quantizer.layers.1._codebook.embed_avg': tensor([[[ 7.8109e-04, -1.1899e-03,  3.9049e-04,  ...,  2.0597e-03,
           8.9990e-04,  1.2566e-03],
         [ 6.9038e+00, -9.4728e+00, -8.6301e+00,  ...,  7.6072e+00,
          -5.2647e+00,  3.0857e+00],
         [ 8.8559e+00,  2.7503e+01,  2.1634e+01,  ..., -1.9382e+01,
           8.2323e-01, -2.8551e+01],
         ...,
         [-3.4386e-01, -3.8866e+00, -2.6581e+00,  ...,  4.0389e+00,
          -4.3237e+00,  1.1718e+00],
         [-1.3555e+01, -1.1771e+00,  4.9128e-01,  ..., -1.6521e+00,
          -1.2436e+00, -6.2923e+00],
         [-2.0420e+00,  1.7958e+00,  4.7046e-02,  ...,  9.7716e-01,
           2.1919e-01,  2.4596e-01]]]), 'rvq_quantizer.layers.1._codebook.embed': tensor([[[ 2.3664e-06, -3.6048e-06,  1.1830e-06,  ...,  6.2400e-06,
           2.7263e-06,  3.8069e-06],
         [ 2.7052e+00, -3.7118e+00, -3.3816e+00,  ...,  2.9808e+00,
          -2.0629e+00,  1.2091e+00],
         [ 1.3918e+00,  4.3225e+00,  3.4000e+00,  ..., -3.0462e+00,
           1.2938e-01, -4.4872e+00],
         ...,
         [-1.7193e-01, -1.9433e+00, -1.3291e+00,  ...,  2.0195e+00,
          -2.1619e+00,  5.8588e-01],
         [-4.7517e+00, -4.1264e-01,  1.7222e-01,  ..., -5.7917e-01,
          -4.3595e-01, -2.2058e+00],
         [-6.4383e-01,  5.6620e-01,  1.4833e-02,  ...,  3.0809e-01,
           6.9107e-02,  7.7549e-02]]]), 'rvq_quantizer.layers.2._codebook.initted': tensor([1.]), 'rvq_quantizer.layers.2._codebook.cluster_size': tensor([[368.5253,   3.6808,   4.5958,  ...,   2.0000,   3.1331,   2.0000]]), 'rvq_quantizer.layers.2._codebook.embed_avg': tensor([[[ 5.6802e-04, -8.7159e-04,  2.8075e-04,  ...,  1.4917e-03,
           6.4144e-04,  9.3951e-04],
         [-1.1068e-02,  8.2114e-04,  6.4110e-02,  ...,  2.2140e-02,
          -2.5549e-02, -1.4932e-02],
         [ 3.0938e-01,  1.5545e-01, -1.7534e-02,  ...,  1.5799e-01,
           5.3710e-02, -1.4240e-01],
         ...,
         [ 5.8585e-01,  2.0495e+00, -5.2722e-01,  ..., -2.9131e+00,
           9.8395e-01, -3.3513e+00],
         [ 2.6891e-01, -2.8702e+00, -2.5354e+00,  ...,  8.8470e-01,
          -4.3651e+00,  3.1394e+00],
         [ 3.8936e+00,  4.5714e+00,  1.4347e+00,  ...,  9.4880e-01,
          -1.6758e-02,  1.6227e+00]]]), 'rvq_quantizer.layers.2._codebook.embed': tensor([[[ 1.5413e-06, -2.3651e-06,  7.6181e-07,  ...,  4.0477e-06,
           1.7406e-06,  2.5494e-06],
         [-3.0070e-03,  2.2309e-04,  1.7418e-02,  ...,  6.0150e-03,
          -6.9412e-03, -4.0569e-03],
         [ 6.7317e-02,  3.3824e-02, -3.8152e-03,  ...,  3.4377e-02,
           1.1687e-02, -3.0984e-02],
         ...,
         [ 2.9292e-01,  1.0248e+00, -2.6361e-01,  ..., -1.4565e+00,
           4.9197e-01, -1.6756e+00],
         [ 8.5828e-02, -9.1608e-01, -8.0921e-01,  ...,  2.8237e-01,
          -1.3932e+00,  1.0020e+00],
         [ 1.9468e+00,  2.2857e+00,  7.1734e-01,  ...,  4.7440e-01,
          -8.3792e-03,  8.1136e-01]]]), 'rvq_quantizer.layers.3._codebook.initted': tensor([1.]), 'rvq_quantizer.layers.3._codebook.cluster_size': tensor([[4.5728, 2.0913, 2.0000,  ..., 5.2166, 2.0000, 2.0000]]), 'rvq_quantizer.layers.3._codebook.embed_avg': tensor([[[ 0.2462,  0.1272,  0.0235,  ...,  0.1881,  0.0113, -0.1091],
         [ 0.6972, -2.9260, -0.9601,  ...,  0.9780,  0.0317, -0.4661],
         [ 0.3908,  0.6941,  0.5475,  ...,  1.7119,  0.1770, -1.1390],
         ...,
         [ 6.8876,  0.5450,  1.9564,  ...,  2.0457, -1.3525,  3.3166],
         [ 1.6671, -1.1178,  0.6758,  ..., -2.9274, -1.6969, -3.0342],
         [ 0.2332, -0.0138,  0.0666,  ..., -0.1529, -0.5839,  0.2992]]]), 'rvq_quantizer.layers.3._codebook.embed': tensor([[[ 0.0538,  0.0278,  0.0051,  ...,  0.0411,  0.0025, -0.0239],
         [ 0.3334, -1.3991, -0.4591,  ...,  0.4676,  0.0152, -0.2229],
         [ 0.1954,  0.3471,  0.2737,  ...,  0.8559,  0.0885, -0.5695],
         ...,
         [ 1.3203,  0.1045,  0.3750,  ...,  0.3921, -0.2593,  0.6358],
         [ 0.8335, -0.5589,  0.3379,  ..., -1.4637, -0.8484, -1.5171],
         [ 0.1166, -0.0069,  0.0333,  ..., -0.0764, -0.2919,  0.1496]]])})
Loss:  tensor(1.6241, grad_fn=<MeanBackward0>)
OrderedDict({'rvq_quantizer.project_in.weight': tensor([[-0.0413, -0.0308, -0.0457,  ..., -0.0054,  0.1202, -0.1159],
        [ 0.0671,  0.0330, -0.0402,  ..., -0.0271,  0.0020,  0.1032],
        [-0.0275,  0.0642, -0.0733,  ..., -0.0311,  0.0269,  0.0363],
        ...,
        [-0.1104, -0.0646,  0.0862,  ..., -0.0201,  0.0044,  0.0403],
        [-0.0280,  0.0473, -0.0244,  ..., -0.0301, -0.0984, -0.0943],
        [-0.0933, -0.0056,  0.1242,  ..., -0.0953,  0.0431,  0.0878]]), 'rvq_quantizer.project_in.bias': tensor([-6.1077e-03, -1.0639e-01,  5.7743e-02,  6.1203e-02, -9.2560e-02,
         7.2414e-02, -8.3908e-02, -1.2417e-01,  1.2006e-01, -1.7564e-02,
        -1.3723e-02,  7.0126e-02,  6.4868e-03,  7.0763e-02,  1.1920e-01,
         4.2498e-05,  4.7043e-02,  9.1601e-02,  6.0515e-02, -1.7811e-02,
         2.7558e-02, -6.4958e-02,  4.0020e-02, -7.0381e-02,  5.4873e-03,
        -3.8032e-02,  2.0210e-02,  6.6242e-02, -3.0837e-02,  1.1786e-01,
         1.2109e-01, -8.7243e-02]), 'rvq_quantizer.project_out.weight': tensor([[ 0.1391,  0.1389, -0.0638,  ...,  0.1497, -0.1518, -0.0982],
        [ 0.0400, -0.1660,  0.0335,  ...,  0.1551, -0.0025, -0.0239],
        [-0.0596, -0.0033,  0.1215,  ...,  0.0158,  0.0578,  0.0373],
        ...,
        [ 0.1155, -0.1740, -0.0604,  ..., -0.0189, -0.1290, -0.1407],
        [ 0.1166, -0.1520,  0.1097,  ..., -0.1163, -0.1759,  0.0724],
        [ 0.0715,  0.1611, -0.1024,  ...,  0.0083, -0.0714, -0.1503]]), 'rvq_quantizer.project_out.bias': tensor([ 1.5987e-01,  1.5615e-01, -1.5339e-01, -1.0336e-01, -6.1310e-02,
         1.3101e-01,  1.5501e-01, -1.5527e-01,  1.1952e-01, -1.5099e-01,
        -6.0957e-02,  1.4259e-01,  1.0313e-01,  1.3681e-01,  1.7227e-01,
        -8.1989e-02, -8.3912e-03, -1.7124e-01, -4.0239e-02,  1.4932e-01,
         1.4961e-01, -5.6660e-02,  9.9182e-02, -1.0434e-01, -7.8989e-02,
        -9.6498e-02,  1.5545e-01,  3.2009e-02,  3.9123e-02, -3.6162e-02,
         3.2309e-02, -1.1915e-01,  1.7072e-01, -1.2743e-01,  1.0117e-01,
        -1.7586e-01, -2.1377e-03, -9.6926e-02, -1.5145e-01, -9.3806e-03,
         9.3895e-02, -1.7972e-02, -9.2573e-02,  4.8761e-02,  3.3396e-02,
        -1.5251e-01,  9.7981e-03,  1.3211e-01, -2.1608e-02, -7.7352e-02,
        -1.3026e-01,  7.6535e-02, -7.3283e-03,  1.0275e-04,  6.7207e-02,
         7.6276e-02,  2.7185e-03, -1.2288e-01,  1.6985e-01, -1.5501e-01,
        -1.4429e-01, -1.2162e-01, -1.6839e-01,  1.5317e-01]), 'rvq_quantizer.layers.0._codebook.initted': tensor([1.]), 'rvq_quantizer.layers.0._codebook.cluster_size': tensor([[2.0000, 2.0000, 4.7118,  ..., 3.4551, 2.6630, 5.1885]]), 'rvq_quantizer.layers.0._codebook.embed_avg': tensor([[[  36.3364,  -54.0262,   37.5625,  ...,   88.1902,   61.5384,
            48.5498],
         [  53.0071,  -97.4235,   35.7871,  ...,  159.5885,   49.1968,
           128.0488],
         [  95.5855, -159.7686,   78.2717,  ...,  279.5536,  149.1667,
           168.7589],
         ...,
         [  96.9443, -166.8126,   48.8577,  ...,  260.6602,  107.9004,
           217.0580],
         [  85.6541, -117.1912,   35.2477,  ...,  190.4705,  103.6443,
           153.7982],
         [ 153.9762, -166.9444,   74.4607,  ...,  231.9175,  172.6945,
           136.5078]]]), 'rvq_quantizer.layers.0._codebook.embed': tensor([[[ 18.1682, -27.0131,  18.7812,  ...,  44.0951,  30.7692,  24.2749],
         [ 26.5036, -48.7117,  17.8935,  ...,  79.7943,  24.5984,  64.0244],
         [ 20.2863, -33.9081,  16.6118,  ...,  59.3303,  31.6580,  35.8161],
         ...,
         [ 28.0587, -48.2807,  14.1409,  ...,  75.4431,  31.2297,  62.8233],
         [ 32.1648, -44.0077,  13.2362,  ...,  71.5255,  38.9205,  57.7544],
         [ 29.6763, -32.1757,  14.3510,  ...,  44.6982,  33.2840,  26.3096]]]), 'rvq_quantizer.layers.1._codebook.initted': tensor([1.]), 'rvq_quantizer.layers.1._codebook.cluster_size': tensor([[330.1731,   2.5968,   6.3265,  ...,   2.0000,   2.9674,   3.2545]]), 'rvq_quantizer.layers.1._codebook.embed_avg': tensor([[[ 7.7413e-04, -1.1819e-03,  3.9128e-04,  ...,  2.0468e-03,
           8.9670e-04,  1.2471e-03],
         [ 7.4560e+00, -9.8575e+00, -8.2880e+00,  ...,  7.3450e+00,
          -5.4406e+00,  2.8212e+00],
         [ 8.6708e+00,  2.7458e+01,  2.1283e+01,  ..., -1.9502e+01,
           8.5823e-01, -2.8530e+01],
         ...,
         [-2.8253e-01, -3.6295e+00, -2.7068e+00,  ...,  3.8992e+00,
          -4.2019e+00,  1.1360e+00],
         [-1.4628e+01, -1.3299e+00,  6.7992e-01,  ..., -1.5833e+00,
          -1.4146e+00, -6.4619e+00],
         [-2.0886e+00,  1.9798e+00,  1.4275e-01,  ...,  9.3738e-01,
           2.2501e-02,  1.7826e-01]]]), 'rvq_quantizer.layers.1._codebook.embed': tensor([[[ 2.3446e-06, -3.5797e-06,  1.1851e-06,  ...,  6.1991e-06,
           2.7158e-06,  3.7771e-06],
         [ 2.8712e+00, -3.7960e+00, -3.1915e+00,  ...,  2.8284e+00,
          -2.0951e+00,  1.0864e+00],
         [ 1.3706e+00,  4.3402e+00,  3.3641e+00,  ..., -3.0826e+00,
           1.3566e-01, -4.5097e+00],
         ...,
         [-1.4126e-01, -1.8147e+00, -1.3534e+00,  ...,  1.9496e+00,
          -2.1010e+00,  5.6798e-01],
         [-4.9297e+00, -4.4819e-01,  2.2913e-01,  ..., -5.3358e-01,
          -4.7671e-01, -2.1777e+00],
         [-6.4176e-01,  6.0833e-01,  4.3864e-02,  ...,  2.8802e-01,
           6.9138e-03,  5.4772e-02]]]), 'rvq_quantizer.layers.2._codebook.initted': tensor([1.]), 'rvq_quantizer.layers.2._codebook.cluster_size': tensor([[368.8727,   3.9127,   4.1363,  ...,   2.0000,   2.9198,   2.0000]]), 'rvq_quantizer.layers.2._codebook.embed_avg': tensor([[[ 5.6151e-04, -8.6501e-04,  2.8401e-04,  ...,  1.4860e-03,
           6.3595e-04,  9.3975e-04],
         [-1.4339e-02, -8.3742e-03,  5.8636e-02,  ...,  3.5135e-02,
          -1.7577e-02, -1.6820e-02],
         [ 2.7844e-01,  1.3991e-01, -1.5781e-02,  ...,  1.4219e-01,
           4.8339e-02, -1.2816e-01],
         ...,
         [-2.4182e+00,  2.5391e+00, -1.6788e+00,  ..., -4.3067e+00,
           3.3067e+00,  1.6113e+00],
         [ 5.8471e-01, -2.7987e+00, -2.3543e+00,  ...,  8.1226e-01,
          -4.1773e+00,  2.8739e+00],
         [ 0.0000e+00,  0.0000e+00,  0.0000e+00,  ...,  0.0000e+00,
           0.0000e+00,  0.0000e+00]]]), 'rvq_quantizer.layers.2._codebook.embed': tensor([[[ 1.5222e-06, -2.3450e-06,  7.6994e-07,  ...,  4.0285e-06,
           1.7240e-06,  2.5476e-06],
         [-3.6648e-03, -2.1403e-03,  1.4986e-02,  ...,  8.9798e-03,
          -4.4923e-03, -4.2988e-03],
         [ 6.7317e-02,  3.3824e-02, -3.8152e-03,  ...,  3.4377e-02,
           1.1687e-02, -3.0984e-02],
         ...,
         [-1.2091e+00,  1.2695e+00, -8.3940e-01,  ..., -2.1534e+00,
           1.6534e+00,  8.0566e-01],
         [ 2.0025e-01, -9.5851e-01, -8.0631e-01,  ...,  2.7819e-01,
          -1.4307e+00,  9.8427e-01],
         [ 0.0000e+00,  0.0000e+00,  0.0000e+00,  ...,  0.0000e+00,
           0.0000e+00,  0.0000e+00]]]), 'rvq_quantizer.layers.3._codebook.initted': tensor([1.]), 'rvq_quantizer.layers.3._codebook.cluster_size': tensor([[4.4155, 2.0000, 2.0000,  ..., 5.1950, 2.0000, 2.1000]]), 'rvq_quantizer.layers.3._codebook.embed_avg': tensor([[[ 2.4968e-01,  1.3857e-01,  2.6273e-02,  ...,  1.8115e-01,
           1.7206e-02, -5.1715e-02],
         [ 0.0000e+00,  0.0000e+00,  0.0000e+00,  ...,  0.0000e+00,
           0.0000e+00,  0.0000e+00],
         [-5.9651e-06,  1.9265e-05,  1.4627e-05,  ..., -2.3953e-05,
           1.6167e-05, -7.7941e-07],
         ...,
         [ 6.9395e+00,  5.0534e-01,  1.9681e+00,  ...,  2.1913e+00,
          -1.2303e+00,  3.1958e+00],
         [ 1.3179e+00, -2.7736e+00,  1.7359e+00,  ..., -8.2023e-01,
           2.4672e-01,  1.6003e+00],
         [ 1.9920e-01, -3.3744e-02,  8.7253e-02,  ..., -2.2234e-01,
          -7.4955e-01,  3.7449e-01]]]), 'rvq_quantizer.layers.3._codebook.embed': tensor([[[ 5.6547e-02,  3.1382e-02,  5.9503e-03,  ...,  4.1026e-02,
           3.8966e-03, -1.1712e-02],
         [ 0.0000e+00,  0.0000e+00,  0.0000e+00,  ...,  0.0000e+00,
           0.0000e+00,  0.0000e+00],
         [-2.9825e-06,  9.6326e-06,  7.3135e-06,  ..., -1.1977e-05,
           8.0833e-06, -3.8970e-07],
         ...,
         [ 1.3358e+00,  9.7275e-02,  3.7885e-01,  ...,  4.2182e-01,
          -2.3682e-01,  6.1517e-01],
         [ 6.5896e-01, -1.3868e+00,  8.6797e-01,  ..., -4.1011e-01,
           1.2336e-01,  8.0016e-01],
         [ 9.4858e-02, -1.6069e-02,  4.1549e-02,  ..., -1.0588e-01,
          -3.5693e-01,  1.7833e-01]]])})
Loss:  tensor(1.6492, grad_fn=<MeanBackward0>)
OrderedDict({'rvq_quantizer.project_in.weight': tensor([[-0.0413, -0.0308, -0.0457,  ..., -0.0054,  0.1202, -0.1159],
        [ 0.0671,  0.0330, -0.0402,  ..., -0.0271,  0.0020,  0.1032],
        [-0.0275,  0.0642, -0.0733,  ..., -0.0311,  0.0269,  0.0363],
        ...,
        [-0.1104, -0.0646,  0.0862,  ..., -0.0201,  0.0044,  0.0403],
        [-0.0280,  0.0473, -0.0244,  ..., -0.0301, -0.0984, -0.0943],
        [-0.0933, -0.0056,  0.1242,  ..., -0.0953,  0.0431,  0.0878]]), 'rvq_quantizer.project_in.bias': tensor([-6.1077e-03, -1.0639e-01,  5.7743e-02,  6.1203e-02, -9.2560e-02,
         7.2414e-02, -8.3908e-02, -1.2417e-01,  1.2006e-01, -1.7564e-02,
        -1.3723e-02,  7.0126e-02,  6.4868e-03,  7.0763e-02,  1.1920e-01,
         4.2498e-05,  4.7043e-02,  9.1601e-02,  6.0515e-02, -1.7811e-02,
         2.7558e-02, -6.4958e-02,  4.0020e-02, -7.0381e-02,  5.4873e-03,
        -3.8032e-02,  2.0210e-02,  6.6242e-02, -3.0837e-02,  1.1786e-01,
         1.2109e-01, -8.7243e-02]), 'rvq_quantizer.project_out.weight': tensor([[ 0.1391,  0.1389, -0.0638,  ...,  0.1497, -0.1518, -0.0982],
        [ 0.0400, -0.1660,  0.0335,  ...,  0.1551, -0.0025, -0.0239],
        [-0.0596, -0.0033,  0.1215,  ...,  0.0158,  0.0578,  0.0373],
        ...,
        [ 0.1155, -0.1740, -0.0604,  ..., -0.0189, -0.1290, -0.1407],
        [ 0.1166, -0.1520,  0.1097,  ..., -0.1163, -0.1759,  0.0724],
        [ 0.0715,  0.1611, -0.1024,  ...,  0.0083, -0.0714, -0.1503]]), 'rvq_quantizer.project_out.bias': tensor([ 1.5987e-01,  1.5615e-01, -1.5339e-01, -1.0336e-01, -6.1310e-02,
         1.3101e-01,  1.5501e-01, -1.5527e-01,  1.1952e-01, -1.5099e-01,
        -6.0957e-02,  1.4259e-01,  1.0313e-01,  1.3681e-01,  1.7227e-01,
        -8.1989e-02, -8.3912e-03, -1.7124e-01, -4.0239e-02,  1.4932e-01,
         1.4961e-01, -5.6660e-02,  9.9182e-02, -1.0434e-01, -7.8989e-02,
        -9.6498e-02,  1.5545e-01,  3.2009e-02,  3.9123e-02, -3.6162e-02,
         3.2309e-02, -1.1915e-01,  1.7072e-01, -1.2743e-01,  1.0117e-01,
        -1.7586e-01, -2.1377e-03, -9.6926e-02, -1.5145e-01, -9.3806e-03,
         9.3895e-02, -1.7972e-02, -9.2573e-02,  4.8761e-02,  3.3396e-02,
        -1.5251e-01,  9.7981e-03,  1.3211e-01, -2.1608e-02, -7.7352e-02,
        -1.3026e-01,  7.6535e-02, -7.3283e-03,  1.0275e-04,  6.7207e-02,
         7.6276e-02,  2.7185e-03, -1.2288e-01,  1.6985e-01, -1.5501e-01,
        -1.4429e-01, -1.2162e-01, -1.6839e-01,  1.5317e-01]), 'rvq_quantizer.layers.0._codebook.initted': tensor([1.]), 'rvq_quantizer.layers.0._codebook.cluster_size': tensor([[2.0000, 2.0000, 4.6406,  ..., 3.5096, 2.5967, 5.0697]]), 'rvq_quantizer.layers.0._codebook.embed_avg': tensor([[[  62.6839,  -76.0506,   18.1365,  ...,  136.0929,   85.9807,
           121.7655],
         [  42.8324,  -63.3127,   48.9911,  ...,   86.2677,   69.3925,
            46.8949],
         [  94.3834, -157.4560,   77.0573,  ...,  274.8509,  147.2247,
           166.2799],
         ...,
         [  98.3759, -169.4387,   49.5802,  ...,  264.7813,  109.6937,
           220.4592],
         [  83.5407, -114.0003,   34.3384,  ...,  185.8578,  101.1457,
           149.9729],
         [ 150.5066, -162.9901,   72.4055,  ...,  226.1901,  168.5293,
           133.4262]]]), 'rvq_quantizer.layers.0._codebook.embed': tensor([[[ 31.3419, -38.0253,   9.0683,  ...,  68.0465,  42.9903,  60.8828],
         [ 21.4162, -31.6564,  24.4956,  ...,  43.1338,  34.6963,  23.4474],
         [ 20.3385, -33.9299,  16.6049,  ...,  59.2270,  31.7251,  35.8313],
         ...,
         [ 28.0309, -48.2793,  14.1272,  ...,  75.4460,  31.2558,  62.8169],
         [ 32.1722, -43.9024,  13.2240,  ...,  71.5753,  38.9520,  57.7558],
         [ 29.6877, -32.1500,  14.2821,  ...,  44.6163,  33.2427,  26.3185]]]), 'rvq_quantizer.layers.1._codebook.initted': tensor([1.]), 'rvq_quantizer.layers.1._codebook.cluster_size': tensor([[330.2558,   2.7372,   5.8938,  ...,   2.0000,   2.9706,   3.3291]]), 'rvq_quantizer.layers.1._codebook.embed_avg': tensor([[[ 7.8960e-04, -1.2001e-03,  4.0267e-04,  ...,  2.0775e-03,
           9.2013e-04,  1.2698e-03],
         [ 8.1453e+00, -1.0474e+01, -8.3059e+00,  ...,  7.6564e+00,
          -5.7675e+00,  3.0274e+00],
         [ 7.6011e+00,  2.5944e+01,  1.9929e+01,  ..., -1.8431e+01,
           4.5679e-01, -2.6772e+01],
         ...,
         [-2.1998e-01, -3.3927e+00, -2.7213e+00,  ...,  3.7589e+00,
          -4.0847e+00,  1.0887e+00],
         [-1.4330e+01, -1.7652e+00,  1.0227e+00,  ..., -1.3012e+00,
          -1.2482e+00, -6.2870e+00],
         [-2.1322e+00,  2.1526e+00,  2.1588e-01,  ...,  8.9459e-01,
          -1.5493e-01,  1.2192e-01]]]), 'rvq_quantizer.layers.1._codebook.embed': tensor([[[ 2.3909e-06, -3.6338e-06,  1.2193e-06,  ...,  6.2905e-06,
           2.7861e-06,  3.8449e-06],
         [ 2.9758e+00, -3.8265e+00, -3.0345e+00,  ...,  2.7972e+00,
          -2.1071e+00,  1.1060e+00],
         [ 1.2897e+00,  4.4019e+00,  3.3813e+00,  ..., -3.1272e+00,
           7.7502e-02, -4.5424e+00],
         ...,
         [-1.0999e-01, -1.6963e+00, -1.3606e+00,  ...,  1.8794e+00,
          -2.0424e+00,  5.4434e-01],
         [-4.8239e+00, -5.9420e-01,  3.4425e-01,  ..., -4.3801e-01,
          -4.2018e-01, -2.1164e+00],
         [-6.4049e-01,  6.4662e-01,  6.4846e-02,  ...,  2.6872e-01,
          -4.6539e-02,  3.6623e-02]]]), 'rvq_quantizer.layers.2._codebook.initted': tensor([1.]), 'rvq_quantizer.layers.2._codebook.cluster_size': tensor([[368.8855,   4.2214,   3.7226,  ...,   2.0000,   2.8278,   2.0000]]), 'rvq_quantizer.layers.2._codebook.embed_avg': tensor([[[ 5.6908e-04, -8.6925e-04,  2.9550e-04,  ...,  1.4918e-03,
           6.5802e-04,  9.4994e-04],
         [-7.7327e-03, -2.4686e-02,  5.4029e-02,  ...,  4.4220e-02,
          -1.9616e-02,  5.9755e-03],
         [ 2.5060e-01,  1.2592e-01, -1.4203e-02,  ...,  1.2797e-01,
           4.3505e-02, -1.1534e-01],
         ...,
         [ 8.9023e-01,  4.9590e-01,  3.9920e-01,  ...,  4.1714e+00,
           6.7615e-02,  2.3281e+00],
         [ 1.0001e+00, -2.7474e+00, -2.2117e+00,  ...,  8.2100e-01,
          -4.0613e+00,  2.7763e+00],
         [ 1.3305e-02, -5.7297e-03,  1.2526e-02,  ..., -2.2192e-03,
          -5.0891e-02, -3.8977e-02]]]), 'rvq_quantizer.layers.2._codebook.embed': tensor([[[ 1.5427e-06, -2.3564e-06,  8.0107e-07,  ...,  4.0441e-06,
           1.7838e-06,  2.5752e-06],
         [-1.8318e-03, -5.8479e-03,  1.2799e-02,  ...,  1.0475e-02,
          -4.6468e-03,  1.4155e-03],
         [ 6.7317e-02,  3.3824e-02, -3.8152e-03,  ...,  3.4377e-02,
           1.1687e-02, -3.0984e-02],
         ...,
         [ 4.4512e-01,  2.4795e-01,  1.9960e-01,  ...,  2.0857e+00,
           3.3807e-02,  1.1640e+00],
         [ 3.5367e-01, -9.7154e-01, -7.8212e-01,  ...,  2.9033e-01,
          -1.4362e+00,  9.8178e-01],
         [ 6.6527e-03, -2.8648e-03,  6.2630e-03,  ..., -1.1096e-03,
          -2.5446e-02, -1.9489e-02]]]), 'rvq_quantizer.layers.3._codebook.initted': tensor([1.]), 'rvq_quantizer.layers.3._codebook.cluster_size': tensor([[ 3.9740, 38.9000,  2.0000,  ...,  5.1755,  2.0000,  2.1900]]), 'rvq_quantizer.layers.3._codebook.embed_avg': tensor([[[ 2.2471e-01,  1.2471e-01,  2.3646e-02,  ...,  1.6303e-01,
           1.5485e-02, -4.6544e-02],
         [ 3.7606e-05, -5.0218e-05,  2.6695e-05,  ...,  8.8295e-05,
           5.6001e-05,  6.0491e-05],
         [ 8.7974e-01,  4.0823e-01, -1.7373e+00,  ...,  2.6245e+00,
           2.4698e+00,  7.9731e-01],
         ...,
         [ 6.9499e+00,  4.5038e-01,  1.9860e+00,  ...,  2.2754e+00,
          -1.1291e+00,  3.0985e+00],
         [ 3.6229e+00, -1.4586e+00,  3.2129e+00,  ...,  2.3624e+00,
          -5.9062e-01, -7.8955e-03],
         [ 7.5205e-02, -1.2743e-01,  8.3648e-02,  ..., -3.0060e-01,
          -9.4486e-01,  5.6115e-01]]]), 'rvq_quantizer.layers.3._codebook.embed': tensor([[[ 5.6547e-02,  3.1382e-02,  5.9503e-03,  ...,  4.1026e-02,
           3.8966e-03, -1.1712e-02],
         [ 9.6673e-07, -1.2910e-06,  6.8625e-07,  ...,  2.2698e-06,
           1.4396e-06,  1.5550e-06],
         [ 4.3987e-01,  2.0411e-01, -8.6865e-01,  ...,  1.3123e+00,
           1.2349e+00,  3.9866e-01],
         ...,
         [ 1.3429e+00,  8.7022e-02,  3.8373e-01,  ...,  4.3966e-01,
          -2.1817e-01,  5.9869e-01],
         [ 1.8115e+00, -7.2928e-01,  1.6065e+00,  ...,  1.1812e+00,
          -2.9531e-01, -3.9477e-03],
         [ 3.4340e-02, -5.8186e-02,  3.8196e-02,  ..., -1.3726e-01,
          -4.3144e-01,  2.5623e-01]]])})
Loss:  tensor(1.6230, grad_fn=<MeanBackward0>)
OrderedDict({'rvq_quantizer.project_in.weight': tensor([[-0.0413, -0.0308, -0.0457,  ..., -0.0054,  0.1202, -0.1159],
        [ 0.0671,  0.0330, -0.0402,  ..., -0.0271,  0.0020,  0.1032],
        [-0.0275,  0.0642, -0.0733,  ..., -0.0311,  0.0269,  0.0363],
        ...,
        [-0.1104, -0.0646,  0.0862,  ..., -0.0201,  0.0044,  0.0403],
        [-0.0280,  0.0473, -0.0244,  ..., -0.0301, -0.0984, -0.0943],
        [-0.0933, -0.0056,  0.1242,  ..., -0.0953,  0.0431,  0.0878]]), 'rvq_quantizer.project_in.bias': tensor([-6.1077e-03, -1.0639e-01,  5.7743e-02,  6.1203e-02, -9.2560e-02,
         7.2414e-02, -8.3908e-02, -1.2417e-01,  1.2006e-01, -1.7564e-02,
        -1.3723e-02,  7.0126e-02,  6.4868e-03,  7.0763e-02,  1.1920e-01,
         4.2498e-05,  4.7043e-02,  9.1601e-02,  6.0515e-02, -1.7811e-02,
         2.7558e-02, -6.4958e-02,  4.0020e-02, -7.0381e-02,  5.4873e-03,
        -3.8032e-02,  2.0210e-02,  6.6242e-02, -3.0837e-02,  1.1786e-01,
         1.2109e-01, -8.7243e-02]), 'rvq_quantizer.project_out.weight': tensor([[ 0.1391,  0.1389, -0.0638,  ...,  0.1497, -0.1518, -0.0982],
        [ 0.0400, -0.1660,  0.0335,  ...,  0.1551, -0.0025, -0.0239],
        [-0.0596, -0.0033,  0.1215,  ...,  0.0158,  0.0578,  0.0373],
        ...,
        [ 0.1155, -0.1740, -0.0604,  ..., -0.0189, -0.1290, -0.1407],
        [ 0.1166, -0.1520,  0.1097,  ..., -0.1163, -0.1759,  0.0724],
        [ 0.0715,  0.1611, -0.1024,  ...,  0.0083, -0.0714, -0.1503]]), 'rvq_quantizer.project_out.bias': tensor([ 1.5987e-01,  1.5615e-01, -1.5339e-01, -1.0336e-01, -6.1310e-02,
         1.3101e-01,  1.5501e-01, -1.5527e-01,  1.1952e-01, -1.5099e-01,
        -6.0957e-02,  1.4259e-01,  1.0313e-01,  1.3681e-01,  1.7227e-01,
        -8.1989e-02, -8.3912e-03, -1.7124e-01, -4.0239e-02,  1.4932e-01,
         1.4961e-01, -5.6660e-02,  9.9182e-02, -1.0434e-01, -7.8989e-02,
        -9.6498e-02,  1.5545e-01,  3.2009e-02,  3.9123e-02, -3.6162e-02,
         3.2309e-02, -1.1915e-01,  1.7072e-01, -1.2743e-01,  1.0117e-01,
        -1.7586e-01, -2.1377e-03, -9.6926e-02, -1.5145e-01, -9.3806e-03,
         9.3895e-02, -1.7972e-02, -9.2573e-02,  4.8761e-02,  3.3396e-02,
        -1.5251e-01,  9.7981e-03,  1.3211e-01, -2.1608e-02, -7.7352e-02,
        -1.3026e-01,  7.6535e-02, -7.3283e-03,  1.0275e-04,  6.7207e-02,
         7.6276e-02,  2.7185e-03, -1.2288e-01,  1.6985e-01, -1.5501e-01,
        -1.4429e-01, -1.2162e-01, -1.6839e-01,  1.5317e-01]), 'rvq_quantizer.layers.0._codebook.initted': tensor([1.]), 'rvq_quantizer.layers.0._codebook.cluster_size': tensor([[2.0000, 2.0000, 4.5766,  ..., 3.4586, 2.5370, 5.1627]]), 'rvq_quantizer.layers.0._codebook.embed_avg': tensor([[[  58.4847,  -66.1351,   18.8002,  ...,   87.2971,   74.8301,
            49.8195],
         [  62.0649, -100.2839,   36.7591,  ...,  160.9462,   47.1155,
           126.5854],
         [  92.8787, -155.3696,   75.8370,  ...,  271.0826,  145.0900,
           164.0691],
         ...,
         [  97.1152, -166.9603,   48.8909,  ...,  260.6991,  107.8045,
           217.3079],
         [  81.6387, -111.1284,   33.5199,  ...,  181.7063,   98.8970,
           146.5302],
         [ 153.2475, -166.0134,   73.8106,  ...,  230.4791,  171.6340,
           135.8193]]]), 'rvq_quantizer.layers.0._codebook.embed': tensor([[[ 29.2424, -33.0676,   9.4001,  ...,  43.6485,  37.4150,  24.9098],
         [ 31.0325, -50.1420,  18.3796,  ...,  80.4731,  23.5577,  63.2927],
         [ 20.2944, -33.9489,  16.5707,  ...,  59.2327,  31.7028,  35.8498],
         ...,
         [ 28.0794, -48.2740,  14.1361,  ...,  75.3772,  31.1700,  62.8313],
         [ 32.1791, -43.8029,  13.2124,  ...,  71.6223,  38.9817,  57.7571],
         [ 29.6836, -32.1563,  14.2969,  ...,  44.6431,  33.2450,  26.3078]]]), 'rvq_quantizer.layers.1._codebook.initted': tensor([1.]), 'rvq_quantizer.layers.1._codebook.cluster_size': tensor([[332.5302,   2.9634,   5.8045,  ...,   2.0000,   3.1736,   3.2962]]), 'rvq_quantizer.layers.1._codebook.embed_avg': tensor([[[ 7.8331e-04, -1.1926e-03,  4.0402e-04,  ...,  2.0658e-03,
           9.1748e-04,  1.2603e-03],
         [ 8.9816e+00, -1.1405e+01, -8.8486e+00,  ...,  8.5866e+00,
          -6.2552e+00,  2.8758e+00],
         [ 7.3756e+00,  2.5682e+01,  1.9673e+01,  ..., -1.8369e+01,
           6.7816e-01, -2.6476e+01],
         ...,
         [ 0.0000e+00,  0.0000e+00,  0.0000e+00,  ...,  0.0000e+00,
           0.0000e+00,  0.0000e+00],
         [-1.5238e+01, -2.0581e+00,  1.1984e+00,  ..., -1.3343e+00,
          -1.3676e+00, -6.6678e+00],
         [-2.2018e+00,  2.4166e+00,  1.3981e-01,  ...,  9.0794e-01,
          -3.0633e-01,  1.2946e-01]]]), 'rvq_quantizer.layers.1._codebook.embed': tensor([[[ 2.3556e-06, -3.5865e-06,  1.2150e-06,  ...,  6.2123e-06,
           2.7591e-06,  3.7901e-06],
         [ 3.0308e+00, -3.8486e+00, -2.9859e+00,  ...,  2.8975e+00,
          -2.1108e+00,  9.7041e-01],
         [ 1.2707e+00,  4.4245e+00,  3.3893e+00,  ..., -3.1647e+00,
           1.1684e-01, -4.5613e+00],
         ...,
         [ 0.0000e+00,  0.0000e+00,  0.0000e+00,  ...,  0.0000e+00,
           0.0000e+00,  0.0000e+00],
         [-4.8016e+00, -6.4852e-01,  3.7763e-01,  ..., -4.2044e-01,
          -4.3093e-01, -2.1010e+00],
         [-6.6799e-01,  7.3314e-01,  4.2416e-02,  ...,  2.7545e-01,
          -9.2936e-02,  3.9277e-02]]]), 'rvq_quantizer.layers.2._codebook.initted': tensor([1.]), 'rvq_quantizer.layers.2._codebook.cluster_size': tensor([[369.9969,   3.9993,   3.3504,  ...,   2.0000,   2.8451,   2.0000]]), 'rvq_quantizer.layers.2._codebook.embed_avg': tensor([[[ 5.6411e-04, -8.5854e-04,  2.9559e-04,  ...,  1.4836e-03,
           6.5601e-04,  9.3939e-04],
         [-1.6257e-03, -2.7922e-02,  5.3713e-02,  ...,  4.9065e-02,
          -1.8599e-02,  1.9470e-02],
         [ 2.2554e-01,  1.1332e-01, -1.2782e-02,  ...,  1.1518e-01,
           3.9155e-02, -1.0381e-01],
         ...,
         [ 0.0000e+00,  0.0000e+00,  0.0000e+00,  ...,  0.0000e+00,
           0.0000e+00,  0.0000e+00],
         [ 9.6783e-01, -2.8599e+00, -2.1859e+00,  ...,  9.3626e-01,
          -4.1892e+00,  2.8875e+00],
         [ 1.1801e-02, -5.4455e-03,  9.7020e-03,  ..., -6.2457e-03,
          -4.6351e-02, -4.0541e-02]]]), 'rvq_quantizer.layers.2._codebook.embed': tensor([[[ 1.5247e-06, -2.3204e-06,  7.9891e-07,  ...,  4.0096e-06,
           1.7730e-06,  2.5389e-06],
         [-4.0650e-04, -6.9817e-03,  1.3431e-02,  ...,  1.2269e-02,
          -4.6506e-03,  4.8685e-03],
         [ 6.7317e-02,  3.3824e-02, -3.8152e-03,  ...,  3.4377e-02,
           1.1687e-02, -3.0984e-02],
         ...,
         [ 0.0000e+00,  0.0000e+00,  0.0000e+00,  ...,  0.0000e+00,
           0.0000e+00,  0.0000e+00],
         [ 3.4018e-01, -1.0052e+00, -7.6833e-01,  ...,  3.2908e-01,
          -1.4724e+00,  1.0149e+00],
         [ 5.9007e-03, -2.7228e-03,  4.8510e-03,  ..., -3.1228e-03,
          -2.3176e-02, -2.0270e-02]]]), 'rvq_quantizer.layers.3._codebook.initted': tensor([1.]), 'rvq_quantizer.layers.3._codebook.cluster_size': tensor([[ 3.7766, 73.0100,  2.0000,  ...,  5.1579,  2.0000,  2.2710]]), 'rvq_quantizer.layers.3._codebook.embed_avg': tensor([[[ 2.2277e-01,  1.2551e-01,  2.5039e-02,  ...,  1.6240e-01,
           1.0185e-02, -3.8541e-02],
         [ 6.7470e-05, -9.3450e-05,  4.4061e-05,  ...,  1.7223e-04,
           9.3012e-05,  1.0908e-04],
         [ 1.0858e+00,  3.3954e-01, -1.7474e+00,  ...,  2.5787e+00,
           2.5097e+00,  7.5005e-01],
         ...,
         [ 6.6850e+00,  4.0468e-01,  1.8927e+00,  ...,  2.2576e+00,
          -1.4122e+00,  2.7978e+00],
         [ 1.7965e+00,  3.5976e-01,  1.8688e+00,  ..., -1.7205e+00,
          -1.7685e+00, -2.4638e+00],
         [-5.3632e-02, -1.3972e-01,  7.5849e-02,  ..., -4.0494e-01,
          -1.0567e+00,  6.1541e-01]]]), 'rvq_quantizer.layers.3._codebook.embed': tensor([[[ 5.8987e-02,  3.3233e-02,  6.6301e-03,  ...,  4.3002e-02,
           2.6968e-03, -1.0205e-02],
         [ 9.2412e-07, -1.2800e-06,  6.0349e-07,  ...,  2.3590e-06,
           1.2740e-06,  1.4940e-06],
         [ 5.4292e-01,  1.6977e-01, -8.7371e-01,  ...,  1.2893e+00,
           1.2548e+00,  3.7503e-01],
         ...,
         [ 1.2961e+00,  7.8459e-02,  3.6695e-01,  ...,  4.3769e-01,
          -2.7380e-01,  5.4243e-01],
         [ 8.9827e-01,  1.7988e-01,  9.3438e-01,  ..., -8.6023e-01,
          -8.8424e-01, -1.2319e+00],
         [-2.3616e-02, -6.1524e-02,  3.3399e-02,  ..., -1.7831e-01,
          -4.6529e-01,  2.7098e-01]]])})
Loss:  tensor(1.6490, grad_fn=<MeanBackward0>)
OrderedDict({'rvq_quantizer.project_in.weight': tensor([[-0.0413, -0.0308, -0.0457,  ..., -0.0054,  0.1202, -0.1159],
        [ 0.0671,  0.0330, -0.0402,  ..., -0.0271,  0.0020,  0.1032],
        [-0.0275,  0.0642, -0.0733,  ..., -0.0311,  0.0269,  0.0363],
        ...,
        [-0.1104, -0.0646,  0.0862,  ..., -0.0201,  0.0044,  0.0403],
        [-0.0280,  0.0473, -0.0244,  ..., -0.0301, -0.0984, -0.0943],
        [-0.0933, -0.0056,  0.1242,  ..., -0.0953,  0.0431,  0.0878]]), 'rvq_quantizer.project_in.bias': tensor([-6.1077e-03, -1.0639e-01,  5.7743e-02,  6.1203e-02, -9.2560e-02,
         7.2414e-02, -8.3908e-02, -1.2417e-01,  1.2006e-01, -1.7564e-02,
        -1.3723e-02,  7.0126e-02,  6.4868e-03,  7.0763e-02,  1.1920e-01,
         4.2498e-05,  4.7043e-02,  9.1601e-02,  6.0515e-02, -1.7811e-02,
         2.7558e-02, -6.4958e-02,  4.0020e-02, -7.0381e-02,  5.4873e-03,
        -3.8032e-02,  2.0210e-02,  6.6242e-02, -3.0837e-02,  1.1786e-01,
         1.2109e-01, -8.7243e-02]), 'rvq_quantizer.project_out.weight': tensor([[ 0.1391,  0.1389, -0.0638,  ...,  0.1497, -0.1518, -0.0982],
        [ 0.0400, -0.1660,  0.0335,  ...,  0.1551, -0.0025, -0.0239],
        [-0.0596, -0.0033,  0.1215,  ...,  0.0158,  0.0578,  0.0373],
        ...,
        [ 0.1155, -0.1740, -0.0604,  ..., -0.0189, -0.1290, -0.1407],
        [ 0.1166, -0.1520,  0.1097,  ..., -0.1163, -0.1759,  0.0724],
        [ 0.0715,  0.1611, -0.1024,  ...,  0.0083, -0.0714, -0.1503]]), 'rvq_quantizer.project_out.bias': tensor([ 1.5987e-01,  1.5615e-01, -1.5339e-01, -1.0336e-01, -6.1310e-02,
         1.3101e-01,  1.5501e-01, -1.5527e-01,  1.1952e-01, -1.5099e-01,
        -6.0957e-02,  1.4259e-01,  1.0313e-01,  1.3681e-01,  1.7227e-01,
        -8.1989e-02, -8.3912e-03, -1.7124e-01, -4.0239e-02,  1.4932e-01,
         1.4961e-01, -5.6660e-02,  9.9182e-02, -1.0434e-01, -7.8989e-02,
        -9.6498e-02,  1.5545e-01,  3.2009e-02,  3.9123e-02, -3.6162e-02,
         3.2309e-02, -1.1915e-01,  1.7072e-01, -1.2743e-01,  1.0117e-01,
        -1.7586e-01, -2.1377e-03, -9.6926e-02, -1.5145e-01, -9.3806e-03,
         9.3895e-02, -1.7972e-02, -9.2573e-02,  4.8761e-02,  3.3396e-02,
        -1.5251e-01,  9.7981e-03,  1.3211e-01, -2.1608e-02, -7.7352e-02,
        -1.3026e-01,  7.6535e-02, -7.3283e-03,  1.0275e-04,  6.7207e-02,
         7.6276e-02,  2.7185e-03, -1.2288e-01,  1.6985e-01, -1.5501e-01,
        -1.4429e-01, -1.2162e-01, -1.6839e-01,  1.5317e-01]), 'rvq_quantizer.layers.0._codebook.initted': tensor([1.]), 'rvq_quantizer.layers.0._codebook.cluster_size': tensor([[2.0000, 2.0000, 4.5189,  ..., 3.4127, 2.5833, 5.2464]]), 'rvq_quantizer.layers.0._codebook.embed_avg': tensor([[[  44.8225,  -76.9637,   27.2141,  ...,  129.4775,   55.0448,
            95.5616],
         [  55.9805,  -58.9399,   24.1536,  ...,  122.0734,   85.2375,
            88.7129],
         [  91.7762, -153.2421,   74.6570,  ...,  267.7093,  143.4615,
           162.0875],
         ...,
         [  95.6499, -164.7093,   48.0222,  ...,  257.2915,  106.5818,
           214.4093],
         [  83.1198, -113.1733,   34.1362,  ...,  185.0019,  100.6937,
           149.1993],
         [ 155.7143, -168.7345,   75.0752,  ...,  234.3391,  174.4283,
           137.9730]]]), 'rvq_quantizer.layers.0._codebook.embed': tensor([[[ 22.4113, -38.4818,  13.6071,  ...,  64.7388,  27.5224,  47.7808],
         [ 27.9902, -29.4700,  12.0768,  ...,  61.0367,  42.6187,  44.3564],
         [ 20.3094, -33.9113,  16.5210,  ...,  59.2420,  31.7469,  35.8687],
         ...,
         [ 28.0273, -48.2631,  14.0715,  ...,  75.3916,  31.2306,  62.8262],
         [ 32.1757, -43.8095,  13.2141,  ...,  71.6144,  38.9786,  57.7551],
         [ 29.6801, -32.1618,  14.3098,  ...,  44.6664,  33.2470,  26.2985]]]), 'rvq_quantizer.layers.1._codebook.initted': tensor([1.]), 'rvq_quantizer.layers.1._codebook.cluster_size': tensor([[334.1772,   2.9671,   5.8240,  ...,   2.0000,   3.2562,   3.3665]]), 'rvq_quantizer.layers.1._codebook.embed_avg': tensor([[[ 7.9310e-04, -1.2118e-03,  4.0505e-04,  ...,  2.0866e-03,
           9.3292e-04,  1.2762e-03],
         [ 8.7259e+00, -1.1246e+01, -8.5327e+00,  ...,  8.3726e+00,
          -6.4462e+00,  2.5832e+00],
         [ 7.2062e+00,  2.5666e+01,  1.9913e+01,  ..., -1.8093e+01,
           3.3303e-01, -2.6721e+01],
         ...,
         [ 1.5958e+00, -2.9213e+00,  1.8705e+00,  ...,  1.2120e+00,
           1.8646e+00,  2.8587e+00],
         [-1.5701e+01, -1.9425e+00,  1.0651e+00,  ..., -1.5540e+00,
          -1.3951e+00, -6.8626e+00],
         [-2.2958e+00,  2.2798e+00,  3.7646e-01,  ...,  8.5508e-01,
          -8.1135e-02,  1.8309e-01]]]), 'rvq_quantizer.layers.1._codebook.embed': tensor([[[ 2.3733e-06, -3.6263e-06,  1.2121e-06,  ...,  6.2439e-06,
           2.7917e-06,  3.8189e-06],
         [ 2.9409e+00, -3.7903e+00, -2.8758e+00,  ...,  2.8218e+00,
          -2.1725e+00,  8.7061e-01],
         [ 1.2373e+00,  4.4070e+00,  3.4191e+00,  ..., -3.1065e+00,
           5.7183e-02, -4.5881e+00],
         ...,
         [ 7.9790e-01, -1.4607e+00,  9.3527e-01,  ...,  6.0599e-01,
           9.3228e-01,  1.4293e+00],
         [-4.8218e+00, -5.9654e-01,  3.2711e-01,  ..., -4.7724e-01,
          -4.2844e-01, -2.1075e+00],
         [-6.8195e-01,  6.7719e-01,  1.1182e-01,  ...,  2.5399e-01,
          -2.4101e-02,  5.4384e-02]]]), 'rvq_quantizer.layers.2._codebook.initted': tensor([1.]), 'rvq_quantizer.layers.2._codebook.cluster_size': tensor([[370.7972,   3.8993,   3.0153,  ...,   2.0000,   2.7606,   2.0000]]), 'rvq_quantizer.layers.2._codebook.embed_avg': tensor([[[ 5.6675e-04, -8.6713e-04,  2.9293e-04,  ...,  1.4783e-03,
           6.6665e-04,  9.3365e-04],
         [-1.8763e-02, -2.9162e-02,  6.7536e-02,  ...,  6.7896e-02,
           9.3383e-04,  2.0204e-02],
         [ 2.0298e-01,  1.0199e-01, -1.1504e-02,  ...,  1.0366e-01,
           3.5239e-02, -9.3428e-02],
         ...,
         [ 1.7625e+00, -1.2857e+00,  1.4648e+00,  ..., -1.2333e+00,
           1.6277e+00, -2.2520e+00],
         [ 9.7815e-01, -2.7072e+00, -2.0969e+00,  ...,  7.6440e-01,
          -3.9782e+00,  2.9013e+00],
         [ 6.9527e-03, -1.1586e-03,  9.0126e-03,  ..., -9.3665e-03,
          -3.8533e-02, -4.4612e-02]]]), 'rvq_quantizer.layers.2._codebook.embed': tensor([[[ 1.5285e-06, -2.3386e-06,  7.9001e-07,  ...,  3.9869e-06,
           1.7979e-06,  2.5180e-06],
         [-4.8118e-03, -7.4787e-03,  1.7320e-02,  ...,  1.7412e-02,
           2.3948e-04,  5.1814e-03],
         [ 6.7317e-02,  3.3824e-02, -3.8152e-03,  ...,  3.4377e-02,
           1.1687e-02, -3.0984e-02],
         ...,
         [ 8.8125e-01, -6.4287e-01,  7.3238e-01,  ..., -6.1665e-01,
           8.1386e-01, -1.1260e+00],
         [ 3.5433e-01, -9.8068e-01, -7.5959e-01,  ...,  2.7690e-01,
          -1.4411e+00,  1.0510e+00],
         [ 3.4763e-03, -5.7931e-04,  4.5063e-03,  ..., -4.6832e-03,
          -1.9266e-02, -2.2306e-02]]]), 'rvq_quantizer.layers.3._codebook.initted': tensor([1.]), 'rvq_quantizer.layers.3._codebook.cluster_size': tensor([[  3.5989, 103.3090,   2.0000,  ...,   4.8421,   2.0000,   2.3439]]), 'rvq_quantizer.layers.3._codebook.embed_avg': tensor([[[ 2.1753e-01,  1.2268e-01,  1.8911e-02,  ...,  1.6381e-01,
           5.0865e-03, -3.0508e-02],
         [ 1.0033e-04, -1.4876e-04,  5.6247e-05,  ...,  2.4858e-04,
           1.3678e-04,  1.5591e-04],
         [ 1.0341e+00,  3.1656e-01, -1.7210e+00,  ...,  2.4928e+00,
           2.4280e+00,  8.1225e-01],
         ...,
         [ 6.1073e+00,  4.0043e-01,  1.7246e+00,  ...,  2.1427e+00,
          -1.3596e+00,  2.5708e+00],
         [-1.7618e-01, -1.9449e-02,  1.6601e-01,  ...,  5.5229e-02,
           1.9735e-01, -3.4532e-02],
         [-1.5603e-01, -1.3840e-01,  3.9228e-03,  ..., -4.7555e-01,
          -1.2008e+00,  6.9458e-01]]]), 'rvq_quantizer.layers.3._codebook.embed': tensor([[[ 6.0444e-02,  3.4089e-02,  5.2546e-03,  ...,  4.5516e-02,
           1.4134e-03, -8.4770e-03],
         [ 9.7121e-07, -1.4399e-06,  5.4446e-07,  ...,  2.4062e-06,
           1.3240e-06,  1.5092e-06],
         [ 5.1707e-01,  1.5828e-01, -8.6048e-01,  ...,  1.2464e+00,
           1.2140e+00,  4.0613e-01],
         ...,
         [ 1.2613e+00,  8.2697e-02,  3.5616e-01,  ...,  4.4250e-01,
          -2.8078e-01,  5.3093e-01],
         [-8.8092e-02, -9.7243e-03,  8.3003e-02,  ...,  2.7615e-02,
           9.8675e-02, -1.7266e-02],
         [-6.6569e-02, -5.9047e-02,  1.6736e-03,  ..., -2.0289e-01,
          -5.1232e-01,  2.9633e-01]]])})
Loss:  tensor(1.6229, grad_fn=<MeanBackward0>)
OrderedDict({'rvq_quantizer.project_in.weight': tensor([[-0.0413, -0.0308, -0.0457,  ..., -0.0054,  0.1202, -0.1159],
        [ 0.0671,  0.0330, -0.0402,  ..., -0.0271,  0.0020,  0.1032],
        [-0.0275,  0.0642, -0.0733,  ..., -0.0311,  0.0269,  0.0363],
        ...,
        [-0.1104, -0.0646,  0.0862,  ..., -0.0201,  0.0044,  0.0403],
        [-0.0280,  0.0473, -0.0244,  ..., -0.0301, -0.0984, -0.0943],
        [-0.0933, -0.0056,  0.1242,  ..., -0.0953,  0.0431,  0.0878]]), 'rvq_quantizer.project_in.bias': tensor([-6.1077e-03, -1.0639e-01,  5.7743e-02,  6.1203e-02, -9.2560e-02,
         7.2414e-02, -8.3908e-02, -1.2417e-01,  1.2006e-01, -1.7564e-02,
        -1.3723e-02,  7.0126e-02,  6.4868e-03,  7.0763e-02,  1.1920e-01,
         4.2498e-05,  4.7043e-02,  9.1601e-02,  6.0515e-02, -1.7811e-02,
         2.7558e-02, -6.4958e-02,  4.0020e-02, -7.0381e-02,  5.4873e-03,
        -3.8032e-02,  2.0210e-02,  6.6242e-02, -3.0837e-02,  1.1786e-01,
         1.2109e-01, -8.7243e-02]), 'rvq_quantizer.project_out.weight': tensor([[ 0.1391,  0.1389, -0.0638,  ...,  0.1497, -0.1518, -0.0982],
        [ 0.0400, -0.1660,  0.0335,  ...,  0.1551, -0.0025, -0.0239],
        [-0.0596, -0.0033,  0.1215,  ...,  0.0158,  0.0578,  0.0373],
        ...,
        [ 0.1155, -0.1740, -0.0604,  ..., -0.0189, -0.1290, -0.1407],
        [ 0.1166, -0.1520,  0.1097,  ..., -0.1163, -0.1759,  0.0724],
        [ 0.0715,  0.1611, -0.1024,  ...,  0.0083, -0.0714, -0.1503]]), 'rvq_quantizer.project_out.bias': tensor([ 1.5987e-01,  1.5615e-01, -1.5339e-01, -1.0336e-01, -6.1310e-02,
         1.3101e-01,  1.5501e-01, -1.5527e-01,  1.1952e-01, -1.5099e-01,
        -6.0957e-02,  1.4259e-01,  1.0313e-01,  1.3681e-01,  1.7227e-01,
        -8.1989e-02, -8.3912e-03, -1.7124e-01, -4.0239e-02,  1.4932e-01,
         1.4961e-01, -5.6660e-02,  9.9182e-02, -1.0434e-01, -7.8989e-02,
        -9.6498e-02,  1.5545e-01,  3.2009e-02,  3.9123e-02, -3.6162e-02,
         3.2309e-02, -1.1915e-01,  1.7072e-01, -1.2743e-01,  1.0117e-01,
        -1.7586e-01, -2.1377e-03, -9.6926e-02, -1.5145e-01, -9.3806e-03,
         9.3895e-02, -1.7972e-02, -9.2573e-02,  4.8761e-02,  3.3396e-02,
        -1.5251e-01,  9.7981e-03,  1.3211e-01, -2.1608e-02, -7.7352e-02,
        -1.3026e-01,  7.6535e-02, -7.3283e-03,  1.0275e-04,  6.7207e-02,
         7.6276e-02,  2.7185e-03, -1.2288e-01,  1.6985e-01, -1.5501e-01,
        -1.4429e-01, -1.2162e-01, -1.6839e-01,  1.5317e-01]), 'rvq_quantizer.layers.0._codebook.initted': tensor([1.]), 'rvq_quantizer.layers.0._codebook.cluster_size': tensor([[2.0000, 2.0000, 4.5670,  ..., 3.2715, 2.6250, 5.2218]]), 'rvq_quantizer.layers.0._codebook.embed_avg': tensor([[[  63.2059,  -72.1900,   31.6734,  ...,  128.6239,   45.8740,
           114.8846],
         [  44.2178, -105.0447,    9.1786,  ...,  147.5753,   48.0519,
           134.3561],
         [  92.7404, -154.8985,   75.4177,  ...,  270.5822,  144.9752,
           163.8475],
         ...,
         [  91.2906, -157.8629,   45.8304,  ...,  246.5969,  102.4872,
           205.4457],
         [  84.4528, -115.0137,   34.6908,  ...,  187.9680,  102.3107,
           151.6015],
         [ 154.6371, -167.6333,   75.1644,  ...,  233.1201,  173.5227,
           137.4142]]]), 'rvq_quantizer.layers.0._codebook.embed': tensor([[[ 31.6029, -36.0950,  15.8367,  ...,  64.3120,  22.9370,  57.4423],
         [ 22.1089, -52.5224,   4.5893,  ...,  73.7877,  24.0259,  67.1780],
         [ 20.3065, -33.9168,  16.5136,  ...,  59.2470,  31.7439,  35.8762],
         ...,
         [ 27.9051, -48.2546,  14.0091,  ...,  75.3782,  31.3276,  62.7994],
         [ 32.1728, -43.8151,  13.2157,  ...,  71.6075,  38.9759,  57.7535],
         [ 29.6138, -32.1027,  14.3944,  ...,  44.6437,  33.2305,  26.3156]]]), 'rvq_quantizer.layers.1._codebook.initted': tensor([1.]), 'rvq_quantizer.layers.1._codebook.cluster_size': tensor([[335.9595,   3.0704,   5.7416,  ...,   2.0000,   3.5306,   3.4299]]), 'rvq_quantizer.layers.1._codebook.embed_avg': tensor([[[ 8.1049e-04, -1.2276e-03,  4.1445e-04,  ...,  2.1148e-03,
           9.5369e-04,  1.2876e-03],
         [ 9.1257e+00, -1.1286e+01, -8.3773e+00,  ...,  8.1275e+00,
          -6.6827e+00,  2.6861e+00],
         [ 7.1322e+00,  2.5063e+01,  1.9685e+01,  ..., -1.8000e+01,
           6.5708e-01, -2.6228e+01],
         ...,
         [-3.5262e+00, -1.1886e+00,  1.4445e+00,  ..., -2.2963e+00,
          -2.2909e+00,  9.6406e-01],
         [-1.6907e+01, -2.3996e+00,  1.5690e+00,  ..., -1.5786e+00,
          -1.3620e+00, -7.5750e+00],
         [-2.3144e+00,  2.4038e+00,  4.0794e-01,  ...,  8.2051e-01,
          -2.5289e-01,  1.5456e-01]]]), 'rvq_quantizer.layers.1._codebook.embed': tensor([[[ 2.4125e-06, -3.6540e-06,  1.2336e-06,  ...,  6.2948e-06,
           2.8387e-06,  3.8327e-06],
         [ 2.9722e+00, -3.6759e+00, -2.7284e+00,  ...,  2.6471e+00,
          -2.1765e+00,  8.7483e-01],
         [ 1.2422e+00,  4.3652e+00,  3.4286e+00,  ..., -3.1350e+00,
           1.1444e-01, -4.5680e+00],
         ...,
         [-1.7631e+00, -5.9432e-01,  7.2225e-01,  ..., -1.1481e+00,
          -1.1454e+00,  4.8203e-01],
         [-4.7887e+00, -6.7967e-01,  4.4441e-01,  ..., -4.4711e-01,
          -3.8578e-01, -2.1455e+00],
         [-6.7477e-01,  7.0084e-01,  1.1894e-01,  ...,  2.3922e-01,
          -7.3732e-02,  4.5063e-02]]]), 'rvq_quantizer.layers.2._codebook.initted': tensor([1.]), 'rvq_quantizer.layers.2._codebook.cluster_size': tensor([[372.3175,   3.7094,   2.8138,  ...,   2.0000,   2.6845,   2.0000]]), 'rvq_quantizer.layers.2._codebook.embed_avg': tensor([[[ 5.8035e-04, -8.7505e-04,  3.0297e-04,  ...,  1.4940e-03,
           6.8542e-04,  9.3078e-04],
         [-2.1007e-02, -1.5849e-02,  6.6639e-02,  ...,  4.4494e-02,
          -1.8193e-03,  1.8260e-02],
         [ 1.8125e-01,  1.2003e-01,  7.9286e-03,  ...,  8.1338e-02,
           2.6150e-02, -1.0098e-01],
         ...,
         [ 7.4568e-01,  3.7582e+00,  1.8157e+00,  ..., -1.4192e+00,
           1.9119e+00, -4.1761e-01],
         [ 9.8506e-01, -2.5796e+00, -2.0103e+00,  ...,  6.1438e-01,
          -3.7912e+00,  2.9051e+00],
         [ 6.4804e+00, -3.7259e-01,  3.2045e+00,  ...,  1.6942e+00,
           1.6560e+00, -4.3557e+00]]]), 'rvq_quantizer.layers.2._codebook.embed': tensor([[[ 1.5588e-06, -2.3503e-06,  8.1375e-07,  ...,  4.0127e-06,
           1.8410e-06,  2.5000e-06],
         [-5.6631e-03, -4.2727e-03,  1.7965e-02,  ...,  1.1995e-02,
          -4.9046e-04,  4.9225e-03],
         [ 6.4416e-02,  4.2657e-02,  2.8178e-03,  ...,  2.8907e-02,
           9.2934e-03, -3.5888e-02],
         ...,
         [ 3.7284e-01,  1.8791e+00,  9.0786e-01,  ..., -7.0961e-01,
           9.5597e-01, -2.0880e-01],
         [ 3.6695e-01, -9.6092e-01, -7.4886e-01,  ...,  2.2886e-01,
          -1.4123e+00,  1.0822e+00],
         [ 3.2402e+00, -1.8629e-01,  1.6022e+00,  ...,  8.4708e-01,
           8.2801e-01, -2.1778e+00]]]), 'rvq_quantizer.layers.3._codebook.initted': tensor([1.]), 'rvq_quantizer.layers.3._codebook.cluster_size': tensor([[  3.4390, 131.3781,   2.0000,  ...,   4.8579,   2.0000,   2.4095]]), 'rvq_quantizer.layers.3._codebook.embed_avg': tensor([[[ 2.0190e-01,  1.3714e-01,  9.7197e-03,  ...,  1.4498e-01,
          -6.2226e-03, -1.1062e-02],
         [ 1.4049e-04, -1.9756e-04,  7.9549e-05,  ...,  3.3489e-04,
           1.8509e-04,  1.9888e-04],
         [-4.2386e-03,  7.7277e-02, -2.5349e-03,  ..., -4.7579e-02,
          -7.0460e-02, -4.9210e-02],
         ...,
         [ 6.0644e+00,  2.9950e-01,  1.8583e+00,  ...,  2.2242e+00,
          -1.1934e+00,  2.5459e+00],
         [ 4.1388e+00,  2.2696e+00,  3.0696e+00,  ..., -2.9907e+00,
           1.0792e+00, -3.3546e+00],
         [-1.2031e-01, -1.2709e-01,  1.1156e-01,  ..., -5.2333e-01,
          -1.2603e+00,  6.8610e-01]]]), 'rvq_quantizer.layers.3._codebook.embed': tensor([[[ 5.8708e-02,  3.9878e-02,  2.8263e-03,  ...,  4.2157e-02,
          -1.8094e-03, -3.2165e-03],
         [ 1.0694e-06, -1.5037e-06,  6.0550e-07,  ...,  2.5491e-06,
           1.4088e-06,  1.5138e-06],
         [-2.1193e-03,  3.8638e-02, -1.2674e-03,  ..., -2.3790e-02,
          -3.5230e-02, -2.4605e-02],
         ...,
         [ 1.2484e+00,  6.1651e-02,  3.8252e-01,  ...,  4.5784e-01,
          -2.4567e-01,  5.2408e-01],
         [ 2.0694e+00,  1.1348e+00,  1.5348e+00,  ..., -1.4954e+00,
           5.3958e-01, -1.6773e+00],
         [-4.9932e-02, -5.2744e-02,  4.6300e-02,  ..., -2.1720e-01,
          -5.2307e-01,  2.8475e-01]]])})
Loss:  tensor(1.6344, grad_fn=<MeanBackward0>)
OrderedDict({'rvq_quantizer.project_in.weight': tensor([[-0.0413, -0.0308, -0.0457,  ..., -0.0054,  0.1202, -0.1159],
        [ 0.0671,  0.0330, -0.0402,  ..., -0.0271,  0.0020,  0.1032],
        [-0.0275,  0.0642, -0.0733,  ..., -0.0311,  0.0269,  0.0363],
        ...,
        [-0.1104, -0.0646,  0.0862,  ..., -0.0201,  0.0044,  0.0403],
        [-0.0280,  0.0473, -0.0244,  ..., -0.0301, -0.0984, -0.0943],
        [-0.0933, -0.0056,  0.1242,  ..., -0.0953,  0.0431,  0.0878]]), 'rvq_quantizer.project_in.bias': tensor([-6.1077e-03, -1.0639e-01,  5.7743e-02,  6.1203e-02, -9.2560e-02,
         7.2414e-02, -8.3908e-02, -1.2417e-01,  1.2006e-01, -1.7564e-02,
        -1.3723e-02,  7.0126e-02,  6.4868e-03,  7.0763e-02,  1.1920e-01,
         4.2498e-05,  4.7043e-02,  9.1601e-02,  6.0515e-02, -1.7811e-02,
         2.7558e-02, -6.4958e-02,  4.0020e-02, -7.0381e-02,  5.4873e-03,
        -3.8032e-02,  2.0210e-02,  6.6242e-02, -3.0837e-02,  1.1786e-01,
         1.2109e-01, -8.7243e-02]), 'rvq_quantizer.project_out.weight': tensor([[ 0.1391,  0.1389, -0.0638,  ...,  0.1497, -0.1518, -0.0982],
        [ 0.0400, -0.1660,  0.0335,  ...,  0.1551, -0.0025, -0.0239],
        [-0.0596, -0.0033,  0.1215,  ...,  0.0158,  0.0578,  0.0373],
        ...,
        [ 0.1155, -0.1740, -0.0604,  ..., -0.0189, -0.1290, -0.1407],
        [ 0.1166, -0.1520,  0.1097,  ..., -0.1163, -0.1759,  0.0724],
        [ 0.0715,  0.1611, -0.1024,  ...,  0.0083, -0.0714, -0.1503]]), 'rvq_quantizer.project_out.bias': tensor([ 1.5987e-01,  1.5615e-01, -1.5339e-01, -1.0336e-01, -6.1310e-02,
         1.3101e-01,  1.5501e-01, -1.5527e-01,  1.1952e-01, -1.5099e-01,
        -6.0957e-02,  1.4259e-01,  1.0313e-01,  1.3681e-01,  1.7227e-01,
        -8.1989e-02, -8.3912e-03, -1.7124e-01, -4.0239e-02,  1.4932e-01,
         1.4961e-01, -5.6660e-02,  9.9182e-02, -1.0434e-01, -7.8989e-02,
        -9.6498e-02,  1.5545e-01,  3.2009e-02,  3.9123e-02, -3.6162e-02,
         3.2309e-02, -1.1915e-01,  1.7072e-01, -1.2743e-01,  1.0117e-01,
        -1.7586e-01, -2.1377e-03, -9.6926e-02, -1.5145e-01, -9.3806e-03,
         9.3895e-02, -1.7972e-02, -9.2573e-02,  4.8761e-02,  3.3396e-02,
        -1.5251e-01,  9.7981e-03,  1.3211e-01, -2.1608e-02, -7.7352e-02,
        -1.3026e-01,  7.6535e-02, -7.3283e-03,  1.0275e-04,  6.7207e-02,
         7.6276e-02,  2.7185e-03, -1.2288e-01,  1.6985e-01, -1.5501e-01,
        -1.4429e-01, -1.2162e-01, -1.6839e-01,  1.5317e-01]), 'rvq_quantizer.layers.0._codebook.initted': tensor([1.]), 'rvq_quantizer.layers.0._codebook.cluster_size': tensor([[2.0000, 2.0000, 4.5593,  ..., 3.2199, 2.5962, 5.2797]]), 'rvq_quantizer.layers.0._codebook.embed_avg': tensor([[[  33.8642,  -80.1054,    8.9867,  ...,  120.2129,   48.1137,
            85.5967],
         [  38.6252,  -71.8155,    0.8121,  ...,  126.2008,   27.0040,
            83.3302],
         [  92.4019, -154.7417,   75.1517,  ...,  270.1605,  144.6187,
           163.6606],
         ...,
         [  89.3079, -155.3941,   45.0993,  ...,  242.6065,  101.2338,
           202.0400],
         [  83.5393, -113.5312,   34.2864,  ...,  186.0080,  101.2553,
           149.9417],
         [ 156.4794, -169.8973,   75.7672,  ...,  236.0271,  175.1864,
           138.9455]]]), 'rvq_quantizer.layers.0._codebook.embed': tensor([[[ 16.9321, -40.0527,   4.4933,  ...,  60.1065,  24.0568,  42.7984],
         [ 19.3126, -35.9077,   0.4061,  ...,  63.1004,  13.5020,  41.6651],
         [ 20.2667, -33.9399,  16.4832,  ...,  59.2550,  31.7196,  35.8961],
         ...,
         [ 27.7364, -48.2608,  14.0065,  ...,  75.3463,  31.4402,  62.7476],
         [ 32.1772, -43.7292,  13.2062,  ...,  71.6454,  39.0009,  57.7536],
         [ 29.6382, -32.1797,  14.3508,  ...,  44.7051,  33.1815,  26.3172]]]), 'rvq_quantizer.layers.1._codebook.initted': tensor([1.]), 'rvq_quantizer.layers.1._codebook.cluster_size': tensor([[338.3672,   3.1570,   5.3207,  ...,   2.0000,   4.0998,   3.1682]]), 'rvq_quantizer.layers.1._codebook.embed_avg': tensor([[[ 8.0188e-04, -1.2197e-03,  4.1296e-04,  ...,  2.1160e-03,
           9.4917e-04,  1.2872e-03],
         [ 9.4834e+00, -1.1182e+01, -8.2175e+00,  ...,  7.8870e+00,
          -6.7399e+00,  3.2543e+00],
         [ 6.6741e+00,  2.3154e+01,  1.8192e+01,  ..., -1.6813e+01,
           1.0428e+00, -2.4348e+01],
         ...,
         [ 7.3517e+00, -3.9825e-01, -2.9101e+00,  ...,  1.4765e+00,
          -6.7700e+00,  2.7799e+00],
         [-1.9236e+01, -3.1552e+00,  2.7807e+00,  ..., -1.9598e+00,
          -1.4263e+00, -8.9675e+00],
         [-2.0918e+00,  2.1535e+00,  2.6558e-01,  ...,  6.8083e-01,
          -3.8577e-01,  8.1240e-02]]]), 'rvq_quantizer.layers.1._codebook.embed': tensor([[[ 2.3699e-06, -3.6047e-06,  1.2204e-06,  ...,  6.2537e-06,
           2.8052e-06,  3.8043e-06],
         [ 3.0039e+00, -3.5419e+00, -2.6029e+00,  ...,  2.4982e+00,
          -2.1349e+00,  1.0308e+00],
         [ 1.2544e+00,  4.3517e+00,  3.4192e+00,  ..., -3.1599e+00,
           1.9598e-01, -4.5760e+00],
         ...,
         [ 3.6758e+00, -1.9912e-01, -1.4550e+00,  ...,  7.3827e-01,
          -3.3850e+00,  1.3900e+00],
         [-4.6919e+00, -7.6961e-01,  6.7825e-01,  ..., -4.7803e-01,
          -3.4791e-01, -2.1873e+00],
         [-6.6025e-01,  6.7973e-01,  8.3827e-02,  ...,  2.1489e-01,
          -1.2176e-01,  2.5642e-02]]]), 'rvq_quantizer.layers.2._codebook.initted': tensor([1.]), 'rvq_quantizer.layers.2._codebook.cluster_size': tensor([[374.0872,   3.4846,   2.4592,  ...,   2.0000,   2.9344,   2.0000]]), 'rvq_quantizer.layers.2._codebook.embed_avg': tensor([[[ 5.6987e-04, -8.7068e-04,  2.9978e-04,  ...,  1.5020e-03,
           6.8590e-04,  9.2576e-04],
         [-2.9699e-02, -1.9078e-02,  5.1971e-02,  ...,  2.4692e-02,
           8.9150e-03,  3.0472e-02],
         [ 2.2410e-01,  1.3100e-01, -1.4113e-02,  ...,  5.5838e-02,
           3.2195e-02, -1.1146e-01],
         ...,
         [ 4.2777e+00, -3.0355e+00, -1.0635e+00,  ...,  3.5731e+00,
           3.5452e-01, -2.1738e-01],
         [ 2.1738e+00, -3.2596e+00, -2.3165e+00,  ...,  1.4006e+00,
          -4.9618e+00,  3.2170e+00],
         [-2.7504e+00, -1.0369e-01, -2.1789e+00,  ...,  4.7452e+00,
           8.5203e-01, -3.7161e+00]]]), 'rvq_quantizer.layers.2._codebook.embed': tensor([[[ 1.5234e-06, -2.3275e-06,  8.0136e-07,  ...,  4.0150e-06,
           1.8335e-06,  2.4747e-06],
         [-8.5228e-03, -5.4749e-03,  1.4914e-02,  ...,  7.0860e-03,
           2.5584e-03,  8.7446e-03],
         [ 9.1126e-02,  5.3271e-02, -5.7388e-03,  ...,  2.2706e-02,
           1.3092e-02, -4.5325e-02],
         ...,
         [ 2.1388e+00, -1.5178e+00, -5.3173e-01,  ...,  1.7865e+00,
           1.7726e-01, -1.0869e-01],
         [ 7.4080e-01, -1.1108e+00, -7.8942e-01,  ...,  4.7731e-01,
          -1.6909e+00,  1.0963e+00],
         [-1.3752e+00, -5.1843e-02, -1.0895e+00,  ...,  2.3726e+00,
           4.2602e-01, -1.8580e+00]]]), 'rvq_quantizer.layers.3._codebook.initted': tensor([1.]), 'rvq_quantizer.layers.3._codebook.cluster_size': tensor([[  3.0656, 179.1063,   2.1000,  ...,   5.0749,   2.0000,   2.5217]]), 'rvq_quantizer.layers.3._codebook.embed_avg': tensor([[[ 1.7893e-01,  1.5267e-01, -1.1827e-02,  ...,  1.5762e-01,
          -3.7168e-02, -2.7613e-03],
         [ 1.7256e-04, -2.5841e-04,  9.7820e-05,  ...,  4.5635e-04,
           2.3252e-04,  2.6561e-04],
         [-6.3938e-04,  3.4822e-03,  1.8413e-02,  ...,  4.1375e-02,
          -1.1101e-02,  2.6790e-02],
         ...,
         [ 6.1772e+00,  3.4286e-01,  1.9953e+00,  ...,  2.4406e+00,
          -1.1503e+00,  2.4735e+00],
         [-1.1470e+00,  2.5327e+00,  2.6597e+00,  ..., -5.6591e-01,
          -2.1980e+00, -1.0672e+00],
         [-2.4423e-01, -9.8841e-02,  7.4488e-03,  ..., -6.5615e-01,
          -1.4649e+00,  7.7269e-01]]]), 'rvq_quantizer.layers.3._codebook.embed': tensor([[[ 5.8368e-02,  4.9802e-02, -3.8579e-03,  ...,  5.1414e-02,
          -1.2124e-02, -9.0075e-04],
         [ 9.6344e-07, -1.4428e-06,  5.4616e-07,  ...,  2.5479e-06,
           1.2982e-06,  1.4830e-06],
         [-3.0447e-04,  1.6582e-03,  8.7683e-03,  ...,  1.9702e-02,
          -5.2864e-03,  1.2757e-02],
         ...,
         [ 1.2172e+00,  6.7559e-02,  3.9317e-01,  ...,  4.8092e-01,
          -2.2667e-01,  4.8740e-01],
         [-5.7350e-01,  1.2664e+00,  1.3299e+00,  ..., -2.8296e-01,
          -1.0990e+00, -5.3359e-01],
         [-9.6850e-02, -3.9196e-02,  2.9539e-03,  ..., -2.6020e-01,
          -5.8093e-01,  3.0642e-01]]])})
Loss:  tensor(1.6497, grad_fn=<MeanBackward0>)
OrderedDict({'rvq_quantizer.project_in.weight': tensor([[-0.0413, -0.0308, -0.0457,  ..., -0.0054,  0.1202, -0.1159],
        [ 0.0671,  0.0330, -0.0402,  ..., -0.0271,  0.0020,  0.1032],
        [-0.0275,  0.0642, -0.0733,  ..., -0.0311,  0.0269,  0.0363],
        ...,
        [-0.1104, -0.0646,  0.0862,  ..., -0.0201,  0.0044,  0.0403],
        [-0.0280,  0.0473, -0.0244,  ..., -0.0301, -0.0984, -0.0943],
        [-0.0933, -0.0056,  0.1242,  ..., -0.0953,  0.0431,  0.0878]]), 'rvq_quantizer.project_in.bias': tensor([-6.1077e-03, -1.0639e-01,  5.7743e-02,  6.1203e-02, -9.2560e-02,
         7.2414e-02, -8.3908e-02, -1.2417e-01,  1.2006e-01, -1.7564e-02,
        -1.3723e-02,  7.0126e-02,  6.4868e-03,  7.0763e-02,  1.1920e-01,
         4.2498e-05,  4.7043e-02,  9.1601e-02,  6.0515e-02, -1.7811e-02,
         2.7558e-02, -6.4958e-02,  4.0020e-02, -7.0381e-02,  5.4873e-03,
        -3.8032e-02,  2.0210e-02,  6.6242e-02, -3.0837e-02,  1.1786e-01,
         1.2109e-01, -8.7243e-02]), 'rvq_quantizer.project_out.weight': tensor([[ 0.1391,  0.1389, -0.0638,  ...,  0.1497, -0.1518, -0.0982],
        [ 0.0400, -0.1660,  0.0335,  ...,  0.1551, -0.0025, -0.0239],
        [-0.0596, -0.0033,  0.1215,  ...,  0.0158,  0.0578,  0.0373],
        ...,
        [ 0.1155, -0.1740, -0.0604,  ..., -0.0189, -0.1290, -0.1407],
        [ 0.1166, -0.1520,  0.1097,  ..., -0.1163, -0.1759,  0.0724],
        [ 0.0715,  0.1611, -0.1024,  ...,  0.0083, -0.0714, -0.1503]]), 'rvq_quantizer.project_out.bias': tensor([ 1.5987e-01,  1.5615e-01, -1.5339e-01, -1.0336e-01, -6.1310e-02,
         1.3101e-01,  1.5501e-01, -1.5527e-01,  1.1952e-01, -1.5099e-01,
        -6.0957e-02,  1.4259e-01,  1.0313e-01,  1.3681e-01,  1.7227e-01,
        -8.1989e-02, -8.3912e-03, -1.7124e-01, -4.0239e-02,  1.4932e-01,
         1.4961e-01, -5.6660e-02,  9.9182e-02, -1.0434e-01, -7.8989e-02,
        -9.6498e-02,  1.5545e-01,  3.2009e-02,  3.9123e-02, -3.6162e-02,
         3.2309e-02, -1.1915e-01,  1.7072e-01, -1.2743e-01,  1.0117e-01,
        -1.7586e-01, -2.1377e-03, -9.6926e-02, -1.5145e-01, -9.3806e-03,
         9.3895e-02, -1.7972e-02, -9.2573e-02,  4.8761e-02,  3.3396e-02,
        -1.5251e-01,  9.7981e-03,  1.3211e-01, -2.1608e-02, -7.7352e-02,
        -1.3026e-01,  7.6535e-02, -7.3283e-03,  1.0275e-04,  6.7207e-02,
         7.6276e-02,  2.7185e-03, -1.2288e-01,  1.6985e-01, -1.5501e-01,
        -1.4429e-01, -1.2162e-01, -1.6839e-01,  1.5317e-01]), 'rvq_quantizer.layers.0._codebook.initted': tensor([1.]), 'rvq_quantizer.layers.0._codebook.cluster_size': tensor([[2.0000, 2.0000, 4.6034,  ..., 2.9979, 2.6366, 5.1517]]), 'rvq_quantizer.layers.0._codebook.embed_avg': tensor([[[  52.1614,  -78.1178,   32.9965,  ...,  148.5274,   68.8289,
           110.2283],
         [  31.2353,  -35.9371,   70.5370,  ...,   62.2776,   67.4927,
            17.7284],
         [  93.3035, -156.2481,   75.8629,  ...,  272.7883,  146.0167,
           165.2633],
         ...,
         [  82.9262, -144.6966,   41.9289,  ...,  226.1370,   94.6136,
           188.0482],
         [  84.8304, -115.3359,   34.8260,  ...,  188.8735,  102.8162,
           152.2696],
         [ 152.9229, -165.8854,   73.8046,  ...,  230.5929,  171.4452,
           135.5022]]]), 'rvq_quantizer.layers.0._codebook.embed': tensor([[[ 26.0807, -39.0589,  16.4982,  ...,  74.2637,  34.4144,  55.1142],
         [ 15.6176, -17.9685,  35.2685,  ...,  31.1388,  33.7463,   8.8642],
         [ 20.2686, -33.9422,  16.4799,  ...,  59.2586,  31.7196,  35.9006],
         ...,
         [ 27.6615, -48.2660,  13.9861,  ...,  75.4319,  31.5600,  62.7267],
         [ 32.1741, -43.7440,  13.2086,  ...,  71.6350,  38.9956,  57.7521],
         [ 29.6841, -32.2003,  14.3263,  ...,  44.7607,  33.2795,  26.3025]]]), 'rvq_quantizer.layers.1._codebook.initted': tensor([1.]), 'rvq_quantizer.layers.1._codebook.cluster_size': tensor([[339.0305,   3.1413,   5.2886,  ...,   2.0000,   4.1898,   3.0514]]), 'rvq_quantizer.layers.1._codebook.embed_avg': tensor([[[ 8.0619e-04, -1.2143e-03,  4.1439e-04,  ...,  2.1192e-03,
           9.5467e-04,  1.2880e-03],
         [ 9.6234e+00, -1.0982e+01, -7.7551e+00,  ...,  7.1201e+00,
          -6.8204e+00,  2.8243e+00],
         [ 6.2923e+00,  2.2842e+01,  1.8306e+01,  ..., -1.6791e+01,
           9.0279e-01, -2.4094e+01],
         ...,
         [ 7.5463e-01,  1.3311e+00, -1.2369e+00,  ...,  1.6891e-01,
          -7.5471e-01,  3.2754e+00],
         [-1.9593e+01, -2.9377e+00,  2.8599e+00,  ..., -2.4048e+00,
          -1.5552e+00, -9.1426e+00],
         [-2.0836e+00,  2.1577e+00,  2.6282e-01,  ...,  6.5716e-01,
          -5.2083e-01,  2.2272e-02]]]), 'rvq_quantizer.layers.1._codebook.embed': tensor([[[ 2.3779e-06, -3.5816e-06,  1.2223e-06,  ...,  6.2508e-06,
           2.8159e-06,  3.7992e-06],
         [ 3.0635e+00, -3.4960e+00, -2.4687e+00,  ...,  2.2666e+00,
          -2.1712e+00,  8.9908e-01],
         [ 1.1898e+00,  4.3191e+00,  3.4615e+00,  ..., -3.1749e+00,
           1.7070e-01, -4.5558e+00],
         ...,
         [ 3.7731e-01,  6.6557e-01, -6.1844e-01,  ...,  8.4457e-02,
          -3.7736e-01,  1.6377e+00],
         [-4.6764e+00, -7.0117e-01,  6.8259e-01,  ..., -5.7397e-01,
          -3.7119e-01, -2.1821e+00],
         [-6.8285e-01,  7.0712e-01,  8.6131e-02,  ...,  2.1536e-01,
          -1.7069e-01,  7.2989e-03]]]), 'rvq_quantizer.layers.2._codebook.initted': tensor([1.]), 'rvq_quantizer.layers.2._codebook.cluster_size': tensor([[374.0785,   3.2362,   2.3133,  ...,   2.0000,   3.0410,   2.0000]]), 'rvq_quantizer.layers.2._codebook.embed_avg': tensor([[[ 5.7173e-04, -8.5631e-04,  2.9724e-04,  ...,  1.4945e-03,
           6.8927e-04,  9.2057e-04],
         [-2.1391e-02, -2.0889e-02,  6.1925e-02,  ...,  2.3218e-02,
          -7.4752e-03,  2.5944e-02],
         [ 2.7062e-01,  1.4755e-01, -5.1482e-02,  ...,  4.8075e-02,
           6.3328e-02, -1.1742e-01],
         ...,
         [-1.0189e+00,  1.8965e+00, -1.9833e+00,  ...,  1.1733e+00,
           2.3048e-01,  1.0608e+00],
         [ 2.3124e+00, -3.9221e+00, -2.2840e+00,  ...,  1.4779e+00,
          -5.4343e+00,  3.3762e+00],
         [ 1.5193e-01,  1.6829e-01,  1.5926e-02,  ...,  1.6826e-01,
           1.9558e-01,  1.4151e-02]]]), 'rvq_quantizer.layers.2._codebook.embed': tensor([[[ 1.5284e-06, -2.2891e-06,  7.9459e-07,  ...,  3.9951e-06,
           1.8426e-06,  2.4609e-06],
         [-6.6099e-03, -6.4549e-03,  1.9135e-02,  ...,  7.1746e-03,
          -2.3099e-03,  8.0168e-03],
         [ 1.1699e-01,  6.3783e-02, -2.2255e-02,  ...,  2.0782e-02,
           2.7376e-02, -5.0759e-02],
         ...,
         [-5.0946e-01,  9.4824e-01, -9.9166e-01,  ...,  5.8667e-01,
           1.1524e-01,  5.3039e-01],
         [ 7.6040e-01, -1.2897e+00, -7.5106e-01,  ...,  4.8601e-01,
          -1.7870e+00,  1.1102e+00],
         [ 7.5964e-02,  8.4147e-02,  7.9630e-03,  ...,  8.4130e-02,
           9.7789e-02,  7.0754e-03]]]), 'rvq_quantizer.layers.3._codebook.initted': tensor([1.]), 'rvq_quantizer.layers.3._codebook.cluster_size': tensor([[  3.0590, 198.5956,   2.0000,  ...,   5.0674,   2.0000,   2.5695]]), 'rvq_quantizer.layers.3._codebook.embed_avg': tensor([[[ 1.8809e-01,  1.7407e-01, -1.0751e-02,  ...,  1.5645e-01,
          -4.0307e-02,  1.5248e-02],
         [ 1.9420e-04, -2.7477e-04,  1.0498e-04,  ...,  5.0083e-04,
           2.5721e-04,  2.9402e-04],
         [-8.3680e-02,  1.6490e-01,  4.4017e-02,  ..., -1.7748e-01,
           2.6447e-02,  1.7342e-01],
         ...,
         [ 6.1882e+00,  3.2410e-01,  2.0045e+00,  ...,  2.3409e+00,
          -1.1712e+00,  2.3092e+00],
         [ 1.6699e-02, -1.1511e-01,  9.6920e-02,  ...,  1.5085e-01,
           1.4067e-01, -1.0141e-01],
         [-1.8666e-01, -1.1653e-01,  1.4281e-01,  ..., -7.7726e-01,
          -1.5327e+00,  7.8055e-01]]]), 'rvq_quantizer.layers.3._codebook.embed': tensor([[[ 6.1486e-02,  5.6903e-02, -3.5145e-03,  ...,  5.1142e-02,
          -1.3176e-02,  4.9847e-03],
         [ 9.7785e-07, -1.3836e-06,  5.2861e-07,  ...,  2.5219e-06,
           1.2951e-06,  1.4805e-06],
         [-4.1840e-02,  8.2452e-02,  2.2009e-02,  ..., -8.8742e-02,
           1.3224e-02,  8.6710e-02],
         ...,
         [ 1.2212e+00,  6.3958e-02,  3.9556e-01,  ...,  4.6194e-01,
          -2.3113e-01,  4.5569e-01],
         [ 8.3494e-03, -5.7557e-02,  4.8460e-02,  ...,  7.5426e-02,
           7.0334e-02, -5.0703e-02],
         [-7.2642e-02, -4.5351e-02,  5.5578e-02,  ..., -3.0249e-01,
          -5.9647e-01,  3.0377e-01]]])})
Loss:  tensor(1.6440, grad_fn=<MeanBackward0>)
OrderedDict({'rvq_quantizer.project_in.weight': tensor([[-0.0413, -0.0308, -0.0457,  ..., -0.0054,  0.1202, -0.1159],
        [ 0.0671,  0.0330, -0.0402,  ..., -0.0271,  0.0020,  0.1032],
        [-0.0275,  0.0642, -0.0733,  ..., -0.0311,  0.0269,  0.0363],
        ...,
        [-0.1104, -0.0646,  0.0862,  ..., -0.0201,  0.0044,  0.0403],
        [-0.0280,  0.0473, -0.0244,  ..., -0.0301, -0.0984, -0.0943],
        [-0.0933, -0.0056,  0.1242,  ..., -0.0953,  0.0431,  0.0878]]), 'rvq_quantizer.project_in.bias': tensor([-6.1077e-03, -1.0639e-01,  5.7743e-02,  6.1203e-02, -9.2560e-02,
         7.2414e-02, -8.3908e-02, -1.2417e-01,  1.2006e-01, -1.7564e-02,
        -1.3723e-02,  7.0126e-02,  6.4868e-03,  7.0763e-02,  1.1920e-01,
         4.2498e-05,  4.7043e-02,  9.1601e-02,  6.0515e-02, -1.7811e-02,
         2.7558e-02, -6.4958e-02,  4.0020e-02, -7.0381e-02,  5.4873e-03,
        -3.8032e-02,  2.0210e-02,  6.6242e-02, -3.0837e-02,  1.1786e-01,
         1.2109e-01, -8.7243e-02]), 'rvq_quantizer.project_out.weight': tensor([[ 0.1391,  0.1389, -0.0638,  ...,  0.1497, -0.1518, -0.0982],
        [ 0.0400, -0.1660,  0.0335,  ...,  0.1551, -0.0025, -0.0239],
        [-0.0596, -0.0033,  0.1215,  ...,  0.0158,  0.0578,  0.0373],
        ...,
        [ 0.1155, -0.1740, -0.0604,  ..., -0.0189, -0.1290, -0.1407],
        [ 0.1166, -0.1520,  0.1097,  ..., -0.1163, -0.1759,  0.0724],
        [ 0.0715,  0.1611, -0.1024,  ...,  0.0083, -0.0714, -0.1503]]), 'rvq_quantizer.project_out.bias': tensor([ 1.5987e-01,  1.5615e-01, -1.5339e-01, -1.0336e-01, -6.1310e-02,
         1.3101e-01,  1.5501e-01, -1.5527e-01,  1.1952e-01, -1.5099e-01,
        -6.0957e-02,  1.4259e-01,  1.0313e-01,  1.3681e-01,  1.7227e-01,
        -8.1989e-02, -8.3912e-03, -1.7124e-01, -4.0239e-02,  1.4932e-01,
         1.4961e-01, -5.6660e-02,  9.9182e-02, -1.0434e-01, -7.8989e-02,
        -9.6498e-02,  1.5545e-01,  3.2009e-02,  3.9123e-02, -3.6162e-02,
         3.2309e-02, -1.1915e-01,  1.7072e-01, -1.2743e-01,  1.0117e-01,
        -1.7586e-01, -2.1377e-03, -9.6926e-02, -1.5145e-01, -9.3806e-03,
         9.3895e-02, -1.7972e-02, -9.2573e-02,  4.8761e-02,  3.3396e-02,
        -1.5251e-01,  9.7981e-03,  1.3211e-01, -2.1608e-02, -7.7352e-02,
        -1.3026e-01,  7.6535e-02, -7.3283e-03,  1.0275e-04,  6.7207e-02,
         7.6276e-02,  2.7185e-03, -1.2288e-01,  1.6985e-01, -1.5501e-01,
        -1.4429e-01, -1.2162e-01, -1.6839e-01,  1.5317e-01]), 'rvq_quantizer.layers.0._codebook.initted': tensor([1.]), 'rvq_quantizer.layers.0._codebook.cluster_size': tensor([[2.0000, 2.0000, 4.4430,  ..., 2.9981, 2.6729, 5.2365]]), 'rvq_quantizer.layers.0._codebook.embed_avg': tensor([[[  63.2059,  -72.1900,   31.6734,  ...,  128.6239,   45.8740,
           114.8846],
         [  30.9211,  -36.1643,   70.4353,  ...,   62.3990,   67.8345,
            17.9697],
         [  90.3257, -150.7271,   73.2706,  ...,  263.0191,  141.2512,
           159.8434],
         ...,
         [  82.7191, -144.7138,   41.9343,  ...,  226.0827,   94.7413,
           187.9955],
         [  85.9924, -116.9600,   35.3116,  ...,  191.4524,  104.2210,
           154.3648],
         [ 155.4222, -168.6192,   75.0697,  ...,  234.4416,  174.2583,
           137.6877]]]), 'rvq_quantizer.layers.0._codebook.embed': tensor([[[ 31.6029, -36.0950,  15.8367,  ...,  64.3120,  22.9370,  57.4423],
         [ 15.4605, -18.0821,  35.2176,  ...,  31.1995,  33.9172,   8.9848],
         [ 20.3298, -33.9245,  16.4912,  ...,  59.1983,  31.7917,  35.9763],
         ...,
         [ 27.5905, -48.2684,  13.9869,  ...,  75.4085,  31.6004,  62.7047],
         [ 32.1714, -43.7570,  13.2107,  ...,  71.6259,  38.9910,  57.7508],
         [ 29.6805, -32.2007,  14.3358,  ...,  44.7706,  33.2776,  26.2938]]]), 'rvq_quantizer.layers.1._codebook.initted': tensor([1.]), 'rvq_quantizer.layers.1._codebook.cluster_size': tensor([[339.7274,   3.0272,   5.5598,  ...,   2.0000,   4.0708,   2.9462]]), 'rvq_quantizer.layers.1._codebook.embed_avg': tensor([[[ 8.0739e-04, -1.2193e-03,  4.1208e-04,  ...,  2.1346e-03,
           9.5934e-04,  1.2967e-03],
         [ 9.7889e+00, -1.0650e+01, -7.1408e+00,  ...,  6.6751e+00,
          -6.5198e+00,  2.6229e+00],
         [ 6.7752e+00,  2.3749e+01,  1.9128e+01,  ..., -1.7599e+01,
           8.2954e-01, -2.5132e+01],
         ...,
         [ 1.9175e+00,  5.0449e+00, -1.9921e+00,  ...,  3.4431e+00,
           8.2813e-02, -2.1631e-01],
         [-1.8979e+01, -2.5752e+00,  2.5335e+00,  ..., -1.9497e+00,
          -1.4244e+00, -8.8105e+00],
         [-2.0742e+00,  2.1548e+00,  2.7043e-01,  ...,  6.4184e-01,
          -6.4237e-01, -2.8698e-02]]]), 'rvq_quantizer.layers.1._codebook.embed': tensor([[[ 2.3766e-06, -3.5891e-06,  1.2130e-06,  ...,  6.2834e-06,
           2.8239e-06,  3.8170e-06],
         [ 3.2337e+00, -3.5181e+00, -2.3589e+00,  ...,  2.2051e+00,
          -2.1538e+00,  8.6645e-01],
         [ 1.2186e+00,  4.2715e+00,  3.4405e+00,  ..., -3.1654e+00,
           1.4920e-01, -4.5203e+00],
         ...,
         [ 9.5877e-01,  2.5224e+00, -9.9607e-01,  ...,  1.7216e+00,
           4.1407e-02, -1.0815e-01],
         [-4.6623e+00, -6.3260e-01,  6.2236e-01,  ..., -4.7894e-01,
          -3.4990e-01, -2.1643e+00],
         [-7.0401e-01,  7.3137e-01,  9.1787e-02,  ...,  2.1785e-01,
          -2.1803e-01, -9.7405e-03]]]), 'rvq_quantizer.layers.2._codebook.initted': tensor([1.]), 'rvq_quantizer.layers.2._codebook.cluster_size': tensor([[374.7706,   3.0125,   2.1819,  ...,   2.0000,   3.1369,   2.0000]]), 'rvq_quantizer.layers.2._codebook.embed_avg': tensor([[[ 5.7225e-04, -8.6511e-04,  2.9520e-04,  ...,  1.5115e-03,
           6.8797e-04,  9.3044e-04],
         [-2.2628e-02, -1.7687e-02,  5.8632e-02,  ...,  1.9267e-02,
          -7.2442e-03,  2.0311e-02],
         [ 2.6296e-01,  1.2972e-01, -6.8867e-02,  ...,  4.8658e-02,
           6.6833e-02, -1.1228e-01],
         ...,
         [ 3.3654e+00, -1.9039e+00, -5.0961e+00,  ...,  1.1227e-01,
          -5.0030e+00,  5.5112e+00],
         [ 2.4126e+00, -4.3482e+00, -2.3062e+00,  ...,  1.0568e+00,
          -5.7376e+00,  3.6316e+00],
         [-3.3054e+00, -2.3920e+00,  8.8297e+00,  ..., -3.6173e+00,
          -1.1806e+00,  3.6161e+00]]]), 'rvq_quantizer.layers.2._codebook.embed': tensor([[[ 1.5269e-06, -2.3084e-06,  7.8768e-07,  ...,  4.0332e-06,
           1.8357e-06,  2.4827e-06],
         [-7.5114e-03, -5.8711e-03,  1.9463e-02,  ...,  6.3955e-03,
          -2.4047e-03,  6.7423e-03],
         [ 1.2052e-01,  5.9451e-02, -3.1563e-02,  ...,  2.2300e-02,
           3.0630e-02, -5.1460e-02],
         ...,
         [ 1.6827e+00, -9.5194e-01, -2.5481e+00,  ...,  5.6136e-02,
          -2.5015e+00,  2.7556e+00],
         [ 7.6909e-01, -1.3862e+00, -7.3518e-01,  ...,  3.3689e-01,
          -1.8291e+00,  1.1577e+00],
         [-1.6527e+00, -1.1960e+00,  4.4148e+00,  ..., -1.8086e+00,
          -5.9030e-01,  1.8081e+00]]]), 'rvq_quantizer.layers.3._codebook.initted': tensor([1.]), 'rvq_quantizer.layers.3._codebook.cluster_size': tensor([[  2.7531, 216.9361,   2.0000,  ...,   5.1607,   2.0000,   2.5126]]), 'rvq_quantizer.layers.3._codebook.embed_avg': tensor([[[ 1.6928e-01,  1.5666e-01, -9.6760e-03,  ...,  1.4080e-01,
          -3.6276e-02,  1.3724e-02],
         [ 2.0946e-04, -3.0764e-04,  1.1022e-04,  ...,  5.5754e-04,
           2.7153e-04,  3.2920e-04],
         [ 1.3844e-01, -1.1085e-01, -2.8625e-02,  ..., -3.6979e-02,
          -1.1934e-01, -6.2857e-02],
         ...,
         [ 6.2900e+00,  2.8453e-01,  1.9845e+00,  ...,  2.3215e+00,
          -1.2177e+00,  2.2749e+00],
         [-1.8321e-07, -3.5173e-06, -2.1904e-07,  ...,  1.0026e-05,
           5.9418e-06,  2.7386e-06],
         [-2.2948e-01, -1.1835e-01,  5.0462e-02,  ..., -7.3895e-01,
          -1.5557e+00,  7.5277e-01]]]), 'rvq_quantizer.layers.3._codebook.embed': tensor([[[ 6.1486e-02,  5.6903e-02, -3.5145e-03,  ...,  5.1142e-02,
          -1.3176e-02,  4.9847e-03],
         [ 9.6555e-07, -1.4181e-06,  5.0807e-07,  ...,  2.5701e-06,
           1.2517e-06,  1.5175e-06],
         [ 6.9219e-02, -5.5426e-02, -1.4313e-02,  ..., -1.8490e-02,
          -5.9672e-02, -3.1429e-02],
         ...,
         [ 1.2188e+00,  5.5135e-02,  3.8453e-01,  ...,  4.4984e-01,
          -2.3595e-01,  4.4081e-01],
         [-9.1604e-08, -1.7587e-06, -1.0952e-07,  ...,  5.0129e-06,
           2.9709e-06,  1.3693e-06],
         [-9.1332e-02, -4.7104e-02,  2.0084e-02,  ..., -2.9410e-01,
          -6.1915e-01,  2.9960e-01]]])})
Loss:  tensor(1.6478, grad_fn=<MeanBackward0>)
OrderedDict({'rvq_quantizer.project_in.weight': tensor([[-0.0413, -0.0308, -0.0457,  ..., -0.0054,  0.1202, -0.1159],
        [ 0.0671,  0.0330, -0.0402,  ..., -0.0271,  0.0020,  0.1032],
        [-0.0275,  0.0642, -0.0733,  ..., -0.0311,  0.0269,  0.0363],
        ...,
        [-0.1104, -0.0646,  0.0862,  ..., -0.0201,  0.0044,  0.0403],
        [-0.0280,  0.0473, -0.0244,  ..., -0.0301, -0.0984, -0.0943],
        [-0.0933, -0.0056,  0.1242,  ..., -0.0953,  0.0431,  0.0878]]), 'rvq_quantizer.project_in.bias': tensor([-6.1077e-03, -1.0639e-01,  5.7743e-02,  6.1203e-02, -9.2560e-02,
         7.2414e-02, -8.3908e-02, -1.2417e-01,  1.2006e-01, -1.7564e-02,
        -1.3723e-02,  7.0126e-02,  6.4868e-03,  7.0763e-02,  1.1920e-01,
         4.2498e-05,  4.7043e-02,  9.1601e-02,  6.0515e-02, -1.7811e-02,
         2.7558e-02, -6.4958e-02,  4.0020e-02, -7.0381e-02,  5.4873e-03,
        -3.8032e-02,  2.0210e-02,  6.6242e-02, -3.0837e-02,  1.1786e-01,
         1.2109e-01, -8.7243e-02]), 'rvq_quantizer.project_out.weight': tensor([[ 0.1391,  0.1389, -0.0638,  ...,  0.1497, -0.1518, -0.0982],
        [ 0.0400, -0.1660,  0.0335,  ...,  0.1551, -0.0025, -0.0239],
        [-0.0596, -0.0033,  0.1215,  ...,  0.0158,  0.0578,  0.0373],
        ...,
        [ 0.1155, -0.1740, -0.0604,  ..., -0.0189, -0.1290, -0.1407],
        [ 0.1166, -0.1520,  0.1097,  ..., -0.1163, -0.1759,  0.0724],
        [ 0.0715,  0.1611, -0.1024,  ...,  0.0083, -0.0714, -0.1503]]), 'rvq_quantizer.project_out.bias': tensor([ 1.5987e-01,  1.5615e-01, -1.5339e-01, -1.0336e-01, -6.1310e-02,
         1.3101e-01,  1.5501e-01, -1.5527e-01,  1.1952e-01, -1.5099e-01,
        -6.0957e-02,  1.4259e-01,  1.0313e-01,  1.3681e-01,  1.7227e-01,
        -8.1989e-02, -8.3912e-03, -1.7124e-01, -4.0239e-02,  1.4932e-01,
         1.4961e-01, -5.6660e-02,  9.9182e-02, -1.0434e-01, -7.8989e-02,
        -9.6498e-02,  1.5545e-01,  3.2009e-02,  3.9123e-02, -3.6162e-02,
         3.2309e-02, -1.1915e-01,  1.7072e-01, -1.2743e-01,  1.0117e-01,
        -1.7586e-01, -2.1377e-03, -9.6926e-02, -1.5145e-01, -9.3806e-03,
         9.3895e-02, -1.7972e-02, -9.2573e-02,  4.8761e-02,  3.3396e-02,
        -1.5251e-01,  9.7981e-03,  1.3211e-01, -2.1608e-02, -7.7352e-02,
        -1.3026e-01,  7.6535e-02, -7.3283e-03,  1.0275e-04,  6.7207e-02,
         7.6276e-02,  2.7185e-03, -1.2288e-01,  1.6985e-01, -1.5501e-01,
        -1.4429e-01, -1.2162e-01, -1.6839e-01,  1.5317e-01]), 'rvq_quantizer.layers.0._codebook.initted': tensor([1.]), 'rvq_quantizer.layers.0._codebook.cluster_size': tensor([[2.0000, 2.0000, 4.4987,  ..., 2.9983, 2.7057, 5.2129]]), 'rvq_quantizer.layers.0._codebook.embed_avg': tensor([[[  63.2520,  -71.7643,   31.9020,  ...,  128.4224,   46.1115,
           113.6970],
         [  30.6384,  -36.3688,   70.3437,  ...,   62.5083,   68.1421,
            18.1868],
         [  91.4349, -152.6350,   74.1700,  ...,  266.3610,  142.9859,
           161.8278],
         ...,
         [  82.5327, -144.7294,   41.9391,  ...,  226.0339,   94.8562,
           187.9480],
         [  87.0381, -118.4218,   35.7487,  ...,  193.7734,  105.4853,
           156.2504],
         [ 154.7410, -168.2341,   74.8979,  ...,  233.8733,  173.2865,
           136.8671]]]), 'rvq_quantizer.layers.0._codebook.embed': tensor([[[ 31.6259, -35.8821,  15.9510,  ...,  64.2111,  23.0557,  56.8484],
         [ 15.3192, -18.1844,  35.1718,  ...,  31.2541,  34.0710,   9.0934],
         [ 20.3247, -33.9286,  16.4869,  ...,  59.2082,  31.7837,  35.9720],
         ...,
         [ 27.5265, -48.2705,  13.9876,  ...,  75.3875,  31.6367,  62.6850],
         [ 32.1690, -43.7683,  13.2126,  ...,  71.6180,  38.9870,  57.7496],
         [ 29.6845, -32.2729,  14.3679,  ...,  44.8647,  33.2421,  26.2557]]]), 'rvq_quantizer.layers.1._codebook.initted': tensor([1.]), 'rvq_quantizer.layers.1._codebook.cluster_size': tensor([[339.6547,   3.0245,   5.5038,  ...,   2.0000,   3.7637,   2.8516]]), 'rvq_quantizer.layers.1._codebook.embed_avg': tensor([[[ 8.1744e-04, -1.2259e-03,  4.1681e-04,  ...,  2.1539e-03,
           9.7403e-04,  1.3069e-03],
         [ 9.8417e+00, -1.0438e+01, -7.5209e+00,  ...,  7.2133e+00,
          -6.2557e+00,  2.8424e+00],
         [ 6.7632e+00,  2.3904e+01,  1.8729e+01,  ..., -1.7007e+01,
           7.7420e-01, -2.5329e+01],
         ...,
         [-5.5909e+00, -2.5087e+00, -4.4231e+00,  ..., -7.0653e+00,
           5.6445e+00, -2.4203e+00],
         [-1.7574e+01, -2.5305e+00,  2.6245e+00,  ..., -1.7813e+00,
          -1.1627e+00, -8.3266e+00],
         [-1.9957e+00,  1.9581e+00,  5.9822e-01,  ...,  5.3990e-01,
          -7.8907e-01, -1.4986e-01]]]), 'rvq_quantizer.layers.1._codebook.embed': tensor([[[ 2.4067e-06, -3.6093e-06,  1.2272e-06,  ...,  6.3414e-06,
           2.8677e-06,  3.8477e-06],
         [ 3.2540e+00, -3.4511e+00, -2.4867e+00,  ...,  2.3850e+00,
          -2.0684e+00,  9.3981e-01],
         [ 1.2288e+00,  4.3432e+00,  3.4029e+00,  ..., -3.0901e+00,
           1.4067e-01, -4.6021e+00],
         ...,
         [-2.7954e+00, -1.2544e+00, -2.2115e+00,  ..., -3.5327e+00,
           2.8223e+00, -1.2102e+00],
         [-4.6694e+00, -6.7235e-01,  6.9731e-01,  ..., -4.7328e-01,
          -3.0892e-01, -2.2123e+00],
         [-6.9984e-01,  6.8668e-01,  2.0978e-01,  ...,  1.8933e-01,
          -2.7671e-01, -5.2554e-02]]]), 'rvq_quantizer.layers.2._codebook.initted': tensor([1.]), 'rvq_quantizer.layers.2._codebook.cluster_size': tensor([[375.7936,   2.9113,   2.1637,  ...,   2.0000,   3.0232,   2.0000]]), 'rvq_quantizer.layers.2._codebook.embed_avg': tensor([[[ 5.7455e-04, -8.5419e-04,  2.9562e-04,  ...,  1.5150e-03,
           6.9352e-04,  9.2661e-04],
         [-2.1556e-02, -2.8981e-02,  5.0054e-02,  ...,  9.2016e-03,
          -9.6768e-03,  2.6700e-02],
         [ 3.3726e-01,  1.4990e-01, -1.3837e-01,  ...,  4.3860e-02,
           1.1135e-01, -1.3002e-01],
         ...,
         [ 2.3906e+00,  2.5316e+00,  1.7667e+00,  ..., -1.8091e+00,
           4.0908e+00,  2.1529e+00],
         [ 2.6383e+00, -4.4632e+00, -2.2397e+00,  ...,  1.3236e+00,
          -5.7613e+00,  3.4686e+00],
         [ 5.6893e-01,  9.6545e-01, -3.8319e+00,  ...,  2.0425e+00,
           3.7462e-01,  1.3041e+00]]]), 'rvq_quantizer.layers.2._codebook.embed': tensor([[[ 1.5289e-06, -2.2730e-06,  7.8664e-07,  ...,  4.0315e-06,
           1.8455e-06,  2.4657e-06],
         [-7.4041e-03, -9.9548e-03,  1.7193e-02,  ...,  3.1607e-03,
          -3.3239e-03,  9.1713e-03],
         [ 1.5587e-01,  6.9276e-02, -6.3950e-02,  ...,  2.0271e-02,
           5.1460e-02, -6.0091e-02],
         ...,
         [ 1.1953e+00,  1.2658e+00,  8.8336e-01,  ..., -9.0454e-01,
           2.0454e+00,  1.0764e+00],
         [ 8.7268e-01, -1.4763e+00, -7.4083e-01,  ...,  4.3781e-01,
          -1.9057e+00,  1.1473e+00],
         [ 2.8447e-01,  4.8272e-01, -1.9160e+00,  ...,  1.0212e+00,
           1.8731e-01,  6.5207e-01]]]), 'rvq_quantizer.layers.3._codebook.initted': tensor([1.]), 'rvq_quantizer.layers.3._codebook.cluster_size': tensor([[  2.5778, 233.6425,   2.0000,  ...,   5.0446,   2.0000,   2.5613]]), 'rvq_quantizer.layers.3._codebook.embed_avg': tensor([[[ 1.5156e-01,  1.5397e-01, -2.2391e-02,  ...,  1.3992e-01,
          -3.3786e-02,  1.2477e-02],
         [ 2.2490e-04, -3.1769e-04,  1.1700e-04,  ...,  5.9660e-04,
           2.9122e-04,  3.4802e-04],
         [ 1.2530e-01, -1.0517e-01, -3.2867e-02,  ..., -3.1459e-02,
          -1.1199e-01, -8.8785e-02],
         ...,
         [ 6.0314e+00,  2.0052e-01,  1.8504e+00,  ...,  2.1340e+00,
          -1.1937e+00,  2.2219e+00],
         [ 2.5569e+00, -3.2053e-01,  2.1233e+00,  ..., -4.8071e+00,
          -2.1838e+00,  2.2796e+00],
         [-3.1689e-01, -1.2260e-01,  1.8773e-01,  ..., -8.4160e-01,
          -1.5052e+00,  8.0153e-01]]]), 'rvq_quantizer.layers.3._codebook.embed': tensor([[[ 5.8794e-02,  5.9727e-02, -8.6858e-03,  ...,  5.4277e-02,
          -1.3106e-02,  4.8403e-03],
         [ 9.6259e-07, -1.3597e-06,  5.0078e-07,  ...,  2.5535e-06,
           1.2464e-06,  1.4896e-06],
         [ 6.2650e-02, -5.2584e-02, -1.6433e-02,  ..., -1.5729e-02,
          -5.5997e-02, -4.4392e-02],
         ...,
         [ 1.1956e+00,  3.9749e-02,  3.6681e-01,  ...,  4.2303e-01,
          -2.3662e-01,  4.4044e-01],
         [ 1.2784e+00, -1.6027e-01,  1.0616e+00,  ..., -2.4035e+00,
          -1.0919e+00,  1.1398e+00],
         [-1.2372e-01, -4.7865e-02,  7.3292e-02,  ..., -3.2858e-01,
          -5.8768e-01,  3.1294e-01]]])})
Loss:  tensor(1.6224, grad_fn=<MeanBackward0>)
OrderedDict({'rvq_quantizer.project_in.weight': tensor([[-0.0413, -0.0308, -0.0457,  ..., -0.0054,  0.1202, -0.1159],
        [ 0.0671,  0.0330, -0.0402,  ..., -0.0271,  0.0020,  0.1032],
        [-0.0275,  0.0642, -0.0733,  ..., -0.0311,  0.0269,  0.0363],
        ...,
        [-0.1104, -0.0646,  0.0862,  ..., -0.0201,  0.0044,  0.0403],
        [-0.0280,  0.0473, -0.0244,  ..., -0.0301, -0.0984, -0.0943],
        [-0.0933, -0.0056,  0.1242,  ..., -0.0953,  0.0431,  0.0878]]), 'rvq_quantizer.project_in.bias': tensor([-6.1077e-03, -1.0639e-01,  5.7743e-02,  6.1203e-02, -9.2560e-02,
         7.2414e-02, -8.3908e-02, -1.2417e-01,  1.2006e-01, -1.7564e-02,
        -1.3723e-02,  7.0126e-02,  6.4868e-03,  7.0763e-02,  1.1920e-01,
         4.2498e-05,  4.7043e-02,  9.1601e-02,  6.0515e-02, -1.7811e-02,
         2.7558e-02, -6.4958e-02,  4.0020e-02, -7.0381e-02,  5.4873e-03,
        -3.8032e-02,  2.0210e-02,  6.6242e-02, -3.0837e-02,  1.1786e-01,
         1.2109e-01, -8.7243e-02]), 'rvq_quantizer.project_out.weight': tensor([[ 0.1391,  0.1389, -0.0638,  ...,  0.1497, -0.1518, -0.0982],
        [ 0.0400, -0.1660,  0.0335,  ...,  0.1551, -0.0025, -0.0239],
        [-0.0596, -0.0033,  0.1215,  ...,  0.0158,  0.0578,  0.0373],
        ...,
        [ 0.1155, -0.1740, -0.0604,  ..., -0.0189, -0.1290, -0.1407],
        [ 0.1166, -0.1520,  0.1097,  ..., -0.1163, -0.1759,  0.0724],
        [ 0.0715,  0.1611, -0.1024,  ...,  0.0083, -0.0714, -0.1503]]), 'rvq_quantizer.project_out.bias': tensor([ 1.5987e-01,  1.5615e-01, -1.5339e-01, -1.0336e-01, -6.1310e-02,
         1.3101e-01,  1.5501e-01, -1.5527e-01,  1.1952e-01, -1.5099e-01,
        -6.0957e-02,  1.4259e-01,  1.0313e-01,  1.3681e-01,  1.7227e-01,
        -8.1989e-02, -8.3912e-03, -1.7124e-01, -4.0239e-02,  1.4932e-01,
         1.4961e-01, -5.6660e-02,  9.9182e-02, -1.0434e-01, -7.8989e-02,
        -9.6498e-02,  1.5545e-01,  3.2009e-02,  3.9123e-02, -3.6162e-02,
         3.2309e-02, -1.1915e-01,  1.7072e-01, -1.2743e-01,  1.0117e-01,
        -1.7586e-01, -2.1377e-03, -9.6926e-02, -1.5145e-01, -9.3806e-03,
         9.3895e-02, -1.7972e-02, -9.2573e-02,  4.8761e-02,  3.3396e-02,
        -1.5251e-01,  9.7981e-03,  1.3211e-01, -2.1608e-02, -7.7352e-02,
        -1.3026e-01,  7.6535e-02, -7.3283e-03,  1.0275e-04,  6.7207e-02,
         7.6276e-02,  2.7185e-03, -1.2288e-01,  1.6985e-01, -1.5501e-01,
        -1.4429e-01, -1.2162e-01, -1.6839e-01,  1.5317e-01]), 'rvq_quantizer.layers.0._codebook.initted': tensor([1.]), 'rvq_quantizer.layers.0._codebook.cluster_size': tensor([[2.0000, 2.0000, 4.4489,  ..., 2.8985, 2.7351, 5.2916]]), 'rvq_quantizer.layers.0._codebook.embed_avg': tensor([[[  52.9479, -100.3363,   38.4186,  ...,  159.2732,   48.8182,
           124.5397],
         [  37.0626,  -75.0439,    6.8737,  ...,  129.8143,   52.8154,
            87.9731],
         [  90.6479, -151.0359,   73.3657,  ...,  262.9775,  141.6619,
           160.0419],
         ...,
         [  79.7084, -139.9606,   40.6726,  ...,  218.7466,   91.8992,
           181.6402],
         [  87.9793, -119.7373,   36.1421,  ...,  195.8623,  106.6232,
           157.9475],
         [ 157.0585, -170.7331,   76.0537,  ...,  237.3939,  175.9155,
           138.9161]]]), 'rvq_quantizer.layers.0._codebook.embed': tensor([[[ 26.4740, -50.1681,  19.2093,  ...,  79.6366,  24.4091,  62.2699],
         [ 18.5313, -37.5220,   3.4368,  ...,  64.9072,  26.4077,  43.9866],
         [ 20.3756, -33.9495,  16.4910,  ...,  59.1114,  31.8424,  35.9738],
         ...,
         [ 27.5002, -48.2878,  14.0325,  ...,  75.4698,  31.7062,  62.6677],
         [ 32.1669, -43.7782,  13.2142,  ...,  71.6110,  38.9835,  57.7486],
         [ 29.6809, -32.2651,  14.3726,  ...,  44.8626,  33.2445,  26.2523]]]), 'rvq_quantizer.layers.1._codebook.initted': tensor([1.]), 'rvq_quantizer.layers.1._codebook.cluster_size': tensor([[340.1892,   3.2220,   5.5534,  ...,   2.0000,   3.7874,   2.6665]]), 'rvq_quantizer.layers.1._codebook.embed_avg': tensor([[[ 8.1199e-04, -1.2201e-03,  4.0875e-04,  ...,  2.1475e-03,
           9.5989e-04,  1.3021e-03],
         [ 1.0492e+01, -1.1322e+01, -8.1400e+00,  ...,  8.2176e+00,
          -6.6251e+00,  2.6927e+00],
         [ 6.6537e+00,  2.4022e+01,  1.8990e+01,  ..., -1.6859e+01,
           4.5086e-01, -2.5611e+01],
         ...,
         [ 1.0830e+00,  4.7285e+00, -3.9316e+00,  ...,  4.3037e+00,
           1.9562e+00,  7.6052e-01],
         [-1.7217e+01, -2.5607e+00,  3.0623e+00,  ..., -1.7532e+00,
          -1.1875e+00, -8.6102e+00],
         [-1.7672e+00,  1.6544e+00,  6.5489e-01,  ...,  4.4047e-01,
          -7.2961e-01, -1.7348e-01]]]), 'rvq_quantizer.layers.1._codebook.embed': tensor([[[ 2.3869e-06, -3.5864e-06,  1.2015e-06,  ...,  6.3128e-06,
           2.8216e-06,  3.8275e-06],
         [ 3.2562e+00, -3.5141e+00, -2.5264e+00,  ...,  2.5505e+00,
          -2.0562e+00,  8.3572e-01],
         [ 1.1981e+00,  4.3255e+00,  3.4195e+00,  ..., -3.0357e+00,
           8.1186e-02, -4.6118e+00],
         ...,
         [ 5.4148e-01,  2.3643e+00, -1.9658e+00,  ...,  2.1518e+00,
           9.7808e-01,  3.8026e-01],
         [-4.5460e+00, -6.7611e-01,  8.0856e-01,  ..., -4.6290e-01,
          -3.1355e-01, -2.2734e+00],
         [-6.6273e-01,  6.2045e-01,  2.4560e-01,  ...,  1.6519e-01,
          -2.7362e-01, -6.5059e-02]]]), 'rvq_quantizer.layers.2._codebook.initted': tensor([1.]), 'rvq_quantizer.layers.2._codebook.cluster_size': tensor([[375.7142,   3.0202,   2.2474,  ...,   2.0000,   3.0209,   2.0000]]), 'rvq_quantizer.layers.2._codebook.embed_avg': tensor([[[ 5.6757e-04, -8.4991e-04,  2.8723e-04,  ...,  1.5149e-03,
           6.7830e-04,  9.2083e-04],
         [-1.9944e-03, -3.6719e-02,  6.5384e-02,  ..., -1.6925e-03,
          -7.7375e-03,  3.2752e-02],
         [ 4.8363e-01,  1.2079e-01, -1.6842e-01,  ...,  1.2961e-02,
           2.3494e-01, -7.5355e-02],
         ...,
         [-5.0453e-01,  3.0296e+00,  2.2100e+00,  ...,  3.3233e+00,
           3.2239e+00,  3.3614e+00],
         [ 2.0371e+00, -4.7297e+00, -2.2122e+00,  ...,  1.1251e+00,
          -5.9132e+00,  3.4898e+00],
         [ 4.9005e-01,  1.2003e+00, -3.9500e+00,  ...,  2.0075e+00,
           3.2121e-01,  1.2980e+00]]]), 'rvq_quantizer.layers.2._codebook.embed': tensor([[[ 1.5107e-06, -2.2621e-06,  7.6448e-07,  ...,  4.0320e-06,
           1.8054e-06,  2.4509e-06],
         [-6.6035e-04, -1.2158e-02,  2.1649e-02,  ..., -5.6039e-04,
          -2.5620e-03,  1.0845e-02],
         [ 2.1520e-01,  5.3747e-02, -7.4942e-02,  ...,  5.7674e-03,
           1.0454e-01, -3.3530e-02],
         ...,
         [-2.5226e-01,  1.5148e+00,  1.1050e+00,  ...,  1.6617e+00,
           1.6119e+00,  1.6807e+00],
         [ 6.7435e-01, -1.5657e+00, -7.3231e-01,  ...,  3.7245e-01,
          -1.9574e+00,  1.1552e+00],
         [ 2.4503e-01,  6.0013e-01, -1.9750e+00,  ...,  1.0037e+00,
           1.6061e-01,  6.4899e-01]]]), 'rvq_quantizer.layers.3._codebook.initted': tensor([1.]), 'rvq_quantizer.layers.3._codebook.cluster_size': tensor([[  2.7200, 247.7782,   2.0000,  ...,   4.7401,   2.0000,   2.6052]]), 'rvq_quantizer.layers.3._codebook.embed_avg': tensor([[[ 1.4550e-01,  1.9784e-01, -1.1336e-02,  ...,  1.3734e-01,
          -4.6996e-02,  1.2938e-02],
         [ 2.3622e-04, -3.4325e-04,  1.1782e-04,  ...,  6.4160e-04,
           2.9654e-04,  3.6922e-04],
         [-2.6787e+00,  8.6881e+00,  4.2926e+00,  ...,  3.4910e+00,
          -1.7469e+00, -4.1178e+00],
         ...,
         [ 5.5148e+00,  1.9816e-01,  1.6986e+00,  ...,  1.9941e+00,
          -1.1803e+00,  2.0928e+00],
         [-4.0917e+00,  4.9103e+00,  1.3206e+00,  ...,  1.6832e+00,
           1.6419e+00,  1.4628e+00],
         [-3.6548e-01, -1.6670e-01,  3.1061e-01,  ..., -9.1908e-01,
          -1.4658e+00,  7.2677e-01]]]), 'rvq_quantizer.layers.3._codebook.embed': tensor([[[ 5.3493e-02,  7.2734e-02, -4.1676e-03,  ...,  5.0492e-02,
          -1.7278e-02,  4.7567e-03],
         [ 9.5336e-07, -1.3853e-06,  4.7550e-07,  ...,  2.5894e-06,
           1.1968e-06,  1.4901e-06],
         [-1.3393e+00,  4.3440e+00,  2.1463e+00,  ...,  1.7455e+00,
          -8.7345e-01, -2.0589e+00],
         ...,
         [ 1.1634e+00,  4.1804e-02,  3.5834e-01,  ...,  4.2068e-01,
          -2.4899e-01,  4.4152e-01],
         [-2.0459e+00,  2.4551e+00,  6.6030e-01,  ...,  8.4159e-01,
           8.2096e-01,  7.3141e-01],
         [-1.4029e-01, -6.3987e-02,  1.1923e-01,  ..., -3.5279e-01,
          -5.6265e-01,  2.7897e-01]]])})
Loss:  tensor(1.6431, grad_fn=<MeanBackward0>)
OrderedDict({'rvq_quantizer.project_in.weight': tensor([[-0.0413, -0.0308, -0.0457,  ..., -0.0054,  0.1202, -0.1159],
        [ 0.0671,  0.0330, -0.0402,  ..., -0.0271,  0.0020,  0.1032],
        [-0.0275,  0.0642, -0.0733,  ..., -0.0311,  0.0269,  0.0363],
        ...,
        [-0.1104, -0.0646,  0.0862,  ..., -0.0201,  0.0044,  0.0403],
        [-0.0280,  0.0473, -0.0244,  ..., -0.0301, -0.0984, -0.0943],
        [-0.0933, -0.0056,  0.1242,  ..., -0.0953,  0.0431,  0.0878]]), 'rvq_quantizer.project_in.bias': tensor([-6.1077e-03, -1.0639e-01,  5.7743e-02,  6.1203e-02, -9.2560e-02,
         7.2414e-02, -8.3908e-02, -1.2417e-01,  1.2006e-01, -1.7564e-02,
        -1.3723e-02,  7.0126e-02,  6.4868e-03,  7.0763e-02,  1.1920e-01,
         4.2498e-05,  4.7043e-02,  9.1601e-02,  6.0515e-02, -1.7811e-02,
         2.7558e-02, -6.4958e-02,  4.0020e-02, -7.0381e-02,  5.4873e-03,
        -3.8032e-02,  2.0210e-02,  6.6242e-02, -3.0837e-02,  1.1786e-01,
         1.2109e-01, -8.7243e-02]), 'rvq_quantizer.project_out.weight': tensor([[ 0.1391,  0.1389, -0.0638,  ...,  0.1497, -0.1518, -0.0982],
        [ 0.0400, -0.1660,  0.0335,  ...,  0.1551, -0.0025, -0.0239],
        [-0.0596, -0.0033,  0.1215,  ...,  0.0158,  0.0578,  0.0373],
        ...,
        [ 0.1155, -0.1740, -0.0604,  ..., -0.0189, -0.1290, -0.1407],
        [ 0.1166, -0.1520,  0.1097,  ..., -0.1163, -0.1759,  0.0724],
        [ 0.0715,  0.1611, -0.1024,  ...,  0.0083, -0.0714, -0.1503]]), 'rvq_quantizer.project_out.bias': tensor([ 1.5987e-01,  1.5615e-01, -1.5339e-01, -1.0336e-01, -6.1310e-02,
         1.3101e-01,  1.5501e-01, -1.5527e-01,  1.1952e-01, -1.5099e-01,
        -6.0957e-02,  1.4259e-01,  1.0313e-01,  1.3681e-01,  1.7227e-01,
        -8.1989e-02, -8.3912e-03, -1.7124e-01, -4.0239e-02,  1.4932e-01,
         1.4961e-01, -5.6660e-02,  9.9182e-02, -1.0434e-01, -7.8989e-02,
        -9.6498e-02,  1.5545e-01,  3.2009e-02,  3.9123e-02, -3.6162e-02,
         3.2309e-02, -1.1915e-01,  1.7072e-01, -1.2743e-01,  1.0117e-01,
        -1.7586e-01, -2.1377e-03, -9.6926e-02, -1.5145e-01, -9.3806e-03,
         9.3895e-02, -1.7972e-02, -9.2573e-02,  4.8761e-02,  3.3396e-02,
        -1.5251e-01,  9.7981e-03,  1.3211e-01, -2.1608e-02, -7.7352e-02,
        -1.3026e-01,  7.6535e-02, -7.3283e-03,  1.0275e-04,  6.7207e-02,
         7.6276e-02,  2.7185e-03, -1.2288e-01,  1.6985e-01, -1.5501e-01,
        -1.4429e-01, -1.2162e-01, -1.6839e-01,  1.5317e-01]), 'rvq_quantizer.layers.0._codebook.initted': tensor([1.]), 'rvq_quantizer.layers.0._codebook.cluster_size': tensor([[2.0000, 2.0000, 4.4040,  ..., 2.8086, 2.7616, 5.2624]]), 'rvq_quantizer.layers.0._codebook.embed_avg': tensor([[[  52.2086,  -93.1429,    4.7114,  ...,   90.0782,   57.0181,
            67.8311],
         [  59.9168, -106.6843,   23.6257,  ...,  152.2920,   62.2660,
           129.2540],
         [  89.7210, -149.3523,   72.6368,  ...,  260.5806,  140.2171,
           158.7159],
         ...,
         [  77.2739, -135.6096,   39.4640,  ...,  211.6402,   88.7952,
           176.0160],
         [  88.8264, -120.9213,   36.4961,  ...,  197.7423,  107.6473,
           159.4749],
         [ 156.1480, -169.2868,   75.5533,  ...,  235.4804,  175.0798,
           138.1024]]]), 'rvq_quantizer.layers.0._codebook.embed': tensor([[[ 26.1043, -46.5715,   2.3557,  ...,  45.0391,  28.5091,  33.9155],
         [ 29.9584, -53.3421,  11.8128,  ...,  76.1460,  31.1330,  64.6270],
         [ 20.3728, -33.9132,  16.4935,  ...,  59.1696,  31.8389,  36.0394],
         ...,
         [ 27.5131, -48.2834,  14.0510,  ...,  75.3538,  31.6153,  62.6699],
         [ 32.1651, -43.7870,  13.2157,  ...,  71.6048,  38.9803,  57.7477],
         [ 29.6723, -32.1690,  14.3572,  ...,  44.7476,  33.2699,  26.2432]]]), 'rvq_quantizer.layers.1._codebook.initted': tensor([1.]), 'rvq_quantizer.layers.1._codebook.cluster_size': tensor([[340.4703,   3.2998,   5.7981,  ...,   2.0000,   3.8086,   2.6998]]), 'rvq_quantizer.layers.1._codebook.embed_avg': tensor([[[ 8.2769e-04, -1.2394e-03,  4.1361e-04,  ...,  2.1979e-03,
           9.7719e-04,  1.3315e-03],
         [ 1.0445e+01, -1.1894e+01, -8.5453e+00,  ...,  9.1619e+00,
          -6.8739e+00,  2.2096e+00],
         [ 6.8767e+00,  2.4821e+01,  1.9835e+01,  ..., -1.7472e+01,
           4.4354e-01, -2.6654e+01],
         ...,
         [ 4.1610e+00, -2.9514e+00, -2.8965e-02,  ...,  2.2733e-01,
          -2.7041e+00, -3.5195e-01],
         [-1.6676e+01, -3.1657e+00,  3.9039e+00,  ..., -1.7659e+00,
          -1.1335e+00, -8.7557e+00],
         [-1.7556e+00,  1.5845e+00,  7.4096e-01,  ...,  4.1137e-01,
          -8.4329e-01, -2.3826e-01]]]), 'rvq_quantizer.layers.1._codebook.embed': tensor([[[ 2.4310e-06, -3.6402e-06,  1.2148e-06,  ...,  6.4555e-06,
           2.8701e-06,  3.9108e-06],
         [ 3.1654e+00, -3.6044e+00, -2.5896e+00,  ...,  2.7765e+00,
          -2.0831e+00,  6.6961e-01],
         [ 1.1860e+00,  4.2809e+00,  3.4209e+00,  ..., -3.0133e+00,
           7.6499e-02, -4.5971e+00],
         ...,
         [ 2.0805e+00, -1.4757e+00, -1.4482e-02,  ...,  1.1366e-01,
          -1.3520e+00, -1.7598e-01],
         [-4.3784e+00, -8.3120e-01,  1.0250e+00,  ..., -4.6366e-01,
          -2.9760e-01, -2.2989e+00],
         [-6.5026e-01,  5.8689e-01,  2.7445e-01,  ...,  1.5237e-01,
          -3.1235e-01, -8.8252e-02]]]), 'rvq_quantizer.layers.2._codebook.initted': tensor([1.]), 'rvq_quantizer.layers.2._codebook.cluster_size': tensor([[375.7428,   3.3181,   2.3226,  ...,   2.0000,   3.0188,   2.0000]]), 'rvq_quantizer.layers.2._codebook.embed_avg': tensor([[[ 5.8254e-04, -8.6348e-04,  2.9090e-04,  ...,  1.5591e-03,
           6.9309e-04,  9.3977e-04],
         [-2.1205e-02, -5.2201e-02,  7.3990e-02,  ..., -6.3123e-03,
          -1.1820e-02,  3.0090e-02],
         [ 6.5028e-01,  1.2020e-01, -2.0239e-01,  ...,  7.2270e-03,
           3.5266e-01, -5.7385e-03],
         ...,
         [ 4.4016e+00, -8.5806e+00, -5.7418e+00,  ...,  6.5360e+00,
          -4.8055e+00, -3.3573e+00],
         [ 1.7968e+00, -4.5269e+00, -2.2192e+00,  ...,  1.1791e+00,
          -6.0219e+00,  3.4201e+00],
         [ 4.2767e-01,  1.4033e+00, -4.0467e+00,  ...,  2.0006e+00,
           2.7644e-01,  1.2898e+00]]]), 'rvq_quantizer.layers.2._codebook.embed': tensor([[[ 1.5504e-06, -2.2981e-06,  7.7421e-07,  ...,  4.1493e-06,
           1.8446e-06,  2.5011e-06],
         [-6.3906e-03, -1.5732e-02,  2.2299e-02,  ..., -1.9024e-03,
          -3.5621e-03,  9.0682e-03],
         [ 2.7997e-01,  5.1752e-02, -8.7139e-02,  ...,  3.1115e-03,
           1.5184e-01, -2.4707e-03],
         ...,
         [ 2.2008e+00, -4.2903e+00, -2.8709e+00,  ...,  3.2680e+00,
          -2.4027e+00, -1.6787e+00],
         [ 5.9519e-01, -1.4996e+00, -7.3511e-01,  ...,  3.9058e-01,
          -1.9948e+00,  1.1329e+00],
         [ 2.1383e-01,  7.0164e-01, -2.0234e+00,  ...,  1.0003e+00,
           1.3822e-01,  6.4490e-01]]]), 'rvq_quantizer.layers.3._codebook.initted': tensor([1.]), 'rvq_quantizer.layers.3._codebook.cluster_size': tensor([[  2.8480, 260.8004,   2.0000,  ...,   4.6661,   2.0000,   2.7447]]), 'rvq_quantizer.layers.3._codebook.embed_avg': tensor([[[ 1.4308e-01,  2.2850e-01, -8.6170e-03,  ...,  1.3535e-01,
          -5.4859e-02,  1.7752e-02],
         [ 2.6045e-04, -3.7129e-04,  1.2658e-04,  ...,  7.1013e-04,
           3.2083e-04,  4.0697e-04],
         [ 2.2972e+00, -2.2778e+00, -2.0723e+00,  ...,  3.0770e+00,
           8.9621e-01, -9.4020e-01],
         ...,
         [ 5.3098e+00,  2.2982e-01,  1.6599e+00,  ...,  2.0317e+00,
          -1.2570e+00,  2.0925e+00],
         [ 6.1301e-02,  1.6948e-01, -1.1962e-02,  ..., -1.6336e-02,
          -2.3072e-04, -2.8551e-02],
         [-4.4263e-01, -2.7872e-01,  4.5105e-01,  ..., -1.0850e+00,
          -1.5931e+00,  7.6290e-01]]]), 'rvq_quantizer.layers.3._codebook.embed': tensor([[[ 5.0239e-02,  8.0230e-02, -3.0256e-03,  ...,  4.7523e-02,
          -1.9262e-02,  6.2331e-03],
         [ 9.9867e-07, -1.4237e-06,  4.8535e-07,  ...,  2.7229e-06,
           1.2302e-06,  1.5605e-06],
         [ 1.1486e+00, -1.1389e+00, -1.0361e+00,  ...,  1.5385e+00,
           4.4811e-01, -4.7010e-01],
         ...,
         [ 1.1379e+00,  4.9252e-02,  3.5574e-01,  ...,  4.3541e-01,
          -2.6938e-01,  4.4845e-01],
         [ 3.0650e-02,  8.4739e-02, -5.9810e-03,  ..., -8.1682e-03,
          -1.1536e-04, -1.4276e-02],
         [-1.6127e-01, -1.0155e-01,  1.6434e-01,  ..., -3.9530e-01,
          -5.8044e-01,  2.7796e-01]]])})
Loss:  tensor(1.6081, grad_fn=<MeanBackward0>)
OrderedDict({'rvq_quantizer.project_in.weight': tensor([[-0.0413, -0.0308, -0.0457,  ..., -0.0054,  0.1202, -0.1159],
        [ 0.0671,  0.0330, -0.0402,  ..., -0.0271,  0.0020,  0.1032],
        [-0.0275,  0.0642, -0.0733,  ..., -0.0311,  0.0269,  0.0363],
        ...,
        [-0.1104, -0.0646,  0.0862,  ..., -0.0201,  0.0044,  0.0403],
        [-0.0280,  0.0473, -0.0244,  ..., -0.0301, -0.0984, -0.0943],
        [-0.0933, -0.0056,  0.1242,  ..., -0.0953,  0.0431,  0.0878]]), 'rvq_quantizer.project_in.bias': tensor([-6.1077e-03, -1.0639e-01,  5.7743e-02,  6.1203e-02, -9.2560e-02,
         7.2414e-02, -8.3908e-02, -1.2417e-01,  1.2006e-01, -1.7564e-02,
        -1.3723e-02,  7.0126e-02,  6.4868e-03,  7.0763e-02,  1.1920e-01,
         4.2498e-05,  4.7043e-02,  9.1601e-02,  6.0515e-02, -1.7811e-02,
         2.7558e-02, -6.4958e-02,  4.0020e-02, -7.0381e-02,  5.4873e-03,
        -3.8032e-02,  2.0210e-02,  6.6242e-02, -3.0837e-02,  1.1786e-01,
         1.2109e-01, -8.7243e-02]), 'rvq_quantizer.project_out.weight': tensor([[ 0.1391,  0.1389, -0.0638,  ...,  0.1497, -0.1518, -0.0982],
        [ 0.0400, -0.1660,  0.0335,  ...,  0.1551, -0.0025, -0.0239],
        [-0.0596, -0.0033,  0.1215,  ...,  0.0158,  0.0578,  0.0373],
        ...,
        [ 0.1155, -0.1740, -0.0604,  ..., -0.0189, -0.1290, -0.1407],
        [ 0.1166, -0.1520,  0.1097,  ..., -0.1163, -0.1759,  0.0724],
        [ 0.0715,  0.1611, -0.1024,  ...,  0.0083, -0.0714, -0.1503]]), 'rvq_quantizer.project_out.bias': tensor([ 1.5987e-01,  1.5615e-01, -1.5339e-01, -1.0336e-01, -6.1310e-02,
         1.3101e-01,  1.5501e-01, -1.5527e-01,  1.1952e-01, -1.5099e-01,
        -6.0957e-02,  1.4259e-01,  1.0313e-01,  1.3681e-01,  1.7227e-01,
        -8.1989e-02, -8.3912e-03, -1.7124e-01, -4.0239e-02,  1.4932e-01,
         1.4961e-01, -5.6660e-02,  9.9182e-02, -1.0434e-01, -7.8989e-02,
        -9.6498e-02,  1.5545e-01,  3.2009e-02,  3.9123e-02, -3.6162e-02,
         3.2309e-02, -1.1915e-01,  1.7072e-01, -1.2743e-01,  1.0117e-01,
        -1.7586e-01, -2.1377e-03, -9.6926e-02, -1.5145e-01, -9.3806e-03,
         9.3895e-02, -1.7972e-02, -9.2573e-02,  4.8761e-02,  3.3396e-02,
        -1.5251e-01,  9.7981e-03,  1.3211e-01, -2.1608e-02, -7.7352e-02,
        -1.3026e-01,  7.6535e-02, -7.3283e-03,  1.0275e-04,  6.7207e-02,
         7.6276e-02,  2.7185e-03, -1.2288e-01,  1.6985e-01, -1.5501e-01,
        -1.4429e-01, -1.2162e-01, -1.6839e-01,  1.5317e-01]), 'rvq_quantizer.layers.0._codebook.initted': tensor([1.]), 'rvq_quantizer.layers.0._codebook.cluster_size': tensor([[2.0000, 2.0000, 4.3636,  ..., 2.7278, 2.6854, 5.2362]]), 'rvq_quantizer.layers.0._codebook.embed_avg': tensor([[[  44.8835,  -40.3299,   46.6503,  ...,   84.5731,   61.2831,
            38.7763],
         [  44.4796,  -71.9022,   -8.6513,  ...,  128.4257,   23.9259,
            92.4011],
         [  89.1053, -148.0815,   71.9859,  ...,  257.7752,  139.1700,
           157.2413],
         ...,
         [  74.7522, -131.6733,   38.1280,  ...,  205.5108,   86.4793,
           170.8918],
         [  86.5386, -117.9427,   35.4679,  ...,  192.4288,  104.6481,
           155.1901],
         [ 155.3286, -167.9851,   75.1030,  ...,  233.7583,  174.3276,
           137.3701]]]), 'rvq_quantizer.layers.0._codebook.embed': tensor([[[ 22.4418, -20.1650,  23.3251,  ...,  42.2866,  30.6415,  19.3881],
         [ 22.2398, -35.9511,  -4.3257,  ...,  64.2128,  11.9629,  46.2006],
         [ 20.4203, -33.9359,  16.4970,  ...,  59.0745,  31.8937,  36.0351],
         ...,
         [ 27.4043, -48.2716,  13.9778,  ...,  75.3405,  31.7034,  62.6492],
         [ 32.2253, -43.9196,  13.2076,  ...,  71.6568,  38.9690,  57.7899],
         [ 29.6645, -32.0817,  14.3431,  ...,  44.6430,  33.2929,  26.2348]]]), 'rvq_quantizer.layers.1._codebook.initted': tensor([1.]), 'rvq_quantizer.layers.1._codebook.cluster_size': tensor([[341.4233,   3.3698,   5.8183,  ...,   2.0000,   3.9278,   2.6298]]), 'rvq_quantizer.layers.1._codebook.embed_avg': tensor([[[ 8.3247e-04, -1.2438e-03,  4.1824e-04,  ...,  2.2135e-03,
           9.8610e-04,  1.3382e-03],
         [ 1.0770e+01, -1.2203e+01, -8.5320e+00,  ...,  9.3081e+00,
          -6.9540e+00,  2.4658e+00],
         [ 6.6627e+00,  2.4895e+01,  1.9926e+01,  ..., -1.7413e+01,
           1.6129e-01, -2.6683e+01],
         ...,
         [-3.9395e+00,  1.4977e+00, -6.3876e-01,  ...,  2.5530e+00,
          -1.5478e+00,  1.4585e+00],
         [-1.6755e+01, -3.4832e+00,  4.5136e+00,  ..., -1.5356e+00,
          -1.2352e+00, -9.1022e+00],
         [-1.5935e+00,  1.4050e+00,  5.5677e-01,  ...,  3.7963e-01,
          -7.6434e-01, -1.9642e-01]]]), 'rvq_quantizer.layers.1._codebook.embed': tensor([[[ 2.4382e-06, -3.6430e-06,  1.2250e-06,  ...,  6.4831e-06,
           2.8882e-06,  3.9194e-06],
         [ 3.1960e+00, -3.6214e+00, -2.5319e+00,  ...,  2.7622e+00,
          -2.0636e+00,  7.3173e-01],
         [ 1.1451e+00,  4.2789e+00,  3.4247e+00,  ..., -2.9928e+00,
           2.7721e-02, -4.5860e+00],
         ...,
         [-1.9697e+00,  7.4886e-01, -3.1938e-01,  ...,  1.2765e+00,
          -7.7391e-01,  7.2923e-01],
         [-4.2657e+00, -8.8683e-01,  1.1491e+00,  ..., -3.9096e-01,
          -3.1448e-01, -2.3174e+00],
         [-6.0592e-01,  5.3424e-01,  2.1171e-01,  ...,  1.4436e-01,
          -2.9064e-01, -7.4691e-02]]]), 'rvq_quantizer.layers.2._codebook.initted': tensor([1.]), 'rvq_quantizer.layers.2._codebook.cluster_size': tensor([[376.4685,   3.2863,   2.6904,  ...,   2.0000,   3.0169,   2.0000]]), 'rvq_quantizer.layers.2._codebook.embed_avg': tensor([[[ 5.8519e-04, -8.6420e-04,  2.9670e-04,  ...,  1.5596e-03,
           7.0061e-04,  9.4427e-04],
         [-3.2940e-02, -5.9341e-02,  7.5746e-02,  ..., -1.3163e-02,
          -2.0615e-04,  1.9748e-02],
         [ 8.9841e-01,  8.2104e-02, -1.9383e-01,  ...,  1.6165e-01,
           5.5260e-01,  4.5581e-02],
         ...,
         [ 1.0397e-05, -7.9783e-06, -1.4760e-06,  ...,  3.2865e-05,
           5.7038e-06,  2.2696e-05],
         [ 1.3274e+00, -4.6441e+00, -2.0937e+00,  ...,  1.1938e+00,
          -6.2105e+00,  3.2981e+00],
         [ 1.3135e+00, -5.5631e-03, -2.2887e+00,  ...,  2.3745e+00,
           1.0047e-01,  1.6034e-01]]]), 'rvq_quantizer.layers.2._codebook.embed': tensor([[[ 1.5544e-06, -2.2956e-06,  7.8811e-07,  ...,  4.1426e-06,
           1.8610e-06,  2.5082e-06],
         [-1.0023e-02, -1.8057e-02,  2.3049e-02,  ..., -4.0055e-03,
          -6.2730e-05,  6.0091e-03],
         [ 3.3394e-01,  3.0518e-02, -7.2046e-02,  ...,  6.0086e-02,
           2.0540e-01,  1.6942e-02],
         ...,
         [ 5.1984e-06, -3.9891e-06, -7.3799e-07,  ...,  1.6433e-05,
           2.8519e-06,  1.1348e-05],
         [ 4.4000e-01, -1.5394e+00, -6.9400e-01,  ...,  3.9569e-01,
          -2.0586e+00,  1.0932e+00],
         [ 6.5675e-01, -2.7815e-03, -1.1444e+00,  ...,  1.1872e+00,
           5.0235e-02,  8.0168e-02]]]), 'rvq_quantizer.layers.3._codebook.initted': tensor([1.]), 'rvq_quantizer.layers.3._codebook.cluster_size': tensor([[  2.8632, 273.0204,   2.0000,  ...,   4.5995,   2.1000,   3.0702]]), 'rvq_quantizer.layers.3._codebook.embed_avg': tensor([[[ 1.2910e-01,  2.5470e-01, -4.8348e-02,  ...,  1.4337e-01,
          -8.3112e-02,  3.5305e-02],
         [ 2.7357e-04, -3.8807e-04,  1.3803e-04,  ...,  7.4163e-04,
           3.3905e-04,  4.3045e-04],
         [ 8.4027e-03,  1.3186e-01,  1.2777e+00,  ...,  3.9619e-01,
           3.5895e-01,  6.2105e-01],
         ...,
         [ 5.1120e+00,  3.1579e-01,  1.7290e+00,  ...,  1.9847e+00,
          -1.4034e+00,  1.9669e+00],
         [ 6.6853e-02,  1.7901e-01, -1.5348e-02,  ..., -3.0610e-02,
           1.5061e-04, -4.0326e-02],
         [-6.7117e-01, -4.0714e-01,  3.6998e-01,  ..., -1.2525e+00,
          -1.8279e+00,  7.4148e-01]]]), 'rvq_quantizer.layers.3._codebook.embed': tensor([[[ 4.5090e-02,  8.8956e-02, -1.6886e-02,  ...,  5.0071e-02,
          -2.9027e-02,  1.2330e-02],
         [ 1.0020e-06, -1.4214e-06,  5.0556e-07,  ...,  2.7164e-06,
           1.2419e-06,  1.5766e-06],
         [ 4.2014e-03,  6.5932e-02,  6.3887e-01,  ...,  1.9809e-01,
           1.7947e-01,  3.1052e-01],
         ...,
         [ 1.1114e+00,  6.8658e-02,  3.7591e-01,  ...,  4.3150e-01,
          -3.0511e-01,  4.2764e-01],
         [ 3.1835e-02,  8.5242e-02, -7.3087e-03,  ..., -1.4576e-02,
           7.1720e-05, -1.9203e-02],
         [-2.1861e-01, -1.3261e-01,  1.2051e-01,  ..., -4.0795e-01,
          -5.9537e-01,  2.4151e-01]]])})
Loss:  tensor(1.6065, grad_fn=<MeanBackward0>)
OrderedDict({'rvq_quantizer.project_in.weight': tensor([[-0.0413, -0.0308, -0.0457,  ..., -0.0054,  0.1202, -0.1159],
        [ 0.0671,  0.0330, -0.0402,  ..., -0.0271,  0.0020,  0.1032],
        [-0.0275,  0.0642, -0.0733,  ..., -0.0311,  0.0269,  0.0363],
        ...,
        [-0.1104, -0.0646,  0.0862,  ..., -0.0201,  0.0044,  0.0403],
        [-0.0280,  0.0473, -0.0244,  ..., -0.0301, -0.0984, -0.0943],
        [-0.0933, -0.0056,  0.1242,  ..., -0.0953,  0.0431,  0.0878]]), 'rvq_quantizer.project_in.bias': tensor([-6.1077e-03, -1.0639e-01,  5.7743e-02,  6.1203e-02, -9.2560e-02,
         7.2414e-02, -8.3908e-02, -1.2417e-01,  1.2006e-01, -1.7564e-02,
        -1.3723e-02,  7.0126e-02,  6.4868e-03,  7.0763e-02,  1.1920e-01,
         4.2498e-05,  4.7043e-02,  9.1601e-02,  6.0515e-02, -1.7811e-02,
         2.7558e-02, -6.4958e-02,  4.0020e-02, -7.0381e-02,  5.4873e-03,
        -3.8032e-02,  2.0210e-02,  6.6242e-02, -3.0837e-02,  1.1786e-01,
         1.2109e-01, -8.7243e-02]), 'rvq_quantizer.project_out.weight': tensor([[ 0.1391,  0.1389, -0.0638,  ...,  0.1497, -0.1518, -0.0982],
        [ 0.0400, -0.1660,  0.0335,  ...,  0.1551, -0.0025, -0.0239],
        [-0.0596, -0.0033,  0.1215,  ...,  0.0158,  0.0578,  0.0373],
        ...,
        [ 0.1155, -0.1740, -0.0604,  ..., -0.0189, -0.1290, -0.1407],
        [ 0.1166, -0.1520,  0.1097,  ..., -0.1163, -0.1759,  0.0724],
        [ 0.0715,  0.1611, -0.1024,  ...,  0.0083, -0.0714, -0.1503]]), 'rvq_quantizer.project_out.bias': tensor([ 1.5987e-01,  1.5615e-01, -1.5339e-01, -1.0336e-01, -6.1310e-02,
         1.3101e-01,  1.5501e-01, -1.5527e-01,  1.1952e-01, -1.5099e-01,
        -6.0957e-02,  1.4259e-01,  1.0313e-01,  1.3681e-01,  1.7227e-01,
        -8.1989e-02, -8.3912e-03, -1.7124e-01, -4.0239e-02,  1.4932e-01,
         1.4961e-01, -5.6660e-02,  9.9182e-02, -1.0434e-01, -7.8989e-02,
        -9.6498e-02,  1.5545e-01,  3.2009e-02,  3.9123e-02, -3.6162e-02,
         3.2309e-02, -1.1915e-01,  1.7072e-01, -1.2743e-01,  1.0117e-01,
        -1.7586e-01, -2.1377e-03, -9.6926e-02, -1.5145e-01, -9.3806e-03,
         9.3895e-02, -1.7972e-02, -9.2573e-02,  4.8761e-02,  3.3396e-02,
        -1.5251e-01,  9.7981e-03,  1.3211e-01, -2.1608e-02, -7.7352e-02,
        -1.3026e-01,  7.6535e-02, -7.3283e-03,  1.0275e-04,  6.7207e-02,
         7.6276e-02,  2.7185e-03, -1.2288e-01,  1.6985e-01, -1.5501e-01,
        -1.4429e-01, -1.2162e-01, -1.6839e-01,  1.5317e-01]), 'rvq_quantizer.layers.0._codebook.initted': tensor([1.]), 'rvq_quantizer.layers.0._codebook.cluster_size': tensor([[2.0000, 2.0000, 4.3272,  ..., 2.7550, 2.7169, 5.3126]]), 'rvq_quantizer.layers.0._codebook.embed_avg': tensor([[[  46.4489,  -91.9585,   10.7175,  ...,  152.0515,   66.5613,
           121.3842],
         [  63.0568, -100.0195,   31.1643,  ...,  167.2218,   41.2817,
           129.2186],
         [  88.1285, -146.9325,   71.2727,  ...,  255.7145,  137.8408,
           155.9343],
         ...,
         [  75.3625, -132.9929,   38.5135,  ...,  207.5192,   87.4204,
           172.5547],
         [  87.5298, -119.3061,   35.8893,  ...,  194.6522,  105.8697,
           156.9932],
         [ 157.5873, -170.5089,   76.2383,  ...,  237.2904,  176.8525,
           139.3688]]]), 'rvq_quantizer.layers.0._codebook.embed': tensor([[[ 23.2245, -45.9792,   5.3588,  ...,  76.0258,  33.2807,  60.6921],
         [ 31.5284, -50.0097,  15.5821,  ...,  83.6109,  20.6408,  64.6093],
         [ 20.3661, -33.9555,  16.4708,  ...,  59.0946,  31.8545,  36.0358],
         ...,
         [ 27.3550, -48.2736,  13.9796,  ...,  75.3250,  31.7317,  62.6337],
         [ 32.2170, -43.9129,  13.2098,  ...,  71.6455,  38.9674,  57.7844],
         [ 29.6632, -32.0955,  14.3506,  ...,  44.6660,  33.2895,  26.2338]]]), 'rvq_quantizer.layers.1._codebook.initted': tensor([1.]), 'rvq_quantizer.layers.1._codebook.cluster_size': tensor([[340.7809,   3.3329,   5.7364,  ...,   2.0000,   3.6350,   2.7669]]), 'rvq_quantizer.layers.1._codebook.embed_avg': tensor([[[ 8.3791e-04, -1.2480e-03,  4.1919e-04,  ...,  2.2134e-03,
           9.8781e-04,  1.3436e-03],
         [ 1.0706e+01, -1.1853e+01, -8.7341e+00,  ...,  9.5374e+00,
          -6.6472e+00,  2.6692e+00],
         [ 6.2519e+00,  2.4110e+01,  1.9631e+01,  ..., -1.7444e+01,
           1.7180e-01, -2.6236e+01],
         ...,
         [ 9.0041e+00,  7.9211e+00, -3.7407e-01,  ...,  1.2321e+00,
          -3.8873e+00,  7.7303e+00],
         [-1.5063e+01, -3.3615e+00,  4.1673e+00,  ..., -1.4421e+00,
          -1.0833e+00, -8.4224e+00],
         [-1.7056e+00,  1.1792e+00,  6.2596e-01,  ...,  3.9626e-01,
          -4.8604e-01, -1.1488e-01]]]), 'rvq_quantizer.layers.1._codebook.embed': tensor([[[ 2.4588e-06, -3.6622e-06,  1.2301e-06,  ...,  6.4951e-06,
           2.8987e-06,  3.9427e-06],
         [ 3.2122e+00, -3.5564e+00, -2.6206e+00,  ...,  2.8616e+00,
          -1.9944e+00,  8.0086e-01],
         [ 1.0899e+00,  4.2030e+00,  3.4222e+00,  ..., -3.0410e+00,
           2.9949e-02, -4.5736e+00],
         ...,
         [ 4.5020e+00,  3.9605e+00, -1.8704e-01,  ...,  6.1606e-01,
          -1.9436e+00,  3.8652e+00],
         [-4.1438e+00, -9.2477e-01,  1.1464e+00,  ..., -3.9672e-01,
          -2.9803e-01, -2.3170e+00],
         [-6.1645e-01,  4.2620e-01,  2.2624e-01,  ...,  1.4322e-01,
          -1.7567e-01, -4.1519e-02]]]), 'rvq_quantizer.layers.2._codebook.initted': tensor([1.]), 'rvq_quantizer.layers.2._codebook.cluster_size': tensor([[376.7216,   3.2577,   2.7213,  ...,   2.0000,   3.1152,   2.0000]]), 'rvq_quantizer.layers.2._codebook.embed_avg': tensor([[[ 5.8401e-04, -8.6158e-04,  2.9828e-04,  ...,  1.5474e-03,
           6.9717e-04,  9.3820e-04],
         [-4.4707e-02, -6.6550e-02,  8.1305e-02,  ..., -1.3564e-03,
           6.1860e-03, -4.5742e-03],
         [ 1.0284e+00,  6.7137e-02, -2.0267e-01,  ...,  1.0193e-01,
           6.6577e-01,  7.6645e-02],
         ...,
         [-2.5180e+00, -4.1589e-01, -8.5973e-01,  ..., -2.2747e+00,
          -2.6484e+00,  3.2044e+00],
         [ 8.6715e-01, -4.8340e+00, -2.0548e+00,  ...,  1.0368e+00,
          -6.5288e+00,  3.3518e+00],
         [ 5.7515e-01,  2.9421e-02, -4.5581e-01,  ..., -8.1494e-01,
           1.1457e+00,  6.3279e-01]]]), 'rvq_quantizer.layers.2._codebook.embed': tensor([[[ 1.5502e-06, -2.2871e-06,  7.9178e-07,  ...,  4.1076e-06,
           1.8506e-06,  2.4904e-06],
         [-1.3724e-02, -2.0429e-02,  2.4958e-02,  ..., -4.1637e-04,
           1.8989e-03, -1.4041e-03],
         [ 3.7792e-01,  2.4671e-02, -7.4474e-02,  ...,  3.7458e-02,
           2.4465e-01,  2.8165e-02],
         ...,
         [-1.2590e+00, -2.0794e-01, -4.2986e-01,  ..., -1.1374e+00,
          -1.3242e+00,  1.6022e+00],
         [ 2.7836e-01, -1.5517e+00, -6.5961e-01,  ...,  3.3280e-01,
          -2.0958e+00,  1.0759e+00],
         [ 2.8758e-01,  1.4710e-02, -2.2790e-01,  ..., -4.0747e-01,
           5.7283e-01,  3.1640e-01]]]), 'rvq_quantizer.layers.3._codebook.initted': tensor([1.]), 'rvq_quantizer.layers.3._codebook.cluster_size': tensor([[  2.5769, 283.8184,   2.0000,  ...,   4.3396,   2.5900,   2.9632]]), 'rvq_quantizer.layers.3._codebook.embed_avg': tensor([[[ 1.1619e-01,  2.2923e-01, -4.3513e-02,  ...,  1.2903e-01,
          -7.4801e-02,  3.1774e-02],
         [ 2.7778e-04, -3.9399e-04,  1.4242e-04,  ...,  7.4461e-04,
           3.4129e-04,  4.3343e-04],
         [ 6.3591e-01, -1.2912e+00, -2.5642e+00,  ...,  1.4963e+00,
          -9.1757e-01,  1.1005e-01],
         ...,
         [ 4.8651e+00,  2.8922e-01,  1.6632e+00,  ...,  1.9590e+00,
          -1.3230e+00,  1.8917e+00],
         [ 6.9319e-02,  2.4688e-01, -3.9124e-03,  ..., -6.3643e-02,
          -1.3876e-02, -7.1239e-02],
         [-7.0576e-01, -4.1002e-01,  3.0312e-01,  ..., -1.1723e+00,
          -1.7831e+00,  6.1596e-01]]]), 'rvq_quantizer.layers.3._codebook.embed': tensor([[[ 4.5090e-02,  8.8956e-02, -1.6886e-02,  ...,  5.0071e-02,
          -2.9027e-02,  1.2330e-02],
         [ 9.7872e-07, -1.3882e-06,  5.0181e-07,  ...,  2.6236e-06,
           1.2025e-06,  1.5271e-06],
         [ 3.1796e-01, -6.4559e-01, -1.2821e+00,  ...,  7.4815e-01,
          -4.5879e-01,  5.5026e-02],
         ...,
         [ 1.1211e+00,  6.6647e-02,  3.8328e-01,  ...,  4.5142e-01,
          -3.0488e-01,  4.3591e-01],
         [ 2.6764e-02,  9.5321e-02, -1.5106e-03,  ..., -2.4572e-02,
          -5.3576e-03, -2.7505e-02],
         [-2.3818e-01, -1.3837e-01,  1.0230e-01,  ..., -3.9563e-01,
          -6.0176e-01,  2.0787e-01]]])})
Loss:  tensor(1.6272, grad_fn=<MeanBackward0>)
OrderedDict({'rvq_quantizer.project_in.weight': tensor([[-0.0413, -0.0308, -0.0457,  ..., -0.0054,  0.1202, -0.1159],
        [ 0.0671,  0.0330, -0.0402,  ..., -0.0271,  0.0020,  0.1032],
        [-0.0275,  0.0642, -0.0733,  ..., -0.0311,  0.0269,  0.0363],
        ...,
        [-0.1104, -0.0646,  0.0862,  ..., -0.0201,  0.0044,  0.0403],
        [-0.0280,  0.0473, -0.0244,  ..., -0.0301, -0.0984, -0.0943],
        [-0.0933, -0.0056,  0.1242,  ..., -0.0953,  0.0431,  0.0878]]), 'rvq_quantizer.project_in.bias': tensor([-6.1077e-03, -1.0639e-01,  5.7743e-02,  6.1203e-02, -9.2560e-02,
         7.2414e-02, -8.3908e-02, -1.2417e-01,  1.2006e-01, -1.7564e-02,
        -1.3723e-02,  7.0126e-02,  6.4868e-03,  7.0763e-02,  1.1920e-01,
         4.2498e-05,  4.7043e-02,  9.1601e-02,  6.0515e-02, -1.7811e-02,
         2.7558e-02, -6.4958e-02,  4.0020e-02, -7.0381e-02,  5.4873e-03,
        -3.8032e-02,  2.0210e-02,  6.6242e-02, -3.0837e-02,  1.1786e-01,
         1.2109e-01, -8.7243e-02]), 'rvq_quantizer.project_out.weight': tensor([[ 0.1391,  0.1389, -0.0638,  ...,  0.1497, -0.1518, -0.0982],
        [ 0.0400, -0.1660,  0.0335,  ...,  0.1551, -0.0025, -0.0239],
        [-0.0596, -0.0033,  0.1215,  ...,  0.0158,  0.0578,  0.0373],
        ...,
        [ 0.1155, -0.1740, -0.0604,  ..., -0.0189, -0.1290, -0.1407],
        [ 0.1166, -0.1520,  0.1097,  ..., -0.1163, -0.1759,  0.0724],
        [ 0.0715,  0.1611, -0.1024,  ...,  0.0083, -0.0714, -0.1503]]), 'rvq_quantizer.project_out.bias': tensor([ 1.5987e-01,  1.5615e-01, -1.5339e-01, -1.0336e-01, -6.1310e-02,
         1.3101e-01,  1.5501e-01, -1.5527e-01,  1.1952e-01, -1.5099e-01,
        -6.0957e-02,  1.4259e-01,  1.0313e-01,  1.3681e-01,  1.7227e-01,
        -8.1989e-02, -8.3912e-03, -1.7124e-01, -4.0239e-02,  1.4932e-01,
         1.4961e-01, -5.6660e-02,  9.9182e-02, -1.0434e-01, -7.8989e-02,
        -9.6498e-02,  1.5545e-01,  3.2009e-02,  3.9123e-02, -3.6162e-02,
         3.2309e-02, -1.1915e-01,  1.7072e-01, -1.2743e-01,  1.0117e-01,
        -1.7586e-01, -2.1377e-03, -9.6926e-02, -1.5145e-01, -9.3806e-03,
         9.3895e-02, -1.7972e-02, -9.2573e-02,  4.8761e-02,  3.3396e-02,
        -1.5251e-01,  9.7981e-03,  1.3211e-01, -2.1608e-02, -7.7352e-02,
        -1.3026e-01,  7.6535e-02, -7.3283e-03,  1.0275e-04,  6.7207e-02,
         7.6276e-02,  2.7185e-03, -1.2288e-01,  1.6985e-01, -1.5501e-01,
        -1.4429e-01, -1.2162e-01, -1.6839e-01,  1.5317e-01]), 'rvq_quantizer.layers.0._codebook.initted': tensor([1.]), 'rvq_quantizer.layers.0._codebook.cluster_size': tensor([[2.0000, 2.0000, 4.3945,  ..., 2.7795, 2.6452, 5.4813]]), 'rvq_quantizer.layers.0._codebook.embed_avg': tensor([[[  35.4493,  -77.5776,   50.2948,  ...,  117.4903,   52.2151,
            72.5415],
         [  49.2402,  -97.6269,   35.6814,  ...,  156.4173,   53.7340,
           126.8352],
         [  89.4575, -149.2199,   72.3719,  ...,  259.7869,  139.9165,
           158.3096],
         ...,
         [  75.9117, -134.1805,   38.8604,  ...,  209.3267,   88.2674,
           174.0513],
         [  85.3717, -116.4890,   34.9218,  ...,  189.6477,  103.0483,
           152.9566],
         [ 162.6116, -175.2247,   78.9188,  ...,  244.6771,  182.3378,
           143.0329]]]), 'rvq_quantizer.layers.0._codebook.embed': tensor([[[ 17.7246, -38.7888,  25.1474,  ...,  58.7451,  26.1075,  36.2707],
         [ 24.6201, -48.8134,  17.8407,  ...,  78.2087,  26.8670,  63.4176],
         [ 20.3568, -33.9562,  16.4688,  ...,  59.1166,  31.8391,  36.0246],
         ...,
         [ 27.3114, -48.2753,  13.9811,  ...,  75.3113,  31.7568,  62.6200],
         [ 32.2743, -44.0380,  13.2020,  ...,  71.6953,  38.9568,  57.8244],
         [ 29.6666, -31.9677,  14.3978,  ...,  44.6385,  33.2654,  26.0947]]]), 'rvq_quantizer.layers.1._codebook.initted': tensor([1.]), 'rvq_quantizer.layers.1._codebook.cluster_size': tensor([[341.7029,   3.4996,   5.8628,  ...,   2.0000,   3.5715,   2.7902]]), 'rvq_quantizer.layers.1._codebook.embed_avg': tensor([[[ 8.4663e-04, -1.2544e-03,  4.2449e-04,  ...,  2.2129e-03,
           9.9851e-04,  1.3494e-03],
         [ 1.1234e+01, -1.2577e+01, -9.1939e+00,  ...,  1.0235e+01,
          -6.9473e+00,  2.5163e+00],
         [ 6.7362e+00,  2.4433e+01,  1.9844e+01,  ..., -1.7369e+01,
           3.8362e-01, -2.6846e+01],
         ...,
         [ 8.8239e+00,  7.1125e+00,  1.8769e-02,  ...,  1.5720e+00,
          -3.9008e+00,  8.4389e+00],
         [-1.5208e+01, -3.1229e+00,  3.9595e+00,  ..., -1.6730e+00,
          -1.1233e+00, -8.4784e+00],
         [-1.8305e+00,  1.0841e+00,  5.5704e-01,  ...,  4.3641e-01,
          -2.4232e-01, -9.9294e-04]]]), 'rvq_quantizer.layers.1._codebook.embed': tensor([[[ 2.4777e-06, -3.6711e-06,  1.2423e-06,  ...,  6.4762e-06,
           2.9222e-06,  3.9491e-06],
         [ 3.2101e+00, -3.5940e+00, -2.6272e+00,  ...,  2.9246e+00,
          -1.9852e+00,  7.1904e-01],
         [ 1.1490e+00,  4.1674e+00,  3.3847e+00,  ..., -2.9626e+00,
           6.5433e-02, -4.5790e+00],
         ...,
         [ 4.4120e+00,  3.5563e+00,  9.3844e-03,  ...,  7.8599e-01,
          -1.9504e+00,  4.2194e+00],
         [-4.2581e+00, -8.7439e-01,  1.1086e+00,  ..., -4.6842e-01,
          -3.1451e-01, -2.3739e+00],
         [-6.5604e-01,  3.8855e-01,  1.9964e-01,  ...,  1.5641e-01,
          -8.6847e-02, -3.5587e-04]]]), 'rvq_quantizer.layers.2._codebook.initted': tensor([1.]), 'rvq_quantizer.layers.2._codebook.cluster_size': tensor([[377.7495,   3.1319,   2.9492,  ...,   2.0000,   3.1037,   2.0000]]), 'rvq_quantizer.layers.2._codebook.embed_avg': tensor([[[ 5.9407e-04, -8.7110e-04,  3.0306e-04,  ...,  1.5383e-03,
           7.0604e-04,  9.3826e-04],
         [-4.0231e-02, -5.9661e-02,  1.0454e-01,  ..., -4.7307e-03,
           5.6420e-03, -1.6398e-02],
         [ 1.0620e+00, -2.3195e-02, -2.3943e-01,  ...,  1.0185e-01,
           7.3033e-01,  1.3546e-01],
         ...,
         [-2.0333e+00,  3.4214e+00, -3.8663e+00,  ..., -3.8766e-01,
           1.1931e+00, -8.2451e-01],
         [ 4.1647e-01, -5.0583e+00, -2.0181e+00,  ...,  8.8908e-01,
          -6.5634e+00,  3.3794e+00],
         [ 5.6084e-01, -8.1373e-02, -5.6433e-01,  ..., -7.8715e-01,
           1.1335e+00,  5.7426e-01]]]), 'rvq_quantizer.layers.2._codebook.embed': tensor([[[ 1.5727e-06, -2.3060e-06,  8.0228e-07,  ...,  4.0724e-06,
           1.8691e-06,  2.4838e-06],
         [-1.2845e-02, -1.9049e-02,  3.3378e-02,  ..., -1.5105e-03,
           1.8015e-03, -5.2358e-03],
         [ 3.6009e-01, -7.8649e-03, -8.1185e-02,  ...,  3.4533e-02,
           2.4764e-01,  4.5931e-02],
         ...,
         [-1.0166e+00,  1.7107e+00, -1.9331e+00,  ..., -1.9383e-01,
           5.9656e-01, -4.1225e-01],
         [ 1.3419e-01, -1.6297e+00, -6.5023e-01,  ...,  2.8646e-01,
          -2.1147e+00,  1.0888e+00],
         [ 2.8042e-01, -4.0687e-02, -2.8216e-01,  ..., -3.9357e-01,
           5.6674e-01,  2.8713e-01]]]), 'rvq_quantizer.layers.3._codebook.initted': tensor([1.]), 'rvq_quantizer.layers.3._codebook.cluster_size': tensor([[  2.8192, 294.2365,   2.0000,  ...,   4.1056,   2.5310,   3.0669]]), 'rvq_quantizer.layers.3._codebook.embed_avg': tensor([[[ 1.0335e-01,  2.7181e-01, -5.7276e-02,  ...,  1.1743e-01,
          -6.9724e-02,  2.7927e-02],
         [ 2.9332e-04, -4.1267e-04,  1.4948e-04,  ...,  7.4897e-04,
           3.5554e-04,  4.4473e-04],
         [-2.8678e-02, -2.7026e-02, -7.0857e-02,  ...,  1.7298e-02,
          -5.8497e-03,  4.0049e-02],
         ...,
         [ 4.4650e+00,  1.5170e-02,  1.5805e+00,  ...,  1.5722e+00,
          -1.5921e+00,  1.7716e+00],
         [ 6.2633e-02,  2.3595e-01, -3.7719e-03,  ..., -6.2569e-02,
           1.0523e-03, -7.0157e-02],
         [-8.4557e-01, -4.6513e-01,  2.0433e-01,  ..., -1.2518e+00,
          -1.8656e+00,  6.0483e-01]]]), 'rvq_quantizer.layers.3._codebook.embed': tensor([[[ 3.6660e-02,  9.6412e-02, -2.0316e-02,  ...,  4.1653e-02,
          -2.4732e-02,  9.9059e-03],
         [ 9.9690e-07, -1.4025e-06,  5.0804e-07,  ...,  2.5455e-06,
           1.2084e-06,  1.5115e-06],
         [-1.4339e-02, -1.3513e-02, -3.5429e-02,  ...,  8.6491e-03,
          -2.9249e-03,  2.0025e-02],
         ...,
         [ 1.0875e+00,  3.6949e-03,  3.8497e-01,  ...,  3.8295e-01,
          -3.8780e-01,  4.3151e-01],
         [ 2.4746e-02,  9.3225e-02, -1.4903e-03,  ..., -2.4721e-02,
           4.1578e-04, -2.7719e-02],
         [-2.7571e-01, -1.5166e-01,  6.6625e-02,  ..., -4.0816e-01,
          -6.0830e-01,  1.9721e-01]]])})
Loss:  tensor(1.6017, grad_fn=<MeanBackward0>)
OrderedDict({'rvq_quantizer.project_in.weight': tensor([[-0.0413, -0.0308, -0.0457,  ..., -0.0054,  0.1202, -0.1159],
        [ 0.0671,  0.0330, -0.0402,  ..., -0.0271,  0.0020,  0.1032],
        [-0.0275,  0.0642, -0.0733,  ..., -0.0311,  0.0269,  0.0363],
        ...,
        [-0.1104, -0.0646,  0.0862,  ..., -0.0201,  0.0044,  0.0403],
        [-0.0280,  0.0473, -0.0244,  ..., -0.0301, -0.0984, -0.0943],
        [-0.0933, -0.0056,  0.1242,  ..., -0.0953,  0.0431,  0.0878]]), 'rvq_quantizer.project_in.bias': tensor([-6.1077e-03, -1.0639e-01,  5.7743e-02,  6.1203e-02, -9.2560e-02,
         7.2414e-02, -8.3908e-02, -1.2417e-01,  1.2006e-01, -1.7564e-02,
        -1.3723e-02,  7.0126e-02,  6.4868e-03,  7.0763e-02,  1.1920e-01,
         4.2498e-05,  4.7043e-02,  9.1601e-02,  6.0515e-02, -1.7811e-02,
         2.7558e-02, -6.4958e-02,  4.0020e-02, -7.0381e-02,  5.4873e-03,
        -3.8032e-02,  2.0210e-02,  6.6242e-02, -3.0837e-02,  1.1786e-01,
         1.2109e-01, -8.7243e-02]), 'rvq_quantizer.project_out.weight': tensor([[ 0.1391,  0.1389, -0.0638,  ...,  0.1497, -0.1518, -0.0982],
        [ 0.0400, -0.1660,  0.0335,  ...,  0.1551, -0.0025, -0.0239],
        [-0.0596, -0.0033,  0.1215,  ...,  0.0158,  0.0578,  0.0373],
        ...,
        [ 0.1155, -0.1740, -0.0604,  ..., -0.0189, -0.1290, -0.1407],
        [ 0.1166, -0.1520,  0.1097,  ..., -0.1163, -0.1759,  0.0724],
        [ 0.0715,  0.1611, -0.1024,  ...,  0.0083, -0.0714, -0.1503]]), 'rvq_quantizer.project_out.bias': tensor([ 1.5987e-01,  1.5615e-01, -1.5339e-01, -1.0336e-01, -6.1310e-02,
         1.3101e-01,  1.5501e-01, -1.5527e-01,  1.1952e-01, -1.5099e-01,
        -6.0957e-02,  1.4259e-01,  1.0313e-01,  1.3681e-01,  1.7227e-01,
        -8.1989e-02, -8.3912e-03, -1.7124e-01, -4.0239e-02,  1.4932e-01,
         1.4961e-01, -5.6660e-02,  9.9182e-02, -1.0434e-01, -7.8989e-02,
        -9.6498e-02,  1.5545e-01,  3.2009e-02,  3.9123e-02, -3.6162e-02,
         3.2309e-02, -1.1915e-01,  1.7072e-01, -1.2743e-01,  1.0117e-01,
        -1.7586e-01, -2.1377e-03, -9.6926e-02, -1.5145e-01, -9.3806e-03,
         9.3895e-02, -1.7972e-02, -9.2573e-02,  4.8761e-02,  3.3396e-02,
        -1.5251e-01,  9.7981e-03,  1.3211e-01, -2.1608e-02, -7.7352e-02,
        -1.3026e-01,  7.6535e-02, -7.3283e-03,  1.0275e-04,  6.7207e-02,
         7.6276e-02,  2.7185e-03, -1.2288e-01,  1.6985e-01, -1.5501e-01,
        -1.4429e-01, -1.2162e-01, -1.6839e-01,  1.5317e-01]), 'rvq_quantizer.layers.0._codebook.initted': tensor([1.]), 'rvq_quantizer.layers.0._codebook.cluster_size': tensor([[2.0000, 2.0000, 4.5095,  ..., 2.8214, 2.6126, 5.3899]]), 'rvq_quantizer.layers.0._codebook.embed_avg': tensor([[[  51.1190,  -92.9701,   36.0531,  ...,  153.2581,   41.2093,
           130.1852],
         [  35.3878,  -63.6051,    7.4367,  ...,  110.2203,   35.7354,
            77.9862],
         [  91.7300, -153.1313,   74.2514,  ...,  266.7505,  143.4661,
           162.3714],
         ...,
         [  76.8509, -136.2114,   39.4536,  ...,  212.4176,   89.7159,
           176.6105],
         [  84.0746, -114.8719,   34.5578,  ...,  186.9716,  101.7283,
           150.9118],
         [ 159.8266, -171.6233,   77.4237,  ...,  239.6577,  179.5297,
           140.7047]]]), 'rvq_quantizer.layers.0._codebook.embed': tensor([[[ 25.5595, -46.4850,  18.0266,  ...,  76.6291,  20.6047,  65.0926],
         [ 17.6939, -31.8026,   3.7183,  ...,  55.1101,  17.8677,  38.9931],
         [ 20.3414, -33.9572,  16.4654,  ...,  59.1526,  31.8140,  36.0063],
         ...,
         [ 27.2388, -48.2782,  13.9838,  ...,  75.2885,  31.7985,  62.5972],
         [ 32.1804, -43.9683,  13.2273,  ...,  71.5652,  38.9375,  57.7629],
         [ 29.6533, -31.8419,  14.3647,  ...,  44.4646,  33.3089,  26.1055]]]), 'rvq_quantizer.layers.1._codebook.initted': tensor([1.]), 'rvq_quantizer.layers.1._codebook.cluster_size': tensor([[343.0893,   3.3046,   5.8089,  ...,   2.0000,   3.6429,   2.6500]]), 'rvq_quantizer.layers.1._codebook.embed_avg': tensor([[[ 8.3828e-04, -1.2460e-03,  4.1657e-04,  ...,  2.2010e-03,
           9.8459e-04,  1.3339e-03],
         [ 1.0775e+01, -1.2392e+01, -8.1586e+00,  ...,  9.2065e+00,
          -6.7888e+00,  1.7205e+00],
         [ 6.8014e+00,  2.3555e+01,  1.9642e+01,  ..., -1.6982e+01,
           2.6363e-01, -2.6352e+01],
         ...,
         [ 1.2597e+00,  2.5262e+00,  3.7640e+00,  ...,  7.6134e-01,
           9.5828e-01,  4.1140e+00],
         [-1.5082e+01, -3.0184e+00,  4.1573e+00,  ..., -1.8941e+00,
          -1.1481e+00, -8.8674e+00],
         [-1.8530e+00,  7.5795e-01,  4.0028e-01,  ...,  4.4495e-01,
           2.8131e-01,  2.1482e-01]]]), 'rvq_quantizer.layers.1._codebook.embed': tensor([[[ 2.4433e-06, -3.6316e-06,  1.2142e-06,  ...,  6.4152e-06,
           2.8698e-06,  3.8880e-06],
         [ 3.2606e+00, -3.7500e+00, -2.4688e+00,  ...,  2.7859e+00,
          -2.0543e+00,  5.2062e-01],
         [ 1.1709e+00,  4.0550e+00,  3.3814e+00,  ..., -2.9235e+00,
           4.5385e-02, -4.5366e+00],
         ...,
         [ 6.2987e-01,  1.2631e+00,  1.8820e+00,  ...,  3.8067e-01,
           4.7914e-01,  2.0570e+00],
         [-4.1402e+00, -8.2856e-01,  1.1412e+00,  ..., -5.1994e-01,
          -3.1517e-01, -2.4342e+00],
         [-6.9925e-01,  2.8602e-01,  1.5105e-01,  ...,  1.6790e-01,
           1.0615e-01,  8.1065e-02]]]), 'rvq_quantizer.layers.2._codebook.initted': tensor([1.]), 'rvq_quantizer.layers.2._codebook.cluster_size': tensor([[380.4371,   3.2969,   3.0588,  ...,   2.0000,   2.6140,   2.0000]]), 'rvq_quantizer.layers.2._codebook.embed_avg': tensor([[[ 5.8892e-04, -8.7296e-04,  2.9799e-04,  ...,  1.5343e-03,
           6.9729e-04,  9.5235e-04],
         [-3.5129e-02, -5.2821e-02,  1.2151e-01,  ..., -7.7391e-03,
           1.9212e-02, -3.1781e-02],
         [ 1.1972e+00, -1.1147e-01, -3.7836e-01,  ...,  1.5066e-01,
           8.3697e-01,  1.9521e-01],
         ...,
         [-4.2026e+00, -1.3901e+00,  2.5199e+00,  ..., -2.4016e+00,
           1.5416e+00,  7.3411e-01],
         [ 2.8623e-01, -4.3380e+00, -1.6837e+00,  ...,  1.0389e+00,
          -5.5386e+00,  2.8101e+00],
         [ 4.2853e-01, -2.8500e-02,  2.1070e+00,  ...,  8.8634e-01,
           7.1073e+00,  1.0942e-01]]]), 'rvq_quantizer.layers.2._codebook.embed': tensor([[[ 1.5480e-06, -2.2946e-06,  7.8330e-07,  ...,  4.0330e-06,
           1.8329e-06,  2.5033e-06],
         [-1.0655e-02, -1.6022e-02,  3.6857e-02,  ..., -2.3474e-03,
           5.8275e-03, -9.6399e-03],
         [ 3.9140e-01, -3.6442e-02, -1.2369e-01,  ...,  4.9254e-02,
           2.7362e-01,  6.3818e-02],
         ...,
         [-2.1013e+00, -6.9506e-01,  1.2599e+00,  ..., -1.2008e+00,
           7.7081e-01,  3.6706e-01],
         [ 1.0950e-01, -1.6595e+00, -6.4410e-01,  ...,  3.9744e-01,
          -2.1188e+00,  1.0750e+00],
         [ 2.1426e-01, -1.4250e-02,  1.0535e+00,  ...,  4.4317e-01,
           3.5536e+00,  5.4708e-02]]]), 'rvq_quantizer.layers.3._codebook.initted': tensor([1.]), 'rvq_quantizer.layers.3._codebook.cluster_size': tensor([[  2.5736, 312.7916,   2.0000,  ...,   3.9955,   2.2501,   3.0442]]), 'rvq_quantizer.layers.3._codebook.embed_avg': tensor([[[ 1.0130e-01,  2.6769e-01, -9.3845e-02,  ...,  6.1528e-02,
          -7.5996e-02,  5.5493e-02],
         [ 3.0161e-04, -4.3742e-04,  1.5130e-04,  ...,  7.8195e-04,
           3.6139e-04,  4.8336e-04],
         [-1.7486e+00,  1.7480e+00, -6.4203e-01,  ..., -1.0139e+00,
          -1.6072e+00,  1.5033e+00],
         ...,
         [ 4.3081e+00, -2.6223e-01,  1.6975e+00,  ...,  1.3624e+00,
          -1.6851e+00,  1.7084e+00],
         [ 4.5898e-02,  2.4244e-01, -9.5504e-03,  ..., -6.4289e-02,
           4.0986e-03, -6.7770e-02],
         [-1.0074e+00, -5.0181e-01,  9.6538e-02,  ..., -1.5528e+00,
          -1.8175e+00,  5.5397e-01]]]), 'rvq_quantizer.layers.3._codebook.embed': tensor([[[ 3.9360e-02,  1.0401e-01, -3.6465e-02,  ...,  2.3908e-02,
          -2.9529e-02,  2.1563e-02],
         [ 9.6424e-07, -1.3984e-06,  4.8370e-07,  ...,  2.4999e-06,
           1.1554e-06,  1.5453e-06],
         [-8.7428e-01,  8.7400e-01, -3.2101e-01,  ..., -5.0693e-01,
          -8.0361e-01,  7.5166e-01],
         ...,
         [ 1.0782e+00, -6.5630e-02,  4.2486e-01,  ...,  3.4099e-01,
          -4.2175e-01,  4.2757e-01],
         [ 2.0398e-02,  1.0775e-01, -4.2444e-03,  ..., -2.8572e-02,
           1.8215e-03, -3.0119e-02],
         [-3.3092e-01, -1.6484e-01,  3.1712e-02,  ..., -5.1010e-01,
          -5.9703e-01,  1.8198e-01]]])})
Loss:  tensor(1.6063, grad_fn=<MeanBackward0>)
OrderedDict({'rvq_quantizer.project_in.weight': tensor([[-0.0413, -0.0308, -0.0457,  ..., -0.0054,  0.1202, -0.1159],
        [ 0.0671,  0.0330, -0.0402,  ..., -0.0271,  0.0020,  0.1032],
        [-0.0275,  0.0642, -0.0733,  ..., -0.0311,  0.0269,  0.0363],
        ...,
        [-0.1104, -0.0646,  0.0862,  ..., -0.0201,  0.0044,  0.0403],
        [-0.0280,  0.0473, -0.0244,  ..., -0.0301, -0.0984, -0.0943],
        [-0.0933, -0.0056,  0.1242,  ..., -0.0953,  0.0431,  0.0878]]), 'rvq_quantizer.project_in.bias': tensor([-6.1077e-03, -1.0639e-01,  5.7743e-02,  6.1203e-02, -9.2560e-02,
         7.2414e-02, -8.3908e-02, -1.2417e-01,  1.2006e-01, -1.7564e-02,
        -1.3723e-02,  7.0126e-02,  6.4868e-03,  7.0763e-02,  1.1920e-01,
         4.2498e-05,  4.7043e-02,  9.1601e-02,  6.0515e-02, -1.7811e-02,
         2.7558e-02, -6.4958e-02,  4.0020e-02, -7.0381e-02,  5.4873e-03,
        -3.8032e-02,  2.0210e-02,  6.6242e-02, -3.0837e-02,  1.1786e-01,
         1.2109e-01, -8.7243e-02]), 'rvq_quantizer.project_out.weight': tensor([[ 0.1391,  0.1389, -0.0638,  ...,  0.1497, -0.1518, -0.0982],
        [ 0.0400, -0.1660,  0.0335,  ...,  0.1551, -0.0025, -0.0239],
        [-0.0596, -0.0033,  0.1215,  ...,  0.0158,  0.0578,  0.0373],
        ...,
        [ 0.1155, -0.1740, -0.0604,  ..., -0.0189, -0.1290, -0.1407],
        [ 0.1166, -0.1520,  0.1097,  ..., -0.1163, -0.1759,  0.0724],
        [ 0.0715,  0.1611, -0.1024,  ...,  0.0083, -0.0714, -0.1503]]), 'rvq_quantizer.project_out.bias': tensor([ 1.5987e-01,  1.5615e-01, -1.5339e-01, -1.0336e-01, -6.1310e-02,
         1.3101e-01,  1.5501e-01, -1.5527e-01,  1.1952e-01, -1.5099e-01,
        -6.0957e-02,  1.4259e-01,  1.0313e-01,  1.3681e-01,  1.7227e-01,
        -8.1989e-02, -8.3912e-03, -1.7124e-01, -4.0239e-02,  1.4932e-01,
         1.4961e-01, -5.6660e-02,  9.9182e-02, -1.0434e-01, -7.8989e-02,
        -9.6498e-02,  1.5545e-01,  3.2009e-02,  3.9123e-02, -3.6162e-02,
         3.2309e-02, -1.1915e-01,  1.7072e-01, -1.2743e-01,  1.0117e-01,
        -1.7586e-01, -2.1377e-03, -9.6926e-02, -1.5145e-01, -9.3806e-03,
         9.3895e-02, -1.7972e-02, -9.2573e-02,  4.8761e-02,  3.3396e-02,
        -1.5251e-01,  9.7981e-03,  1.3211e-01, -2.1608e-02, -7.7352e-02,
        -1.3026e-01,  7.6535e-02, -7.3283e-03,  1.0275e-04,  6.7207e-02,
         7.6276e-02,  2.7185e-03, -1.2288e-01,  1.6985e-01, -1.5501e-01,
        -1.4429e-01, -1.2162e-01, -1.6839e-01,  1.5317e-01]), 'rvq_quantizer.layers.0._codebook.initted': tensor([1.]), 'rvq_quantizer.layers.0._codebook.cluster_size': tensor([[2.0000, 2.0000, 4.4586,  ..., 2.7392, 2.6513, 5.2509]]), 'rvq_quantizer.layers.0._codebook.embed_avg': tensor([[[  54.0738,  -43.2430,   37.0758,  ...,   95.0633,   77.7382,
            57.4978],
         [  51.1117,  -94.3934,   29.8249,  ...,  152.3893,   49.4019,
           124.9905],
         [  90.7424, -151.2276,   73.2300,  ...,  263.8104,  141.9999,
           160.5596],
         ...,
         [  74.3716, -132.2148,   38.1186,  ...,  206.2104,   87.3078,
           171.4268],
         [  85.3121, -116.5424,   35.0702,  ...,  189.7407,  103.2419,
           153.1427],
         [ 155.4805, -166.8725,   75.3840,  ...,  233.8205,  174.9344,
           137.0476]]]), 'rvq_quantizer.layers.0._codebook.embed': tensor([[[ 27.0369, -21.6215,  18.5379,  ...,  47.5317,  38.8691,  28.7489],
         [ 25.5558, -47.1967,  14.9125,  ...,  76.1946,  24.7010,  62.4952],
         [ 20.3523, -33.9183,  16.4245,  ...,  59.1692,  31.8487,  36.0114],
         ...,
         [ 27.1504, -48.2669,  13.9157,  ...,  75.2800,  31.8730,  62.5818],
         [ 32.1769, -43.9560,  13.2273,  ...,  71.5640,  38.9394,  57.7604],
         [ 29.6105, -31.7800,  14.3565,  ...,  44.5299,  33.3154,  26.1000]]]), 'rvq_quantizer.layers.1._codebook.initted': tensor([1.]), 'rvq_quantizer.layers.1._codebook.cluster_size': tensor([[344.5804,   3.0742,   5.6280,  ...,   2.0000,   3.5786,   2.4850]]), 'rvq_quantizer.layers.1._codebook.embed_avg': tensor([[[ 8.5115e-04, -1.2688e-03,  4.2529e-04,  ...,  2.2307e-03,
           9.9904e-04,  1.3533e-03],
         [ 1.0316e+01, -1.1354e+01, -7.4841e+00,  ...,  8.2270e+00,
          -6.1761e+00,  1.8970e+00],
         [ 6.3836e+00,  2.2948e+01,  1.8896e+01,  ..., -1.6576e+01,
          -1.3694e-01, -2.5794e+01],
         ...,
         [ 2.3308e+00,  1.9403e+00,  3.9581e+00,  ...,  2.5637e+00,
           4.6820e+00, -2.5100e+00],
         [-1.4985e+01, -2.9915e+00,  4.5437e+00,  ..., -2.5839e+00,
          -1.1636e+00, -8.8227e+00],
         [-1.6968e+00,  7.0613e-01,  1.2715e-01,  ...,  4.0062e-01,
           2.6456e-01,  2.6894e-01]]]), 'rvq_quantizer.layers.1._codebook.embed': tensor([[[ 2.4701e-06, -3.6822e-06,  1.2342e-06,  ...,  6.4738e-06,
           2.8993e-06,  3.9274e-06],
         [ 3.3557e+00, -3.6934e+00, -2.4345e+00,  ...,  2.6762e+00,
          -2.0090e+00,  6.1706e-01],
         [ 1.1343e+00,  4.0774e+00,  3.3575e+00,  ..., -2.9453e+00,
          -2.4332e-02, -4.5832e+00],
         ...,
         [ 1.1654e+00,  9.7014e-01,  1.9790e+00,  ...,  1.2819e+00,
           2.3410e+00, -1.2550e+00],
         [-4.1875e+00, -8.3594e-01,  1.2697e+00,  ..., -7.2204e-01,
          -3.2514e-01, -2.4654e+00],
         [-6.8281e-01,  2.8415e-01,  5.1167e-02,  ...,  1.6121e-01,
           1.0646e-01,  1.0822e-01]]]), 'rvq_quantizer.layers.2._codebook.initted': tensor([1.]), 'rvq_quantizer.layers.2._codebook.cluster_size': tensor([[380.5934,   3.7672,   2.9530,  ...,   2.0000,   2.4526,   2.0000]]), 'rvq_quantizer.layers.2._codebook.embed_avg': tensor([[[ 6.0177e-04, -8.9060e-04,  3.0381e-04,  ...,  1.5562e-03,
           7.1050e-04,  9.6129e-04],
         [-2.7213e-02, -8.1316e-02,  1.2877e-01,  ..., -1.3923e-02,
           1.7112e-02, -3.5090e-02],
         [ 1.2424e+00, -1.7035e-01, -3.3299e-01,  ...,  1.8855e-01,
           8.9770e-01,  2.2915e-01],
         ...,
         [ 3.5083e-02, -1.0475e-01, -9.8785e-01,  ..., -2.4280e+00,
           3.3238e+00, -3.2009e-01],
         [ 2.0293e-01, -4.1449e+00, -1.5632e+00,  ...,  1.2491e+00,
          -5.2024e+00,  2.6005e+00],
         [ 0.0000e+00,  0.0000e+00,  0.0000e+00,  ...,  0.0000e+00,
           0.0000e+00,  0.0000e+00]]]), 'rvq_quantizer.layers.2._codebook.embed': tensor([[[ 1.5811e-06, -2.3400e-06,  7.9826e-07,  ...,  4.0888e-06,
           1.8668e-06,  2.5258e-06],
         [-7.2237e-03, -2.1586e-02,  3.4183e-02,  ..., -3.6960e-03,
           4.5425e-03, -9.3147e-03],
         [ 4.2074e-01, -5.7688e-02, -1.1276e-01,  ...,  6.3850e-02,
           3.0400e-01,  7.7600e-02],
         ...,
         [ 1.7541e-02, -5.2377e-02, -4.9393e-01,  ..., -1.2140e+00,
           1.6619e+00, -1.6004e-01],
         [ 8.2739e-02, -1.6900e+00, -6.3735e-01,  ...,  5.0931e-01,
          -2.1212e+00,  1.0603e+00],
         [ 0.0000e+00,  0.0000e+00,  0.0000e+00,  ...,  0.0000e+00,
           0.0000e+00,  0.0000e+00]]]), 'rvq_quantizer.layers.3._codebook.initted': tensor([1.]), 'rvq_quantizer.layers.3._codebook.cluster_size': tensor([[  2.5162, 319.7124,   2.0000,  ...,   4.1960,   2.0251,   3.3397]]), 'rvq_quantizer.layers.3._codebook.embed_avg': tensor([[[ 1.2619e-01,  2.5588e-01, -1.2188e-01,  ...,  5.4385e-02,
          -4.3549e-02,  7.3671e-02],
         [ 3.2090e-04, -4.6558e-04,  1.6050e-04,  ...,  8.2099e-04,
           3.8180e-04,  5.0315e-04],
         [-2.0886e-01,  2.2477e-01,  1.7553e-01,  ..., -5.2930e-01,
           1.2678e-01,  2.7381e-01],
         ...,
         [ 4.3445e+00, -6.0316e-01,  1.9140e+00,  ...,  1.2339e+00,
          -1.9920e+00,  1.7563e+00],
         [ 4.1308e-02,  2.1820e-01, -8.5954e-03,  ..., -5.7860e-02,
           3.6888e-03, -6.0993e-02],
         [-1.3807e+00, -5.8929e-01, -6.5325e-02,  ..., -1.9603e+00,
          -2.1271e+00,  8.1228e-01]]]), 'rvq_quantizer.layers.3._codebook.embed': tensor([[[ 5.0153e-02,  1.0169e-01, -4.8440e-02,  ...,  2.1614e-02,
          -1.7307e-02,  2.9279e-02],
         [ 1.0037e-06, -1.4562e-06,  5.0203e-07,  ...,  2.5679e-06,
           1.1942e-06,  1.5738e-06],
         [-1.0443e-01,  1.1239e-01,  8.7765e-02,  ..., -2.6465e-01,
           6.3391e-02,  1.3691e-01],
         ...,
         [ 1.0354e+00, -1.4375e-01,  4.5614e-01,  ...,  2.9406e-01,
          -4.7474e-01,  4.1856e-01],
         [ 2.0398e-02,  1.0775e-01, -4.2444e-03,  ..., -2.8572e-02,
           1.8215e-03, -3.0119e-02],
         [-4.1341e-01, -1.7645e-01, -1.9560e-02,  ..., -5.8696e-01,
          -6.3689e-01,  2.4322e-01]]])})
Loss:  tensor(1.6008, grad_fn=<MeanBackward0>)
OrderedDict({'rvq_quantizer.project_in.weight': tensor([[-0.0413, -0.0308, -0.0457,  ..., -0.0054,  0.1202, -0.1159],
        [ 0.0671,  0.0330, -0.0402,  ..., -0.0271,  0.0020,  0.1032],
        [-0.0275,  0.0642, -0.0733,  ..., -0.0311,  0.0269,  0.0363],
        ...,
        [-0.1104, -0.0646,  0.0862,  ..., -0.0201,  0.0044,  0.0403],
        [-0.0280,  0.0473, -0.0244,  ..., -0.0301, -0.0984, -0.0943],
        [-0.0933, -0.0056,  0.1242,  ..., -0.0953,  0.0431,  0.0878]]), 'rvq_quantizer.project_in.bias': tensor([-6.1077e-03, -1.0639e-01,  5.7743e-02,  6.1203e-02, -9.2560e-02,
         7.2414e-02, -8.3908e-02, -1.2417e-01,  1.2006e-01, -1.7564e-02,
        -1.3723e-02,  7.0126e-02,  6.4868e-03,  7.0763e-02,  1.1920e-01,
         4.2498e-05,  4.7043e-02,  9.1601e-02,  6.0515e-02, -1.7811e-02,
         2.7558e-02, -6.4958e-02,  4.0020e-02, -7.0381e-02,  5.4873e-03,
        -3.8032e-02,  2.0210e-02,  6.6242e-02, -3.0837e-02,  1.1786e-01,
         1.2109e-01, -8.7243e-02]), 'rvq_quantizer.project_out.weight': tensor([[ 0.1391,  0.1389, -0.0638,  ...,  0.1497, -0.1518, -0.0982],
        [ 0.0400, -0.1660,  0.0335,  ...,  0.1551, -0.0025, -0.0239],
        [-0.0596, -0.0033,  0.1215,  ...,  0.0158,  0.0578,  0.0373],
        ...,
        [ 0.1155, -0.1740, -0.0604,  ..., -0.0189, -0.1290, -0.1407],
        [ 0.1166, -0.1520,  0.1097,  ..., -0.1163, -0.1759,  0.0724],
        [ 0.0715,  0.1611, -0.1024,  ...,  0.0083, -0.0714, -0.1503]]), 'rvq_quantizer.project_out.bias': tensor([ 1.5987e-01,  1.5615e-01, -1.5339e-01, -1.0336e-01, -6.1310e-02,
         1.3101e-01,  1.5501e-01, -1.5527e-01,  1.1952e-01, -1.5099e-01,
        -6.0957e-02,  1.4259e-01,  1.0313e-01,  1.3681e-01,  1.7227e-01,
        -8.1989e-02, -8.3912e-03, -1.7124e-01, -4.0239e-02,  1.4932e-01,
         1.4961e-01, -5.6660e-02,  9.9182e-02, -1.0434e-01, -7.8989e-02,
        -9.6498e-02,  1.5545e-01,  3.2009e-02,  3.9123e-02, -3.6162e-02,
         3.2309e-02, -1.1915e-01,  1.7072e-01, -1.2743e-01,  1.0117e-01,
        -1.7586e-01, -2.1377e-03, -9.6926e-02, -1.5145e-01, -9.3806e-03,
         9.3895e-02, -1.7972e-02, -9.2573e-02,  4.8761e-02,  3.3396e-02,
        -1.5251e-01,  9.7981e-03,  1.3211e-01, -2.1608e-02, -7.7352e-02,
        -1.3026e-01,  7.6535e-02, -7.3283e-03,  1.0275e-04,  6.7207e-02,
         7.6276e-02,  2.7185e-03, -1.2288e-01,  1.6985e-01, -1.5501e-01,
        -1.4429e-01, -1.2162e-01, -1.6839e-01,  1.5317e-01]), 'rvq_quantizer.layers.0._codebook.initted': tensor([1.]), 'rvq_quantizer.layers.0._codebook.cluster_size': tensor([[2.0000, 2.0000, 4.5127,  ..., 2.7653, 2.5862, 5.2258]]), 'rvq_quantizer.layers.0._codebook.embed_avg': tensor([[[  39.6734,  -44.2623,   23.4591,  ...,   86.8983,   60.8159,
            44.0787],
         [  51.4578,  -94.7553,   29.9363,  ...,  152.8174,   49.5973,
           124.7217],
         [  91.8100, -153.0854,   74.1334,  ...,  267.0732,  143.6597,
           162.4724],
         ...,
         [  75.0199, -133.4803,   38.5050,  ...,  208.1488,   88.1661,
           173.0362],
         [  83.2330, -113.4164,   34.1786,  ...,  185.2010,  100.7835,
           149.3830],
         [ 155.0154, -165.6074,   75.1184,  ...,  232.8148,  174.4313,
           135.6594]]]), 'rvq_quantizer.layers.0._codebook.embed': tensor([[[ 19.8367, -22.1312,  11.7296,  ...,  43.4491,  30.4080,  22.0393],
         [ 25.7288, -47.3776,  14.9681,  ...,  76.4086,  24.7986,  62.3608],
         [ 20.3447, -33.9231,  16.4277,  ...,  59.1823,  31.8344,  36.0032],
         ...,
         [ 27.1288, -48.2694,  13.9242,  ...,  75.2712,  31.8828,  62.5737],
         [ 32.1834, -43.8543,  13.2157,  ...,  71.6109,  38.9696,  57.7613],
         [ 29.6636, -31.6905,  14.3746,  ...,  44.5512,  33.3790,  25.9597]]]), 'rvq_quantizer.layers.1._codebook.initted': tensor([1.]), 'rvq_quantizer.layers.1._codebook.cluster_size': tensor([[345.8223,   3.0668,   5.6652,  ...,   2.0000,   3.3208,   2.4365]]), 'rvq_quantizer.layers.1._codebook.embed_avg': tensor([[[ 8.4920e-04, -1.2712e-03,  4.2515e-04,  ...,  2.2350e-03,
           9.9422e-04,  1.3622e-03],
         [ 1.0505e+01, -1.1499e+01, -7.1828e+00,  ...,  7.8611e+00,
          -6.2037e+00,  1.7186e+00],
         [ 6.7872e+00,  2.3215e+01,  1.8699e+01,  ..., -1.6357e+01,
           1.1131e-01, -2.6244e+01],
         ...,
         [ 2.9951e+00, -5.8986e-01, -1.2772e-01,  ...,  1.4374e+00,
          -8.7593e-01, -2.1523e-01],
         [-1.3942e+01, -2.8792e+00,  4.4079e+00,  ..., -2.3416e+00,
          -9.4000e-01, -8.3082e+00],
         [-1.6547e+00,  6.1936e-01,  4.8340e-01,  ...,  3.2184e-01,
           1.4803e-02,  1.4166e-01]]]), 'rvq_quantizer.layers.1._codebook.embed': tensor([[[ 2.4556e-06, -3.6760e-06,  1.2294e-06,  ...,  6.4629e-06,
           2.8750e-06,  3.9390e-06],
         [ 3.4253e+00, -3.7496e+00, -2.3421e+00,  ...,  2.5633e+00,
          -2.0229e+00,  5.6038e-01],
         [ 1.1981e+00,  4.0978e+00,  3.3007e+00,  ..., -2.8872e+00,
           1.9648e-02, -4.6326e+00],
         ...,
         [ 1.4976e+00, -2.9493e-01, -6.3860e-02,  ...,  7.1869e-01,
          -4.3797e-01, -1.0761e-01],
         [-4.1984e+00, -8.6704e-01,  1.3274e+00,  ..., -7.0515e-01,
          -2.8307e-01, -2.5019e+00],
         [-6.7911e-01,  2.5420e-01,  1.9840e-01,  ...,  1.3209e-01,
           6.0753e-03,  5.8140e-02]]]), 'rvq_quantizer.layers.2._codebook.initted': tensor([1.]), 'rvq_quantizer.layers.2._codebook.cluster_size': tensor([[381.5341,   3.3905,   2.7577,  ...,   2.0000,   2.3073,   2.0000]]), 'rvq_quantizer.layers.2._codebook.embed_avg': tensor([[[ 6.0002e-04, -8.9342e-04,  3.0588e-04,  ...,  1.5604e-03,
           7.0626e-04,  9.7581e-04],
         [-2.4492e-02, -7.3185e-02,  1.1589e-01,  ..., -1.2531e-02,
           1.5401e-02, -3.1581e-02],
         [ 1.0859e+00, -2.1423e-01, -3.5358e-01,  ...,  1.2665e-01,
           7.7730e-01,  2.2911e-01],
         ...,
         [-3.8029e+00,  9.0040e-01, -7.4717e-01,  ...,  4.1282e+00,
           1.6924e+00, -5.7202e+00],
         [ 1.2246e-01, -3.9512e+00, -1.4470e+00,  ...,  1.4196e+00,
          -4.8839e+00,  2.3984e+00],
         [ 7.4549e+00, -1.7066e+00,  4.0397e+00,  ..., -1.2193e+00,
          -8.8891e+00, -5.6638e-01]]]), 'rvq_quantizer.layers.2._codebook.embed': tensor([[[ 1.5727e-06, -2.3417e-06,  8.0172e-07,  ...,  4.0898e-06,
           1.8511e-06,  2.5576e-06],
         [-7.2237e-03, -2.1586e-02,  3.4182e-02,  ..., -3.6960e-03,
           4.5425e-03, -9.3147e-03],
         [ 3.9378e-01, -7.7685e-02, -1.2822e-01,  ...,  4.5926e-02,
           2.8187e-01,  8.3083e-02],
         ...,
         [-1.9014e+00,  4.5020e-01, -3.7359e-01,  ...,  2.0641e+00,
           8.4621e-01, -2.8601e+00],
         [ 5.3075e-02, -1.7125e+00, -6.2711e-01,  ...,  6.1525e-01,
          -2.1167e+00,  1.0394e+00],
         [ 3.7275e+00, -8.5329e-01,  2.0198e+00,  ..., -6.0963e-01,
          -4.4446e+00, -2.8319e-01]]]), 'rvq_quantizer.layers.3._codebook.initted': tensor([1.]), 'rvq_quantizer.layers.3._codebook.cluster_size': tensor([[  2.2646, 326.5412,   2.0000,  ...,   4.0764,   2.0000,   3.6058]]), 'rvq_quantizer.layers.3._codebook.embed_avg': tensor([[[ 1.1358e-01,  2.3029e-01, -1.0970e-01,  ...,  4.8947e-02,
          -3.9194e-02,  6.6304e-02],
         [ 3.2674e-04, -4.8097e-04,  1.6665e-04,  ...,  8.4684e-04,
           3.8647e-04,  5.3334e-04],
         [ 2.0999e+00,  3.9248e-01,  2.4566e+00,  ..., -2.0356e+00,
          -4.1917e+00, -1.5521e+00],
         ...,
         [ 4.0718e+00, -6.9785e-01,  1.8188e+00,  ...,  1.3344e+00,
          -2.0325e+00,  1.6134e+00],
         [ 4.6113e+00, -8.5062e-01, -2.8469e+00,  ...,  7.7852e-01,
          -5.1839e+00, -7.7847e-01],
         [-1.7383e+00, -5.2851e-01, -2.0640e-01,  ..., -2.3194e+00,
          -2.4591e+00,  9.7913e-01]]]), 'rvq_quantizer.layers.3._codebook.embed': tensor([[[ 5.0153e-02,  1.0169e-01, -4.8440e-02,  ...,  2.1614e-02,
          -1.7307e-02,  2.9279e-02],
         [ 1.0006e-06, -1.4729e-06,  5.1035e-07,  ...,  2.5934e-06,
           1.1835e-06,  1.6333e-06],
         [ 1.0500e+00,  1.9624e-01,  1.2283e+00,  ..., -1.0178e+00,
          -2.0959e+00, -7.7606e-01],
         ...,
         [ 9.9888e-01, -1.7119e-01,  4.4618e-01,  ...,  3.2734e-01,
          -4.9859e-01,  3.9579e-01],
         [ 2.3056e+00, -4.2531e-01, -1.4234e+00,  ...,  3.8926e-01,
          -2.5919e+00, -3.8923e-01],
         [-4.8210e-01, -1.4657e-01, -5.7240e-02,  ..., -6.4326e-01,
          -6.8198e-01,  2.7155e-01]]])})
Loss:  tensor(1.6260, grad_fn=<MeanBackward0>)
OrderedDict({'rvq_quantizer.project_in.weight': tensor([[-0.0413, -0.0308, -0.0457,  ..., -0.0054,  0.1202, -0.1159],
        [ 0.0671,  0.0330, -0.0402,  ..., -0.0271,  0.0020,  0.1032],
        [-0.0275,  0.0642, -0.0733,  ..., -0.0311,  0.0269,  0.0363],
        ...,
        [-0.1104, -0.0646,  0.0862,  ..., -0.0201,  0.0044,  0.0403],
        [-0.0280,  0.0473, -0.0244,  ..., -0.0301, -0.0984, -0.0943],
        [-0.0933, -0.0056,  0.1242,  ..., -0.0953,  0.0431,  0.0878]]), 'rvq_quantizer.project_in.bias': tensor([-6.1077e-03, -1.0639e-01,  5.7743e-02,  6.1203e-02, -9.2560e-02,
         7.2414e-02, -8.3908e-02, -1.2417e-01,  1.2006e-01, -1.7564e-02,
        -1.3723e-02,  7.0126e-02,  6.4868e-03,  7.0763e-02,  1.1920e-01,
         4.2498e-05,  4.7043e-02,  9.1601e-02,  6.0515e-02, -1.7811e-02,
         2.7558e-02, -6.4958e-02,  4.0020e-02, -7.0381e-02,  5.4873e-03,
        -3.8032e-02,  2.0210e-02,  6.6242e-02, -3.0837e-02,  1.1786e-01,
         1.2109e-01, -8.7243e-02]), 'rvq_quantizer.project_out.weight': tensor([[ 0.1391,  0.1389, -0.0638,  ...,  0.1497, -0.1518, -0.0982],
        [ 0.0400, -0.1660,  0.0335,  ...,  0.1551, -0.0025, -0.0239],
        [-0.0596, -0.0033,  0.1215,  ...,  0.0158,  0.0578,  0.0373],
        ...,
        [ 0.1155, -0.1740, -0.0604,  ..., -0.0189, -0.1290, -0.1407],
        [ 0.1166, -0.1520,  0.1097,  ..., -0.1163, -0.1759,  0.0724],
        [ 0.0715,  0.1611, -0.1024,  ...,  0.0083, -0.0714, -0.1503]]), 'rvq_quantizer.project_out.bias': tensor([ 1.5987e-01,  1.5615e-01, -1.5339e-01, -1.0336e-01, -6.1310e-02,
         1.3101e-01,  1.5501e-01, -1.5527e-01,  1.1952e-01, -1.5099e-01,
        -6.0957e-02,  1.4259e-01,  1.0313e-01,  1.3681e-01,  1.7227e-01,
        -8.1989e-02, -8.3912e-03, -1.7124e-01, -4.0239e-02,  1.4932e-01,
         1.4961e-01, -5.6660e-02,  9.9182e-02, -1.0434e-01, -7.8989e-02,
        -9.6498e-02,  1.5545e-01,  3.2009e-02,  3.9123e-02, -3.6162e-02,
         3.2309e-02, -1.1915e-01,  1.7072e-01, -1.2743e-01,  1.0117e-01,
        -1.7586e-01, -2.1377e-03, -9.6926e-02, -1.5145e-01, -9.3806e-03,
         9.3895e-02, -1.7972e-02, -9.2573e-02,  4.8761e-02,  3.3396e-02,
        -1.5251e-01,  9.7981e-03,  1.3211e-01, -2.1608e-02, -7.7352e-02,
        -1.3026e-01,  7.6535e-02, -7.3283e-03,  1.0275e-04,  6.7207e-02,
         7.6276e-02,  2.7185e-03, -1.2288e-01,  1.6985e-01, -1.5501e-01,
        -1.4429e-01, -1.2162e-01, -1.6839e-01,  1.5317e-01]), 'rvq_quantizer.layers.0._codebook.initted': tensor([1.]), 'rvq_quantizer.layers.0._codebook.cluster_size': tensor([[2.0000, 2.0000, 4.3615,  ..., 2.6888, 2.5276, 5.1032]]), 'rvq_quantizer.layers.0._codebook.embed_avg': tensor([[[  45.5964,  -57.5996,   16.5158,  ...,   87.5353,   35.2860,
            61.1367],
         [  51.7692,  -95.0811,   30.0366,  ...,  153.2028,   49.7731,
           124.4798],
         [  88.8104, -147.6258,   71.5051,  ...,  258.3578,  139.0357,
           157.3598],
         ...,
         [  72.7236, -129.7569,   37.2648,  ...,  202.3685,   85.9131,
           168.2099],
         [  81.3617, -110.6029,   33.3761,  ...,  181.1152,   98.5710,
           145.9992],
         [ 151.3787, -161.8281,   73.4011,  ...,  227.3272,  170.2404,
           132.3838]]]), 'rvq_quantizer.layers.0._codebook.embed': tensor([[[ 22.7982, -28.7998,   8.2579,  ...,  43.7677,  17.6430,  30.5684],
         [ 25.8846, -47.5405,  15.0183,  ...,  76.6013,  24.8865,  62.2398],
         [ 20.3626, -33.8479,  16.3948,  ...,  59.2367,  31.8783,  36.0797],
         ...,
         [ 27.0470, -48.2585,  13.8593,  ...,  75.2638,  31.9523,  62.5597],
         [ 32.1894, -43.7582,  13.2047,  ...,  71.6553,  38.9980,  57.7622],
         [ 29.6635, -31.7111,  14.3833,  ...,  44.5460,  33.3595,  25.9413]]]), 'rvq_quantizer.layers.1._codebook.initted': tensor([1.]), 'rvq_quantizer.layers.1._codebook.cluster_size': tensor([[346.4401,   3.0601,   5.7987,  ...,   2.0000,   3.3887,   2.2929]]), 'rvq_quantizer.layers.1._codebook.embed_avg': tensor([[[ 8.4973e-04, -1.2715e-03,  4.2694e-04,  ...,  2.2431e-03,
           9.9474e-04,  1.3562e-03],
         [ 1.0662e+01, -1.1636e+01, -6.9139e+00,  ...,  7.5251e+00,
          -6.2209e+00,  1.5457e+00],
         [ 7.0161e+00,  2.3601e+01,  1.9142e+01,  ..., -1.6725e+01,
           2.1595e-01, -2.6830e+01],
         ...,
         [ 3.0177e+00, -7.3181e-01, -3.9995e-02,  ...,  1.4638e+00,
          -8.8167e-01, -1.1721e-01],
         [-1.4493e+01, -2.6451e+00,  4.5721e+00,  ..., -2.7684e+00,
          -1.1237e+00, -8.5134e+00],
         [-1.4581e+00,  4.4462e-01,  5.6066e-01,  ...,  2.3860e-01,
          -4.7937e-03,  8.3340e-02]]]), 'rvq_quantizer.layers.1._codebook.embed': tensor([[[ 2.4527e-06, -3.6703e-06,  1.2324e-06,  ...,  6.4747e-06,
           2.8713e-06,  3.9148e-06],
         [ 3.4843e+00, -3.8026e+00, -2.2594e+00,  ...,  2.4591e+00,
          -2.0329e+00,  5.0510e-01],
         [ 1.2100e+00,  4.0701e+00,  3.3012e+00,  ..., -2.8843e+00,
           3.7241e-02, -4.6269e+00],
         ...,
         [ 1.5089e+00, -3.6590e-01, -1.9998e-02,  ...,  7.3192e-01,
          -4.4083e-01, -5.8603e-02],
         [-4.2770e+00, -7.8058e-01,  1.3492e+00,  ..., -8.1694e-01,
          -3.3162e-01, -2.5123e+00],
         [-6.3592e-01,  1.9391e-01,  2.4452e-01,  ...,  1.0406e-01,
          -2.0907e-03,  3.6347e-02]]]), 'rvq_quantizer.layers.2._codebook.initted': tensor([1.]), 'rvq_quantizer.layers.2._codebook.cluster_size': tensor([[382.1807,   3.2514,   2.7819,  ...,   2.0000,   2.0766,   2.0000]]), 'rvq_quantizer.layers.2._codebook.embed_avg': tensor([[[ 6.0214e-04, -8.9255e-04,  3.0478e-04,  ...,  1.5687e-03,
           7.0587e-04,  9.7166e-04],
         [-2.4106e-02, -7.4230e-02,  1.1623e-01,  ..., -1.7159e-02,
           1.4519e-02, -3.5560e-02],
         [ 1.1012e+00, -3.4086e-01, -4.7520e-01,  ...,  1.9070e-01,
           7.6065e-01,  2.2148e-01],
         ...,
         [ 0.0000e+00,  0.0000e+00,  0.0000e+00,  ...,  0.0000e+00,
           0.0000e+00,  0.0000e+00],
         [ 1.1022e-01, -3.5561e+00, -1.3023e+00,  ...,  1.2776e+00,
          -4.3955e+00,  2.1585e+00],
         [ 1.5586e+00, -2.4125e-01, -3.0424e-02,  ...,  1.4466e+00,
           1.1180e+00, -2.3860e-01]]]), 'rvq_quantizer.layers.2._codebook.embed': tensor([[[ 1.5756e-06, -2.3354e-06,  7.9748e-07,  ...,  4.1045e-06,
           1.8470e-06,  2.5424e-06],
         [-7.4141e-03, -2.2830e-02,  3.5747e-02,  ..., -5.2775e-03,
           4.4654e-03, -1.0937e-02],
         [ 3.9583e-01, -1.2253e-01, -1.7082e-01,  ...,  6.8552e-02,
           2.7343e-01,  7.9614e-02],
         ...,
         [ 0.0000e+00,  0.0000e+00,  0.0000e+00,  ...,  0.0000e+00,
           0.0000e+00,  0.0000e+00],
         [ 5.3075e-02, -1.7125e+00, -6.2711e-01,  ...,  6.1525e-01,
          -2.1167e+00,  1.0394e+00],
         [ 7.7930e-01, -1.2063e-01, -1.5212e-02,  ...,  7.2329e-01,
           5.5900e-01, -1.1930e-01]]]), 'rvq_quantizer.layers.3._codebook.initted': tensor([1.]), 'rvq_quantizer.layers.3._codebook.cluster_size': tensor([[  2.1381, 332.5871,   2.0000,  ...,   4.0688,   2.0000,   3.3452]]), 'rvq_quantizer.layers.3._codebook.embed_avg': tensor([[[ 1.0651e-01,  2.1608e-01, -1.0198e-01,  ...,  4.4819e-02,
          -3.5591e-02,  5.8824e-02],
         [ 3.3433e-04, -4.8786e-04,  1.6786e-04,  ...,  8.7046e-04,
           3.9259e-04,  5.3657e-04],
         [ 2.3983e+00,  6.2610e-01,  1.0439e+00,  ...,  5.8229e-01,
          -2.7136e+00,  4.9495e-02],
         ...,
         [ 4.0219e+00, -8.7612e-01,  1.9250e+00,  ...,  1.1436e+00,
          -2.1620e+00,  1.6823e+00],
         [-1.7088e-01, -5.7885e-01,  1.5001e+00,  ..., -3.0549e+00,
           9.4110e-01, -1.5340e+00],
         [-1.6217e+00, -5.3311e-01, -2.4416e-01,  ..., -2.1496e+00,
          -2.2751e+00,  9.5738e-01]]]), 'rvq_quantizer.layers.3._codebook.embed': tensor([[[ 4.9814e-02,  1.0106e-01, -4.7695e-02,  ...,  2.0962e-02,
          -1.6646e-02,  2.7512e-02],
         [ 1.0053e-06, -1.4669e-06,  5.0470e-07,  ...,  2.6172e-06,
           1.1804e-06,  1.6133e-06],
         [ 1.1991e+00,  3.1305e-01,  5.2193e-01,  ...,  2.9115e-01,
          -1.3568e+00,  2.4747e-02],
         ...,
         [ 9.8849e-01, -2.1533e-01,  4.7312e-01,  ...,  2.8106e-01,
          -5.3137e-01,  4.1347e-01],
         [-8.5440e-02, -2.8942e-01,  7.5005e-01,  ..., -1.5275e+00,
           4.7055e-01, -7.6701e-01],
         [-4.8479e-01, -1.5937e-01, -7.2989e-02,  ..., -6.4259e-01,
          -6.8011e-01,  2.8619e-01]]])})
Loss:  tensor(1.5952, grad_fn=<MeanBackward0>)
OrderedDict({'rvq_quantizer.project_in.weight': tensor([[-0.0413, -0.0308, -0.0457,  ..., -0.0054,  0.1202, -0.1159],
        [ 0.0671,  0.0330, -0.0402,  ..., -0.0271,  0.0020,  0.1032],
        [-0.0275,  0.0642, -0.0733,  ..., -0.0311,  0.0269,  0.0363],
        ...,
        [-0.1104, -0.0646,  0.0862,  ..., -0.0201,  0.0044,  0.0403],
        [-0.0280,  0.0473, -0.0244,  ..., -0.0301, -0.0984, -0.0943],
        [-0.0933, -0.0056,  0.1242,  ..., -0.0953,  0.0431,  0.0878]]), 'rvq_quantizer.project_in.bias': tensor([-6.1077e-03, -1.0639e-01,  5.7743e-02,  6.1203e-02, -9.2560e-02,
         7.2414e-02, -8.3908e-02, -1.2417e-01,  1.2006e-01, -1.7564e-02,
        -1.3723e-02,  7.0126e-02,  6.4868e-03,  7.0763e-02,  1.1920e-01,
         4.2498e-05,  4.7043e-02,  9.1601e-02,  6.0515e-02, -1.7811e-02,
         2.7558e-02, -6.4958e-02,  4.0020e-02, -7.0381e-02,  5.4873e-03,
        -3.8032e-02,  2.0210e-02,  6.6242e-02, -3.0837e-02,  1.1786e-01,
         1.2109e-01, -8.7243e-02]), 'rvq_quantizer.project_out.weight': tensor([[ 0.1391,  0.1389, -0.0638,  ...,  0.1497, -0.1518, -0.0982],
        [ 0.0400, -0.1660,  0.0335,  ...,  0.1551, -0.0025, -0.0239],
        [-0.0596, -0.0033,  0.1215,  ...,  0.0158,  0.0578,  0.0373],
        ...,
        [ 0.1155, -0.1740, -0.0604,  ..., -0.0189, -0.1290, -0.1407],
        [ 0.1166, -0.1520,  0.1097,  ..., -0.1163, -0.1759,  0.0724],
        [ 0.0715,  0.1611, -0.1024,  ...,  0.0083, -0.0714, -0.1503]]), 'rvq_quantizer.project_out.bias': tensor([ 1.5987e-01,  1.5615e-01, -1.5339e-01, -1.0336e-01, -6.1310e-02,
         1.3101e-01,  1.5501e-01, -1.5527e-01,  1.1952e-01, -1.5099e-01,
        -6.0957e-02,  1.4259e-01,  1.0313e-01,  1.3681e-01,  1.7227e-01,
        -8.1989e-02, -8.3912e-03, -1.7124e-01, -4.0239e-02,  1.4932e-01,
         1.4961e-01, -5.6660e-02,  9.9182e-02, -1.0434e-01, -7.8989e-02,
        -9.6498e-02,  1.5545e-01,  3.2009e-02,  3.9123e-02, -3.6162e-02,
         3.2309e-02, -1.1915e-01,  1.7072e-01, -1.2743e-01,  1.0117e-01,
        -1.7586e-01, -2.1377e-03, -9.6926e-02, -1.5145e-01, -9.3806e-03,
         9.3895e-02, -1.7972e-02, -9.2573e-02,  4.8761e-02,  3.3396e-02,
        -1.5251e-01,  9.7981e-03,  1.3211e-01, -2.1608e-02, -7.7352e-02,
        -1.3026e-01,  7.6535e-02, -7.3283e-03,  1.0275e-04,  6.7207e-02,
         7.6276e-02,  2.7185e-03, -1.2288e-01,  1.6985e-01, -1.5501e-01,
        -1.4429e-01, -1.2162e-01, -1.6839e-01,  1.5317e-01]), 'rvq_quantizer.layers.0._codebook.initted': tensor([1.]), 'rvq_quantizer.layers.0._codebook.cluster_size': tensor([[2.0000, 2.0000, 4.4253,  ..., 2.6199, 2.4748, 4.9929]]), 'rvq_quantizer.layers.0._codebook.embed_avg': tensor([[[  50.1038,  -68.1269,   46.0901,  ...,  106.6383,   75.4279,
            89.1773],
         [  52.0495,  -95.3743,   30.1269,  ...,  153.5496,   49.9313,
           124.2621],
         [  90.0712, -149.8438,   72.5810,  ...,  262.1659,  140.9920,
           159.5926],
         ...,
         [  70.6570, -126.4058,   36.1487,  ...,  197.1662,   83.8853,
           163.8662],
         [  79.4686, -108.2164,   32.7383,  ...,  177.0411,   96.4554,
           142.8263],
         [ 147.8926, -158.4339,   72.5203,  ...,  222.1565,  166.7530,
           129.9246]]]), 'rvq_quantizer.layers.0._codebook.embed': tensor([[[ 25.0519, -34.0634,  23.0450,  ...,  53.3192,  37.7139,  44.5886],
         [ 26.0247, -47.6871,  15.0634,  ...,  76.7747,  24.9656,  62.1310],
         [ 20.3537, -33.8607,  16.4014,  ...,  59.2425,  31.8604,  36.0637],
         ...,
         [ 26.9692, -48.2481,  13.7977,  ...,  75.2569,  32.0184,  62.5465],
         [ 32.1107, -43.7268,  13.2285,  ...,  71.5366,  38.9745,  57.7115],
         [ 29.6207, -31.7320,  14.5248,  ...,  44.4947,  33.3982,  26.0220]]]), 'rvq_quantizer.layers.1._codebook.initted': tensor([1.]), 'rvq_quantizer.layers.1._codebook.cluster_size': tensor([[347.5961,   2.8541,   5.8188,  ...,   2.0000,   3.2498,   2.1636]]), 'rvq_quantizer.layers.1._codebook.embed_avg': tensor([[[ 8.5307e-04, -1.2726e-03,  4.3193e-04,  ...,  2.2427e-03,
           9.9626e-04,  1.3566e-03],
         [ 1.0185e+01, -1.0670e+01, -6.3653e+00,  ...,  6.7074e+00,
          -5.6584e+00,  1.7312e+00],
         [ 6.8905e+00,  2.3448e+01,  1.9211e+01,  ..., -1.6704e+01,
          -1.6681e-03, -2.7004e+01],
         ...,
         [ 3.0285e+00, -8.5123e-01,  4.9424e-02,  ...,  1.4732e+00,
          -8.8681e-01, -3.3867e-02],
         [-1.3574e+01, -2.3901e+00,  4.0489e+00,  ..., -2.3552e+00,
          -1.1345e+00, -8.0760e+00],
         [-1.4660e+00,  5.0683e-01,  7.5704e-01,  ...,  2.2337e-01,
          -1.9400e-01,  3.9908e-03]]]), 'rvq_quantizer.layers.1._codebook.embed': tensor([[[ 2.4542e-06, -3.6610e-06,  1.2426e-06,  ...,  6.4520e-06,
           2.8662e-06,  3.9028e-06],
         [ 3.5685e+00, -3.7386e+00, -2.2303e+00,  ...,  2.3501e+00,
          -1.9826e+00,  6.0656e-01],
         [ 1.1842e+00,  4.0297e+00,  3.3016e+00,  ..., -2.8706e+00,
          -2.8668e-04, -4.6409e+00],
         ...,
         [ 1.5142e+00, -4.2562e-01,  2.4712e-02,  ...,  7.3658e-01,
          -4.4340e-01, -1.6934e-02],
         [-4.1768e+00, -7.3545e-01,  1.2459e+00,  ..., -7.2471e-01,
          -3.4909e-01, -2.4851e+00],
         [-6.7757e-01,  2.3425e-01,  3.4990e-01,  ...,  1.0324e-01,
          -8.9664e-02,  1.8445e-03]]]), 'rvq_quantizer.layers.2._codebook.initted': tensor([1.]), 'rvq_quantizer.layers.2._codebook.cluster_size': tensor([[383.0626,   3.1263,   2.7037,  ...,   2.0000,   2.0000,   2.0000]]), 'rvq_quantizer.layers.2._codebook.embed_avg': tensor([[[ 6.1007e-04, -9.1886e-04,  3.1859e-04,  ...,  1.6042e-03,
           7.2320e-04,  1.0232e-03],
         [-1.5185e-02, -8.1841e-02,  1.2026e-01,  ..., -1.4190e-02,
           1.8240e-02, -2.5179e-02],
         [ 1.0360e+00, -4.4257e-01, -5.8066e-01,  ...,  1.7249e-01,
           6.8788e-01,  2.2149e-01],
         ...,
         [ 5.2075e-01,  3.2854e-01, -3.1076e+00,  ..., -3.0893e+00,
          -1.0316e+00,  2.7329e+00],
         [-2.1734e+00, -6.5704e-01, -5.3739e-01,  ..., -5.2331e-02,
          -8.3689e-01, -2.2659e+00],
         [ 1.4452e+00, -9.6647e-01,  1.2431e-01,  ...,  1.0777e+00,
          -1.8815e+00, -4.7441e-01]]]), 'rvq_quantizer.layers.2._codebook.embed': tensor([[[ 1.5926e-06, -2.3987e-06,  8.3169e-07,  ...,  4.1880e-06,
           1.8880e-06,  2.6711e-06],
         [-4.8573e-03, -2.6178e-02,  3.8467e-02,  ..., -4.5391e-03,
           5.8345e-03, -8.0540e-03],
         [ 3.8316e-01, -1.6369e-01, -2.1477e-01,  ...,  6.3796e-02,
           2.5442e-01,  8.1920e-02],
         ...,
         [ 2.6038e-01,  1.6427e-01, -1.5538e+00,  ..., -1.5447e+00,
          -5.1582e-01,  1.3664e+00],
         [-1.0867e+00, -3.2852e-01, -2.6869e-01,  ..., -2.6165e-02,
          -4.1845e-01, -1.1330e+00],
         [ 7.2261e-01, -4.8323e-01,  6.2154e-02,  ...,  5.3885e-01,
          -9.4074e-01, -2.3721e-01]]]), 'rvq_quantizer.layers.3._codebook.initted': tensor([1.]), 'rvq_quantizer.layers.3._codebook.cluster_size': tensor([[  2.0243, 338.4284,   2.0000,  ...,   4.3619,   2.0000,   3.5107]]), 'rvq_quantizer.layers.3._codebook.embed_avg': tensor([[[ 9.4258e-02,  1.7777e-01, -1.4116e-01,  ...,  2.8508e-02,
          -1.9746e-02,  1.0822e-01],
         [ 3.4707e-04, -5.2171e-04,  1.8485e-04,  ...,  9.2121e-04,
           4.1444e-04,  5.9742e-04],
         [ 1.7673e-02,  6.2096e-03,  3.5568e-02,  ..., -2.9809e-02,
          -1.2612e-02, -8.2865e-03],
         ...,
         [ 4.3766e+00, -1.0905e+00,  1.8843e+00,  ...,  1.1104e+00,
          -2.3516e+00,  1.6248e+00],
         [ 0.0000e+00,  0.0000e+00,  0.0000e+00,  ...,  0.0000e+00,
           0.0000e+00,  0.0000e+00],
         [-1.8728e+00, -5.9121e-01, -3.1893e-01,  ..., -2.4314e+00,
          -2.4220e+00,  1.1051e+00]]]), 'rvq_quantizer.layers.3._codebook.embed': tensor([[[ 4.6563e-02,  8.7817e-02, -6.9730e-02,  ...,  1.4083e-02,
          -9.7542e-03,  5.3460e-02],
         [ 1.0255e-06, -1.5416e-06,  5.4621e-07,  ...,  2.7220e-06,
           1.2246e-06,  1.7653e-06],
         [ 8.8364e-03,  3.1048e-03,  1.7784e-02,  ..., -1.4904e-02,
          -6.3059e-03, -4.1432e-03],
         ...,
         [ 1.0034e+00, -2.5001e-01,  4.3200e-01,  ...,  2.5457e-01,
          -5.3913e-01,  3.7250e-01],
         [ 0.0000e+00,  0.0000e+00,  0.0000e+00,  ...,  0.0000e+00,
           0.0000e+00,  0.0000e+00],
         [-5.3347e-01, -1.6840e-01, -9.0845e-02,  ..., -6.9257e-01,
          -6.8988e-01,  3.1479e-01]]])})
Loss:  tensor(1.6034, grad_fn=<MeanBackward0>)
OrderedDict({'rvq_quantizer.project_in.weight': tensor([[-0.0413, -0.0308, -0.0457,  ..., -0.0054,  0.1202, -0.1159],
        [ 0.0671,  0.0330, -0.0402,  ..., -0.0271,  0.0020,  0.1032],
        [-0.0275,  0.0642, -0.0733,  ..., -0.0311,  0.0269,  0.0363],
        ...,
        [-0.1104, -0.0646,  0.0862,  ..., -0.0201,  0.0044,  0.0403],
        [-0.0280,  0.0473, -0.0244,  ..., -0.0301, -0.0984, -0.0943],
        [-0.0933, -0.0056,  0.1242,  ..., -0.0953,  0.0431,  0.0878]]), 'rvq_quantizer.project_in.bias': tensor([-6.1077e-03, -1.0639e-01,  5.7743e-02,  6.1203e-02, -9.2560e-02,
         7.2414e-02, -8.3908e-02, -1.2417e-01,  1.2006e-01, -1.7564e-02,
        -1.3723e-02,  7.0126e-02,  6.4868e-03,  7.0763e-02,  1.1920e-01,
         4.2498e-05,  4.7043e-02,  9.1601e-02,  6.0515e-02, -1.7811e-02,
         2.7558e-02, -6.4958e-02,  4.0020e-02, -7.0381e-02,  5.4873e-03,
        -3.8032e-02,  2.0210e-02,  6.6242e-02, -3.0837e-02,  1.1786e-01,
         1.2109e-01, -8.7243e-02]), 'rvq_quantizer.project_out.weight': tensor([[ 0.1391,  0.1389, -0.0638,  ...,  0.1497, -0.1518, -0.0982],
        [ 0.0400, -0.1660,  0.0335,  ...,  0.1551, -0.0025, -0.0239],
        [-0.0596, -0.0033,  0.1215,  ...,  0.0158,  0.0578,  0.0373],
        ...,
        [ 0.1155, -0.1740, -0.0604,  ..., -0.0189, -0.1290, -0.1407],
        [ 0.1166, -0.1520,  0.1097,  ..., -0.1163, -0.1759,  0.0724],
        [ 0.0715,  0.1611, -0.1024,  ...,  0.0083, -0.0714, -0.1503]]), 'rvq_quantizer.project_out.bias': tensor([ 1.5987e-01,  1.5615e-01, -1.5339e-01, -1.0336e-01, -6.1310e-02,
         1.3101e-01,  1.5501e-01, -1.5527e-01,  1.1952e-01, -1.5099e-01,
        -6.0957e-02,  1.4259e-01,  1.0313e-01,  1.3681e-01,  1.7227e-01,
        -8.1989e-02, -8.3912e-03, -1.7124e-01, -4.0239e-02,  1.4932e-01,
         1.4961e-01, -5.6660e-02,  9.9182e-02, -1.0434e-01, -7.8989e-02,
        -9.6498e-02,  1.5545e-01,  3.2009e-02,  3.9123e-02, -3.6162e-02,
         3.2309e-02, -1.1915e-01,  1.7072e-01, -1.2743e-01,  1.0117e-01,
        -1.7586e-01, -2.1377e-03, -9.6926e-02, -1.5145e-01, -9.3806e-03,
         9.3895e-02, -1.7972e-02, -9.2573e-02,  4.8761e-02,  3.3396e-02,
        -1.5251e-01,  9.7981e-03,  1.3211e-01, -2.1608e-02, -7.7352e-02,
        -1.3026e-01,  7.6535e-02, -7.3283e-03,  1.0275e-04,  6.7207e-02,
         7.6276e-02,  2.7185e-03, -1.2288e-01,  1.6985e-01, -1.5501e-01,
        -1.4429e-01, -1.2162e-01, -1.6839e-01,  1.5317e-01]), 'rvq_quantizer.layers.0._codebook.initted': tensor([1.]), 'rvq_quantizer.layers.0._codebook.cluster_size': tensor([[2.0000, 2.0000, 4.4828,  ..., 2.5579, 2.5273, 5.0936]]), 'rvq_quantizer.layers.0._codebook.embed_avg': tensor([[[  40.7547,  -83.5183,   33.3223,  ...,  127.4471,   59.7982,
           108.9576],
         [  52.3018,  -95.6381,   30.2081,  ...,  153.8617,   50.0737,
           124.0662],
         [  91.2059, -151.8401,   73.5493,  ...,  265.5931,  142.7526,
           161.6021],
         ...,
         [  69.1276, -123.4103,   35.3925,  ...,  192.2179,   81.5827,
           160.0194],
         [  81.1667, -110.5525,   33.4327,  ...,  180.8033,   98.4962,
           145.8658],
         [ 151.0440, -161.3735,   74.4352,  ...,  226.4036,  170.2476,
           132.0739]]]), 'rvq_quantizer.layers.0._codebook.embed': tensor([[[ 20.3773, -41.7592,  16.6612,  ...,  63.7236,  29.8991,  54.4788],
         [ 26.1509, -47.8190,  15.1040,  ...,  76.9307,  25.0368,  62.0330],
         [ 20.3459, -33.8719,  16.4071,  ...,  59.2475,  31.8447,  36.0496],
         ...,
         [ 27.0249, -48.2464,  13.8365,  ...,  75.1462,  31.8942,  62.5585],
         [ 32.1154, -43.7425,  13.2284,  ...,  71.5387,  38.9722,  57.7150],
         [ 29.6537, -31.6817,  14.6135,  ...,  44.4487,  33.4239,  25.9294]]]), 'rvq_quantizer.layers.1._codebook.initted': tensor([1.]), 'rvq_quantizer.layers.1._codebook.cluster_size': tensor([[348.4365,   2.9687,   5.9369,  ...,   2.0000,   3.3248,   2.0000]]), 'rvq_quantizer.layers.1._codebook.embed_avg': tensor([[[ 8.5645e-04, -1.2819e-03,  4.3003e-04,  ...,  2.2706e-03,
           1.0016e-03,  1.3678e-03],
         [ 1.0591e+01, -1.1310e+01, -6.7087e+00,  ...,  7.1197e+00,
          -5.9178e+00,  1.1937e+00],
         [ 6.8777e+00,  2.4049e+01,  1.9591e+01,  ..., -1.7405e+01,
           1.7322e-01, -2.7620e+01],
         ...,
         [ 3.0321e+00, -9.5058e-01,  1.3914e-01,  ...,  1.4713e+00,
          -8.9370e-01,  3.8509e-02],
         [-1.3691e+01, -2.2472e+00,  4.0375e+00,  ..., -2.8198e+00,
          -1.3840e+00, -8.1409e+00],
         [ 1.8401e+00, -2.1097e+00,  4.5504e+00,  ..., -1.2457e+00,
          -2.2407e+00,  7.4111e+00]]]), 'rvq_quantizer.layers.1._codebook.embed': tensor([[[ 2.4580e-06, -3.6789e-06,  1.2342e-06,  ...,  6.5165e-06,
           2.8747e-06,  3.9256e-06],
         [ 3.5676e+00, -3.8099e+00, -2.2598e+00,  ...,  2.3983e+00,
          -1.9934e+00,  4.0210e-01],
         [ 1.1585e+00,  4.0507e+00,  3.2999e+00,  ..., -2.9316e+00,
           2.9177e-02, -4.6523e+00],
         ...,
         [ 1.5160e+00, -4.7529e-01,  6.9571e-02,  ...,  7.3566e-01,
          -4.4685e-01,  1.9255e-02],
         [-4.1178e+00, -6.7587e-01,  1.2144e+00,  ..., -8.4811e-01,
          -4.1625e-01, -2.4485e+00],
         [ 9.2006e-01, -1.0548e+00,  2.2752e+00,  ..., -6.2284e-01,
          -1.1203e+00,  3.7056e+00]]]), 'rvq_quantizer.layers.2._codebook.initted': tensor([1.]), 'rvq_quantizer.layers.2._codebook.cluster_size': tensor([[383.4563,   2.9136,   2.7333,  ...,   2.0000,   2.0000,   2.0000]]), 'rvq_quantizer.layers.2._codebook.embed_avg': tensor([[[ 6.2171e-04, -9.2254e-04,  3.1602e-04,  ...,  1.6512e-03,
           7.2569e-04,  1.0614e-03],
         [-1.1208e-02, -7.8053e-02,  1.1412e-01,  ..., -8.3540e-03,
           1.4380e-02, -2.2276e-02],
         [ 1.0782e+00, -3.7193e-01, -6.3062e-01,  ...,  1.7026e-01,
           7.6867e-01,  2.9838e-01],
         ...,
         [-6.5268e-01, -1.2418e+00, -1.7564e-01,  ..., -1.8796e-02,
          -7.4367e-01, -2.8823e+00],
         [ 1.8797e+00, -1.9201e+00, -3.3234e+00,  ..., -5.7525e+00,
          -1.9877e+00, -2.7905e-01],
         [ 1.3951e+00, -9.8812e-01, -5.5847e-03,  ...,  1.1614e+00,
          -1.8918e+00, -4.7235e-01]]]), 'rvq_quantizer.layers.2._codebook.embed': tensor([[[ 1.6213e-06, -2.4059e-06,  8.2413e-07,  ...,  4.3060e-06,
           1.8925e-06,  2.7680e-06],
         [-3.8467e-03, -2.6789e-02,  3.9167e-02,  ..., -2.8672e-03,
           4.9355e-03, -7.6453e-03],
         [ 3.9445e-01, -1.3607e-01, -2.3071e-01,  ...,  6.2291e-02,
           2.8122e-01,  1.0916e-01],
         ...,
         [-3.2634e-01, -6.2091e-01, -8.7818e-02,  ..., -9.3979e-03,
          -3.7184e-01, -1.4411e+00],
         [ 9.3986e-01, -9.6007e-01, -1.6617e+00,  ..., -2.8762e+00,
          -9.9385e-01, -1.3952e-01],
         [ 6.9753e-01, -4.9406e-01, -2.7923e-03,  ...,  5.8071e-01,
          -9.4591e-01, -2.3617e-01]]]), 'rvq_quantizer.layers.3._codebook.initted': tensor([1.]), 'rvq_quantizer.layers.3._codebook.cluster_size': tensor([[  2.0000, 343.3855,   2.0000,  ...,   4.5257,   2.0000,   3.3596]]), 'rvq_quantizer.layers.3._codebook.embed_avg': tensor([[[ 1.4795e-05, -1.8398e-05, -7.0096e-06,  ...,  3.9755e-05,
          -1.8788e-06,  1.7370e-05],
         [ 3.6091e-04, -5.2888e-04,  1.8357e-04,  ...,  9.7474e-04,
           4.1988e-04,  6.3890e-04],
         [ 0.0000e+00,  0.0000e+00,  0.0000e+00,  ...,  0.0000e+00,
           0.0000e+00,  0.0000e+00],
         ...,
         [ 4.5401e+00, -1.2942e+00,  1.7825e+00,  ...,  1.1129e+00,
          -2.4947e+00,  1.6198e+00],
         [ 0.0000e+00,  0.0000e+00,  0.0000e+00,  ...,  0.0000e+00,
           0.0000e+00,  0.0000e+00],
         [-1.8245e+00, -6.0538e-01, -2.0592e-01,  ..., -2.3544e+00,
          -2.2658e+00,  1.1389e+00]]]), 'rvq_quantizer.layers.3._codebook.embed': tensor([[[ 7.3973e-06, -9.1990e-06, -3.5048e-06,  ...,  1.9878e-05,
          -9.3942e-07,  8.6849e-06],
         [ 1.0511e-06, -1.5402e-06,  5.3460e-07,  ...,  2.8386e-06,
           1.2228e-06,  1.8606e-06],
         [ 0.0000e+00,  0.0000e+00,  0.0000e+00,  ...,  0.0000e+00,
           0.0000e+00,  0.0000e+00],
         ...,
         [ 1.0032e+00, -2.8596e-01,  3.9386e-01,  ...,  2.4591e-01,
          -5.5124e-01,  3.5792e-01],
         [ 0.0000e+00,  0.0000e+00,  0.0000e+00,  ...,  0.0000e+00,
           0.0000e+00,  0.0000e+00],
         [-5.4308e-01, -1.8019e-01, -6.1292e-02,  ..., -7.0080e-01,
          -6.7443e-01,  3.3901e-01]]])})
Loss:  tensor(1.6207, grad_fn=<MeanBackward0>)
OrderedDict({'rvq_quantizer.project_in.weight': tensor([[-0.0413, -0.0308, -0.0457,  ..., -0.0054,  0.1202, -0.1159],
        [ 0.0671,  0.0330, -0.0402,  ..., -0.0271,  0.0020,  0.1032],
        [-0.0275,  0.0642, -0.0733,  ..., -0.0311,  0.0269,  0.0363],
        ...,
        [-0.1104, -0.0646,  0.0862,  ..., -0.0201,  0.0044,  0.0403],
        [-0.0280,  0.0473, -0.0244,  ..., -0.0301, -0.0984, -0.0943],
        [-0.0933, -0.0056,  0.1242,  ..., -0.0953,  0.0431,  0.0878]]), 'rvq_quantizer.project_in.bias': tensor([-6.1077e-03, -1.0639e-01,  5.7743e-02,  6.1203e-02, -9.2560e-02,
         7.2414e-02, -8.3908e-02, -1.2417e-01,  1.2006e-01, -1.7564e-02,
        -1.3723e-02,  7.0126e-02,  6.4868e-03,  7.0763e-02,  1.1920e-01,
         4.2498e-05,  4.7043e-02,  9.1601e-02,  6.0515e-02, -1.7811e-02,
         2.7558e-02, -6.4958e-02,  4.0020e-02, -7.0381e-02,  5.4873e-03,
        -3.8032e-02,  2.0210e-02,  6.6242e-02, -3.0837e-02,  1.1786e-01,
         1.2109e-01, -8.7243e-02]), 'rvq_quantizer.project_out.weight': tensor([[ 0.1391,  0.1389, -0.0638,  ...,  0.1497, -0.1518, -0.0982],
        [ 0.0400, -0.1660,  0.0335,  ...,  0.1551, -0.0025, -0.0239],
        [-0.0596, -0.0033,  0.1215,  ...,  0.0158,  0.0578,  0.0373],
        ...,
        [ 0.1155, -0.1740, -0.0604,  ..., -0.0189, -0.1290, -0.1407],
        [ 0.1166, -0.1520,  0.1097,  ..., -0.1163, -0.1759,  0.0724],
        [ 0.0715,  0.1611, -0.1024,  ...,  0.0083, -0.0714, -0.1503]]), 'rvq_quantizer.project_out.bias': tensor([ 1.5987e-01,  1.5615e-01, -1.5339e-01, -1.0336e-01, -6.1310e-02,
         1.3101e-01,  1.5501e-01, -1.5527e-01,  1.1952e-01, -1.5099e-01,
        -6.0957e-02,  1.4259e-01,  1.0313e-01,  1.3681e-01,  1.7227e-01,
        -8.1989e-02, -8.3912e-03, -1.7124e-01, -4.0239e-02,  1.4932e-01,
         1.4961e-01, -5.6660e-02,  9.9182e-02, -1.0434e-01, -7.8989e-02,
        -9.6498e-02,  1.5545e-01,  3.2009e-02,  3.9123e-02, -3.6162e-02,
         3.2309e-02, -1.1915e-01,  1.7072e-01, -1.2743e-01,  1.0117e-01,
        -1.7586e-01, -2.1377e-03, -9.6926e-02, -1.5145e-01, -9.3806e-03,
         9.3895e-02, -1.7972e-02, -9.2573e-02,  4.8761e-02,  3.3396e-02,
        -1.5251e-01,  9.7981e-03,  1.3211e-01, -2.1608e-02, -7.7352e-02,
        -1.3026e-01,  7.6535e-02, -7.3283e-03,  1.0275e-04,  6.7207e-02,
         7.6276e-02,  2.7185e-03, -1.2288e-01,  1.6985e-01, -1.5501e-01,
        -1.4429e-01, -1.2162e-01, -1.6839e-01,  1.5317e-01]), 'rvq_quantizer.layers.0._codebook.initted': tensor([1.]), 'rvq_quantizer.layers.0._codebook.cluster_size': tensor([[2.0000, 2.0000, 4.4345,  ..., 2.6021, 2.4746, 5.0842]]), 'rvq_quantizer.layers.0._codebook.embed_avg': tensor([[[  63.2119, -101.1155,   33.4864,  ...,  161.2162,   58.1747,
           127.3382],
         [  52.5289,  -95.8756,   30.2812,  ...,  154.1426,   50.2019,
           123.8899],
         [  90.4418, -150.3204,   72.8071,  ...,  262.2864,  141.4520,
           159.8388],
         ...,
         [  70.3003, -125.5562,   36.0515,  ...,  195.5556,   83.0135,
           162.7696],
         [  79.6450, -108.6108,   32.7108,  ...,  177.1837,   96.4122,
           142.9419],
         [ 150.9497, -161.1736,   74.8482,  ...,  226.1940,  169.8892,
           131.2206]]]), 'rvq_quantizer.layers.0._codebook.embed': tensor([[[ 31.6059, -50.5578,  16.7432,  ...,  80.6081,  29.0874,  63.6691],
         [ 26.2644, -47.9377,  15.1406,  ...,  77.0712,  25.1009,  61.9448],
         [ 20.3951, -33.8980,  16.4184,  ...,  59.1469,  31.8981,  36.0444],
         ...,
         [ 27.0165, -48.2514,  13.8546,  ...,  75.1522,  31.9022,  62.5525],
         [ 32.1848, -43.8900,  13.2185,  ...,  71.6005,  38.9605,  57.7633],
         [ 29.6898, -31.7007,  14.7216,  ...,  44.4893,  33.4149,  25.8093]]]), 'rvq_quantizer.layers.1._codebook.initted': tensor([1.]), 'rvq_quantizer.layers.1._codebook.cluster_size': tensor([[347.8929,   2.8718,   6.0432,  ...,   2.1000,   3.2923,   2.0000]]), 'rvq_quantizer.layers.1._codebook.embed_avg': tensor([[[ 8.4748e-04, -1.2708e-03,  4.2838e-04,  ...,  2.2426e-03,
           9.8921e-04,  1.3493e-03],
         [ 1.0132e+01, -1.1262e+01, -6.3392e+00,  ...,  6.9176e+00,
          -5.8885e+00,  7.1667e-01],
         [ 6.8962e+00,  2.4763e+01,  1.9927e+01,  ..., -1.7792e+01,
          -8.6493e-02, -2.8248e+01],
         ...,
         [ 3.4827e+00, -9.9701e-01,  3.5027e-01,  ...,  1.5016e+00,
          -9.1191e-01,  9.3622e-02],
         [-1.3447e+01, -2.1478e+00,  3.5817e+00,  ..., -2.9660e+00,
          -1.4736e+00, -8.0104e+00],
         [ 2.4821e+00, -2.9052e+00, -9.2724e+00,  ...,  4.6573e+00,
          -4.9455e-01, -7.6978e-01]]]), 'rvq_quantizer.layers.1._codebook.embed': tensor([[[ 2.4360e-06, -3.6528e-06,  1.2314e-06,  ...,  6.4464e-06,
           2.8434e-06,  3.8785e-06],
         [ 3.5282e+00, -3.9217e+00, -2.2074e+00,  ...,  2.4088e+00,
          -2.0504e+00,  2.4955e-01],
         [ 1.1411e+00,  4.0976e+00,  3.2974e+00,  ..., -2.9442e+00,
          -1.4312e-02, -4.6743e+00],
         ...,
         [ 1.6584e+00, -4.7476e-01,  1.6679e-01,  ...,  7.1502e-01,
          -4.3424e-01,  4.4582e-02],
         [-4.0844e+00, -6.5238e-01,  1.0879e+00,  ..., -9.0086e-01,
          -4.4760e-01, -2.4330e+00],
         [ 1.2410e+00, -1.4526e+00, -4.6362e+00,  ...,  2.3286e+00,
          -2.4728e-01, -3.8489e-01]]]), 'rvq_quantizer.layers.2._codebook.initted': tensor([1.]), 'rvq_quantizer.layers.2._codebook.cluster_size': tensor([[383.5107,   2.6223,   2.9600,  ...,   2.0000,   2.0000,   2.0000]]), 'rvq_quantizer.layers.2._codebook.embed_avg': tensor([[[ 6.2011e-04, -9.1378e-04,  3.1660e-04,  ...,  1.6281e-03,
           7.1275e-04,  1.0626e-03],
         [-1.0087e-02, -7.0248e-02,  1.0271e-01,  ..., -7.5186e-03,
           1.2942e-02, -2.0048e-02],
         [ 1.1473e+00, -4.2380e-01, -8.5613e-01,  ...,  1.6011e-01,
           8.5253e-01,  4.0067e-01],
         ...,
         [-1.6327e+00, -7.9633e-01, -1.2817e+00,  ...,  1.8342e+00,
           3.6021e+00, -1.0647e+00],
         [ 1.0343e-05, -3.8419e-05,  1.2790e-05,  ...,  4.8002e-05,
           9.5095e-06,  3.7925e-05],
         [-1.4216e-01, -4.4483e-01,  7.1552e-01,  ...,  2.0614e+00,
           1.4229e-01,  1.2138e+00]]]), 'rvq_quantizer.layers.2._codebook.embed': tensor([[[ 1.6169e-06, -2.3827e-06,  8.2554e-07,  ...,  4.2452e-06,
           1.8585e-06,  2.7707e-06],
         [-3.8467e-03, -2.6789e-02,  3.9167e-02,  ..., -2.8672e-03,
           4.9355e-03, -7.6453e-03],
         [ 3.8759e-01, -1.4317e-01, -2.8923e-01,  ...,  5.4090e-02,
           2.8802e-01,  1.3536e-01],
         ...,
         [-8.1633e-01, -3.9817e-01, -6.4085e-01,  ...,  9.1709e-01,
           1.8010e+00, -5.3234e-01],
         [ 5.1714e-06, -1.9209e-05,  6.3952e-06,  ...,  2.4001e-05,
           4.7547e-06,  1.8963e-05],
         [-7.1082e-02, -2.2242e-01,  3.5776e-01,  ...,  1.0307e+00,
           7.1147e-02,  6.0689e-01]]]), 'rvq_quantizer.layers.3._codebook.initted': tensor([1.]), 'rvq_quantizer.layers.3._codebook.cluster_size': tensor([[ 40.0000, 309.5470,   2.0000,  ...,   4.5731,   2.0000,   3.5236]]), 'rvq_quantizer.layers.3._codebook.embed_avg': tensor([[[ 5.2930e-05, -6.9186e-05,  1.4546e-05,  ...,  1.2091e-04,
           3.4311e-05,  8.5474e-05],
         [ 3.1994e-04, -4.6941e-04,  1.6311e-04,  ...,  8.6630e-04,
           3.7134e-04,  5.6732e-04],
         [-1.6265e-01,  9.9158e-03, -7.6108e-02,  ..., -7.9265e-02,
          -2.7582e-02,  1.5770e-01],
         ...,
         [ 4.6574e+00, -1.1225e+00,  1.7363e+00,  ...,  1.1922e+00,
          -2.3696e+00,  1.5449e+00],
         [-1.8052e+00, -5.5371e-01,  1.8986e+00,  ..., -6.1412e-01,
          -8.2194e-01, -2.7938e-01],
         [-2.0691e+00, -6.2184e-01, -3.1237e-01,  ..., -2.7409e+00,
          -2.4111e+00,  1.3156e+00]]]), 'rvq_quantizer.layers.3._codebook.embed': tensor([[[ 1.3233e-06, -1.7297e-06,  3.6366e-07,  ...,  3.0229e-06,
           8.5777e-07,  2.1369e-06],
         [ 1.0336e-06, -1.5165e-06,  5.2694e-07,  ...,  2.7986e-06,
           1.1996e-06,  1.8327e-06],
         [-8.1327e-02,  4.9579e-03, -3.8054e-02,  ..., -3.9633e-02,
          -1.3791e-02,  7.8850e-02],
         ...,
         [ 1.0184e+00, -2.4546e-01,  3.7968e-01,  ...,  2.6069e-01,
          -5.1816e-01,  3.3783e-01],
         [-9.0261e-01, -2.7685e-01,  9.4932e-01,  ..., -3.0706e-01,
          -4.1097e-01, -1.3969e-01],
         [-5.8722e-01, -1.7648e-01, -8.8651e-02,  ..., -7.7786e-01,
          -6.8425e-01,  3.7338e-01]]])})
Loss:  tensor(1.6023, grad_fn=<MeanBackward0>)
OrderedDict({'rvq_quantizer.project_in.weight': tensor([[-0.0413, -0.0308, -0.0457,  ..., -0.0054,  0.1202, -0.1159],
        [ 0.0671,  0.0330, -0.0402,  ..., -0.0271,  0.0020,  0.1032],
        [-0.0275,  0.0642, -0.0733,  ..., -0.0311,  0.0269,  0.0363],
        ...,
        [-0.1104, -0.0646,  0.0862,  ..., -0.0201,  0.0044,  0.0403],
        [-0.0280,  0.0473, -0.0244,  ..., -0.0301, -0.0984, -0.0943],
        [-0.0933, -0.0056,  0.1242,  ..., -0.0953,  0.0431,  0.0878]]), 'rvq_quantizer.project_in.bias': tensor([-6.1077e-03, -1.0639e-01,  5.7743e-02,  6.1203e-02, -9.2560e-02,
         7.2414e-02, -8.3908e-02, -1.2417e-01,  1.2006e-01, -1.7564e-02,
        -1.3723e-02,  7.0126e-02,  6.4868e-03,  7.0763e-02,  1.1920e-01,
         4.2498e-05,  4.7043e-02,  9.1601e-02,  6.0515e-02, -1.7811e-02,
         2.7558e-02, -6.4958e-02,  4.0020e-02, -7.0381e-02,  5.4873e-03,
        -3.8032e-02,  2.0210e-02,  6.6242e-02, -3.0837e-02,  1.1786e-01,
         1.2109e-01, -8.7243e-02]), 'rvq_quantizer.project_out.weight': tensor([[ 0.1391,  0.1389, -0.0638,  ...,  0.1497, -0.1518, -0.0982],
        [ 0.0400, -0.1660,  0.0335,  ...,  0.1551, -0.0025, -0.0239],
        [-0.0596, -0.0033,  0.1215,  ...,  0.0158,  0.0578,  0.0373],
        ...,
        [ 0.1155, -0.1740, -0.0604,  ..., -0.0189, -0.1290, -0.1407],
        [ 0.1166, -0.1520,  0.1097,  ..., -0.1163, -0.1759,  0.0724],
        [ 0.0715,  0.1611, -0.1024,  ...,  0.0083, -0.0714, -0.1503]]), 'rvq_quantizer.project_out.bias': tensor([ 1.5987e-01,  1.5615e-01, -1.5339e-01, -1.0336e-01, -6.1310e-02,
         1.3101e-01,  1.5501e-01, -1.5527e-01,  1.1952e-01, -1.5099e-01,
        -6.0957e-02,  1.4259e-01,  1.0313e-01,  1.3681e-01,  1.7227e-01,
        -8.1989e-02, -8.3912e-03, -1.7124e-01, -4.0239e-02,  1.4932e-01,
         1.4961e-01, -5.6660e-02,  9.9182e-02, -1.0434e-01, -7.8989e-02,
        -9.6498e-02,  1.5545e-01,  3.2009e-02,  3.9123e-02, -3.6162e-02,
         3.2309e-02, -1.1915e-01,  1.7072e-01, -1.2743e-01,  1.0117e-01,
        -1.7586e-01, -2.1377e-03, -9.6926e-02, -1.5145e-01, -9.3806e-03,
         9.3895e-02, -1.7972e-02, -9.2573e-02,  4.8761e-02,  3.3396e-02,
        -1.5251e-01,  9.7981e-03,  1.3211e-01, -2.1608e-02, -7.7352e-02,
        -1.3026e-01,  7.6535e-02, -7.3283e-03,  1.0275e-04,  6.7207e-02,
         7.6276e-02,  2.7185e-03, -1.2288e-01,  1.6985e-01, -1.5501e-01,
        -1.4429e-01, -1.2162e-01, -1.6839e-01,  1.5317e-01]), 'rvq_quantizer.layers.0._codebook.initted': tensor([1.]), 'rvq_quantizer.layers.0._codebook.cluster_size': tensor([[2.0000, 2.0000, 4.4910,  ..., 2.6419, 2.3272, 5.0758]]), 'rvq_quantizer.layers.0._codebook.embed_avg': tensor([[[  50.1287,  -99.1465,   34.3436,  ...,  158.7056,   50.7316,
           130.8377],
         [  52.7333,  -96.0893,   30.3470,  ...,  154.3954,   50.3173,
           123.7312],
         [  91.5394, -152.2690,   73.7528,  ...,  265.7016,  143.1666,
           161.8237],
         ...,
         [  71.3558, -127.4875,   36.6446,  ...,  198.5595,   84.3012,
           165.2447],
         [  75.0824, -102.2336,   30.7082,  ...,  166.8941,   90.7159,
           134.5428],
         [ 150.9279, -160.9523,   74.8162,  ...,  225.6759,  169.4186,
           130.7315]]]), 'rvq_quantizer.layers.0._codebook.embed': tensor([[[ 25.0643, -49.5733,  17.1718,  ...,  79.3528,  25.3658,  65.4188],
         [ 26.3666, -48.0446,  15.1735,  ...,  77.1976,  25.1586,  61.8655],
         [ 20.3827, -33.9050,  16.4222,  ...,  59.1625,  31.8783,  36.0325],
         ...,
         [ 27.0091, -48.2557,  13.8705,  ...,  75.1574,  31.9091,  62.5473],
         [ 32.2636, -43.9308,  13.1956,  ...,  71.7160,  38.9815,  57.8143],
         [ 29.7348, -31.7097,  14.7398,  ...,  44.4611,  33.3777,  25.7558]]]), 'rvq_quantizer.layers.1._codebook.initted': tensor([1.]), 'rvq_quantizer.layers.1._codebook.cluster_size': tensor([[348.1036,   2.6846,   5.9389,  ...,   2.0900,   3.2631,   2.0000]]), 'rvq_quantizer.layers.1._codebook.embed_avg': tensor([[[ 8.4837e-04, -1.2805e-03,  4.2374e-04,  ...,  2.2610e-03,
           9.8318e-04,  1.3608e-03],
         [ 9.6150e+00, -1.0710e+01, -5.7221e+00,  ...,  6.5804e+00,
          -5.5942e+00,  3.4131e-01],
         [ 6.7255e+00,  2.4370e+01,  1.9610e+01,  ..., -1.7458e+01,
          -2.4042e-01, -2.7797e+01],
         ...,
         [ 3.4371e+00, -1.0845e+00,  3.9919e-01,  ...,  1.5014e+00,
          -9.0714e-01,  1.4893e-01],
         [-1.3233e+01, -2.0557e+00,  3.1693e+00,  ..., -3.1080e+00,
          -1.5493e+00, -7.8858e+00],
         [ 2.6403e+00, -2.7375e+00, -9.1680e+00,  ...,  4.9140e+00,
          -2.3928e-01, -7.8171e-01]]]), 'rvq_quantizer.layers.1._codebook.embed': tensor([[[ 2.4371e-06, -3.6784e-06,  1.2173e-06,  ...,  6.4952e-06,
           2.8244e-06,  3.9093e-06],
         [ 3.5815e+00, -3.9892e+00, -2.1314e+00,  ...,  2.4512e+00,
          -2.0838e+00,  1.2713e-01],
         [ 1.1324e+00,  4.1034e+00,  3.3019e+00,  ..., -2.9396e+00,
          -4.0482e-02, -4.6805e+00],
         ...,
         [ 1.6446e+00, -5.1890e-01,  1.9100e-01,  ...,  7.1837e-01,
          -4.3404e-01,  7.1259e-02],
         [-4.0555e+00, -6.2999e-01,  9.7124e-01,  ..., -9.5246e-01,
          -4.7479e-01, -2.4167e+00],
         [ 1.3202e+00, -1.3688e+00, -4.5840e+00,  ...,  2.4570e+00,
          -1.1964e-01, -3.9086e-01]]]), 'rvq_quantizer.layers.2._codebook.initted': tensor([1.]), 'rvq_quantizer.layers.2._codebook.cluster_size': tensor([[383.7596,   3.0601,   3.1640,  ...,   2.0000,   2.0000,   2.0000]]), 'rvq_quantizer.layers.2._codebook.embed_avg': tensor([[[ 6.2411e-04, -9.2458e-04,  3.1477e-04,  ...,  1.6536e-03,
           7.1173e-04,  1.0787e-03],
         [-2.8801e-02, -7.2778e-02,  1.3155e-01,  ..., -1.3536e-02,
           3.7936e-02, -4.8038e-02],
         [ 1.1077e+00, -4.7365e-01, -1.0943e+00,  ...,  1.4474e-01,
           1.0565e+00,  4.7724e-01],
         ...,
         [-1.7088e+00, -5.8248e-01, -1.4624e+00,  ...,  1.4798e+00,
           3.4332e+00, -1.2907e+00],
         [ 9.8993e-01, -1.6491e+00, -3.6854e+00,  ..., -2.5380e+00,
           2.1628e+00,  2.0618e-01],
         [-7.4184e-02, -4.7417e-01,  7.7932e-01,  ...,  2.0080e+00,
           1.8965e-01,  1.2222e+00]]]), 'rvq_quantizer.layers.2._codebook.embed': tensor([[[ 1.6263e-06, -2.4093e-06,  8.2024e-07,  ...,  4.3090e-06,
           1.8546e-06,  2.8110e-06],
         [-9.4118e-03, -2.3783e-02,  4.2989e-02,  ..., -4.4235e-03,
           1.2397e-02, -1.5698e-02],
         [ 3.5010e-01, -1.4970e-01, -3.4586e-01,  ...,  4.5745e-02,
           3.3392e-01,  1.5083e-01],
         ...,
         [-8.5442e-01, -2.9124e-01, -7.3122e-01,  ...,  7.3991e-01,
           1.7166e+00, -6.4532e-01],
         [ 4.9496e-01, -8.2454e-01, -1.8427e+00,  ..., -1.2690e+00,
           1.0814e+00,  1.0309e-01],
         [-3.7092e-02, -2.3708e-01,  3.8966e-01,  ...,  1.0040e+00,
           9.4825e-02,  6.1108e-01]]]), 'rvq_quantizer.layers.3._codebook.initted': tensor([1.]), 'rvq_quantizer.layers.3._codebook.cluster_size': tensor([[ 74.8000, 278.5923,   2.0000,  ...,   4.2158,   2.0000,   3.4713]]), 'rvq_quantizer.layers.3._codebook.embed_avg': tensor([[[ 8.7781e-05, -1.2629e-04,  2.9546e-05,  ...,  2.2792e-04,
           7.1252e-05,  1.5499e-04],
         [ 2.8794e-04, -4.2247e-04,  1.4680e-04,  ...,  7.7967e-04,
           3.3421e-04,  5.1059e-04],
         [-7.4030e-02, -7.6259e-02, -6.0129e-02,  ..., -1.6204e-02,
           5.6983e-02,  3.9915e-02],
         ...,
         [ 4.2362e+00, -1.0580e+00,  1.6009e+00,  ...,  1.1860e+00,
          -2.2257e+00,  1.4224e+00],
         [ 0.0000e+00,  0.0000e+00,  0.0000e+00,  ...,  0.0000e+00,
           0.0000e+00,  0.0000e+00],
         [-2.0010e+00, -6.7735e-01, -3.6647e-01,  ..., -2.8226e+00,
          -2.3809e+00,  1.3488e+00]]]), 'rvq_quantizer.layers.3._codebook.embed': tensor([[[ 1.1736e-06, -1.6884e-06,  3.9500e-07,  ...,  3.0471e-06,
           9.5257e-07,  2.0720e-06],
         [ 1.0336e-06, -1.5165e-06,  5.2694e-07,  ...,  2.7986e-06,
           1.1996e-06,  1.8327e-06],
         [-3.7015e-02, -3.8130e-02, -3.0065e-02,  ..., -8.1018e-03,
           2.8492e-02,  1.9958e-02],
         ...,
         [ 1.0048e+00, -2.5097e-01,  3.7975e-01,  ...,  2.8133e-01,
          -5.2795e-01,  3.3739e-01],
         [ 0.0000e+00,  0.0000e+00,  0.0000e+00,  ...,  0.0000e+00,
           0.0000e+00,  0.0000e+00],
         [-5.7644e-01, -1.9513e-01, -1.0557e-01,  ..., -8.1314e-01,
          -6.8589e-01,  3.8855e-01]]])})
Loss:  tensor(1.6025, grad_fn=<MeanBackward0>)
OrderedDict({'rvq_quantizer.project_in.weight': tensor([[-0.0413, -0.0308, -0.0457,  ..., -0.0054,  0.1202, -0.1159],
        [ 0.0671,  0.0330, -0.0402,  ..., -0.0271,  0.0020,  0.1032],
        [-0.0275,  0.0642, -0.0733,  ..., -0.0311,  0.0269,  0.0363],
        ...,
        [-0.1104, -0.0646,  0.0862,  ..., -0.0201,  0.0044,  0.0403],
        [-0.0280,  0.0473, -0.0244,  ..., -0.0301, -0.0984, -0.0943],
        [-0.0933, -0.0056,  0.1242,  ..., -0.0953,  0.0431,  0.0878]]), 'rvq_quantizer.project_in.bias': tensor([-6.1077e-03, -1.0639e-01,  5.7743e-02,  6.1203e-02, -9.2560e-02,
         7.2414e-02, -8.3908e-02, -1.2417e-01,  1.2006e-01, -1.7564e-02,
        -1.3723e-02,  7.0126e-02,  6.4868e-03,  7.0763e-02,  1.1920e-01,
         4.2498e-05,  4.7043e-02,  9.1601e-02,  6.0515e-02, -1.7811e-02,
         2.7558e-02, -6.4958e-02,  4.0020e-02, -7.0381e-02,  5.4873e-03,
        -3.8032e-02,  2.0210e-02,  6.6242e-02, -3.0837e-02,  1.1786e-01,
         1.2109e-01, -8.7243e-02]), 'rvq_quantizer.project_out.weight': tensor([[ 0.1391,  0.1389, -0.0638,  ...,  0.1497, -0.1518, -0.0982],
        [ 0.0400, -0.1660,  0.0335,  ...,  0.1551, -0.0025, -0.0239],
        [-0.0596, -0.0033,  0.1215,  ...,  0.0158,  0.0578,  0.0373],
        ...,
        [ 0.1155, -0.1740, -0.0604,  ..., -0.0189, -0.1290, -0.1407],
        [ 0.1166, -0.1520,  0.1097,  ..., -0.1163, -0.1759,  0.0724],
        [ 0.0715,  0.1611, -0.1024,  ...,  0.0083, -0.0714, -0.1503]]), 'rvq_quantizer.project_out.bias': tensor([ 1.5987e-01,  1.5615e-01, -1.5339e-01, -1.0336e-01, -6.1310e-02,
         1.3101e-01,  1.5501e-01, -1.5527e-01,  1.1952e-01, -1.5099e-01,
        -6.0957e-02,  1.4259e-01,  1.0313e-01,  1.3681e-01,  1.7227e-01,
        -8.1989e-02, -8.3912e-03, -1.7124e-01, -4.0239e-02,  1.4932e-01,
         1.4961e-01, -5.6660e-02,  9.9182e-02, -1.0434e-01, -7.8989e-02,
        -9.6498e-02,  1.5545e-01,  3.2009e-02,  3.9123e-02, -3.6162e-02,
         3.2309e-02, -1.1915e-01,  1.7072e-01, -1.2743e-01,  1.0117e-01,
        -1.7586e-01, -2.1377e-03, -9.6926e-02, -1.5145e-01, -9.3806e-03,
         9.3895e-02, -1.7972e-02, -9.2573e-02,  4.8761e-02,  3.3396e-02,
        -1.5251e-01,  9.7981e-03,  1.3211e-01, -2.1608e-02, -7.7352e-02,
        -1.3026e-01,  7.6535e-02, -7.3283e-03,  1.0275e-04,  6.7207e-02,
         7.6276e-02,  2.7185e-03, -1.2288e-01,  1.6985e-01, -1.5501e-01,
        -1.4429e-01, -1.2162e-01, -1.6839e-01,  1.5317e-01]), 'rvq_quantizer.layers.0._codebook.initted': tensor([1.]), 'rvq_quantizer.layers.0._codebook.cluster_size': tensor([[2.0000, 2.0000, 4.5419,  ..., 2.6777, 2.3944, 5.0682]]), 'rvq_quantizer.layers.0._codebook.embed_avg': tensor([[[  80.1507, -104.6455,   13.2381,  ...,  151.1499,   75.1507,
           127.7745],
         [  39.1188,  -39.1410,   53.3563,  ...,   77.6039,   59.9734,
            38.9677],
         [  92.5273, -154.0227,   74.6040,  ...,  268.7752,  144.7098,
           163.6101],
         ...,
         [  72.3057, -129.2257,   37.1784,  ...,  201.2630,   85.4602,
           167.4723],
         [  77.2192, -105.1680,   31.6056,  ...,  171.6709,   93.3307,
           138.4106],
         [ 150.7842, -161.1958,   74.8428,  ...,  225.3633,  169.4338,
           130.9347]]]), 'rvq_quantizer.layers.0._codebook.embed': tensor([[[ 40.0754, -52.3227,   6.6190,  ...,  75.5749,  37.5753,  63.8873],
         [ 19.5594, -19.5705,  26.6781,  ...,  38.8019,  29.9867,  19.4839],
         [ 20.3718, -33.9112,  16.4256,  ...,  59.1763,  31.8608,  36.0221],
         ...,
         [ 27.0027, -48.2595,  13.8843,  ...,  75.1620,  31.9152,  62.5428],
         [ 32.2494, -43.9218,  13.1996,  ...,  71.6957,  38.9781,  57.8051],
         [ 29.7509, -31.8052,  14.7671,  ...,  44.4659,  33.4306,  25.8344]]]), 'rvq_quantizer.layers.1._codebook.initted': tensor([1.]), 'rvq_quantizer.layers.1._codebook.cluster_size': tensor([[349.3932,   2.6162,   5.9450,  ...,   2.1810,   3.0368,   2.0000]]), 'rvq_quantizer.layers.1._codebook.embed_avg': tensor([[[ 8.4937e-04, -1.2835e-03,  4.2305e-04,  ...,  2.2462e-03,
           9.8290e-04,  1.3594e-03],
         [ 9.7659e+00, -1.0395e+01, -5.2955e+00,  ...,  6.2154e+00,
          -5.3969e+00,  3.6473e-01],
         [ 6.9978e+00,  2.4420e+01,  1.9687e+01,  ..., -1.7310e+01,
          -7.5125e-02, -2.7866e+01],
         ...,
         [ 3.8450e+00, -1.1259e+00,  5.7626e-01,  ...,  1.5314e+00,
          -9.1621e-01,  1.9471e-01],
         [-1.2443e+01, -1.6209e+00,  2.6766e+00,  ..., -2.6124e+00,
          -1.5448e+00, -7.2653e+00],
         [ 2.7877e+00, -2.5945e+00, -9.1006e+00,  ...,  5.1507e+00,
          -8.7737e-03, -7.9326e-01]]]), 'rvq_quantizer.layers.1._codebook.embed': tensor([[[ 2.4310e-06, -3.6734e-06,  1.2108e-06,  ...,  6.4290e-06,
           2.8132e-06,  3.8908e-06],
         [ 3.7329e+00, -3.9733e+00, -2.0242e+00,  ...,  2.3758e+00,
          -2.0629e+00,  1.3941e-01],
         [ 1.1771e+00,  4.1076e+00,  3.3114e+00,  ..., -2.9117e+00,
          -1.2637e-02, -4.6874e+00],
         ...,
         [ 1.7630e+00, -5.1622e-01,  2.6422e-01,  ...,  7.0213e-01,
          -4.2009e-01,  8.9275e-02],
         [-4.0974e+00, -5.3374e-01,  8.8137e-01,  ..., -8.6024e-01,
          -5.0869e-01, -2.3924e+00],
         [ 1.3938e+00, -1.2973e+00, -4.5503e+00,  ...,  2.5754e+00,
          -4.3869e-03, -3.9663e-01]]]), 'rvq_quantizer.layers.2._codebook.initted': tensor([1.]), 'rvq_quantizer.layers.2._codebook.cluster_size': tensor([[384.2837,   2.8540,   3.3476,  ...,   2.0000,   2.0000,   2.1000]]), 'rvq_quantizer.layers.2._codebook.embed_avg': tensor([[[ 6.2490e-04, -9.3190e-04,  3.1143e-04,  ...,  1.6319e-03,
           7.0538e-04,  1.0693e-03],
         [-2.8767e-02, -5.6526e-02,  1.4238e-01,  ..., -2.6122e-02,
           3.0625e-02, -4.9216e-02],
         [ 1.3172e+00, -3.4023e-01, -1.3135e+00,  ...,  8.5296e-02,
           1.1951e+00,  6.0806e-01],
         ...,
         [-2.0420e+00, -1.3736e+00,  1.3533e+00,  ..., -1.2682e+00,
          -9.0158e-01, -5.6165e-01],
         [ 1.8014e-05, -7.9019e-06,  5.1948e-06,  ...,  1.7527e-05,
           1.7239e-05, -1.8922e-07],
         [-1.4607e-02, -5.1806e-01,  8.7976e-01,  ...,  2.0640e+00,
           2.4771e-01,  1.2894e+00]]]), 'rvq_quantizer.layers.2._codebook.embed': tensor([[[ 1.6261e-06, -2.4250e-06,  8.1041e-07,  ...,  4.2466e-06,
           1.8356e-06,  2.7826e-06],
         [-1.0079e-02, -1.9806e-02,  4.9887e-02,  ..., -9.1525e-03,
           1.0730e-02, -1.7244e-02],
         [ 3.9346e-01, -1.0163e-01, -3.9237e-01,  ...,  2.5480e-02,
           3.5701e-01,  1.8164e-01],
         ...,
         [-1.0210e+00, -6.8682e-01,  6.7667e-01,  ..., -6.3411e-01,
          -4.5079e-01, -2.8082e-01],
         [ 9.0070e-06, -3.9510e-06,  2.5974e-06,  ...,  8.7636e-06,
           8.6197e-06, -9.4612e-08],
         [-6.9559e-03, -2.4669e-01,  4.1893e-01,  ...,  9.8285e-01,
           1.1796e-01,  6.1399e-01]]]), 'rvq_quantizer.layers.3._codebook.initted': tensor([1.]), 'rvq_quantizer.layers.3._codebook.cluster_size': tensor([[106.2200, 250.7330,   2.5000,  ...,   4.3942,   2.0000,   3.7242]]), 'rvq_quantizer.layers.3._codebook.embed_avg': tensor([[[ 1.2106e-04, -1.8212e-04,  4.4059e-05,  ...,  2.9274e-04,
           1.0484e-04,  2.0139e-04],
         [ 2.5915e-04, -3.8023e-04,  1.3212e-04,  ...,  7.0171e-04,
           3.0079e-04,  4.5953e-04],
         [-6.8374e-02, -6.5396e-02, -6.4578e-02,  ..., -8.1430e-03,
           9.2728e-02,  3.7295e-02],
         ...,
         [ 4.1766e+00, -1.3514e+00,  1.6131e+00,  ...,  1.0458e+00,
          -2.4357e+00,  1.2752e+00],
         [-7.9831e-01,  2.7011e-01,  1.9918e-01,  ...,  1.0320e-01,
          -9.2035e-01,  8.8236e-02],
         [-2.4718e+00, -7.5450e-01, -5.2602e-01,  ..., -3.0689e+00,
          -2.5014e+00,  1.6348e+00]]]), 'rvq_quantizer.layers.3._codebook.embed': tensor([[[ 1.1398e-06, -1.7146e-06,  4.1479e-07,  ...,  2.7560e-06,
           9.8698e-07,  1.8960e-06],
         [ 1.0336e-06, -1.5165e-06,  5.2694e-07,  ...,  2.7986e-06,
           1.1996e-06,  1.8327e-06],
         [-2.7349e-02, -2.6159e-02, -2.5831e-02,  ..., -3.2572e-03,
           3.7091e-02,  1.4918e-02],
         ...,
         [ 9.5048e-01, -3.0755e-01,  3.6710e-01,  ...,  2.3800e-01,
          -5.5431e-01,  2.9021e-01],
         [-3.9915e-01,  1.3505e-01,  9.9588e-02,  ...,  5.1602e-02,
          -4.6017e-01,  4.4118e-02],
         [-6.6371e-01, -2.0260e-01, -1.4124e-01,  ..., -8.2406e-01,
          -6.7167e-01,  4.3898e-01]]])})
Loss:  tensor(1.6051, grad_fn=<MeanBackward0>)
OrderedDict({'rvq_quantizer.project_in.weight': tensor([[-0.0413, -0.0308, -0.0457,  ..., -0.0054,  0.1202, -0.1159],
        [ 0.0671,  0.0330, -0.0402,  ..., -0.0271,  0.0020,  0.1032],
        [-0.0275,  0.0642, -0.0733,  ..., -0.0311,  0.0269,  0.0363],
        ...,
        [-0.1104, -0.0646,  0.0862,  ..., -0.0201,  0.0044,  0.0403],
        [-0.0280,  0.0473, -0.0244,  ..., -0.0301, -0.0984, -0.0943],
        [-0.0933, -0.0056,  0.1242,  ..., -0.0953,  0.0431,  0.0878]]), 'rvq_quantizer.project_in.bias': tensor([-6.1077e-03, -1.0639e-01,  5.7743e-02,  6.1203e-02, -9.2560e-02,
         7.2414e-02, -8.3908e-02, -1.2417e-01,  1.2006e-01, -1.7564e-02,
        -1.3723e-02,  7.0126e-02,  6.4868e-03,  7.0763e-02,  1.1920e-01,
         4.2498e-05,  4.7043e-02,  9.1601e-02,  6.0515e-02, -1.7811e-02,
         2.7558e-02, -6.4958e-02,  4.0020e-02, -7.0381e-02,  5.4873e-03,
        -3.8032e-02,  2.0210e-02,  6.6242e-02, -3.0837e-02,  1.1786e-01,
         1.2109e-01, -8.7243e-02]), 'rvq_quantizer.project_out.weight': tensor([[ 0.1391,  0.1389, -0.0638,  ...,  0.1497, -0.1518, -0.0982],
        [ 0.0400, -0.1660,  0.0335,  ...,  0.1551, -0.0025, -0.0239],
        [-0.0596, -0.0033,  0.1215,  ...,  0.0158,  0.0578,  0.0373],
        ...,
        [ 0.1155, -0.1740, -0.0604,  ..., -0.0189, -0.1290, -0.1407],
        [ 0.1166, -0.1520,  0.1097,  ..., -0.1163, -0.1759,  0.0724],
        [ 0.0715,  0.1611, -0.1024,  ...,  0.0083, -0.0714, -0.1503]]), 'rvq_quantizer.project_out.bias': tensor([ 1.5987e-01,  1.5615e-01, -1.5339e-01, -1.0336e-01, -6.1310e-02,
         1.3101e-01,  1.5501e-01, -1.5527e-01,  1.1952e-01, -1.5099e-01,
        -6.0957e-02,  1.4259e-01,  1.0313e-01,  1.3681e-01,  1.7227e-01,
        -8.1989e-02, -8.3912e-03, -1.7124e-01, -4.0239e-02,  1.4932e-01,
         1.4961e-01, -5.6660e-02,  9.9182e-02, -1.0434e-01, -7.8989e-02,
        -9.6498e-02,  1.5545e-01,  3.2009e-02,  3.9123e-02, -3.6162e-02,
         3.2309e-02, -1.1915e-01,  1.7072e-01, -1.2743e-01,  1.0117e-01,
        -1.7586e-01, -2.1377e-03, -9.6926e-02, -1.5145e-01, -9.3806e-03,
         9.3895e-02, -1.7972e-02, -9.2573e-02,  4.8761e-02,  3.3396e-02,
        -1.5251e-01,  9.7981e-03,  1.3211e-01, -2.1608e-02, -7.7352e-02,
        -1.3026e-01,  7.6535e-02, -7.3283e-03,  1.0275e-04,  6.7207e-02,
         7.6276e-02,  2.7185e-03, -1.2288e-01,  1.6985e-01, -1.5501e-01,
        -1.4429e-01, -1.2162e-01, -1.6839e-01,  1.5317e-01]), 'rvq_quantizer.layers.0._codebook.initted': tensor([1.]), 'rvq_quantizer.layers.0._codebook.cluster_size': tensor([[2.0000, 2.0000, 4.6290,  ..., 2.4590, 2.5095, 4.8653]]), 'rvq_quantizer.layers.0._codebook.embed_avg': tensor([[[  55.1146, -100.8963,   38.1037,  ...,  164.8727,   50.6186,
           130.6622],
         [  39.9460,  -80.3716,   -3.1353,  ...,  115.8576,   29.3919,
            80.7031],
         [  94.2166, -157.0216,   76.0594,  ...,  274.0311,  147.3486,
           166.6648],
         ...,
         [  66.1642, -118.6019,   33.8686,  ...,  184.5767,   78.5407,
           153.7685],
         [  80.8730, -110.1858,   33.1402,  ...,  179.8393,   97.8021,
           145.0247],
         [ 144.9706, -156.2056,   72.3984,  ...,  217.1678,  162.8028,
           125.9859]]]), 'rvq_quantizer.layers.0._codebook.embed': tensor([[[ 27.5573, -50.4481,  19.0518,  ...,  82.4364,  25.3093,  65.3311],
         [ 19.9730, -40.1858,  -1.5677,  ...,  57.9288,  14.6959,  40.3515],
         [ 20.3537, -33.9215,  16.4312,  ...,  59.1992,  31.8318,  36.0047],
         ...,
         [ 26.9074, -48.2326,  13.7736,  ...,  75.0630,  31.9407,  62.5340],
         [ 32.2268, -43.9076,  13.2059,  ...,  71.6636,  38.9728,  57.7904],
         [ 29.7971, -32.1063,  14.8807,  ...,  44.6364,  33.4623,  25.8950]]]), 'rvq_quantizer.layers.1._codebook.initted': tensor([1.]), 'rvq_quantizer.layers.1._codebook.cluster_size': tensor([[350.4185,   2.4991,   5.7655,  ...,   2.3466,   2.8398,   2.0000]]), 'rvq_quantizer.layers.1._codebook.embed_avg': tensor([[[ 8.4015e-04, -1.2639e-03,  4.2032e-04,  ...,  2.2181e-03,
           9.7517e-04,  1.3426e-03],
         [ 8.8057e+00, -1.0330e+01, -5.3938e+00,  ...,  6.3202e+00,
          -5.3412e+00, -4.5802e-01],
         [ 6.6149e+00,  2.3761e+01,  1.8910e+01,  ..., -1.6686e+01,
          -3.6438e-01, -2.7438e+01],
         ...,
         [ 4.1183e+00, -1.7152e+00,  7.8536e-01,  ...,  1.7942e+00,
          -1.0793e+00,  2.8326e-01],
         [-1.1073e+01, -1.3486e+00,  2.0091e+00,  ..., -1.9088e+00,
          -1.4627e+00, -6.6352e+00],
         [-3.0629e-01,  6.2270e+00,  2.7662e+00,  ..., -1.7334e-01,
           7.2718e+00, -9.7566e+00]]]), 'rvq_quantizer.layers.1._codebook.embed': tensor([[[ 2.3976e-06, -3.6067e-06,  1.1995e-06,  ...,  6.3298e-06,
           2.7829e-06,  3.8313e-06],
         [ 3.5236e+00, -4.1333e+00, -2.1583e+00,  ...,  2.5290e+00,
          -2.1372e+00, -1.8327e-01],
         [ 1.1473e+00,  4.1213e+00,  3.2798e+00,  ..., -2.8941e+00,
          -6.3200e-02, -4.7591e+00],
         ...,
         [ 1.7550e+00, -7.3093e-01,  3.3468e-01,  ...,  7.6459e-01,
          -4.5995e-01,  1.2071e-01],
         [-3.8992e+00, -4.7490e-01,  7.0749e-01,  ..., -6.7216e-01,
          -5.1506e-01, -2.3365e+00],
         [-1.5314e-01,  3.1135e+00,  1.3831e+00,  ..., -8.6670e-02,
           3.6359e+00, -4.8783e+00]]]), 'rvq_quantizer.layers.2._codebook.initted': tensor([1.]), 'rvq_quantizer.layers.2._codebook.cluster_size': tensor([[384.4498,   2.8918,   3.4816,  ...,   2.0000,   2.0000,   2.0000]]), 'rvq_quantizer.layers.2._codebook.embed_avg': tensor([[[ 6.1642e-04, -9.1751e-04,  3.0540e-04,  ...,  1.6059e-03,
           6.9931e-04,  1.0518e-03],
         [-2.5977e-02, -6.5060e-02,  1.5129e-01,  ..., -3.6015e-02,
           2.9943e-02, -3.8102e-02],
         [ 1.3589e+00, -6.1718e-01, -1.5295e+00,  ...,  1.8764e-01,
           1.1687e+00,  8.7846e-01],
         ...,
         [-2.1739e-01, -3.4388e+00, -2.2521e+00,  ..., -4.5170e+00,
           1.6743e-01,  8.2016e-02],
         [ 2.9616e-01,  2.6515e+00,  1.0828e+00,  ...,  1.0891e+00,
          -4.6318e-01,  1.5657e-01],
         [ 0.0000e+00,  0.0000e+00,  0.0000e+00,  ...,  0.0000e+00,
           0.0000e+00,  0.0000e+00]]]), 'rvq_quantizer.layers.2._codebook.embed': tensor([[[ 1.6034e-06, -2.3866e-06,  7.9437e-07,  ...,  4.1772e-06,
           1.8190e-06,  2.7360e-06],
         [-8.9830e-03, -2.2498e-02,  5.2316e-02,  ..., -1.2454e-02,
           1.0355e-02, -1.3176e-02],
         [ 3.9032e-01, -1.7727e-01, -4.3930e-01,  ...,  5.3896e-02,
           3.3568e-01,  2.5232e-01],
         ...,
         [-1.0870e-01, -1.7194e+00, -1.1261e+00,  ..., -2.2585e+00,
           8.3717e-02,  4.1008e-02],
         [ 1.4808e-01,  1.3257e+00,  5.4140e-01,  ...,  5.4456e-01,
          -2.3159e-01,  7.8283e-02],
         [ 0.0000e+00,  0.0000e+00,  0.0000e+00,  ...,  0.0000e+00,
           0.0000e+00,  0.0000e+00]]]), 'rvq_quantizer.layers.3._codebook.initted': tensor([1.]), 'rvq_quantizer.layers.3._codebook.cluster_size': tensor([[159.9082, 203.0938,   2.5250,  ...,   4.2393,   2.0000,   3.9766]]), 'rvq_quantizer.layers.3._codebook.embed_avg': tensor([[[ 1.6155e-04, -2.3671e-04,  6.4833e-05,  ...,  3.9770e-04,
           1.5999e-04,  2.6405e-04],
         [ 2.0991e-04, -3.0798e-04,  1.0702e-04,  ...,  5.6838e-04,
           2.4364e-04,  3.7222e-04],
         [-8.0675e-02, -5.3464e-02, -7.9575e-02,  ..., -2.4645e-02,
           1.1671e-01,  5.3111e-02],
         ...,
         [ 3.9335e+00, -1.2411e+00,  1.6597e+00,  ...,  1.0202e+00,
          -2.7134e+00,  1.2685e+00],
         [ 3.6021e+00,  9.4941e-01,  1.1642e+00,  ...,  8.2825e-01,
          -6.2213e-01, -2.0279e-01],
         [-2.8442e+00, -1.0565e+00, -4.8768e-01,  ..., -3.4906e+00,
          -2.1580e+00,  2.2915e+00]]]), 'rvq_quantizer.layers.3._codebook.embed': tensor([[[ 1.0102e-06, -1.4803e-06,  4.0544e-07,  ...,  2.4871e-06,
           1.0005e-06,  1.6512e-06],
         [ 1.0336e-06, -1.5165e-06,  5.2694e-07,  ...,  2.7986e-06,
           1.1996e-06,  1.8327e-06],
         [-3.1950e-02, -2.1174e-02, -3.1515e-02,  ..., -9.7605e-03,
           4.6223e-02,  2.1034e-02],
         ...,
         [ 9.2785e-01, -2.9275e-01,  3.9151e-01,  ...,  2.4066e-01,
          -6.4005e-01,  2.9923e-01],
         [ 1.8011e+00,  4.7470e-01,  5.8208e-01,  ...,  4.1413e-01,
          -3.1107e-01, -1.0139e-01],
         [-7.1525e-01, -2.6569e-01, -1.2264e-01,  ..., -8.7779e-01,
          -5.4269e-01,  5.7626e-01]]])})
Loss:  tensor(1.6100, grad_fn=<MeanBackward0>)
OrderedDict({'rvq_quantizer.project_in.weight': tensor([[-0.0413, -0.0308, -0.0457,  ..., -0.0054,  0.1202, -0.1159],
        [ 0.0671,  0.0330, -0.0402,  ..., -0.0271,  0.0020,  0.1032],
        [-0.0275,  0.0642, -0.0733,  ..., -0.0311,  0.0269,  0.0363],
        ...,
        [-0.1104, -0.0646,  0.0862,  ..., -0.0201,  0.0044,  0.0403],
        [-0.0280,  0.0473, -0.0244,  ..., -0.0301, -0.0984, -0.0943],
        [-0.0933, -0.0056,  0.1242,  ..., -0.0953,  0.0431,  0.0878]]), 'rvq_quantizer.project_in.bias': tensor([-6.1077e-03, -1.0639e-01,  5.7743e-02,  6.1203e-02, -9.2560e-02,
         7.2414e-02, -8.3908e-02, -1.2417e-01,  1.2006e-01, -1.7564e-02,
        -1.3723e-02,  7.0126e-02,  6.4868e-03,  7.0763e-02,  1.1920e-01,
         4.2498e-05,  4.7043e-02,  9.1601e-02,  6.0515e-02, -1.7811e-02,
         2.7558e-02, -6.4958e-02,  4.0020e-02, -7.0381e-02,  5.4873e-03,
        -3.8032e-02,  2.0210e-02,  6.6242e-02, -3.0837e-02,  1.1786e-01,
         1.2109e-01, -8.7243e-02]), 'rvq_quantizer.project_out.weight': tensor([[ 0.1391,  0.1389, -0.0638,  ...,  0.1497, -0.1518, -0.0982],
        [ 0.0400, -0.1660,  0.0335,  ...,  0.1551, -0.0025, -0.0239],
        [-0.0596, -0.0033,  0.1215,  ...,  0.0158,  0.0578,  0.0373],
        ...,
        [ 0.1155, -0.1740, -0.0604,  ..., -0.0189, -0.1290, -0.1407],
        [ 0.1166, -0.1520,  0.1097,  ..., -0.1163, -0.1759,  0.0724],
        [ 0.0715,  0.1611, -0.1024,  ...,  0.0083, -0.0714, -0.1503]]), 'rvq_quantizer.project_out.bias': tensor([ 1.5987e-01,  1.5615e-01, -1.5339e-01, -1.0336e-01, -6.1310e-02,
         1.3101e-01,  1.5501e-01, -1.5527e-01,  1.1952e-01, -1.5099e-01,
        -6.0957e-02,  1.4259e-01,  1.0313e-01,  1.3681e-01,  1.7227e-01,
        -8.1989e-02, -8.3912e-03, -1.7124e-01, -4.0239e-02,  1.4932e-01,
         1.4961e-01, -5.6660e-02,  9.9182e-02, -1.0434e-01, -7.8989e-02,
        -9.6498e-02,  1.5545e-01,  3.2009e-02,  3.9123e-02, -3.6162e-02,
         3.2309e-02, -1.1915e-01,  1.7072e-01, -1.2743e-01,  1.0117e-01,
        -1.7586e-01, -2.1377e-03, -9.6926e-02, -1.5145e-01, -9.3806e-03,
         9.3895e-02, -1.7972e-02, -9.2573e-02,  4.8761e-02,  3.3396e-02,
        -1.5251e-01,  9.7981e-03,  1.3211e-01, -2.1608e-02, -7.7352e-02,
        -1.3026e-01,  7.6535e-02, -7.3283e-03,  1.0275e-04,  6.7207e-02,
         7.6276e-02,  2.7185e-03, -1.2288e-01,  1.6985e-01, -1.5501e-01,
        -1.4429e-01, -1.2162e-01, -1.6839e-01,  1.5317e-01]), 'rvq_quantizer.layers.0._codebook.initted': tensor([1.]), 'rvq_quantizer.layers.0._codebook.cluster_size': tensor([[2.0000, 2.0000, 4.6661,  ..., 2.5131, 2.5585, 4.7787]]), 'rvq_quantizer.layers.0._codebook.embed_avg': tensor([[[  59.3980,  -91.5586,   16.5648,  ...,  145.6724,   76.3976,
           118.6320],
         [  46.2353,  -65.2000,   19.6890,  ...,  121.1816,   76.2040,
            93.2619],
         [  94.9368, -158.3000,   76.6799,  ...,  276.2718,  148.4735,
           167.9670],
         ...,
         [  67.6333, -121.2286,   34.6800,  ...,  188.6785,   80.2757,
           157.1437],
         [  82.4307, -112.3249,   33.7944,  ...,  183.3216,   99.7083,
           147.8443],
         [ 142.4113, -152.8512,   70.3694,  ...,  213.1905,  160.0988,
           123.6401]]]), 'rvq_quantizer.layers.0._codebook.embed': tensor([[[ 29.6990, -45.7793,   8.2824,  ...,  72.8362,  38.1988,  59.3160],
         [ 23.1176, -32.6000,   9.8445,  ...,  60.5908,  38.1020,  46.6309],
         [ 20.3462, -33.9258,  16.4335,  ...,  59.2087,  31.8198,  35.9975],
         ...,
         [ 26.9127, -48.2394,  13.7999,  ...,  75.0791,  31.9434,  62.5308],
         [ 32.2178, -43.9019,  13.2085,  ...,  71.6507,  38.9707,  57.7845],
         [ 29.8010, -31.9857,  14.7255,  ...,  44.6123,  33.5023,  25.8730]]]), 'rvq_quantizer.layers.1._codebook.initted': tensor([1.]), 'rvq_quantizer.layers.1._codebook.cluster_size': tensor([[349.7767,   2.5492,   5.6889,  ...,   2.4119,   2.8558,   2.0000]]), 'rvq_quantizer.layers.1._codebook.embed_avg': tensor([[[ 8.3682e-04, -1.2679e-03,  4.2020e-04,  ...,  2.2213e-03,
           9.7674e-04,  1.3456e-03],
         [ 9.1388e+00, -1.0539e+01, -5.2557e+00,  ...,  6.1418e+00,
          -5.4454e+00, -4.2512e-01],
         [ 6.5088e+00,  2.3477e+01,  1.8565e+01,  ..., -1.6881e+01,
           3.4566e-02, -2.7129e+01],
         ...,
         [ 4.2712e+00, -1.9977e+00,  8.6502e-01,  ...,  1.9492e+00,
          -1.1849e+00,  2.4913e-01],
         [-1.1352e+01, -1.5992e+00,  2.2986e+00,  ..., -1.3591e+00,
          -1.4274e+00, -6.6824e+00],
         [ 2.4618e+00,  6.1399e+00,  4.2171e+00,  ...,  3.1004e+00,
           2.4426e+00,  5.4668e-01]]]), 'rvq_quantizer.layers.1._codebook.embed': tensor([[[ 2.3924e-06, -3.6250e-06,  1.2013e-06,  ...,  6.3508e-06,
           2.7925e-06,  3.8471e-06],
         [ 3.5850e+00, -4.1344e+00, -2.0617e+00,  ...,  2.4093e+00,
          -2.1361e+00, -1.6677e-01],
         [ 1.1441e+00,  4.1268e+00,  3.2634e+00,  ..., -2.9674e+00,
           6.0760e-03, -4.7688e+00],
         ...,
         [ 1.7708e+00, -8.2827e-01,  3.5864e-01,  ...,  8.0816e-01,
          -4.9124e-01,  1.0329e-01],
         [-3.9751e+00, -5.5996e-01,  8.0487e-01,  ..., -4.7590e-01,
          -4.9982e-01, -2.3399e+00],
         [ 1.2309e+00,  3.0700e+00,  2.1085e+00,  ...,  1.5502e+00,
           1.2213e+00,  2.7334e-01]]]), 'rvq_quantizer.layers.2._codebook.initted': tensor([1.]), 'rvq_quantizer.layers.2._codebook.cluster_size': tensor([[384.3048,   2.7026,   3.5334,  ...,   2.0000,   2.0000,   2.0000]]), 'rvq_quantizer.layers.2._codebook.embed_avg': tensor([[[ 6.1006e-04, -9.2048e-04,  3.0357e-04,  ...,  1.6076e-03,
           6.9574e-04,  1.0490e-03],
         [-1.9996e-02, -7.1707e-02,  1.3354e-01,  ..., -2.9753e-02,
           3.8898e-02, -4.0406e-02],
         [ 1.4222e+00, -7.1756e-01, -1.6121e+00,  ...,  1.9094e-01,
           1.1999e+00,  8.9948e-01],
         ...,
         [ 6.0068e-01, -2.2018e+00,  1.9098e-01,  ..., -5.6232e+00,
          -8.3996e-01, -1.9230e-01],
         [ 8.9463e-02,  3.5622e-03,  3.6160e-02,  ...,  3.8861e-02,
          -4.5800e-02,  1.9289e-01],
         [-1.0068e-03, -3.2907e-03, -1.2818e-02,  ...,  9.7207e-03,
          -6.5808e-03,  8.2016e-03]]]), 'rvq_quantizer.layers.2._codebook.embed': tensor([[[ 1.5874e-06, -2.3952e-06,  7.8992e-07,  ...,  4.1832e-06,
           1.8104e-06,  2.7297e-06],
         [-7.3987e-03, -2.6532e-02,  4.9411e-02,  ..., -1.1009e-02,
           1.4393e-02, -1.4951e-02],
         [ 4.0251e-01, -2.0308e-01, -4.5624e-01,  ...,  5.4040e-02,
           3.3959e-01,  2.5456e-01],
         ...,
         [ 3.0034e-01, -1.1009e+00,  9.5491e-02,  ..., -2.8116e+00,
          -4.1998e-01, -9.6151e-02],
         [ 4.4732e-02,  1.7811e-03,  1.8080e-02,  ...,  1.9431e-02,
          -2.2900e-02,  9.6443e-02],
         [-5.0339e-04, -1.6453e-03, -6.4089e-03,  ...,  4.8603e-03,
          -3.2904e-03,  4.1008e-03]]]), 'rvq_quantizer.layers.3._codebook.initted': tensor([1.]), 'rvq_quantizer.layers.3._codebook.cluster_size': tensor([[182.6174, 182.7844,   2.3725,  ...,   4.0154,   2.0000,   3.9789]]), 'rvq_quantizer.layers.3._codebook.embed_avg': tensor([[[ 1.7349e-04, -2.6825e-04,  7.4169e-05,  ...,  4.5091e-04,
           1.8004e-04,  2.9557e-04],
         [ 1.8892e-04, -2.7718e-04,  9.6316e-05,  ...,  5.1154e-04,
           2.1927e-04,  3.3500e-04],
         [-8.1697e-02, -4.7357e-02, -8.5970e-02,  ..., -4.2952e-02,
           1.1677e-01,  5.4081e-02],
         ...,
         [ 3.6451e+00, -1.1384e+00,  1.5238e+00,  ...,  9.9979e-01,
          -2.3817e+00,  1.2103e+00],
         [ 5.2028e-01, -3.8055e+00, -2.1101e+00,  ...,  1.7754e+00,
          -1.8963e+00,  1.3201e+00],
         [-3.0124e+00, -1.1736e+00, -6.2373e-01,  ..., -3.5988e+00,
          -2.1818e+00,  2.3860e+00]]]), 'rvq_quantizer.layers.3._codebook.embed': tensor([[[ 9.5003e-07, -1.4689e-06,  4.0615e-07,  ...,  2.4692e-06,
           9.8589e-07,  1.6186e-06],
         [ 1.0336e-06, -1.5165e-06,  5.2694e-07,  ...,  2.7986e-06,
           1.1996e-06,  1.8327e-06],
         [-3.4435e-02, -1.9961e-02, -3.6236e-02,  ..., -1.8104e-02,
           4.9216e-02,  2.2795e-02],
         ...,
         [ 9.0778e-01, -2.8352e-01,  3.7949e-01,  ...,  2.4899e-01,
          -5.9315e-01,  3.0141e-01],
         [ 2.6014e-01, -1.9027e+00, -1.0551e+00,  ...,  8.8771e-01,
          -9.4813e-01,  6.6006e-01],
         [-7.5711e-01, -2.9495e-01, -1.5676e-01,  ..., -9.0447e-01,
          -5.4834e-01,  5.9967e-01]]])})
Loss:  tensor(1.6058, grad_fn=<MeanBackward0>)
OrderedDict({'rvq_quantizer.project_in.weight': tensor([[-0.0413, -0.0308, -0.0457,  ..., -0.0054,  0.1202, -0.1159],
        [ 0.0671,  0.0330, -0.0402,  ..., -0.0271,  0.0020,  0.1032],
        [-0.0275,  0.0642, -0.0733,  ..., -0.0311,  0.0269,  0.0363],
        ...,
        [-0.1104, -0.0646,  0.0862,  ..., -0.0201,  0.0044,  0.0403],
        [-0.0280,  0.0473, -0.0244,  ..., -0.0301, -0.0984, -0.0943],
        [-0.0933, -0.0056,  0.1242,  ..., -0.0953,  0.0431,  0.0878]]), 'rvq_quantizer.project_in.bias': tensor([-6.1077e-03, -1.0639e-01,  5.7743e-02,  6.1203e-02, -9.2560e-02,
         7.2414e-02, -8.3908e-02, -1.2417e-01,  1.2006e-01, -1.7564e-02,
        -1.3723e-02,  7.0126e-02,  6.4868e-03,  7.0763e-02,  1.1920e-01,
         4.2498e-05,  4.7043e-02,  9.1601e-02,  6.0515e-02, -1.7811e-02,
         2.7558e-02, -6.4958e-02,  4.0020e-02, -7.0381e-02,  5.4873e-03,
        -3.8032e-02,  2.0210e-02,  6.6242e-02, -3.0837e-02,  1.1786e-01,
         1.2109e-01, -8.7243e-02]), 'rvq_quantizer.project_out.weight': tensor([[ 0.1391,  0.1389, -0.0638,  ...,  0.1497, -0.1518, -0.0982],
        [ 0.0400, -0.1660,  0.0335,  ...,  0.1551, -0.0025, -0.0239],
        [-0.0596, -0.0033,  0.1215,  ...,  0.0158,  0.0578,  0.0373],
        ...,
        [ 0.1155, -0.1740, -0.0604,  ..., -0.0189, -0.1290, -0.1407],
        [ 0.1166, -0.1520,  0.1097,  ..., -0.1163, -0.1759,  0.0724],
        [ 0.0715,  0.1611, -0.1024,  ...,  0.0083, -0.0714, -0.1503]]), 'rvq_quantizer.project_out.bias': tensor([ 1.5987e-01,  1.5615e-01, -1.5339e-01, -1.0336e-01, -6.1310e-02,
         1.3101e-01,  1.5501e-01, -1.5527e-01,  1.1952e-01, -1.5099e-01,
        -6.0957e-02,  1.4259e-01,  1.0313e-01,  1.3681e-01,  1.7227e-01,
        -8.1989e-02, -8.3912e-03, -1.7124e-01, -4.0239e-02,  1.4932e-01,
         1.4961e-01, -5.6660e-02,  9.9182e-02, -1.0434e-01, -7.8989e-02,
        -9.6498e-02,  1.5545e-01,  3.2009e-02,  3.9123e-02, -3.6162e-02,
         3.2309e-02, -1.1915e-01,  1.7072e-01, -1.2743e-01,  1.0117e-01,
        -1.7586e-01, -2.1377e-03, -9.6926e-02, -1.5145e-01, -9.3806e-03,
         9.3895e-02, -1.7972e-02, -9.2573e-02,  4.8761e-02,  3.3396e-02,
        -1.5251e-01,  9.7981e-03,  1.3211e-01, -2.1608e-02, -7.7352e-02,
        -1.3026e-01,  7.6535e-02, -7.3283e-03,  1.0275e-04,  6.7207e-02,
         7.6276e-02,  2.7185e-03, -1.2288e-01,  1.6985e-01, -1.5501e-01,
        -1.4429e-01, -1.2162e-01, -1.6839e-01,  1.5317e-01]), 'rvq_quantizer.layers.0._codebook.initted': tensor([1.]), 'rvq_quantizer.layers.0._codebook.cluster_size': tensor([[2.0000, 2.0000, 4.5995,  ..., 2.4618, 2.6027, 4.6009]]), 'rvq_quantizer.layers.0._codebook.embed_avg': tensor([[[ 4.7216e+01, -6.5901e+01,  1.1580e+01,  ...,  1.0667e+02,
           4.9554e+01,  6.3281e+01],
         [ 4.0365e+01, -7.2589e+01, -3.3764e-02,  ...,  1.2705e+02,
           3.6130e+01,  9.7252e+01],
         [ 9.3581e+01, -1.5589e+02,  7.5620e+01,  ...,  2.7255e+02,
           1.4635e+02,  1.6585e+02],
         ...,
         [ 6.6076e+01, -1.1873e+02,  3.3822e+01,  ...,  1.8485e+02,
           7.8812e+01,  1.5391e+02],
         [ 8.3833e+01, -1.1425e+02,  3.4383e+01,  ...,  1.8646e+02,
           1.0142e+02,  1.5038e+02],
         [ 1.3683e+02, -1.4666e+02,  6.8251e+01,  ...,  2.0435e+02,
           1.5442e+02,  1.1940e+02]]]), 'rvq_quantizer.layers.0._codebook.embed': tensor([[[ 2.3608e+01, -3.2950e+01,  5.7898e+00,  ...,  5.3336e+01,
           2.4777e+01,  3.1640e+01],
         [ 2.0182e+01, -3.6294e+01, -1.6882e-02,  ...,  6.3525e+01,
           1.8065e+01,  4.8626e+01],
         [ 2.0346e+01, -3.3893e+01,  1.6441e+01,  ...,  5.9256e+01,
           3.1818e+01,  3.6058e+01],
         ...,
         [ 2.6841e+01, -4.8230e+01,  1.3739e+01,  ...,  7.5087e+01,
           3.2014e+01,  6.2519e+01],
         [ 3.2210e+01, -4.3897e+01,  1.3211e+01,  ...,  7.1640e+01,
           3.8969e+01,  5.7779e+01],
         [ 2.9739e+01, -3.1876e+01,  1.4834e+01,  ...,  4.4416e+01,
           3.3564e+01,  2.5951e+01]]]), 'rvq_quantizer.layers.1._codebook.initted': tensor([1.]), 'rvq_quantizer.layers.1._codebook.cluster_size': tensor([[348.8990,   2.5943,   5.7200,  ...,   2.3708,   2.8702,   2.0000]]), 'rvq_quantizer.layers.1._codebook.embed_avg': tensor([[[ 8.3782e-04, -1.2686e-03,  4.2247e-04,  ...,  2.2235e-03,
           9.7148e-04,  1.3480e-03],
         [ 9.5705e+00, -1.0609e+01, -5.3813e+00,  ...,  6.4616e+00,
          -5.4612e+00, -6.7811e-01],
         [ 6.9855e+00,  2.3160e+01,  1.8745e+01,  ..., -1.6618e+01,
           3.7126e-01, -2.6936e+01],
         ...,
         [ 4.1541e+00, -1.9894e+00,  8.5014e-01,  ...,  1.9269e+00,
          -1.1494e+00,  2.9690e-01],
         [-1.1575e+01, -1.7968e+00,  2.5361e+00,  ..., -8.7258e-01,
          -1.3938e+00, -6.7088e+00],
         [ 2.1949e+00,  3.0366e+00, -1.9959e+00,  ..., -6.8198e-01,
          -1.6979e+00, -3.2980e+00]]]), 'rvq_quantizer.layers.1._codebook.embed': tensor([[[ 2.4013e-06, -3.6359e-06,  1.2109e-06,  ...,  6.3730e-06,
           2.7844e-06,  3.8636e-06],
         [ 3.6891e+00, -4.0895e+00, -2.0743e+00,  ...,  2.4907e+00,
          -2.1051e+00, -2.6139e-01],
         [ 1.2212e+00,  4.0489e+00,  3.2772e+00,  ..., -2.9053e+00,
           6.4906e-02, -4.7090e+00],
         ...,
         [ 1.7522e+00, -8.3915e-01,  3.5859e-01,  ...,  8.1279e-01,
          -4.8483e-01,  1.2523e-01],
         [-4.0327e+00, -6.2601e-01,  8.8358e-01,  ..., -3.0401e-01,
          -4.8561e-01, -2.3374e+00],
         [ 1.0975e+00,  1.5183e+00, -9.9797e-01,  ..., -3.4099e-01,
          -8.4894e-01, -1.6490e+00]]]), 'rvq_quantizer.layers.2._codebook.initted': tensor([1.]), 'rvq_quantizer.layers.2._codebook.cluster_size': tensor([[384.2743,   2.5323,   3.4801,  ...,   2.0000,   2.0000,   2.2000]]), 'rvq_quantizer.layers.2._codebook.embed_avg': tensor([[[ 6.0673e-04, -9.0682e-04,  3.0546e-04,  ...,  1.5909e-03,
           6.8986e-04,  1.0389e-03],
         [-1.7513e-02, -6.4938e-02,  1.1967e-01,  ..., -2.2205e-02,
           4.0825e-02, -4.2952e-02],
         [ 1.4864e+00, -7.7355e-01, -1.4809e+00,  ...,  1.2431e-01,
           1.1976e+00,  9.6898e-01],
         ...,
         [-3.0747e+00, -1.2791e+00,  7.6226e-01,  ...,  1.0585e+00,
          -2.7883e+00, -1.9792e-01],
         [ 9.1883e-02, -1.5887e-03,  4.5806e-02,  ...,  3.8299e-02,
          -5.6011e-02,  2.1483e-01],
         [-3.1632e-03, -2.8425e-03, -1.5667e-02,  ...,  9.0568e-03,
          -7.5999e-03,  5.2274e-03]]]), 'rvq_quantizer.layers.2._codebook.embed': tensor([[[ 1.5789e-06, -2.3598e-06,  7.9490e-07,  ...,  4.1399e-06,
           1.7952e-06,  2.7037e-06],
         [-6.9156e-03, -2.5643e-02,  4.7258e-02,  ..., -8.7687e-03,
           1.6122e-02, -1.6961e-02],
         [ 4.2713e-01, -2.2228e-01, -4.2554e-01,  ...,  3.5722e-02,
           3.4414e-01,  2.7844e-01],
         ...,
         [-1.5373e+00, -6.3956e-01,  3.8113e-01,  ...,  5.2927e-01,
          -1.3941e+00, -9.8958e-02],
         [ 4.5942e-02, -7.9435e-04,  2.2903e-02,  ...,  1.9150e-02,
          -2.8005e-02,  1.0742e-01],
         [-1.4378e-03, -1.2921e-03, -7.1214e-03,  ...,  4.1167e-03,
          -3.4545e-03,  2.3761e-03]]]), 'rvq_quantizer.layers.3._codebook.initted': tensor([1.]), 'rvq_quantizer.layers.3._codebook.cluster_size': tensor([[202.8557, 164.5059,   2.3353,  ...,   3.8139,   2.0000,   4.0810]]), 'rvq_quantizer.layers.3._codebook.embed_avg': tensor([[[ 1.9093e-04, -2.8454e-04,  8.7436e-05,  ...,  4.8735e-04,
           1.9959e-04,  3.1746e-04],
         [ 1.7003e-04, -2.4947e-04,  8.6684e-05,  ...,  4.6039e-04,
           1.9735e-04,  3.0150e-04],
         [-7.3937e-02, -4.5646e-02, -7.1951e-02,  ..., -3.7762e-02,
           1.0326e-01,  4.6411e-02],
         ...,
         [ 3.4424e+00, -1.2044e+00,  1.3923e+00,  ...,  1.0901e+00,
          -2.2033e+00,  1.2186e+00],
         [-3.7009e-03, -1.5900e-01,  5.9637e-02,  ..., -1.5490e-02,
           8.7251e-02, -2.8496e-02],
         [-3.2313e+00, -1.3266e+00, -7.7463e-01,  ..., -3.8445e+00,
          -2.0883e+00,  2.6547e+00]]]), 'rvq_quantizer.layers.3._codebook.embed': tensor([[[ 9.4122e-07, -1.4027e-06,  4.3103e-07,  ...,  2.4024e-06,
           9.8392e-07,  1.5650e-06],
         [ 1.0336e-06, -1.5165e-06,  5.2694e-07,  ...,  2.7986e-06,
           1.1996e-06,  1.8327e-06],
         [-3.1661e-02, -1.9547e-02, -3.0811e-02,  ..., -1.6171e-02,
           4.4217e-02,  1.9874e-02],
         ...,
         [ 9.0260e-01, -3.1580e-01,  3.6505e-01,  ...,  2.8583e-01,
          -5.7771e-01,  3.1952e-01],
         [-1.8504e-03, -7.9502e-02,  2.9819e-02,  ..., -7.7448e-03,
           4.3626e-02, -1.4248e-02],
         [-7.9178e-01, -3.2506e-01, -1.8981e-01,  ..., -9.4205e-01,
          -5.1172e-01,  6.5050e-01]]])})
Loss:  tensor(1.5779, grad_fn=<MeanBackward0>)
OrderedDict({'rvq_quantizer.project_in.weight': tensor([[-0.0413, -0.0308, -0.0457,  ..., -0.0054,  0.1202, -0.1159],
        [ 0.0671,  0.0330, -0.0402,  ..., -0.0271,  0.0020,  0.1032],
        [-0.0275,  0.0642, -0.0733,  ..., -0.0311,  0.0269,  0.0363],
        ...,
        [-0.1104, -0.0646,  0.0862,  ..., -0.0201,  0.0044,  0.0403],
        [-0.0280,  0.0473, -0.0244,  ..., -0.0301, -0.0984, -0.0943],
        [-0.0933, -0.0056,  0.1242,  ..., -0.0953,  0.0431,  0.0878]]), 'rvq_quantizer.project_in.bias': tensor([-6.1077e-03, -1.0639e-01,  5.7743e-02,  6.1203e-02, -9.2560e-02,
         7.2414e-02, -8.3908e-02, -1.2417e-01,  1.2006e-01, -1.7564e-02,
        -1.3723e-02,  7.0126e-02,  6.4868e-03,  7.0763e-02,  1.1920e-01,
         4.2498e-05,  4.7043e-02,  9.1601e-02,  6.0515e-02, -1.7811e-02,
         2.7558e-02, -6.4958e-02,  4.0020e-02, -7.0381e-02,  5.4873e-03,
        -3.8032e-02,  2.0210e-02,  6.6242e-02, -3.0837e-02,  1.1786e-01,
         1.2109e-01, -8.7243e-02]), 'rvq_quantizer.project_out.weight': tensor([[ 0.1391,  0.1389, -0.0638,  ...,  0.1497, -0.1518, -0.0982],
        [ 0.0400, -0.1660,  0.0335,  ...,  0.1551, -0.0025, -0.0239],
        [-0.0596, -0.0033,  0.1215,  ...,  0.0158,  0.0578,  0.0373],
        ...,
        [ 0.1155, -0.1740, -0.0604,  ..., -0.0189, -0.1290, -0.1407],
        [ 0.1166, -0.1520,  0.1097,  ..., -0.1163, -0.1759,  0.0724],
        [ 0.0715,  0.1611, -0.1024,  ...,  0.0083, -0.0714, -0.1503]]), 'rvq_quantizer.project_out.bias': tensor([ 1.5987e-01,  1.5615e-01, -1.5339e-01, -1.0336e-01, -6.1310e-02,
         1.3101e-01,  1.5501e-01, -1.5527e-01,  1.1952e-01, -1.5099e-01,
        -6.0957e-02,  1.4259e-01,  1.0313e-01,  1.3681e-01,  1.7227e-01,
        -8.1989e-02, -8.3912e-03, -1.7124e-01, -4.0239e-02,  1.4932e-01,
         1.4961e-01, -5.6660e-02,  9.9182e-02, -1.0434e-01, -7.8989e-02,
        -9.6498e-02,  1.5545e-01,  3.2009e-02,  3.9123e-02, -3.6162e-02,
         3.2309e-02, -1.1915e-01,  1.7072e-01, -1.2743e-01,  1.0117e-01,
        -1.7586e-01, -2.1377e-03, -9.6926e-02, -1.5145e-01, -9.3806e-03,
         9.3895e-02, -1.7972e-02, -9.2573e-02,  4.8761e-02,  3.3396e-02,
        -1.5251e-01,  9.7981e-03,  1.3211e-01, -2.1608e-02, -7.7352e-02,
        -1.3026e-01,  7.6535e-02, -7.3283e-03,  1.0275e-04,  6.7207e-02,
         7.6276e-02,  2.7185e-03, -1.2288e-01,  1.6985e-01, -1.5501e-01,
        -1.4429e-01, -1.2162e-01, -1.6839e-01,  1.5317e-01]), 'rvq_quantizer.layers.0._codebook.initted': tensor([1.]), 'rvq_quantizer.layers.0._codebook.cluster_size': tensor([[2.0000, 2.0000, 4.4395,  ..., 2.5156, 2.5424, 4.5408]]), 'rvq_quantizer.layers.0._codebook.embed_avg': tensor([[[  35.3774,  -86.7979,   22.3174,  ...,  117.9650,   50.5292,
            77.4911],
         [  47.9870,  -56.9628,   34.6674,  ...,   97.0285,   64.6363,
            45.9229],
         [  90.2001, -150.3891,   72.7204,  ...,  263.0989,  141.3212,
           160.1374],
         ...,
         [  67.5536, -121.3443,   34.6384,  ...,  188.9201,   80.5196,
           157.2681],
         [  81.6924, -111.4990,   33.6447,  ...,  181.8476,   99.0229,
           146.7709],
         [ 135.1618, -145.4866,   67.6238,  ...,  202.1392,  152.4347,
           117.9466]]]), 'rvq_quantizer.layers.0._codebook.embed': tensor([[[ 17.6887, -43.3989,  11.1587,  ...,  58.9825,  25.2646,  38.7456],
         [ 23.9935, -28.4814,  17.3337,  ...,  48.5142,  32.3182,  22.9614],
         [ 20.3175, -33.8751,  16.3802,  ...,  59.2630,  31.8326,  36.0709],
         ...,
         [ 26.8541, -48.2371,  13.7695,  ...,  75.1000,  32.0084,  62.5176],
         [ 32.1317, -43.8554,  13.2333,  ...,  71.5253,  38.9483,  57.7288],
         [ 29.7662, -32.0400,  14.8926,  ...,  44.5164,  33.5702,  25.9750]]]), 'rvq_quantizer.layers.1._codebook.initted': tensor([1.]), 'rvq_quantizer.layers.1._codebook.cluster_size': tensor([[348.9091,   2.6348,   5.5480,  ...,   2.3337,   2.9832,   2.0000]]), 'rvq_quantizer.layers.1._codebook.embed_avg': tensor([[[ 8.3015e-04, -1.2603e-03,  4.1858e-04,  ...,  2.2014e-03,
           9.6331e-04,  1.3378e-03],
         [ 9.4365e+00, -1.1044e+01, -5.6858e+00,  ...,  6.9520e+00,
          -5.6635e+00, -1.3460e+00],
         [ 6.5378e+00,  2.2581e+01,  1.8046e+01,  ..., -1.6211e+01,
          -3.0736e-02, -2.6297e+01],
         ...,
         [ 4.3335e+00, -1.7681e+00,  8.8003e-01,  ...,  1.8531e+00,
          -1.0837e+00,  2.4728e-01],
         [-1.1730e+01, -2.2133e+00,  2.8307e+00,  ..., -5.1562e-01,
          -1.3238e+00, -6.9433e+00],
         [-7.7048e-01, -9.9308e+00,  1.2899e+00,  ...,  4.1334e+00,
          -3.3385e+00,  2.5535e-01]]]), 'rvq_quantizer.layers.1._codebook.embed': tensor([[[ 2.3793e-06, -3.6122e-06,  1.1997e-06,  ...,  6.3095e-06,
           2.7609e-06,  3.8341e-06],
         [ 3.5814e+00, -4.1915e+00, -2.1579e+00,  ...,  2.6385e+00,
          -2.1494e+00, -5.1086e-01],
         [ 1.1784e+00,  4.0700e+00,  3.2528e+00,  ..., -2.9220e+00,
          -5.5400e-03, -4.7400e+00],
         ...,
         [ 1.8569e+00, -7.5764e-01,  3.7710e-01,  ...,  7.9408e-01,
          -4.6437e-01,  1.0596e-01],
         [-3.9318e+00, -7.4191e-01,  9.4886e-01,  ..., -1.7284e-01,
          -4.4375e-01, -2.3275e+00],
         [-3.8524e-01, -4.9654e+00,  6.4493e-01,  ...,  2.0667e+00,
          -1.6693e+00,  1.2767e-01]]]), 'rvq_quantizer.layers.2._codebook.initted': tensor([1.]), 'rvq_quantizer.layers.2._codebook.cluster_size': tensor([[384.0469,   2.5791,   3.4321,  ...,   2.0000,   2.0000,   2.0000]]), 'rvq_quantizer.layers.2._codebook.embed_avg': tensor([[[ 5.9796e-04, -8.9907e-04,  3.0185e-04,  ...,  1.5758e-03,
           6.8501e-04,  1.0267e-03],
         [-2.8772e-02, -8.7007e-02,  1.7836e-01,  ..., -7.4593e-02,
           8.3335e-02, -8.4916e-02],
         [ 1.5192e+00, -8.0701e-01, -1.6157e+00,  ...,  1.5446e-01,
           1.1811e+00,  1.0892e+00],
         ...,
         [ 2.7009e+00, -6.6861e-01, -1.9197e+00,  ...,  2.5580e+00,
          -3.9795e-01,  1.0777e+00],
         [ 8.3362e-02, -6.7032e-04,  3.3521e-02,  ...,  4.3828e-02,
          -4.6228e-02,  2.1446e-01],
         [ 1.6802e+00,  1.6088e+00, -2.4549e+00,  ...,  2.8428e+00,
           8.4565e-01,  6.9476e-01]]]), 'rvq_quantizer.layers.2._codebook.embed': tensor([[[ 1.5570e-06, -2.3411e-06,  7.8597e-07,  ...,  4.1031e-06,
           1.7837e-06,  2.6733e-06],
         [-1.1156e-02, -3.3735e-02,  6.9154e-02,  ..., -2.8922e-02,
           3.2312e-02, -3.2925e-02],
         [ 4.4266e-01, -2.3514e-01, -4.7077e-01,  ...,  4.5005e-02,
           3.4415e-01,  3.1737e-01],
         ...,
         [ 1.3505e+00, -3.3431e-01, -9.5985e-01,  ...,  1.2790e+00,
          -1.9897e-01,  5.3885e-01],
         [ 4.1681e-02, -3.3516e-04,  1.6761e-02,  ...,  2.1914e-02,
          -2.3114e-02,  1.0723e-01],
         [ 8.4010e-01,  8.0438e-01, -1.2275e+00,  ...,  1.4214e+00,
           4.2282e-01,  3.4738e-01]]]), 'rvq_quantizer.layers.3._codebook.initted': tensor([1.]), 'rvq_quantizer.layers.3._codebook.cluster_size': tensor([[221.0701, 148.0553,   2.4017,  ...,   3.7325,   2.0000,   4.0729]]), 'rvq_quantizer.layers.3._codebook.embed_avg': tensor([[[ 2.0261e-04, -3.0771e-04,  9.4122e-05,  ...,  5.2468e-04,
           2.1949e-04,  3.3934e-04],
         [ 1.5302e-04, -2.2452e-04,  7.8016e-05,  ...,  4.1435e-04,
           1.7761e-04,  2.7135e-04],
         [-8.3810e-02, -5.0367e-02, -7.5776e-02,  ..., -4.6278e-02,
           1.1290e-01,  4.2601e-02],
         ...,
         [ 3.3180e+00, -1.4322e+00,  1.3746e+00,  ...,  8.6501e-01,
          -2.4533e+00,  1.2104e+00],
         [ 0.0000e+00,  0.0000e+00,  0.0000e+00,  ...,  0.0000e+00,
           0.0000e+00,  0.0000e+00],
         [-3.3243e+00, -1.5382e+00, -9.5628e-01,  ..., -3.9177e+00,
          -1.8663e+00,  2.8859e+00]]]), 'rvq_quantizer.layers.3._codebook.embed': tensor([[[ 9.1648e-07, -1.3919e-06,  4.2576e-07,  ...,  2.3734e-06,
           9.9285e-07,  1.5350e-06],
         [ 1.0336e-06, -1.5165e-06,  5.2694e-07,  ...,  2.7986e-06,
           1.1996e-06,  1.8327e-06],
         [-3.4896e-02, -2.0971e-02, -3.1551e-02,  ..., -1.9269e-02,
           4.7006e-02,  1.7738e-02],
         ...,
         [ 8.8895e-01, -3.8371e-01,  3.6829e-01,  ...,  2.3175e-01,
          -6.5729e-01,  3.2429e-01],
         [ 0.0000e+00,  0.0000e+00,  0.0000e+00,  ...,  0.0000e+00,
           0.0000e+00,  0.0000e+00],
         [-8.1620e-01, -3.7766e-01, -2.3479e-01,  ..., -9.6190e-01,
          -4.5822e-01,  7.0857e-01]]])})
Loss:  tensor(1.5708, grad_fn=<MeanBackward0>)
OrderedDict({'rvq_quantizer.project_in.weight': tensor([[-0.0413, -0.0308, -0.0457,  ..., -0.0054,  0.1202, -0.1159],
        [ 0.0671,  0.0330, -0.0402,  ..., -0.0271,  0.0020,  0.1032],
        [-0.0275,  0.0642, -0.0733,  ..., -0.0311,  0.0269,  0.0363],
        ...,
        [-0.1104, -0.0646,  0.0862,  ..., -0.0201,  0.0044,  0.0403],
        [-0.0280,  0.0473, -0.0244,  ..., -0.0301, -0.0984, -0.0943],
        [-0.0933, -0.0056,  0.1242,  ..., -0.0953,  0.0431,  0.0878]]), 'rvq_quantizer.project_in.bias': tensor([-6.1077e-03, -1.0639e-01,  5.7743e-02,  6.1203e-02, -9.2560e-02,
         7.2414e-02, -8.3908e-02, -1.2417e-01,  1.2006e-01, -1.7564e-02,
        -1.3723e-02,  7.0126e-02,  6.4868e-03,  7.0763e-02,  1.1920e-01,
         4.2498e-05,  4.7043e-02,  9.1601e-02,  6.0515e-02, -1.7811e-02,
         2.7558e-02, -6.4958e-02,  4.0020e-02, -7.0381e-02,  5.4873e-03,
        -3.8032e-02,  2.0210e-02,  6.6242e-02, -3.0837e-02,  1.1786e-01,
         1.2109e-01, -8.7243e-02]), 'rvq_quantizer.project_out.weight': tensor([[ 0.1391,  0.1389, -0.0638,  ...,  0.1497, -0.1518, -0.0982],
        [ 0.0400, -0.1660,  0.0335,  ...,  0.1551, -0.0025, -0.0239],
        [-0.0596, -0.0033,  0.1215,  ...,  0.0158,  0.0578,  0.0373],
        ...,
        [ 0.1155, -0.1740, -0.0604,  ..., -0.0189, -0.1290, -0.1407],
        [ 0.1166, -0.1520,  0.1097,  ..., -0.1163, -0.1759,  0.0724],
        [ 0.0715,  0.1611, -0.1024,  ...,  0.0083, -0.0714, -0.1503]]), 'rvq_quantizer.project_out.bias': tensor([ 1.5987e-01,  1.5615e-01, -1.5339e-01, -1.0336e-01, -6.1310e-02,
         1.3101e-01,  1.5501e-01, -1.5527e-01,  1.1952e-01, -1.5099e-01,
        -6.0957e-02,  1.4259e-01,  1.0313e-01,  1.3681e-01,  1.7227e-01,
        -8.1989e-02, -8.3912e-03, -1.7124e-01, -4.0239e-02,  1.4932e-01,
         1.4961e-01, -5.6660e-02,  9.9182e-02, -1.0434e-01, -7.8989e-02,
        -9.6498e-02,  1.5545e-01,  3.2009e-02,  3.9123e-02, -3.6162e-02,
         3.2309e-02, -1.1915e-01,  1.7072e-01, -1.2743e-01,  1.0117e-01,
        -1.7586e-01, -2.1377e-03, -9.6926e-02, -1.5145e-01, -9.3806e-03,
         9.3895e-02, -1.7972e-02, -9.2573e-02,  4.8761e-02,  3.3396e-02,
        -1.5251e-01,  9.7981e-03,  1.3211e-01, -2.1608e-02, -7.7352e-02,
        -1.3026e-01,  7.6535e-02, -7.3283e-03,  1.0275e-04,  6.7207e-02,
         7.6276e-02,  2.7185e-03, -1.2288e-01,  1.6985e-01, -1.5501e-01,
        -1.4429e-01, -1.2162e-01, -1.6839e-01,  1.5317e-01]), 'rvq_quantizer.layers.0._codebook.initted': tensor([1.]), 'rvq_quantizer.layers.0._codebook.cluster_size': tensor([[2.0000, 2.0000, 4.4956,  ..., 2.5640, 2.4882, 4.4867]]), 'rvq_quantizer.layers.0._codebook.embed_avg': tensor([[[  35.5672,  -86.9730,   21.7027,  ...,  117.7722,   50.2109,
            77.7578],
         [  41.6284,  -61.8456,   -3.2628,  ...,  106.3821,   57.4926,
            51.6353],
         [  91.3219, -152.3308,   73.6748,  ...,  266.4328,  143.0489,
           162.0924],
         ...,
         [  68.8838, -123.6968,   35.3728,  ...,  192.5876,   82.0567,
           160.2934],
         [  79.7662, -109.0229,   32.9799,  ...,  177.7002,   96.8621,
           143.5208],
         [ 133.5986, -143.5813,   66.8290,  ...,  199.0982,  150.9464,
           116.7705]]]), 'rvq_quantizer.layers.0._codebook.embed': tensor([[[ 17.7836, -43.4864,  10.8513,  ...,  58.8860,  25.1054,  38.8788],
         [ 20.8142, -30.9228,  -1.6314,  ...,  53.1911,  28.7463,  25.8176],
         [ 20.3138, -33.8847,  16.3883,  ...,  59.2657,  31.8200,  36.0561],
         ...,
         [ 26.8655, -48.2433,  13.7958,  ...,  75.1115,  32.0031,  62.5164],
         [ 32.0581, -43.8163,  13.2546,  ...,  71.4178,  38.9289,  57.6810],
         [ 29.7766, -32.0015,  14.8949,  ...,  44.3752,  33.6431,  26.0259]]]), 'rvq_quantizer.layers.1._codebook.initted': tensor([1.]), 'rvq_quantizer.layers.1._codebook.cluster_size': tensor([[349.2182,   2.4714,   5.4932,  ...,   2.4003,   2.8849,   2.0000]]), 'rvq_quantizer.layers.1._codebook.embed_avg': tensor([[[ 8.4116e-04, -1.2770e-03,  4.2148e-04,  ...,  2.2308e-03,
           9.7531e-04,  1.3509e-03],
         [ 8.9821e+00, -1.0511e+01, -5.1424e+00,  ...,  6.6126e+00,
          -5.3832e+00, -1.5261e+00],
         [ 6.2313e+00,  2.2217e+01,  1.7992e+01,  ..., -1.6121e+01,
          -4.1585e-01, -2.5911e+01],
         ...,
         [ 4.6453e+00, -1.7378e+00,  1.0126e+00,  ...,  1.8509e+00,
          -1.0792e+00,  2.9090e-01],
         [-1.1524e+01, -1.9640e+00,  2.6906e+00,  ..., -3.0936e-01,
          -1.2110e+00, -6.7770e+00],
         [ 2.9330e+00, -1.9474e+00,  3.4170e+00,  ...,  4.4674e+00,
          -4.5061e+00,  3.4674e+00]]]), 'rvq_quantizer.layers.1._codebook.embed': tensor([[[ 2.4087e-06, -3.6567e-06,  1.2069e-06,  ...,  6.3879e-06,
           2.7929e-06,  3.8682e-06],
         [ 3.6345e+00, -4.2533e+00, -2.0808e+00,  ...,  2.6757e+00,
          -2.1782e+00, -6.1751e-01],
         [ 1.1344e+00,  4.0445e+00,  3.2753e+00,  ..., -2.9347e+00,
          -7.5702e-02, -4.7169e+00],
         ...,
         [ 1.9353e+00, -7.2401e-01,  4.2187e-01,  ...,  7.7112e-01,
          -4.4961e-01,  1.2119e-01],
         [-3.9947e+00, -6.8077e-01,  9.3265e-01,  ..., -1.0723e-01,
          -4.1977e-01, -2.3491e+00],
         [ 1.4665e+00, -9.7369e-01,  1.7085e+00,  ...,  2.2337e+00,
          -2.2530e+00,  1.7337e+00]]]), 'rvq_quantizer.layers.2._codebook.initted': tensor([1.]), 'rvq_quantizer.layers.2._codebook.cluster_size': tensor([[384.7422,   2.6212,   3.2889,  ...,   2.0000,   2.0000,   2.0000]]), 'rvq_quantizer.layers.2._codebook.embed_avg': tensor([[[ 6.0199e-04, -9.0985e-04,  3.0046e-04,  ...,  1.5992e-03,
           6.9254e-04,  1.0225e-03],
         [-3.4941e-02, -8.9410e-02,  1.8232e-01,  ..., -7.1863e-02,
           8.2993e-02, -7.4385e-02],
         [ 1.4781e+00, -7.5781e-01, -1.5634e+00,  ...,  8.2398e-02,
           1.0194e+00,  1.0834e+00],
         ...,
         [ 5.0144e+00,  3.2137e+00, -4.2103e-01,  ...,  3.3460e+00,
          -2.9490e-02, -1.1712e+00],
         [ 9.0022e-02,  4.9614e-03, -6.5061e-03,  ...,  5.2890e-02,
          -4.3723e-02,  2.1914e-01],
         [-2.1957e-05,  3.2497e-05, -7.0176e-06,  ..., -4.0081e-05,
          -3.8031e-05, -1.3763e-05]]]), 'rvq_quantizer.layers.2._codebook.embed': tensor([[[ 1.5647e-06, -2.3648e-06,  7.8095e-07,  ...,  4.1565e-06,
           1.8000e-06,  2.6577e-06],
         [-1.3330e-02, -3.4110e-02,  6.9557e-02,  ..., -2.7416e-02,
           3.1662e-02, -2.8378e-02],
         [ 4.4942e-01, -2.3042e-01, -4.7537e-01,  ...,  2.5054e-02,
           3.0995e-01,  3.2941e-01],
         ...,
         [ 2.5072e+00,  1.6068e+00, -2.1052e-01,  ...,  1.6730e+00,
          -1.4745e-02, -5.8560e-01],
         [ 4.5011e-02,  2.4807e-03, -3.2531e-03,  ...,  2.6445e-02,
          -2.1862e-02,  1.0957e-01],
         [-1.0978e-05,  1.6249e-05, -3.5088e-06,  ..., -2.0040e-05,
          -1.9015e-05, -6.8813e-06]]]), 'rvq_quantizer.layers.3._codebook.initted': tensor([1.]), 'rvq_quantizer.layers.3._codebook.cluster_size': tensor([[238.3631, 133.2498,   2.3616,  ...,   3.5592,   2.0000,   4.2656]]), 'rvq_quantizer.layers.3._codebook.embed_avg': tensor([[[ 2.2166e-04, -3.3996e-04,  1.0106e-04,  ...,  5.8530e-04,
           2.4601e-04,  3.6023e-04],
         [ 1.3772e-04, -2.0207e-04,  7.0214e-05,  ...,  3.7292e-04,
           1.5985e-04,  2.4421e-04],
         [-8.0954e-02, -4.2559e-02, -9.0741e-02,  ..., -4.2484e-02,
           1.0739e-01,  3.3906e-02],
         ...,
         [ 3.0713e+00, -1.6332e+00,  1.2529e+00,  ...,  6.6702e-01,
          -2.4138e+00,  1.0978e+00],
         [ 2.0774e-01, -3.5379e-02,  2.3207e-01,  ..., -1.1960e-01,
           3.6272e-01, -6.3300e-01],
         [-3.4119e+00, -1.6527e+00, -5.6376e-01,  ..., -3.9474e+00,
          -1.6103e+00,  3.0785e+00]]]), 'rvq_quantizer.layers.3._codebook.embed': tensor([[[ 9.2992e-07, -1.4262e-06,  4.2397e-07,  ...,  2.4555e-06,
           1.0321e-06,  1.5113e-06],
         [ 1.0336e-06, -1.5165e-06,  5.2694e-07,  ...,  2.7986e-06,
           1.1996e-06,  1.8327e-06],
         [-3.4280e-02, -1.8021e-02, -3.8424e-02,  ..., -1.7990e-02,
           4.5475e-02,  1.4357e-02],
         ...,
         [ 8.6291e-01, -4.5887e-01,  3.5202e-01,  ...,  1.8741e-01,
          -6.7817e-01,  3.0844e-01],
         [ 1.0387e-01, -1.7690e-02,  1.1603e-01,  ..., -5.9798e-02,
           1.8136e-01, -3.1650e-01],
         [-7.9986e-01, -3.8745e-01, -1.3216e-01,  ..., -9.2539e-01,
          -3.7751e-01,  7.2170e-01]]])})
Loss:  tensor(1.5973, grad_fn=<MeanBackward0>)
OrderedDict({'rvq_quantizer.project_in.weight': tensor([[-0.0413, -0.0308, -0.0457,  ..., -0.0054,  0.1202, -0.1159],
        [ 0.0671,  0.0330, -0.0402,  ..., -0.0271,  0.0020,  0.1032],
        [-0.0275,  0.0642, -0.0733,  ..., -0.0311,  0.0269,  0.0363],
        ...,
        [-0.1104, -0.0646,  0.0862,  ..., -0.0201,  0.0044,  0.0403],
        [-0.0280,  0.0473, -0.0244,  ..., -0.0301, -0.0984, -0.0943],
        [-0.0933, -0.0056,  0.1242,  ..., -0.0953,  0.0431,  0.0878]]), 'rvq_quantizer.project_in.bias': tensor([-6.1077e-03, -1.0639e-01,  5.7743e-02,  6.1203e-02, -9.2560e-02,
         7.2414e-02, -8.3908e-02, -1.2417e-01,  1.2006e-01, -1.7564e-02,
        -1.3723e-02,  7.0126e-02,  6.4868e-03,  7.0763e-02,  1.1920e-01,
         4.2498e-05,  4.7043e-02,  9.1601e-02,  6.0515e-02, -1.7811e-02,
         2.7558e-02, -6.4958e-02,  4.0020e-02, -7.0381e-02,  5.4873e-03,
        -3.8032e-02,  2.0210e-02,  6.6242e-02, -3.0837e-02,  1.1786e-01,
         1.2109e-01, -8.7243e-02]), 'rvq_quantizer.project_out.weight': tensor([[ 0.1391,  0.1389, -0.0638,  ...,  0.1497, -0.1518, -0.0982],
        [ 0.0400, -0.1660,  0.0335,  ...,  0.1551, -0.0025, -0.0239],
        [-0.0596, -0.0033,  0.1215,  ...,  0.0158,  0.0578,  0.0373],
        ...,
        [ 0.1155, -0.1740, -0.0604,  ..., -0.0189, -0.1290, -0.1407],
        [ 0.1166, -0.1520,  0.1097,  ..., -0.1163, -0.1759,  0.0724],
        [ 0.0715,  0.1611, -0.1024,  ...,  0.0083, -0.0714, -0.1503]]), 'rvq_quantizer.project_out.bias': tensor([ 1.5987e-01,  1.5615e-01, -1.5339e-01, -1.0336e-01, -6.1310e-02,
         1.3101e-01,  1.5501e-01, -1.5527e-01,  1.1952e-01, -1.5099e-01,
        -6.0957e-02,  1.4259e-01,  1.0313e-01,  1.3681e-01,  1.7227e-01,
        -8.1989e-02, -8.3912e-03, -1.7124e-01, -4.0239e-02,  1.4932e-01,
         1.4961e-01, -5.6660e-02,  9.9182e-02, -1.0434e-01, -7.8989e-02,
        -9.6498e-02,  1.5545e-01,  3.2009e-02,  3.9123e-02, -3.6162e-02,
         3.2309e-02, -1.1915e-01,  1.7072e-01, -1.2743e-01,  1.0117e-01,
        -1.7586e-01, -2.1377e-03, -9.6926e-02, -1.5145e-01, -9.3806e-03,
         9.3895e-02, -1.7972e-02, -9.2573e-02,  4.8761e-02,  3.3396e-02,
        -1.5251e-01,  9.7981e-03,  1.3211e-01, -2.1608e-02, -7.7352e-02,
        -1.3026e-01,  7.6535e-02, -7.3283e-03,  1.0275e-04,  6.7207e-02,
         7.6276e-02,  2.7185e-03, -1.2288e-01,  1.6985e-01, -1.5501e-01,
        -1.4429e-01, -1.2162e-01, -1.6839e-01,  1.5317e-01]), 'rvq_quantizer.layers.0._codebook.initted': tensor([1.]), 'rvq_quantizer.layers.0._codebook.cluster_size': tensor([[2.0000, 2.0000, 4.3460,  ..., 2.5076, 2.5394, 4.4380]]), 'rvq_quantizer.layers.0._codebook.embed_avg': tensor([[[  35.7381,  -87.1306,   21.1495,  ...,  117.5987,   49.9244,
            77.9978],
         [  52.1593,  -75.3568,    5.8300,  ...,  113.6833,   48.0073,
            82.0565],
         [  88.3711, -146.9467,   71.0923,  ...,  257.7815,  138.4860,
           157.0179],
         ...,
         [  67.4243, -121.0312,   34.7630,  ...,  188.6449,   80.3797,
           156.7510],
         [  81.4346, -111.2784,   33.6502,  ...,  181.3965,   98.8623,
           146.4909],
         [ 132.3302, -142.2010,   65.7602,  ...,  197.3570,  149.6292,
           115.5447]]]), 'rvq_quantizer.layers.0._codebook.embed': tensor([[[ 17.8690, -43.5652,  10.5747,  ...,  58.7993,  24.9622,  38.9988],
         [ 26.0797, -37.6784,   2.9150,  ...,  56.8417,  24.0036,  41.0283],
         [ 20.3339, -33.8119,  16.3581,  ...,  59.3145,  31.8651,  36.1292],
         ...,
         [ 26.8878, -48.2654,  13.8629,  ...,  75.2287,  32.0542,  62.5099],
         [ 32.0689, -43.8214,  13.2514,  ...,  71.4339,  38.9319,  57.6881],
         [ 29.8173, -32.0415,  14.8174,  ...,  44.4695,  33.7153,  26.0352]]]), 'rvq_quantizer.layers.1._codebook.initted': tensor([1.]), 'rvq_quantizer.layers.1._codebook.cluster_size': tensor([[349.7964,   2.3242,   5.1439,  ...,   2.3603,   2.9964,   2.0000]]), 'rvq_quantizer.layers.1._codebook.embed_avg': tensor([[[ 8.4822e-04, -1.2902e-03,  4.2180e-04,  ...,  2.2518e-03,
           9.8326e-04,  1.3706e-03],
         [ 8.1887e+00, -9.9789e+00, -4.9217e+00,  ...,  6.0993e+00,
          -5.1124e+00, -1.4311e+00],
         [ 5.8326e+00,  2.0587e+01,  1.6701e+01,  ..., -1.5016e+01,
          -1.7624e-01, -2.4412e+01],
         ...,
         [ 4.7680e+00, -1.5603e+00,  1.0590e+00,  ...,  1.7576e+00,
          -1.0281e+00,  2.5561e-01],
         [-1.1936e+01, -2.0942e+00,  2.6863e+00,  ..., -7.5905e-01,
          -1.1767e+00, -7.1283e+00],
         [ 3.1206e+00,  2.7808e+00, -4.0842e+00,  ..., -7.6950e-02,
          -1.0441e+00,  9.2999e-01]]]), 'rvq_quantizer.layers.1._codebook.embed': tensor([[[ 2.4249e-06, -3.6885e-06,  1.2058e-06,  ...,  6.4376e-06,
           2.8110e-06,  3.9184e-06],
         [ 3.5232e+00, -4.2934e+00, -2.1176e+00,  ...,  2.6242e+00,
          -2.1996e+00, -6.1575e-01],
         [ 1.1339e+00,  4.0023e+00,  3.2468e+00,  ..., -2.9192e+00,
          -3.4262e-02, -4.7458e+00],
         ...,
         [ 2.0201e+00, -6.6107e-01,  4.4867e-01,  ...,  7.4467e-01,
          -4.3560e-01,  1.0830e-01],
         [-3.9833e+00, -6.9889e-01,  8.9651e-01,  ..., -2.5332e-01,
          -3.9270e-01, -2.3789e+00],
         [ 1.5603e+00,  1.3904e+00, -2.0421e+00,  ..., -3.8475e-02,
          -5.2207e-01,  4.6499e-01]]]), 'rvq_quantizer.layers.2._codebook.initted': tensor([1.]), 'rvq_quantizer.layers.2._codebook.cluster_size': tensor([[385.1680,   2.8591,   3.1600,  ...,   2.0000,   2.0000,   2.0000]]), 'rvq_quantizer.layers.2._codebook.embed_avg': tensor([[[ 6.0042e-04, -9.0949e-04,  3.0281e-04,  ...,  1.6002e-03,
           6.9431e-04,  1.0243e-03],
         [-5.7360e-02, -1.3940e-01,  2.3481e-01,  ..., -6.8456e-02,
           8.3980e-02, -7.3720e-02],
         [ 1.3782e+00, -8.1007e-01, -1.5347e+00,  ...,  3.7133e-02,
           9.4681e-01,  9.7277e-01],
         ...,
         [-1.3481e-02, -1.5753e-02, -5.0832e-02,  ..., -1.6754e-02,
          -3.0866e-03,  5.3826e-02],
         [-1.7876e+00,  6.8523e-01,  8.1461e-01,  ..., -1.8340e+00,
          -2.2891e+00,  2.8272e-01],
         [-3.0436e-04, -7.8331e-05,  2.5752e-04,  ..., -5.4647e-04,
          -2.6959e-04, -2.8094e-04]]]), 'rvq_quantizer.layers.2._codebook.embed': tensor([[[ 1.5589e-06, -2.3613e-06,  7.8617e-07,  ...,  4.1546e-06,
           1.8026e-06,  2.6595e-06],
         [-2.0062e-02, -4.8759e-02,  8.2128e-02,  ..., -2.3943e-02,
           2.9373e-02, -2.5784e-02],
         [ 4.3615e-01, -2.5635e-01, -4.8568e-01,  ...,  1.1751e-02,
           2.9963e-01,  3.0784e-01],
         ...,
         [-6.7403e-03, -7.8765e-03, -2.5416e-02,  ..., -8.3769e-03,
          -1.5433e-03,  2.6913e-02],
         [-8.9381e-01,  3.4262e-01,  4.0731e-01,  ..., -9.1701e-01,
          -1.1446e+00,  1.4136e-01],
         [-1.5218e-04, -3.9166e-05,  1.2876e-04,  ..., -2.7323e-04,
          -1.3480e-04, -1.4047e-04]]]), 'rvq_quantizer.layers.3._codebook.initted': tensor([1.]), 'rvq_quantizer.layers.3._codebook.cluster_size': tensor([[253.6268, 119.9248,   2.2254,  ...,   3.3033,   2.0000,   4.3391]]), 'rvq_quantizer.layers.3._codebook.embed_avg': tensor([[[ 2.3333e-04, -3.6032e-04,  1.1055e-04,  ...,  6.2566e-04,
           2.6526e-04,  3.8621e-04],
         [ 1.2395e-04, -1.8186e-04,  6.3193e-05,  ...,  3.3562e-04,
           1.4387e-04,  2.1979e-04],
         [-7.4007e-02, -2.7679e-02, -9.5655e-02,  ..., -4.4679e-02,
           9.8936e-02,  2.5149e-02],
         ...,
         [ 2.7948e+00, -1.7075e+00,  1.1403e+00,  ...,  3.7682e-01,
          -2.4611e+00,  1.0869e+00],
         [ 2.1676e-01,  4.2899e-02,  2.3235e-01,  ..., -1.2189e-01,
           4.1643e-01, -6.8109e-01],
         [-3.5569e+00, -1.8056e+00, -4.3681e-01,  ..., -4.1065e+00,
          -1.3210e+00,  3.0459e+00]]]), 'rvq_quantizer.layers.3._codebook.embed': tensor([[[ 9.1996e-07, -1.4207e-06,  4.3588e-07,  ...,  2.4669e-06,
           1.0459e-06,  1.5228e-06],
         [ 1.0336e-06, -1.5165e-06,  5.2694e-07,  ...,  2.7986e-06,
           1.1996e-06,  1.8327e-06],
         [-3.3256e-02, -1.2438e-02, -4.2983e-02,  ..., -2.0077e-02,
           4.4458e-02,  1.1301e-02],
         ...,
         [ 8.4607e-01, -5.1690e-01,  3.4520e-01,  ...,  1.1407e-01,
          -7.4504e-01,  3.2902e-01],
         [ 1.0838e-01,  2.1449e-02,  1.1618e-01,  ..., -6.0943e-02,
           2.0822e-01, -3.4054e-01],
         [-8.1975e-01, -4.1613e-01, -1.0067e-01,  ..., -9.4641e-01,
          -3.0444e-01,  7.0198e-01]]])})
Loss:  tensor(1.5912, grad_fn=<MeanBackward0>)
OrderedDict({'rvq_quantizer.project_in.weight': tensor([[-0.0413, -0.0308, -0.0457,  ..., -0.0054,  0.1202, -0.1159],
        [ 0.0671,  0.0330, -0.0402,  ..., -0.0271,  0.0020,  0.1032],
        [-0.0275,  0.0642, -0.0733,  ..., -0.0311,  0.0269,  0.0363],
        ...,
        [-0.1104, -0.0646,  0.0862,  ..., -0.0201,  0.0044,  0.0403],
        [-0.0280,  0.0473, -0.0244,  ..., -0.0301, -0.0984, -0.0943],
        [-0.0933, -0.0056,  0.1242,  ..., -0.0953,  0.0431,  0.0878]]), 'rvq_quantizer.project_in.bias': tensor([-6.1077e-03, -1.0639e-01,  5.7743e-02,  6.1203e-02, -9.2560e-02,
         7.2414e-02, -8.3908e-02, -1.2417e-01,  1.2006e-01, -1.7564e-02,
        -1.3723e-02,  7.0126e-02,  6.4868e-03,  7.0763e-02,  1.1920e-01,
         4.2498e-05,  4.7043e-02,  9.1601e-02,  6.0515e-02, -1.7811e-02,
         2.7558e-02, -6.4958e-02,  4.0020e-02, -7.0381e-02,  5.4873e-03,
        -3.8032e-02,  2.0210e-02,  6.6242e-02, -3.0837e-02,  1.1786e-01,
         1.2109e-01, -8.7243e-02]), 'rvq_quantizer.project_out.weight': tensor([[ 0.1391,  0.1389, -0.0638,  ...,  0.1497, -0.1518, -0.0982],
        [ 0.0400, -0.1660,  0.0335,  ...,  0.1551, -0.0025, -0.0239],
        [-0.0596, -0.0033,  0.1215,  ...,  0.0158,  0.0578,  0.0373],
        ...,
        [ 0.1155, -0.1740, -0.0604,  ..., -0.0189, -0.1290, -0.1407],
        [ 0.1166, -0.1520,  0.1097,  ..., -0.1163, -0.1759,  0.0724],
        [ 0.0715,  0.1611, -0.1024,  ...,  0.0083, -0.0714, -0.1503]]), 'rvq_quantizer.project_out.bias': tensor([ 1.5987e-01,  1.5615e-01, -1.5339e-01, -1.0336e-01, -6.1310e-02,
         1.3101e-01,  1.5501e-01, -1.5527e-01,  1.1952e-01, -1.5099e-01,
        -6.0957e-02,  1.4259e-01,  1.0313e-01,  1.3681e-01,  1.7227e-01,
        -8.1989e-02, -8.3912e-03, -1.7124e-01, -4.0239e-02,  1.4932e-01,
         1.4961e-01, -5.6660e-02,  9.9182e-02, -1.0434e-01, -7.8989e-02,
        -9.6498e-02,  1.5545e-01,  3.2009e-02,  3.9123e-02, -3.6162e-02,
         3.2309e-02, -1.1915e-01,  1.7072e-01, -1.2743e-01,  1.0117e-01,
        -1.7586e-01, -2.1377e-03, -9.6926e-02, -1.5145e-01, -9.3806e-03,
         9.3895e-02, -1.7972e-02, -9.2573e-02,  4.8761e-02,  3.3396e-02,
        -1.5251e-01,  9.7981e-03,  1.3211e-01, -2.1608e-02, -7.7352e-02,
        -1.3026e-01,  7.6535e-02, -7.3283e-03,  1.0275e-04,  6.7207e-02,
         7.6276e-02,  2.7185e-03, -1.2288e-01,  1.6985e-01, -1.5501e-01,
        -1.4429e-01, -1.2162e-01, -1.6839e-01,  1.5317e-01]), 'rvq_quantizer.layers.0._codebook.initted': tensor([1.]), 'rvq_quantizer.layers.0._codebook.cluster_size': tensor([[2.0000, 2.0000, 4.3114,  ..., 2.5569, 2.5854, 4.4942]]), 'rvq_quantizer.layers.0._codebook.embed_avg': tensor([[[  35.8919,  -87.2724,   20.6516,  ...,  117.4425,   49.6666,
            78.2138],
         [  55.9445,  -65.5442,   42.7112,  ...,  104.7751,   60.3553,
            77.4960],
         [  87.6719, -145.6721,   70.5908,  ...,  255.9042,  137.3587,
           155.9942],
         ...,
         [  68.7674, -123.4150,   35.4849,  ...,  192.3398,   81.9308,
           159.8280],
         [  82.9361, -113.3083,   34.2534,  ...,  184.7231,  100.6625,
           149.1639],
         [ 134.0463, -144.3196,   66.6924,  ...,  199.8763,  151.6233,
           117.2666]]]), 'rvq_quantizer.layers.0._codebook.embed': tensor([[[ 17.9459, -43.6361,  10.3258,  ...,  58.7212,  24.8333,  39.1068],
         [ 27.9723, -32.7721,  21.3556,  ...,  52.3876,  30.1776,  38.7480],
         [ 20.3349, -33.7876,  16.3730,  ...,  59.3551,  31.8594,  36.1817],
         ...,
         [ 26.8953, -48.2683,  13.8783,  ...,  75.2251,  32.0435,  62.5095],
         [ 32.0783, -43.8258,  13.2486,  ...,  71.4478,  38.9346,  57.6941],
         [ 29.8264, -32.1122,  14.8396,  ...,  44.4740,  33.7374,  26.0927]]]), 'rvq_quantizer.layers.1._codebook.initted': tensor([1.]), 'rvq_quantizer.layers.1._codebook.cluster_size': tensor([[350.7167,   2.2918,   5.0295,  ...,   2.4243,   2.9968,   2.0000]]), 'rvq_quantizer.layers.1._codebook.embed_avg': tensor([[[ 8.6506e-04, -1.3161e-03,  4.3831e-04,  ...,  2.2979e-03,
           1.0054e-03,  1.3856e-03],
         [ 7.9688e+00, -1.0083e+01, -4.7509e+00,  ...,  5.9923e+00,
          -5.1639e+00, -1.6567e+00],
         [ 5.8284e+00,  1.9750e+01,  1.6292e+01,  ..., -1.4150e+01,
          -1.8380e-01, -2.3882e+01],
         ...,
         [ 4.8439e+00, -2.0202e+00,  1.2133e+00,  ...,  1.9023e+00,
          -1.1586e+00,  3.2647e-01],
         [-1.1834e+01, -2.0086e+00,  2.3580e+00,  ..., -1.1400e+00,
          -1.2775e+00, -7.0738e+00],
         [ 7.6294e-06, -7.6294e-06,  7.6294e-06,  ...,  1.5259e-05,
           7.6294e-06,  3.8147e-06]]]), 'rvq_quantizer.layers.1._codebook.embed': tensor([[[ 2.4666e-06, -3.7526e-06,  1.2497e-06,  ...,  6.5520e-06,
           2.8667e-06,  3.9508e-06],
         [ 3.4771e+00, -4.3994e+00, -2.0730e+00,  ...,  2.6147e+00,
          -2.2532e+00, -7.2288e-01],
         [ 1.1588e+00,  3.9269e+00,  3.2392e+00,  ..., -2.8134e+00,
          -3.6545e-02, -4.7483e+00],
         ...,
         [ 1.9981e+00, -8.3333e-01,  5.0049e-01,  ...,  7.8470e-01,
          -4.7793e-01,  1.3467e-01],
         [-3.9488e+00, -6.7025e-01,  7.8686e-01,  ..., -3.8040e-01,
          -4.2628e-01, -2.3605e+00],
         [ 3.8147e-06, -3.8147e-06,  3.8147e-06,  ...,  7.6294e-06,
           3.8147e-06,  1.9073e-06]]]), 'rvq_quantizer.layers.2._codebook.initted': tensor([1.]), 'rvq_quantizer.layers.2._codebook.cluster_size': tensor([[386.0512,   2.6732,   3.0440,  ...,   2.0000,   2.0000,   2.0000]]), 'rvq_quantizer.layers.2._codebook.embed_avg': tensor([[[ 6.1084e-04, -9.2209e-04,  3.1325e-04,  ...,  1.6293e-03,
           7.0645e-04,  1.0170e-03],
         [-7.2774e-02, -1.5567e-01,  2.2673e-01,  ..., -9.4345e-02,
           7.4071e-02, -6.0320e-02],
         [ 1.4940e+00, -7.9681e-01, -1.4439e+00,  ...,  2.5967e-02,
           9.0161e-01,  1.0490e+00],
         ...,
         [-1.4730e-02, -2.2149e-02, -4.4946e-02,  ..., -2.0697e-02,
          -7.4221e-03,  4.3483e-02],
         [-5.1858e+00,  3.9133e+00, -1.0639e+00,  ...,  2.7068e+00,
          -3.4818e+00, -3.0683e+00],
         [ 1.7986e-04,  1.2217e-04,  6.2636e-04,  ...,  2.1373e-04,
          -6.8235e-04, -4.2291e-05]]]), 'rvq_quantizer.layers.2._codebook.embed': tensor([[[ 1.5823e-06, -2.3885e-06,  8.1144e-07,  ...,  4.2205e-06,
           1.8299e-06,  2.6344e-06],
         [-2.7224e-02, -5.8233e-02,  8.4816e-02,  ..., -3.5293e-02,
           2.7709e-02, -2.2565e-02],
         [ 4.9080e-01, -2.6177e-01, -4.7435e-01,  ...,  8.5305e-03,
           2.9620e-01,  3.4461e-01],
         ...,
         [-7.3649e-03, -1.1074e-02, -2.2473e-02,  ..., -1.0348e-02,
          -3.7110e-03,  2.1741e-02],
         [-2.5929e+00,  1.9567e+00, -5.3193e-01,  ...,  1.3534e+00,
          -1.7409e+00, -1.5341e+00],
         [ 8.9929e-05,  6.1084e-05,  3.1318e-04,  ...,  1.0687e-04,
          -3.4117e-04, -2.1145e-05]]]), 'rvq_quantizer.layers.3._codebook.initted': tensor([1.]), 'rvq_quantizer.layers.3._codebook.cluster_size': tensor([[267.5641, 107.9323,   2.0029,  ...,   2.9730,   2.0000,   4.1052]]), 'rvq_quantizer.layers.3._codebook.embed_avg': tensor([[[ 2.5536e-04, -3.9000e-04,  1.2775e-04,  ...,  6.8585e-04,
           2.9161e-04,  4.0072e-04],
         [ 1.1155e-04, -1.6367e-04,  5.6874e-05,  ...,  3.0206e-04,
           1.2948e-04,  1.9781e-04],
         [-6.6606e-02, -2.4911e-02, -8.6090e-02,  ..., -4.0211e-02,
           8.9042e-02,  2.2634e-02],
         ...,
         [ 2.5154e+00, -1.5367e+00,  1.0263e+00,  ...,  3.3913e-01,
          -2.2150e+00,  9.7818e-01],
         [ 2.1842e-01,  9.0972e-02,  2.3140e-01,  ..., -1.9743e-01,
           3.7778e-01, -7.3299e-01],
         [-3.3225e+00, -1.7480e+00, -3.6973e-01,  ..., -3.8675e+00,
          -1.1340e+00,  2.8454e+00]]]), 'rvq_quantizer.layers.3._codebook.embed': tensor([[[ 9.5437e-07, -1.4576e-06,  4.7747e-07,  ...,  2.5633e-06,
           1.0899e-06,  1.4977e-06],
         [ 1.0336e-06, -1.5165e-06,  5.2694e-07,  ...,  2.7986e-06,
           1.1996e-06,  1.8327e-06],
         [-3.3256e-02, -1.2438e-02, -4.2983e-02,  ..., -2.0077e-02,
           4.4458e-02,  1.1301e-02],
         ...,
         [ 8.4607e-01, -5.1690e-01,  3.4520e-01,  ...,  1.1407e-01,
          -7.4504e-01,  3.2902e-01],
         [ 1.0921e-01,  4.5486e-02,  1.1570e-01,  ..., -9.8714e-02,
           1.8889e-01, -3.6649e-01],
         [-8.0935e-01, -4.2581e-01, -9.0064e-02,  ..., -9.4212e-01,
          -2.7624e-01,  6.9313e-01]]])})
Loss:  tensor(1.5817, grad_fn=<MeanBackward0>)
OrderedDict({'rvq_quantizer.project_in.weight': tensor([[-0.0413, -0.0308, -0.0457,  ..., -0.0054,  0.1202, -0.1159],
        [ 0.0671,  0.0330, -0.0402,  ..., -0.0271,  0.0020,  0.1032],
        [-0.0275,  0.0642, -0.0733,  ..., -0.0311,  0.0269,  0.0363],
        ...,
        [-0.1104, -0.0646,  0.0862,  ..., -0.0201,  0.0044,  0.0403],
        [-0.0280,  0.0473, -0.0244,  ..., -0.0301, -0.0984, -0.0943],
        [-0.0933, -0.0056,  0.1242,  ..., -0.0953,  0.0431,  0.0878]]), 'rvq_quantizer.project_in.bias': tensor([-6.1077e-03, -1.0639e-01,  5.7743e-02,  6.1203e-02, -9.2560e-02,
         7.2414e-02, -8.3908e-02, -1.2417e-01,  1.2006e-01, -1.7564e-02,
        -1.3723e-02,  7.0126e-02,  6.4868e-03,  7.0763e-02,  1.1920e-01,
         4.2498e-05,  4.7043e-02,  9.1601e-02,  6.0515e-02, -1.7811e-02,
         2.7558e-02, -6.4958e-02,  4.0020e-02, -7.0381e-02,  5.4873e-03,
        -3.8032e-02,  2.0210e-02,  6.6242e-02, -3.0837e-02,  1.1786e-01,
         1.2109e-01, -8.7243e-02]), 'rvq_quantizer.project_out.weight': tensor([[ 0.1391,  0.1389, -0.0638,  ...,  0.1497, -0.1518, -0.0982],
        [ 0.0400, -0.1660,  0.0335,  ...,  0.1551, -0.0025, -0.0239],
        [-0.0596, -0.0033,  0.1215,  ...,  0.0158,  0.0578,  0.0373],
        ...,
        [ 0.1155, -0.1740, -0.0604,  ..., -0.0189, -0.1290, -0.1407],
        [ 0.1166, -0.1520,  0.1097,  ..., -0.1163, -0.1759,  0.0724],
        [ 0.0715,  0.1611, -0.1024,  ...,  0.0083, -0.0714, -0.1503]]), 'rvq_quantizer.project_out.bias': tensor([ 1.5987e-01,  1.5615e-01, -1.5339e-01, -1.0336e-01, -6.1310e-02,
         1.3101e-01,  1.5501e-01, -1.5527e-01,  1.1952e-01, -1.5099e-01,
        -6.0957e-02,  1.4259e-01,  1.0313e-01,  1.3681e-01,  1.7227e-01,
        -8.1989e-02, -8.3912e-03, -1.7124e-01, -4.0239e-02,  1.4932e-01,
         1.4961e-01, -5.6660e-02,  9.9182e-02, -1.0434e-01, -7.8989e-02,
        -9.6498e-02,  1.5545e-01,  3.2009e-02,  3.9123e-02, -3.6162e-02,
         3.2309e-02, -1.1915e-01,  1.7072e-01, -1.2743e-01,  1.0117e-01,
        -1.7586e-01, -2.1377e-03, -9.6926e-02, -1.5145e-01, -9.3806e-03,
         9.3895e-02, -1.7972e-02, -9.2573e-02,  4.8761e-02,  3.3396e-02,
        -1.5251e-01,  9.7981e-03,  1.3211e-01, -2.1608e-02, -7.7352e-02,
        -1.3026e-01,  7.6535e-02, -7.3283e-03,  1.0275e-04,  6.7207e-02,
         7.6276e-02,  2.7185e-03, -1.2288e-01,  1.6985e-01, -1.5501e-01,
        -1.4429e-01, -1.2162e-01, -1.6839e-01,  1.5317e-01]), 'rvq_quantizer.layers.0._codebook.initted': tensor([1.]), 'rvq_quantizer.layers.0._codebook.cluster_size': tensor([[2.0000, 2.0000, 4.3803,  ..., 2.6012, 2.6269, 4.5448]]), 'rvq_quantizer.layers.0._codebook.embed_avg': tensor([[[  36.0303,  -87.4000,   20.2034,  ...,  117.3020,   49.4346,
            78.4082],
         [  58.1037, -100.2624,   38.3209,  ...,  160.5794,   47.3424,
           129.4620],
         [  89.0466, -148.0855,   71.7581,  ...,  259.9576,  139.4826,
           158.3636],
         ...,
         [  69.9762, -125.5605,   36.1347,  ...,  195.6653,   83.3267,
           162.5973],
         [  84.2875, -115.1352,   34.7963,  ...,  187.7170,  102.2826,
           151.5696],
         [ 135.4444, -146.0181,   67.7923,  ...,  202.4903,  153.4185,
           118.0867]]]), 'rvq_quantizer.layers.0._codebook.embed': tensor([[[ 18.0151, -43.6999,  10.1017,  ...,  58.6509,  24.7172,  39.2040],
         [ 29.0518, -50.1312,  19.1604,  ...,  80.2897,  23.6712,  64.7310],
         [ 20.3290, -33.8074,  16.3821,  ...,  59.3475,  31.8434,  36.1539],
         ...,
         [ 26.9018, -48.2707,  13.8917,  ...,  75.2220,  32.0343,  62.5092],
         [ 32.0865, -43.8296,  13.2462,  ...,  71.4600,  38.9369,  57.6994],
         [ 29.8021, -32.1286,  14.9165,  ...,  44.5543,  33.7569,  25.9828]]]), 'rvq_quantizer.layers.1._codebook.initted': tensor([1.]), 'rvq_quantizer.layers.1._codebook.cluster_size': tensor([[351.8451,   2.2626,   4.7266,  ...,   2.2818,   3.1971,   2.0000]]), 'rvq_quantizer.layers.1._codebook.embed_avg': tensor([[[ 8.6572e-04, -1.3159e-03,  4.3608e-04,  ...,  2.2928e-03,
           1.0042e-03,  1.3905e-03],
         [ 7.7715e+00, -1.0174e+01, -4.5945e+00,  ...,  5.8957e+00,
          -5.2086e+00, -1.8602e+00],
         [ 5.2784e+00,  1.8863e+01,  1.5163e+01,  ..., -1.3452e+01,
          -1.4818e-01, -2.2896e+01],
         ...,
         [ 4.3361e+00, -2.3097e+00,  1.1233e+00,  ...,  1.9326e+00,
          -1.2116e+00,  3.2860e-01],
         [-1.2543e+01, -2.5466e+00,  2.6976e+00,  ..., -1.2564e+00,
          -1.3188e+00, -7.5203e+00],
         [-4.0040e+00,  1.8694e+00, -9.6751e+00,  ...,  3.2798e+00,
           1.8919e+00,  3.7874e+00]]]), 'rvq_quantizer.layers.1._codebook.embed': tensor([[[ 2.4605e-06, -3.7400e-06,  1.2394e-06,  ...,  6.5164e-06,
           2.8542e-06,  3.9519e-06],
         [ 3.4347e+00, -4.4965e+00, -2.0306e+00,  ...,  2.6057e+00,
          -2.3020e+00, -8.2213e-01],
         [ 1.1168e+00,  3.9908e+00,  3.2080e+00,  ..., -2.8461e+00,
          -3.1351e-02, -4.8441e+00],
         ...,
         [ 1.9003e+00, -1.0122e+00,  4.9227e-01,  ...,  8.4693e-01,
          -5.3097e-01,  1.4401e-01],
         [-3.9232e+00, -7.9653e-01,  8.4377e-01,  ..., -3.9298e-01,
          -4.1250e-01, -2.3522e+00],
         [-2.0020e+00,  9.3471e-01, -4.8375e+00,  ...,  1.6399e+00,
           9.4597e-01,  1.8937e+00]]]), 'rvq_quantizer.layers.2._codebook.initted': tensor([1.]), 'rvq_quantizer.layers.2._codebook.cluster_size': tensor([[386.6461,   3.1059,   3.0396,  ...,   2.0000,   2.0000,   2.0000]]), 'rvq_quantizer.layers.2._codebook.embed_avg': tensor([[[ 6.1026e-04, -9.1797e-04,  3.0841e-04,  ...,  1.6173e-03,
           7.0642e-04,  1.0113e-03],
         [-6.2667e-02, -2.4459e-01,  2.5977e-01,  ..., -9.9736e-02,
           5.5629e-02, -5.1880e-02],
         [ 1.6582e+00, -8.6022e-01, -1.4641e+00,  ...,  2.9851e-02,
           9.0192e-01,  1.0959e+00],
         ...,
         [-1.1572e+00,  3.0593e-02,  2.3502e+00,  ..., -3.0074e-01,
          -1.3131e+00, -1.0306e-01],
         [ 8.1062e-02, -1.1228e+00,  8.9687e-01,  ..., -2.2405e+00,
          -2.8232e-01,  4.4509e+00],
         [ 8.6187e-04,  1.9006e-04,  4.7984e-04,  ...,  7.9660e-04,
          -9.2160e-04,  1.4734e-04]]]), 'rvq_quantizer.layers.2._codebook.embed': tensor([[[ 1.5783e-06, -2.3742e-06,  7.9765e-07,  ...,  4.1830e-06,
           1.8271e-06,  2.6155e-06],
         [-2.0177e-02, -7.8753e-02,  8.3638e-02,  ..., -3.2112e-02,
           1.7911e-02, -1.6704e-02],
         [ 5.4554e-01, -2.8301e-01, -4.8167e-01,  ...,  9.8208e-03,
           2.9673e-01,  3.6055e-01],
         ...,
         [-5.7860e-01,  1.5297e-02,  1.1751e+00,  ..., -1.5037e-01,
          -6.5656e-01, -5.1532e-02],
         [ 4.0531e-02, -5.6142e-01,  4.4844e-01,  ..., -1.1202e+00,
          -1.4116e-01,  2.2254e+00],
         [ 4.3093e-04,  9.5030e-05,  2.3992e-04,  ...,  3.9830e-04,
          -4.6080e-04,  7.3671e-05]]]), 'rvq_quantizer.layers.3._codebook.initted': tensor([1.]), 'rvq_quantizer.layers.3._codebook.cluster_size': tensor([[280.3077,  97.1391,   2.0000,  ...,   2.8757,   2.1000,   4.1946]]), 'rvq_quantizer.layers.3._codebook.embed_avg': tensor([[[ 2.6710e-04, -4.0425e-04,  1.2935e-04,  ...,  7.0607e-04,
           3.0510e-04,  4.1648e-04],
         [ 1.0040e-04, -1.4731e-04,  5.1186e-05,  ...,  2.7186e-04,
           1.1653e-04,  1.7803e-04],
         [-1.1156e-02,  3.4209e-01, -3.7452e-01,  ..., -6.5004e-02,
          -1.2407e-01,  2.5129e-01],
         ...,
         [ 2.4382e+00, -1.7714e+00,  9.3105e-01,  ...,  2.4069e-01,
          -2.2658e+00,  1.0801e+00],
         [ 1.9214e-01,  2.1224e-01,  2.4796e-01,  ..., -2.1790e-01,
           4.2133e-01, -8.4782e-01],
         [-3.4349e+00, -2.0290e+00, -6.3218e-01,  ..., -4.1377e+00,
          -1.0486e+00,  2.9575e+00]]]), 'rvq_quantizer.layers.3._codebook.embed': tensor([[[ 9.5287e-07, -1.4422e-06,  4.6147e-07,  ...,  2.5189e-06,
           1.0885e-06,  1.4858e-06],
         [ 1.0336e-06, -1.5165e-06,  5.2694e-07,  ...,  2.7986e-06,
           1.1996e-06,  1.8327e-06],
         [-5.5781e-03,  1.7104e-01, -1.8726e-01,  ..., -3.2502e-02,
          -6.2033e-02,  1.2564e-01],
         ...,
         [ 8.4789e-01, -6.1601e-01,  3.2377e-01,  ...,  8.3699e-02,
          -7.8792e-01,  3.7560e-01],
         [ 9.1497e-02,  1.0107e-01,  1.1808e-01,  ..., -1.0376e-01,
           2.0063e-01, -4.0372e-01],
         [-8.1888e-01, -4.8372e-01, -1.5071e-01,  ..., -9.8642e-01,
          -2.4998e-01,  7.0507e-01]]])})
Loss:  tensor(1.6010, grad_fn=<MeanBackward0>)
OrderedDict({'rvq_quantizer.project_in.weight': tensor([[-0.0413, -0.0308, -0.0457,  ..., -0.0054,  0.1202, -0.1159],
        [ 0.0671,  0.0330, -0.0402,  ..., -0.0271,  0.0020,  0.1032],
        [-0.0275,  0.0642, -0.0733,  ..., -0.0311,  0.0269,  0.0363],
        ...,
        [-0.1104, -0.0646,  0.0862,  ..., -0.0201,  0.0044,  0.0403],
        [-0.0280,  0.0473, -0.0244,  ..., -0.0301, -0.0984, -0.0943],
        [-0.0933, -0.0056,  0.1242,  ..., -0.0953,  0.0431,  0.0878]]), 'rvq_quantizer.project_in.bias': tensor([-6.1077e-03, -1.0639e-01,  5.7743e-02,  6.1203e-02, -9.2560e-02,
         7.2414e-02, -8.3908e-02, -1.2417e-01,  1.2006e-01, -1.7564e-02,
        -1.3723e-02,  7.0126e-02,  6.4868e-03,  7.0763e-02,  1.1920e-01,
         4.2498e-05,  4.7043e-02,  9.1601e-02,  6.0515e-02, -1.7811e-02,
         2.7558e-02, -6.4958e-02,  4.0020e-02, -7.0381e-02,  5.4873e-03,
        -3.8032e-02,  2.0210e-02,  6.6242e-02, -3.0837e-02,  1.1786e-01,
         1.2109e-01, -8.7243e-02]), 'rvq_quantizer.project_out.weight': tensor([[ 0.1391,  0.1389, -0.0638,  ...,  0.1497, -0.1518, -0.0982],
        [ 0.0400, -0.1660,  0.0335,  ...,  0.1551, -0.0025, -0.0239],
        [-0.0596, -0.0033,  0.1215,  ...,  0.0158,  0.0578,  0.0373],
        ...,
        [ 0.1155, -0.1740, -0.0604,  ..., -0.0189, -0.1290, -0.1407],
        [ 0.1166, -0.1520,  0.1097,  ..., -0.1163, -0.1759,  0.0724],
        [ 0.0715,  0.1611, -0.1024,  ...,  0.0083, -0.0714, -0.1503]]), 'rvq_quantizer.project_out.bias': tensor([ 1.5987e-01,  1.5615e-01, -1.5339e-01, -1.0336e-01, -6.1310e-02,
         1.3101e-01,  1.5501e-01, -1.5527e-01,  1.1952e-01, -1.5099e-01,
        -6.0957e-02,  1.4259e-01,  1.0313e-01,  1.3681e-01,  1.7227e-01,
        -8.1989e-02, -8.3912e-03, -1.7124e-01, -4.0239e-02,  1.4932e-01,
         1.4961e-01, -5.6660e-02,  9.9182e-02, -1.0434e-01, -7.8989e-02,
        -9.6498e-02,  1.5545e-01,  3.2009e-02,  3.9123e-02, -3.6162e-02,
         3.2309e-02, -1.1915e-01,  1.7072e-01, -1.2743e-01,  1.0117e-01,
        -1.7586e-01, -2.1377e-03, -9.6926e-02, -1.5145e-01, -9.3806e-03,
         9.3895e-02, -1.7972e-02, -9.2573e-02,  4.8761e-02,  3.3396e-02,
        -1.5251e-01,  9.7981e-03,  1.3211e-01, -2.1608e-02, -7.7352e-02,
        -1.3026e-01,  7.6535e-02, -7.3283e-03,  1.0275e-04,  6.7207e-02,
         7.6276e-02,  2.7185e-03, -1.2288e-01,  1.6985e-01, -1.5501e-01,
        -1.4429e-01, -1.2162e-01, -1.6839e-01,  1.5317e-01]), 'rvq_quantizer.layers.0._codebook.initted': tensor([1.]), 'rvq_quantizer.layers.0._codebook.cluster_size': tensor([[2.0000, 2.0000, 4.4422,  ..., 2.6411, 2.6642, 4.4903]]), 'rvq_quantizer.layers.0._codebook.embed_avg': tensor([[[  72.1310,  -99.5017,   19.7944,  ...,  139.4982,   56.3501,
           127.8391],
         [  64.5756,  -79.4904,   13.7228,  ...,  122.7168,   55.1593,
            91.6973],
         [  90.2838, -150.2575,   72.8087,  ...,  263.6056,  141.3942,
           160.4960],
         ...,
         [  71.0640, -127.4913,   36.7195,  ...,  198.6583,   84.5831,
           165.0896],
         [  85.5038, -116.7794,   35.2849,  ...,  190.4115,  103.7408,
           153.7348],
         [ 133.5518, -144.2049,   67.4725,  ...,  199.8033,  151.6133,
           117.0572]]]), 'rvq_quantizer.layers.0._codebook.embed': tensor([[[ 36.0655, -49.7508,   9.8972,  ...,  69.7491,  28.1750,  63.9195],
         [ 32.2878, -39.7452,   6.8614,  ...,  61.3584,  27.5796,  45.8487],
         [ 20.3239, -33.8247,  16.3901,  ...,  59.3407,  31.8295,  36.1295],
         ...,
         [ 26.9074, -48.2729,  13.9033,  ...,  75.2193,  32.0263,  62.5090],
         [ 32.0937, -43.8329,  13.2441,  ...,  71.4706,  38.9389,  57.7040],
         [ 29.7422, -32.1146,  15.0262,  ...,  44.4964,  33.7645,  26.0688]]]), 'rvq_quantizer.layers.1._codebook.initted': tensor([1.]), 'rvq_quantizer.layers.1._codebook.cluster_size': tensor([[352.7606,   2.2364,   4.7539,  ...,   2.4536,   3.0774,   2.0000]]), 'rvq_quantizer.layers.1._codebook.embed_avg': tensor([[[ 8.6612e-04, -1.3157e-03,  4.4039e-04,  ...,  2.2954e-03,
           1.0062e-03,  1.3826e-03],
         [ 7.5939e+00, -1.0251e+01, -4.4419e+00,  ...,  5.8121e+00,
          -5.2443e+00, -2.0460e+00],
         [ 5.0993e+00,  1.8936e+01,  1.5195e+01,  ..., -1.3334e+01,
          -3.7495e-01, -2.3275e+01],
         ...,
         [ 4.6345e+00, -2.7181e+00,  1.2658e+00,  ...,  2.1475e+00,
          -1.3658e+00,  4.0534e-01],
         [-1.2155e+01, -2.4511e+00,  2.5574e+00,  ..., -7.6536e-01,
          -1.4120e+00, -7.0662e+00],
         [ 1.3772e+00, -3.3469e-01, -9.9208e-01,  ..., -2.4350e+00,
          -9.9896e-01, -7.7190e-01]]]), 'rvq_quantizer.layers.1._codebook.embed': tensor([[[ 2.4553e-06, -3.7298e-06,  1.2484e-06,  ...,  6.5071e-06,
           2.8524e-06,  3.9195e-06],
         [ 3.3957e+00, -4.5838e+00, -1.9862e+00,  ...,  2.5989e+00,
          -2.3450e+00, -9.1490e-01],
         [ 1.0727e+00,  3.9832e+00,  3.1963e+00,  ..., -2.8048e+00,
          -7.8873e-02, -4.8961e+00],
         ...,
         [ 1.8888e+00, -1.1078e+00,  5.1590e-01,  ...,  8.7522e-01,
          -5.5665e-01,  1.6520e-01],
         [-3.9497e+00, -7.9649e-01,  8.3104e-01,  ..., -2.4870e-01,
          -4.5885e-01, -2.2962e+00],
         [ 6.8860e-01, -1.6734e-01, -4.9604e-01,  ..., -1.2175e+00,
          -4.9948e-01, -3.8595e-01]]]), 'rvq_quantizer.layers.2._codebook.initted': tensor([1.]), 'rvq_quantizer.layers.2._codebook.cluster_size': tensor([[387.4814,   2.7953,   2.9356,  ...,   2.0000,   2.0000,   2.2000]]), 'rvq_quantizer.layers.2._codebook.embed_avg': tensor([[[ 6.0940e-04, -9.1751e-04,  3.1144e-04,  ...,  1.6178e-03,
           7.0684e-04,  9.9739e-04],
         [-5.6400e-02, -2.2013e-01,  2.3379e-01,  ..., -8.9763e-02,
           5.0066e-02, -4.6692e-02],
         [ 1.8166e+00, -9.3747e-01, -1.3236e+00,  ...,  2.3296e-02,
           9.1849e-01,  1.1077e+00],
         ...,
         [ 5.4257e+00,  7.3281e+00,  2.3798e-01,  ...,  8.4247e+00,
           8.9920e-01,  9.7262e-02],
         [ 1.9777e-01, -1.0181e+00,  8.8423e-01,  ..., -2.2061e+00,
          -4.3939e-01,  4.3299e+00],
         [ 9.3046e-04,  1.1580e-03,  1.5731e-04,  ...,  1.5310e-03,
          -1.1327e-03,  4.3412e-04]]]), 'rvq_quantizer.layers.2._codebook.embed': tensor([[[ 1.5727e-06, -2.3679e-06,  8.0377e-07,  ...,  4.1753e-06,
           1.8242e-06,  2.5740e-06],
         [-2.0177e-02, -7.8753e-02,  8.3638e-02,  ..., -3.2112e-02,
           1.7911e-02, -1.6704e-02],
         [ 6.1881e-01, -3.1934e-01, -4.5088e-01,  ...,  7.9356e-03,
           3.1288e-01,  3.7732e-01],
         ...,
         [ 2.7129e+00,  3.6640e+00,  1.1899e-01,  ...,  4.2123e+00,
           4.4960e-01,  4.8631e-02],
         [ 9.8884e-02, -5.0906e-01,  4.4211e-01,  ..., -1.1030e+00,
          -2.1969e-01,  2.1650e+00],
         [ 4.2294e-04,  5.2638e-04,  7.1503e-05,  ...,  6.9592e-04,
          -5.1485e-04,  1.9733e-04]]]), 'rvq_quantizer.layers.3._codebook.initted': tensor([1.]), 'rvq_quantizer.layers.3._codebook.cluster_size': tensor([[292.4769,  87.4252,   2.0000,  ...,   2.8881,   2.3900,   4.1752]]), 'rvq_quantizer.layers.3._codebook.embed_avg': tensor([[[ 2.7391e-04, -4.1175e-04,  1.3615e-04,  ...,  7.2724e-04,
           3.1511e-04,  4.1733e-04],
         [ 9.0359e-05, -1.3258e-04,  4.6068e-05,  ...,  2.4467e-04,
           1.0488e-04,  1.6023e-04],
         [ 3.4054e+00,  3.2985e+00,  1.0315e+00,  ..., -3.0469e+00,
           3.6808e-01, -2.5678e+00],
         ...,
         [ 2.4182e+00, -2.0571e+00,  8.9671e-01,  ...,  2.6783e-01,
          -2.2431e+00,  1.0786e+00],
         [ 1.3507e-01,  3.5618e-01,  3.2541e-01,  ..., -3.7190e-01,
           4.8492e-01, -1.0784e+00],
         [-3.5014e+00, -2.0840e+00, -9.3776e-01,  ..., -4.3605e+00,
          -1.0808e+00,  3.1699e+00]]]), 'rvq_quantizer.layers.3._codebook.embed': tensor([[[ 9.3652e-07, -1.4078e-06,  4.6551e-07,  ...,  2.4865e-06,
           1.0774e-06,  1.4269e-06],
         [ 1.0336e-06, -1.5165e-06,  5.2694e-07,  ...,  2.7986e-06,
           1.1996e-06,  1.8327e-06],
         [ 1.7027e+00,  1.6492e+00,  5.1574e-01,  ..., -1.5235e+00,
           1.8404e-01, -1.2839e+00],
         ...,
         [ 8.3729e-01, -7.1228e-01,  3.1048e-01,  ...,  9.2736e-02,
          -7.7667e-01,  3.7346e-01],
         [ 5.6513e-02,  1.4903e-01,  1.3615e-01,  ..., -1.5560e-01,
           2.0289e-01, -4.5120e-01],
         [-8.3862e-01, -4.9915e-01, -2.2460e-01,  ..., -1.0444e+00,
          -2.5887e-01,  7.5924e-01]]])})
Loss:  tensor(1.6023, grad_fn=<MeanBackward0>)
OrderedDict({'rvq_quantizer.project_in.weight': tensor([[-0.0413, -0.0308, -0.0457,  ..., -0.0054,  0.1202, -0.1159],
        [ 0.0671,  0.0330, -0.0402,  ..., -0.0271,  0.0020,  0.1032],
        [-0.0275,  0.0642, -0.0733,  ..., -0.0311,  0.0269,  0.0363],
        ...,
        [-0.1104, -0.0646,  0.0862,  ..., -0.0201,  0.0044,  0.0403],
        [-0.0280,  0.0473, -0.0244,  ..., -0.0301, -0.0984, -0.0943],
        [-0.0933, -0.0056,  0.1242,  ..., -0.0953,  0.0431,  0.0878]]), 'rvq_quantizer.project_in.bias': tensor([-6.1077e-03, -1.0639e-01,  5.7743e-02,  6.1203e-02, -9.2560e-02,
         7.2414e-02, -8.3908e-02, -1.2417e-01,  1.2006e-01, -1.7564e-02,
        -1.3723e-02,  7.0126e-02,  6.4868e-03,  7.0763e-02,  1.1920e-01,
         4.2498e-05,  4.7043e-02,  9.1601e-02,  6.0515e-02, -1.7811e-02,
         2.7558e-02, -6.4958e-02,  4.0020e-02, -7.0381e-02,  5.4873e-03,
        -3.8032e-02,  2.0210e-02,  6.6242e-02, -3.0837e-02,  1.1786e-01,
         1.2109e-01, -8.7243e-02]), 'rvq_quantizer.project_out.weight': tensor([[ 0.1391,  0.1389, -0.0638,  ...,  0.1497, -0.1518, -0.0982],
        [ 0.0400, -0.1660,  0.0335,  ...,  0.1551, -0.0025, -0.0239],
        [-0.0596, -0.0033,  0.1215,  ...,  0.0158,  0.0578,  0.0373],
        ...,
        [ 0.1155, -0.1740, -0.0604,  ..., -0.0189, -0.1290, -0.1407],
        [ 0.1166, -0.1520,  0.1097,  ..., -0.1163, -0.1759,  0.0724],
        [ 0.0715,  0.1611, -0.1024,  ...,  0.0083, -0.0714, -0.1503]]), 'rvq_quantizer.project_out.bias': tensor([ 1.5987e-01,  1.5615e-01, -1.5339e-01, -1.0336e-01, -6.1310e-02,
         1.3101e-01,  1.5501e-01, -1.5527e-01,  1.1952e-01, -1.5099e-01,
        -6.0957e-02,  1.4259e-01,  1.0313e-01,  1.3681e-01,  1.7227e-01,
        -8.1989e-02, -8.3912e-03, -1.7124e-01, -4.0239e-02,  1.4932e-01,
         1.4961e-01, -5.6660e-02,  9.9182e-02, -1.0434e-01, -7.8989e-02,
        -9.6498e-02,  1.5545e-01,  3.2009e-02,  3.9123e-02, -3.6162e-02,
         3.2309e-02, -1.1915e-01,  1.7072e-01, -1.2743e-01,  1.0117e-01,
        -1.7586e-01, -2.1377e-03, -9.6926e-02, -1.5145e-01, -9.3806e-03,
         9.3895e-02, -1.7972e-02, -9.2573e-02,  4.8761e-02,  3.3396e-02,
        -1.5251e-01,  9.7981e-03,  1.3211e-01, -2.1608e-02, -7.7352e-02,
        -1.3026e-01,  7.6535e-02, -7.3283e-03,  1.0275e-04,  6.7207e-02,
         7.6276e-02,  2.7185e-03, -1.2288e-01,  1.6985e-01, -1.5501e-01,
        -1.4429e-01, -1.2162e-01, -1.6839e-01,  1.5317e-01]), 'rvq_quantizer.layers.0._codebook.initted': tensor([1.]), 'rvq_quantizer.layers.0._codebook.cluster_size': tensor([[2.0000, 2.0000, 4.5482,  ..., 2.7093, 2.7280, 4.2972]]), 'rvq_quantizer.layers.0._codebook.embed_avg': tensor([[[  75.9019,  -90.5739,   31.4613,  ...,  149.6389,   71.8839,
           106.0140],
         [  43.0334,  -64.5849,   43.1852,  ...,  103.8454,   60.5463,
            75.7284],
         [  92.3994, -153.9718,   74.6053,  ...,  269.8438,  144.6629,
           164.1423],
         ...,
         [  72.9243, -130.7932,   37.7194,  ...,  203.7762,   86.7316,
           169.3516],
         [  87.5835, -119.5910,   36.1204,  ...,  195.0192,  106.2342,
           157.4372],
         [ 127.6860, -138.1136,   65.1232,  ...,  190.7873,  145.2413,
           112.3487]]]), 'rvq_quantizer.layers.0._codebook.embed': tensor([[[ 37.9510, -45.2869,  15.7306,  ...,  74.8195,  35.9420,  53.0070],
         [ 21.5167, -32.2925,  21.5926,  ...,  51.9227,  30.2731,  37.8642],
         [ 20.3155, -33.8533,  16.4032,  ...,  59.3296,  31.8066,  36.0894],
         ...,
         [ 26.9167, -48.2764,  13.9224,  ...,  75.2149,  32.0131,  62.5086],
         [ 32.1054, -43.8384,  13.2406,  ...,  71.4880,  38.9422,  57.7116],
         [ 29.7141, -32.1407,  15.1549,  ...,  44.3985,  33.7994,  26.1449]]]), 'rvq_quantizer.layers.1._codebook.initted': tensor([1.]), 'rvq_quantizer.layers.1._codebook.cluster_size': tensor([[350.7961,   2.2914,   4.5107,  ...,   2.9375,   2.7627,   2.0000]]), 'rvq_quantizer.layers.1._codebook.embed_avg': tensor([[[ 8.6784e-04, -1.3116e-03,  4.3414e-04,  ...,  2.2958e-03,
           9.9967e-04,  1.3945e-03],
         [ 7.2937e+00, -1.0666e+01, -5.1778e+00,  ...,  6.5378e+00,
          -5.4384e+00, -2.7347e+00],
         [ 4.4917e+00,  1.8659e+01,  1.3650e+01,  ..., -1.2601e+01,
          -1.0900e+00, -2.2599e+01],
         ...,
         [ 5.7423e+00, -3.2132e+00,  1.7400e+00,  ...,  2.9164e+00,
          -1.7822e+00,  4.5565e-01],
         [-1.0572e+01, -2.3394e+00,  2.2581e+00,  ..., -3.4196e-01,
          -1.3181e+00, -6.1744e+00],
         [ 6.0986e+00, -1.0206e+01, -6.6992e+00,  ...,  2.9331e+00,
          -2.1808e+00,  8.4488e+00]]]), 'rvq_quantizer.layers.1._codebook.embed': tensor([[[ 2.4739e-06, -3.7389e-06,  1.2376e-06,  ...,  6.5446e-06,
           2.8497e-06,  3.9751e-06],
         [ 3.1830e+00, -4.6549e+00, -2.2596e+00,  ...,  2.8531e+00,
          -2.3734e+00, -1.1935e+00],
         [ 9.9579e-01,  4.1367e+00,  3.0262e+00,  ..., -2.7936e+00,
          -2.4164e-01, -5.0101e+00],
         ...,
         [ 1.9549e+00, -1.0939e+00,  5.9234e-01,  ...,  9.9283e-01,
          -6.0673e-01,  1.5512e-01],
         [-3.8268e+00, -8.4678e-01,  8.1736e-01,  ..., -1.2378e-01,
          -4.7710e-01, -2.2349e+00],
         [ 3.0493e+00, -5.1028e+00, -3.3496e+00,  ...,  1.4665e+00,
          -1.0904e+00,  4.2244e+00]]]), 'rvq_quantizer.layers.2._codebook.initted': tensor([1.]), 'rvq_quantizer.layers.2._codebook.cluster_size': tensor([[386.2400,   2.7342,   3.0478,  ...,   2.0000,   2.0000,   2.0000]]), 'rvq_quantizer.layers.2._codebook.embed_avg': tensor([[[ 6.0924e-04, -9.1152e-04,  3.0884e-04,  ...,  1.6058e-03,
           6.9989e-04,  1.0036e-03],
         [-6.1405e-02, -2.0844e-01,  2.2720e-01,  ..., -1.0910e-01,
           4.8509e-02, -3.1110e-02],
         [ 2.5096e+00, -1.1186e+00, -1.1449e+00,  ..., -2.0220e-02,
           1.0020e+00,  1.4551e+00],
         ...,
         [ 1.4950e-02,  3.7087e-02, -3.9968e-02,  ..., -2.1775e-02,
           9.5856e-03, -1.8296e-02],
         [-7.2766e-01,  9.0198e-01, -1.1291e-01,  ..., -1.2791e+00,
          -1.0561e+00, -2.5231e+00],
         [-3.6868e+00, -2.9261e+00, -4.8738e+00,  ..., -1.1801e+01,
          -5.3779e+00,  4.9932e-01]]]), 'rvq_quantizer.layers.2._codebook.embed': tensor([[[ 1.5774e-06, -2.3600e-06,  7.9960e-07,  ...,  4.1576e-06,
           1.8121e-06,  2.5984e-06],
         [-2.2459e-02, -7.6236e-02,  8.3096e-02,  ..., -3.9901e-02,
           1.7742e-02, -1.1378e-02],
         [ 8.2341e-01, -3.6701e-01, -3.7564e-01,  ..., -6.6340e-03,
           3.2875e-01,  4.7742e-01],
         ...,
         [ 7.4749e-03,  1.8543e-02, -1.9984e-02,  ..., -1.0888e-02,
           4.7928e-03, -9.1481e-03],
         [-3.6383e-01,  4.5099e-01, -5.6454e-02,  ..., -6.3957e-01,
          -5.2803e-01, -1.2615e+00],
         [-1.8434e+00, -1.4630e+00, -2.4369e+00,  ..., -5.9003e+00,
          -2.6890e+00,  2.4966e-01]]]), 'rvq_quantizer.layers.3._codebook.initted': tensor([1.]), 'rvq_quantizer.layers.3._codebook.cluster_size': tensor([[309.1863,  70.8144,   2.0000,  ...,   2.7094,   2.4059,   4.0519]]), 'rvq_quantizer.layers.3._codebook.embed_avg': tensor([[[ 2.9662e-04, -4.4143e-04,  1.4639e-04,  ...,  7.7668e-04,
           3.3726e-04,  4.6805e-04],
         [ 7.3191e-05, -1.0739e-04,  3.7315e-05,  ...,  1.9818e-04,
           8.4951e-05,  1.2978e-04],
         [ 1.9732e-01, -2.4004e-01,  1.3185e-01,  ...,  8.2095e-02,
           1.7059e-01,  8.9129e-02],
         ...,
         [ 2.1335e+00, -2.0123e+00,  9.9494e-01,  ...,  2.4751e-01,
          -2.0856e+00,  9.5814e-01],
         [ 3.8394e-02,  4.9893e-01,  3.6199e-01,  ..., -5.4318e-01,
           5.4936e-01, -1.1048e+00],
         [-3.2557e+00, -2.1399e+00, -9.7553e-01,  ..., -4.4653e+00,
          -7.8055e-01,  2.9981e+00]]]), 'rvq_quantizer.layers.3._codebook.embed': tensor([[[ 9.5936e-07, -1.4277e-06,  4.7347e-07,  ...,  2.5120e-06,
           1.0908e-06,  1.5138e-06],
         [ 1.0336e-06, -1.5165e-06,  5.2694e-07,  ...,  2.7986e-06,
           1.1996e-06,  1.8327e-06],
         [ 9.8660e-02, -1.2002e-01,  6.5927e-02,  ...,  4.1047e-02,
           8.5293e-02,  4.4564e-02],
         ...,
         [ 7.8745e-01, -7.4274e-01,  3.6722e-01,  ...,  9.1353e-02,
          -7.6978e-01,  3.5364e-01],
         [ 1.5958e-02,  2.0738e-01,  1.5046e-01,  ..., -2.2577e-01,
           2.2834e-01, -4.5921e-01],
         [-8.0350e-01, -5.2812e-01, -2.4076e-01,  ..., -1.1020e+00,
          -1.9264e-01,  7.3992e-01]]])})
Loss:  tensor(1.5873, grad_fn=<MeanBackward0>)
OrderedDict({'rvq_quantizer.project_in.weight': tensor([[-0.0413, -0.0308, -0.0457,  ..., -0.0054,  0.1202, -0.1159],
        [ 0.0671,  0.0330, -0.0402,  ..., -0.0271,  0.0020,  0.1032],
        [-0.0275,  0.0642, -0.0733,  ..., -0.0311,  0.0269,  0.0363],
        ...,
        [-0.1104, -0.0646,  0.0862,  ..., -0.0201,  0.0044,  0.0403],
        [-0.0280,  0.0473, -0.0244,  ..., -0.0301, -0.0984, -0.0943],
        [-0.0933, -0.0056,  0.1242,  ..., -0.0953,  0.0431,  0.0878]]), 'rvq_quantizer.project_in.bias': tensor([-6.1077e-03, -1.0639e-01,  5.7743e-02,  6.1203e-02, -9.2560e-02,
         7.2414e-02, -8.3908e-02, -1.2417e-01,  1.2006e-01, -1.7564e-02,
        -1.3723e-02,  7.0126e-02,  6.4868e-03,  7.0763e-02,  1.1920e-01,
         4.2498e-05,  4.7043e-02,  9.1601e-02,  6.0515e-02, -1.7811e-02,
         2.7558e-02, -6.4958e-02,  4.0020e-02, -7.0381e-02,  5.4873e-03,
        -3.8032e-02,  2.0210e-02,  6.6242e-02, -3.0837e-02,  1.1786e-01,
         1.2109e-01, -8.7243e-02]), 'rvq_quantizer.project_out.weight': tensor([[ 0.1391,  0.1389, -0.0638,  ...,  0.1497, -0.1518, -0.0982],
        [ 0.0400, -0.1660,  0.0335,  ...,  0.1551, -0.0025, -0.0239],
        [-0.0596, -0.0033,  0.1215,  ...,  0.0158,  0.0578,  0.0373],
        ...,
        [ 0.1155, -0.1740, -0.0604,  ..., -0.0189, -0.1290, -0.1407],
        [ 0.1166, -0.1520,  0.1097,  ..., -0.1163, -0.1759,  0.0724],
        [ 0.0715,  0.1611, -0.1024,  ...,  0.0083, -0.0714, -0.1503]]), 'rvq_quantizer.project_out.bias': tensor([ 1.5987e-01,  1.5615e-01, -1.5339e-01, -1.0336e-01, -6.1310e-02,
         1.3101e-01,  1.5501e-01, -1.5527e-01,  1.1952e-01, -1.5099e-01,
        -6.0957e-02,  1.4259e-01,  1.0313e-01,  1.3681e-01,  1.7227e-01,
        -8.1989e-02, -8.3912e-03, -1.7124e-01, -4.0239e-02,  1.4932e-01,
         1.4961e-01, -5.6660e-02,  9.9182e-02, -1.0434e-01, -7.8989e-02,
        -9.6498e-02,  1.5545e-01,  3.2009e-02,  3.9123e-02, -3.6162e-02,
         3.2309e-02, -1.1915e-01,  1.7072e-01, -1.2743e-01,  1.0117e-01,
        -1.7586e-01, -2.1377e-03, -9.6926e-02, -1.5145e-01, -9.3806e-03,
         9.3895e-02, -1.7972e-02, -9.2573e-02,  4.8761e-02,  3.3396e-02,
        -1.5251e-01,  9.7981e-03,  1.3211e-01, -2.1608e-02, -7.7352e-02,
        -1.3026e-01,  7.6535e-02, -7.3283e-03,  1.0275e-04,  6.7207e-02,
         7.6276e-02,  2.7185e-03, -1.2288e-01,  1.6985e-01, -1.5501e-01,
        -1.4429e-01, -1.2162e-01, -1.6839e-01,  1.5317e-01]), 'rvq_quantizer.layers.0._codebook.initted': tensor([1.]), 'rvq_quantizer.layers.0._codebook.cluster_size': tensor([[2.0000, 2.0000, 4.4934,  ..., 2.7383, 2.6552, 4.3674]]), 'rvq_quantizer.layers.0._codebook.embed_avg': tensor([[[  52.1559,  -85.1904,   -6.7610,  ...,  129.8137,   23.7235,
            94.3467],
         [  51.0859,  -97.8943,   43.6838,  ...,  142.8941,   62.0220,
           110.4350],
         [  91.0931, -152.2338,   73.6302,  ...,  266.5762,  142.7844,
           162.1452],
         ...,
         [  73.7174, -132.2008,   38.1457,  ...,  205.9580,   87.6475,
           171.1685],
         [  85.2772, -116.1601,   35.1238,  ...,  189.9516,  103.4766,
           153.2480],
         [ 129.8666, -140.6409,   66.1191,  ...,  193.9636,  147.6741,
           114.3902]]]), 'rvq_quantizer.layers.0._codebook.embed': tensor([[[ 26.0780, -42.5952,  -3.3805,  ...,  64.9068,  11.8618,  47.1734],
         [ 25.5429, -48.9472,  21.8419,  ...,  71.4470,  31.0110,  55.2175],
         [ 20.2727, -33.8795,  16.3863,  ...,  59.3263,  31.7766,  36.0853],
         ...,
         [ 26.9206, -48.2779,  13.9303,  ...,  75.2130,  32.0077,  62.5084],
         [ 32.1171, -43.7482,  13.2283,  ...,  71.5395,  38.9713,  57.7162],
         [ 29.7352, -32.2021,  15.1391,  ...,  44.4112,  33.8125,  26.1916]]]), 'rvq_quantizer.layers.1._codebook.initted': tensor([1.]), 'rvq_quantizer.layers.1._codebook.cluster_size': tensor([[350.3164,   2.2623,   4.3596,  ...,   2.9437,   2.7864,   2.0000]]), 'rvq_quantizer.layers.1._codebook.embed_avg': tensor([[[ 8.7299e-04, -1.3235e-03,  4.3861e-04,  ...,  2.3172e-03,
           1.0064e-03,  1.4074e-03],
         [ 7.2811e+00, -1.0579e+01, -5.2068e+00,  ...,  6.8618e+00,
          -5.3821e+00, -3.1231e+00],
         [ 4.3544e+00,  1.8349e+01,  1.2988e+01,  ..., -1.1906e+01,
          -1.1797e+00, -2.2373e+01],
         ...,
         [ 5.4596e+00, -3.5673e+00,  1.6477e+00,  ...,  3.0267e+00,
          -1.8550e+00,  5.2302e-01],
         [-1.0363e+01, -2.5310e+00,  2.2699e+00,  ...,  1.9606e-02,
          -1.3878e+00, -6.0739e+00],
         [ 2.4533e+00, -8.8416e-01, -2.9370e+00,  ...,  3.5726e+00,
          -2.1014e+00,  6.4041e+00]]]), 'rvq_quantizer.layers.1._codebook.embed': tensor([[[ 2.4920e-06, -3.7780e-06,  1.2521e-06,  ...,  6.6147e-06,
           2.8729e-06,  4.0175e-06],
         [ 3.2185e+00, -4.6763e+00, -2.3015e+00,  ...,  3.0331e+00,
          -2.3790e+00, -1.3805e+00],
         [ 9.9881e-01,  4.2088e+00,  2.9792e+00,  ..., -2.7309e+00,
          -2.7059e-01, -5.1320e+00],
         ...,
         [ 1.8547e+00, -1.2118e+00,  5.5974e-01,  ...,  1.0282e+00,
          -6.3017e-01,  1.7767e-01],
         [-3.7192e+00, -9.0835e-01,  8.1464e-01,  ...,  7.0363e-03,
          -4.9808e-01, -2.1798e+00],
         [ 1.2267e+00, -4.4208e-01, -1.4685e+00,  ...,  1.7863e+00,
          -1.0507e+00,  3.2020e+00]]]), 'rvq_quantizer.layers.2._codebook.initted': tensor([1.]), 'rvq_quantizer.layers.2._codebook.cluster_size': tensor([[385.8159,   2.5607,   3.2431,  ...,   2.0000,   2.0000,   2.0000]]), 'rvq_quantizer.layers.2._codebook.embed_avg': tensor([[[ 6.2614e-04, -9.5455e-04,  3.2240e-04,  ...,  1.6540e-03,
           7.1849e-04,  1.0414e-03],
         [-8.2249e-02, -2.0786e-01,  2.2602e-01,  ..., -1.3221e-01,
           4.2141e-02, -3.4173e-02],
         [ 2.8811e+00, -1.1920e+00, -1.1772e+00,  ..., -3.3230e-02,
           1.0766e+00,  1.6481e+00],
         ...,
         [ 1.8492e-02,  3.3396e-02, -4.5841e-02,  ..., -1.3533e-02,
          -4.2910e-03, -7.4361e-03],
         [-6.8515e-01,  6.6576e-01, -4.9433e-01,  ..., -1.1692e+00,
          -7.6776e-01, -2.8561e+00],
         [ 3.6935e-01,  1.4318e+00, -7.1096e-01,  ..., -2.4703e+00,
          -2.3920e+00,  2.2337e+00]]]), 'rvq_quantizer.layers.2._codebook.embed': tensor([[[ 1.6229e-06, -2.4741e-06,  8.3564e-07,  ...,  4.2870e-06,
           1.8623e-06,  2.6993e-06],
         [-3.2119e-02, -8.1173e-02,  8.8262e-02,  ..., -5.1628e-02,
           1.6457e-02, -1.3345e-02],
         [ 8.8838e-01, -3.6757e-01, -3.6301e-01,  ..., -1.0246e-02,
           3.3196e-01,  5.0819e-01],
         ...,
         [ 9.2459e-03,  1.6698e-02, -2.2921e-02,  ..., -6.7666e-03,
          -2.1455e-03, -3.7180e-03],
         [-3.4257e-01,  3.3288e-01, -2.4717e-01,  ..., -5.8458e-01,
          -3.8388e-01, -1.4281e+00],
         [ 1.8468e-01,  7.1592e-01, -3.5548e-01,  ..., -1.2352e+00,
          -1.1960e+00,  1.1169e+00]]]), 'rvq_quantizer.layers.3._codebook.initted': tensor([1.]), 'rvq_quantizer.layers.3._codebook.cluster_size': tensor([[316.5677,  63.7330,   2.0000,  ...,   2.6384,   2.5653,   3.8467]]), 'rvq_quantizer.layers.3._codebook.embed_avg': tensor([[[ 3.2078e-04, -4.9525e-04,  1.6402e-04,  ...,  8.4732e-04,
           3.6460e-04,  5.2206e-04],
         [ 6.5872e-05, -9.6648e-05,  3.3583e-05,  ...,  1.7836e-04,
           7.6456e-05,  1.1681e-04],
         [ 4.1197e+00,  3.4887e+00,  3.2120e-01,  ...,  9.6913e-01,
          -2.9151e+00,  7.7803e-02],
         ...,
         [ 2.0914e+00, -2.2303e+00,  9.3769e-01,  ...,  1.8846e-01,
          -2.1562e+00,  1.0402e+00],
         [ 2.7442e-02,  6.3075e-01,  4.1343e-01,  ..., -6.7949e-01,
           6.2963e-01, -1.2974e+00],
         [-3.0686e+00, -2.1823e+00, -9.3796e-01,  ..., -4.1702e+00,
          -6.6107e-01,  2.7940e+00]]]), 'rvq_quantizer.layers.3._codebook.embed': tensor([[[ 1.0133e-06, -1.5645e-06,  5.1813e-07,  ...,  2.6766e-06,
           1.1517e-06,  1.6491e-06],
         [ 1.0336e-06, -1.5165e-06,  5.2694e-07,  ...,  2.7986e-06,
           1.1996e-06,  1.8327e-06],
         [ 2.0598e+00,  1.7443e+00,  1.6060e-01,  ...,  4.8457e-01,
          -1.4576e+00,  3.8901e-02],
         ...,
         [ 7.9267e-01, -8.4533e-01,  3.5540e-01,  ...,  7.1430e-02,
          -8.1722e-01,  3.9425e-01],
         [ 1.0697e-02,  2.4588e-01,  1.6116e-01,  ..., -2.6487e-01,
           2.4544e-01, -5.0575e-01],
         [-7.9773e-01, -5.6733e-01, -2.4383e-01,  ..., -1.0841e+00,
          -1.7185e-01,  7.2633e-01]]])})
Loss:  tensor(1.6096, grad_fn=<MeanBackward0>)
OrderedDict({'rvq_quantizer.project_in.weight': tensor([[-0.0413, -0.0308, -0.0457,  ..., -0.0054,  0.1202, -0.1159],
        [ 0.0671,  0.0330, -0.0402,  ..., -0.0271,  0.0020,  0.1032],
        [-0.0275,  0.0642, -0.0733,  ..., -0.0311,  0.0269,  0.0363],
        ...,
        [-0.1104, -0.0646,  0.0862,  ..., -0.0201,  0.0044,  0.0403],
        [-0.0280,  0.0473, -0.0244,  ..., -0.0301, -0.0984, -0.0943],
        [-0.0933, -0.0056,  0.1242,  ..., -0.0953,  0.0431,  0.0878]]), 'rvq_quantizer.project_in.bias': tensor([-6.1077e-03, -1.0639e-01,  5.7743e-02,  6.1203e-02, -9.2560e-02,
         7.2414e-02, -8.3908e-02, -1.2417e-01,  1.2006e-01, -1.7564e-02,
        -1.3723e-02,  7.0126e-02,  6.4868e-03,  7.0763e-02,  1.1920e-01,
         4.2498e-05,  4.7043e-02,  9.1601e-02,  6.0515e-02, -1.7811e-02,
         2.7558e-02, -6.4958e-02,  4.0020e-02, -7.0381e-02,  5.4873e-03,
        -3.8032e-02,  2.0210e-02,  6.6242e-02, -3.0837e-02,  1.1786e-01,
         1.2109e-01, -8.7243e-02]), 'rvq_quantizer.project_out.weight': tensor([[ 0.1391,  0.1389, -0.0638,  ...,  0.1497, -0.1518, -0.0982],
        [ 0.0400, -0.1660,  0.0335,  ...,  0.1551, -0.0025, -0.0239],
        [-0.0596, -0.0033,  0.1215,  ...,  0.0158,  0.0578,  0.0373],
        ...,
        [ 0.1155, -0.1740, -0.0604,  ..., -0.0189, -0.1290, -0.1407],
        [ 0.1166, -0.1520,  0.1097,  ..., -0.1163, -0.1759,  0.0724],
        [ 0.0715,  0.1611, -0.1024,  ...,  0.0083, -0.0714, -0.1503]]), 'rvq_quantizer.project_out.bias': tensor([ 1.5987e-01,  1.5615e-01, -1.5339e-01, -1.0336e-01, -6.1310e-02,
         1.3101e-01,  1.5501e-01, -1.5527e-01,  1.1952e-01, -1.5099e-01,
        -6.0957e-02,  1.4259e-01,  1.0313e-01,  1.3681e-01,  1.7227e-01,
        -8.1989e-02, -8.3912e-03, -1.7124e-01, -4.0239e-02,  1.4932e-01,
         1.4961e-01, -5.6660e-02,  9.9182e-02, -1.0434e-01, -7.8989e-02,
        -9.6498e-02,  1.5545e-01,  3.2009e-02,  3.9123e-02, -3.6162e-02,
         3.2309e-02, -1.1915e-01,  1.7072e-01, -1.2743e-01,  1.0117e-01,
        -1.7586e-01, -2.1377e-03, -9.6926e-02, -1.5145e-01, -9.3806e-03,
         9.3895e-02, -1.7972e-02, -9.2573e-02,  4.8761e-02,  3.3396e-02,
        -1.5251e-01,  9.7981e-03,  1.3211e-01, -2.1608e-02, -7.7352e-02,
        -1.3026e-01,  7.6535e-02, -7.3283e-03,  1.0275e-04,  6.7207e-02,
         7.6276e-02,  2.7185e-03, -1.2288e-01,  1.6985e-01, -1.5501e-01,
        -1.4429e-01, -1.2162e-01, -1.6839e-01,  1.5317e-01]), 'rvq_quantizer.layers.0._codebook.initted': tensor([1.]), 'rvq_quantizer.layers.0._codebook.cluster_size': tensor([[2.0000, 2.0000, 4.4441,  ..., 2.7645, 2.5897, 4.3307]]), 'rvq_quantizer.layers.0._codebook.embed_avg': tensor([[[  68.9334,  -79.3971,   24.5052,  ...,  140.1931,   71.6585,
           108.2222],
         [  61.2802, -103.0997,   22.0871,  ...,  162.3759,   50.7723,
           131.3353],
         [  90.1691, -150.4199,   72.6709,  ...,  263.6536,  141.3865,
           160.3560],
         ...,
         [  74.4311, -133.4676,   38.5294,  ...,  207.9217,   88.4718,
           172.8037],
         [  83.3444, -113.6576,   34.2328,  ...,  185.4172,  100.8945,
           149.5859],
         [ 128.8985, -140.0700,   65.7049,  ...,  192.7901,  146.3601,
           113.4400]]]), 'rvq_quantizer.layers.0._codebook.embed': tensor([[[ 34.4667, -39.6986,  12.2526,  ...,  70.0965,  35.8292,  54.1111],
         [ 30.6401, -51.5498,  11.0435,  ...,  81.1880,  25.3862,  65.6676],
         [ 20.2899, -33.8475,  16.3524,  ...,  59.3273,  31.8148,  36.0833],
         ...,
         [ 26.9239, -48.2792,  13.9372,  ...,  75.2114,  32.0029,  62.5082],
         [ 32.1833, -43.8887,  13.2189,  ...,  71.5985,  38.9602,  57.7623],
         [ 29.7639, -32.3435,  15.1719,  ...,  44.5171,  33.7960,  26.1944]]]), 'rvq_quantizer.layers.1._codebook.initted': tensor([1.]), 'rvq_quantizer.layers.1._codebook.cluster_size': tensor([[350.0848,   2.2361,   4.3236,  ...,   3.0493,   2.8078,   2.0000]]), 'rvq_quantizer.layers.1._codebook.embed_avg': tensor([[[ 8.6542e-04, -1.3079e-03,  4.3483e-04,  ...,  2.3018e-03,
           9.9714e-04,  1.3941e-03],
         [ 7.1436e+00, -1.0591e+01, -4.9798e+00,  ...,  6.6757e+00,
          -5.3896e+00, -3.1723e+00],
         [ 4.1050e+00,  1.8419e+01,  1.2547e+01,  ..., -1.1727e+01,
          -1.6778e+00, -2.2323e+01],
         ...,
         [ 5.6533e+00, -3.8838e+00,  1.7483e+00,  ...,  3.1434e+00,
          -1.9403e+00,  5.7651e-01],
         [-1.0423e+01, -2.4015e+00,  1.9922e+00,  ..., -4.6075e-01,
          -1.4707e+00, -6.1021e+00],
         [-1.5580e+00, -1.6424e+00, -9.8442e-02,  ...,  9.5100e-01,
           2.4465e+00, -7.3567e+00]]]), 'rvq_quantizer.layers.1._codebook.embed': tensor([[[ 2.4720e-06, -3.7359e-06,  1.2421e-06,  ...,  6.5750e-06,
           2.8483e-06,  3.9821e-06],
         [ 3.1947e+00, -4.7366e+00, -2.2270e+00,  ...,  2.9855e+00,
          -2.4103e+00, -1.4187e+00],
         [ 9.4943e-01,  4.2601e+00,  2.9019e+00,  ..., -2.7122e+00,
          -3.8806e-01, -5.1631e+00],
         ...,
         [ 1.8539e+00, -1.2736e+00,  5.7333e-01,  ...,  1.0308e+00,
          -6.3631e-01,  1.8906e-01],
         [-3.7123e+00, -8.5531e-01,  7.0954e-01,  ..., -1.6410e-01,
          -5.2381e-01, -2.1733e+00],
         [-7.7901e-01, -8.2118e-01, -4.9221e-02,  ...,  4.7550e-01,
           1.2233e+00, -3.6783e+00]]]), 'rvq_quantizer.layers.2._codebook.initted': tensor([1.]), 'rvq_quantizer.layers.2._codebook.cluster_size': tensor([[384.9344,   2.7047,   3.1188,  ...,   2.0000,   2.0000,   2.0000]]), 'rvq_quantizer.layers.2._codebook.embed_avg': tensor([[[ 6.3109e-04, -9.6683e-04,  3.2355e-04,  ...,  1.6696e-03,
           7.1975e-04,  1.0577e-03],
         [-1.2454e-01, -1.8708e-01,  2.0955e-01,  ..., -1.6176e-01,
           6.0688e-02, -4.6808e-02],
         [ 2.8412e+00, -1.1290e+00, -1.1252e+00,  ..., -3.5342e-02,
           1.0044e+00,  1.6388e+00],
         ...,
         [ 2.1275e+00,  1.8902e+00, -6.4604e-01,  ..., -1.5248e+00,
           1.8889e-01,  4.7604e-01],
         [-5.2716e-01,  3.7806e+00, -2.4673e+00,  ..., -4.3054e+00,
          -1.0264e+00, -1.7072e-01],
         [ 7.6606e-01, -2.9071e+00,  1.0218e+01,  ..., -3.4659e+00,
          -3.5392e-02, -2.1263e+00]]]), 'rvq_quantizer.layers.2._codebook.embed': tensor([[[ 1.6395e-06, -2.5117e-06,  8.4054e-07,  ...,  4.3375e-06,
           1.8698e-06,  2.7476e-06],
         [-4.6047e-02, -6.9168e-02,  7.7478e-02,  ..., -5.9808e-02,
           2.2438e-02, -1.7306e-02],
         [ 9.1099e-01, -3.6199e-01, -3.6080e-01,  ..., -1.1332e-02,
           3.2206e-01,  5.2546e-01],
         ...,
         [ 1.0637e+00,  9.4509e-01, -3.2302e-01,  ..., -7.6240e-01,
           9.4445e-02,  2.3802e-01],
         [-2.6358e-01,  1.8903e+00, -1.2337e+00,  ..., -2.1527e+00,
          -5.1319e-01, -8.5359e-02],
         [ 3.8303e-01, -1.4535e+00,  5.1088e+00,  ..., -1.7330e+00,
          -1.7696e-02, -1.0632e+00]]]), 'rvq_quantizer.layers.3._codebook.initted': tensor([1.]), 'rvq_quantizer.layers.3._codebook.cluster_size': tensor([[323.1109,  57.3597,   2.0000,  ...,   2.5746,   2.5088,   3.5620]]), 'rvq_quantizer.layers.3._codebook.embed_avg': tensor([[[ 3.3307e-04, -5.1933e-04,  1.6879e-04,  ...,  8.8626e-04,
           3.7525e-04,  5.5093e-04],
         [ 5.9285e-05, -8.6984e-05,  3.0225e-05,  ...,  1.6053e-04,
           6.8810e-05,  1.0513e-04],
         [-5.7550e-01, -1.5885e+00,  1.1813e-02,  ...,  8.8186e-01,
          -4.1433e-01,  3.3322e+00],
         ...,
         [ 2.0548e+00, -2.4049e+00,  8.8556e-01,  ...,  1.4180e-01,
          -2.2135e+00,  1.1144e+00],
         [ 6.0895e-02,  6.4950e-01,  3.8776e-01,  ..., -6.1764e-01,
           6.7660e-01, -1.4032e+00],
         [-2.7684e+00, -2.0833e+00, -7.6038e-01,  ..., -3.8060e+00,
          -5.1223e-01,  2.4670e+00]]]), 'rvq_quantizer.layers.3._codebook.embed': tensor([[[ 1.0308e-06, -1.6073e-06,  5.2239e-07,  ...,  2.7429e-06,
           1.1614e-06,  1.7051e-06],
         [ 1.0336e-06, -1.5165e-06,  5.2694e-07,  ...,  2.7986e-06,
           1.1996e-06,  1.8327e-06],
         [-2.8775e-01, -7.9426e-01,  5.9066e-03,  ...,  4.4093e-01,
          -2.0716e-01,  1.6661e+00],
         ...,
         [ 7.9812e-01, -9.3411e-01,  3.4396e-01,  ...,  5.5078e-02,
          -8.5974e-01,  4.3283e-01],
         [ 2.4273e-02,  2.5889e-01,  1.5456e-01,  ..., -2.4619e-01,
           2.6969e-01, -5.5931e-01],
         [-7.7720e-01, -5.8486e-01, -2.1347e-01,  ..., -1.0685e+00,
          -1.4380e-01,  6.9259e-01]]])})
Loss:  tensor(1.5853, grad_fn=<MeanBackward0>)
OrderedDict({'rvq_quantizer.project_in.weight': tensor([[-0.0413, -0.0308, -0.0457,  ..., -0.0054,  0.1202, -0.1159],
        [ 0.0671,  0.0330, -0.0402,  ..., -0.0271,  0.0020,  0.1032],
        [-0.0275,  0.0642, -0.0733,  ..., -0.0311,  0.0269,  0.0363],
        ...,
        [-0.1104, -0.0646,  0.0862,  ..., -0.0201,  0.0044,  0.0403],
        [-0.0280,  0.0473, -0.0244,  ..., -0.0301, -0.0984, -0.0943],
        [-0.0933, -0.0056,  0.1242,  ..., -0.0953,  0.0431,  0.0878]]), 'rvq_quantizer.project_in.bias': tensor([-6.1077e-03, -1.0639e-01,  5.7743e-02,  6.1203e-02, -9.2560e-02,
         7.2414e-02, -8.3908e-02, -1.2417e-01,  1.2006e-01, -1.7564e-02,
        -1.3723e-02,  7.0126e-02,  6.4868e-03,  7.0763e-02,  1.1920e-01,
         4.2498e-05,  4.7043e-02,  9.1601e-02,  6.0515e-02, -1.7811e-02,
         2.7558e-02, -6.4958e-02,  4.0020e-02, -7.0381e-02,  5.4873e-03,
        -3.8032e-02,  2.0210e-02,  6.6242e-02, -3.0837e-02,  1.1786e-01,
         1.2109e-01, -8.7243e-02]), 'rvq_quantizer.project_out.weight': tensor([[ 0.1391,  0.1389, -0.0638,  ...,  0.1497, -0.1518, -0.0982],
        [ 0.0400, -0.1660,  0.0335,  ...,  0.1551, -0.0025, -0.0239],
        [-0.0596, -0.0033,  0.1215,  ...,  0.0158,  0.0578,  0.0373],
        ...,
        [ 0.1155, -0.1740, -0.0604,  ..., -0.0189, -0.1290, -0.1407],
        [ 0.1166, -0.1520,  0.1097,  ..., -0.1163, -0.1759,  0.0724],
        [ 0.0715,  0.1611, -0.1024,  ...,  0.0083, -0.0714, -0.1503]]), 'rvq_quantizer.project_out.bias': tensor([ 1.5987e-01,  1.5615e-01, -1.5339e-01, -1.0336e-01, -6.1310e-02,
         1.3101e-01,  1.5501e-01, -1.5527e-01,  1.1952e-01, -1.5099e-01,
        -6.0957e-02,  1.4259e-01,  1.0313e-01,  1.3681e-01,  1.7227e-01,
        -8.1989e-02, -8.3912e-03, -1.7124e-01, -4.0239e-02,  1.4932e-01,
         1.4961e-01, -5.6660e-02,  9.9182e-02, -1.0434e-01, -7.8989e-02,
        -9.6498e-02,  1.5545e-01,  3.2009e-02,  3.9123e-02, -3.6162e-02,
         3.2309e-02, -1.1915e-01,  1.7072e-01, -1.2743e-01,  1.0117e-01,
        -1.7586e-01, -2.1377e-03, -9.6926e-02, -1.5145e-01, -9.3806e-03,
         9.3895e-02, -1.7972e-02, -9.2573e-02,  4.8761e-02,  3.3396e-02,
        -1.5251e-01,  9.7981e-03,  1.3211e-01, -2.1608e-02, -7.7352e-02,
        -1.3026e-01,  7.6535e-02, -7.3283e-03,  1.0275e-04,  6.7207e-02,
         7.6276e-02,  2.7185e-03, -1.2288e-01,  1.6985e-01, -1.5501e-01,
        -1.4429e-01, -1.2162e-01, -1.6839e-01,  1.5317e-01]), 'rvq_quantizer.layers.0._codebook.initted': tensor([1.]), 'rvq_quantizer.layers.0._codebook.cluster_size': tensor([[2.0000, 2.0000, 4.3997,  ..., 2.7880, 2.6307, 4.3976]]), 'rvq_quantizer.layers.0._codebook.embed_avg': tensor([[[  68.9355,  -80.1341,   24.3087,  ...,  140.3172,   72.2008,
           108.0037],
         [  43.9677,  -68.1152,   10.8501,  ...,  118.2603,   26.8217,
            70.5843],
         [  89.3375, -148.7873,   71.8076,  ...,  261.0232,  140.1283,
           158.7457],
         ...,
         [  75.0735, -134.6078,   38.8747,  ...,  209.6890,   89.2137,
           174.2754],
         [  84.6550, -115.4495,   34.7777,  ...,  188.3417,  102.4915,
           151.9495],
         [ 130.9578, -142.4017,   66.6427,  ...,  195.7661,  148.6811,
           115.3724]]]), 'rvq_quantizer.layers.0._codebook.embed': tensor([[[ 34.4677, -40.0670,  12.1543,  ...,  70.1585,  36.1003,  54.0018],
         [ 21.9838, -34.0576,   5.4251,  ...,  59.1301,  13.4109,  35.2922],
         [ 20.3056, -33.8180,  16.3212,  ...,  59.3282,  31.8499,  36.0815],
         ...,
         [ 26.9269, -48.2803,  13.9434,  ...,  75.2100,  31.9986,  62.5081],
         [ 32.1795, -43.8853,  13.2199,  ...,  71.5935,  38.9596,  57.7598],
         [ 29.7792, -32.3815,  15.1542,  ...,  44.5163,  33.8094,  26.2351]]]), 'rvq_quantizer.layers.1._codebook.initted': tensor([1.]), 'rvq_quantizer.layers.1._codebook.cluster_size': tensor([[350.6763,   2.2125,   4.1913,  ...,   2.8444,   2.7270,   2.0000]]), 'rvq_quantizer.layers.1._codebook.embed_avg': tensor([[[ 8.5250e-04, -1.2867e-03,  4.2625e-04,  ...,  2.2582e-03,
           9.8097e-04,  1.3668e-03],
         [ 7.0132e+00, -1.0600e+01, -4.7817e+00,  ...,  6.5071e+00,
          -5.3914e+00, -3.2124e+00],
         [ 3.8992e+00,  1.8206e+01,  1.1847e+01,  ..., -1.1148e+01,
          -2.0838e+00, -2.1799e+01],
         ...,
         [ 5.0689e+00, -3.9780e+00,  1.6100e+00,  ...,  3.0513e+00,
          -1.9092e+00,  5.3408e-01],
         [-1.0216e+01, -2.3104e+00,  1.9067e+00,  ..., -6.8705e-02,
          -1.5427e+00, -5.7809e+00],
         [ 2.2888e-05, -3.0518e-05,  7.6294e-06,  ...,  9.1553e-05,
           2.2888e-05,  3.0518e-05]]]), 'rvq_quantizer.layers.1._codebook.embed': tensor([[[ 2.4310e-06, -3.6694e-06,  1.2155e-06,  ...,  6.4395e-06,
           2.7974e-06,  3.8977e-06],
         [ 3.1698e+00, -4.7911e+00, -2.1613e+00,  ...,  2.9411e+00,
          -2.4368e+00, -1.4519e+00],
         [ 9.3032e-01,  4.3437e+00,  2.8265e+00,  ..., -2.6599e+00,
          -4.9718e-01, -5.2010e+00],
         ...,
         [ 1.7821e+00, -1.3985e+00,  5.6601e-01,  ...,  1.0727e+00,
          -6.7123e-01,  1.8777e-01],
         [-3.7462e+00, -8.4722e-01,  6.9918e-01,  ..., -2.5194e-02,
          -5.6571e-01, -2.1199e+00],
         [ 1.1444e-05, -1.5259e-05,  3.8147e-06,  ...,  4.5776e-05,
           1.1444e-05,  1.5259e-05]]]), 'rvq_quantizer.layers.2._codebook.initted': tensor([1.]), 'rvq_quantizer.layers.2._codebook.cluster_size': tensor([[384.9409,   2.5342,   3.0069,  ...,   2.0000,   2.0000,   2.0000]]), 'rvq_quantizer.layers.2._codebook.embed_avg': tensor([[[ 6.3403e-04, -9.7342e-04,  3.2053e-04,  ...,  1.6627e-03,
           7.1605e-04,  1.0583e-03],
         [-1.2527e-01, -1.7005e-01,  2.0703e-01,  ..., -1.4884e-01,
           6.2956e-02, -5.0186e-02],
         [ 2.6794e+00, -1.1993e+00, -1.1164e+00,  ..., -8.1999e-02,
           8.9216e-01,  1.5515e+00],
         ...,
         [-1.7830e+00, -3.3901e+00, -3.8636e+00,  ...,  8.3360e-01,
          -8.8068e-01,  1.1096e+00],
         [ 7.6302e-02, -8.8114e-01, -1.7601e+00,  ...,  4.7744e+00,
          -1.0247e+00, -2.0928e+00],
         [-8.8865e-02,  3.9402e-01, -1.2107e-01,  ..., -1.1828e+00,
          -8.8064e-01,  1.8095e-01]]]), 'rvq_quantizer.layers.2._codebook.embed': tensor([[[ 1.6471e-06, -2.5288e-06,  8.3268e-07,  ...,  4.3193e-06,
           1.8602e-06,  2.7493e-06],
         [-4.9431e-02, -6.7102e-02,  8.1694e-02,  ..., -5.8732e-02,
           2.4843e-02, -1.9803e-02],
         [ 8.9108e-01, -3.9886e-01, -3.7130e-01,  ..., -2.7270e-02,
           2.9671e-01,  5.1597e-01],
         ...,
         [-8.9152e-01, -1.6951e+00, -1.9318e+00,  ...,  4.1680e-01,
          -4.4034e-01,  5.5478e-01],
         [ 3.8151e-02, -4.4057e-01, -8.8003e-01,  ...,  2.3872e+00,
          -5.1236e-01, -1.0464e+00],
         [-4.4433e-02,  1.9701e-01, -6.0535e-02,  ..., -5.9141e-01,
          -4.4032e-01,  9.0476e-02]]]), 'rvq_quantizer.layers.3._codebook.initted': tensor([1.]), 'rvq_quantizer.layers.3._codebook.cluster_size': tensor([[329.7998,  51.6237,   2.0000,  ...,   2.5171,   2.7579,   3.4058]]), 'rvq_quantizer.layers.3._codebook.embed_avg': tensor([[[ 3.4371e-04, -5.3723e-04,  1.7021e-04,  ...,  8.9855e-04,
           3.7992e-04,  5.6714e-04],
         [ 5.3356e-05, -7.8285e-05,  2.7202e-05,  ...,  1.4448e-04,
           6.1929e-05,  9.4613e-05],
         [-1.5825e-01,  1.9172e-01,  1.6150e-01,  ...,  2.1179e-01,
           9.1498e-02, -1.5355e-01],
         ...,
         [ 1.9378e+00, -2.5005e+00,  9.1249e-01,  ...,  5.3799e-02,
          -2.2324e+00,  9.8693e-01],
         [ 1.5288e-01,  6.5436e-01,  4.4450e-01,  ..., -8.6530e-01,
           7.2367e-01, -1.4202e+00],
         [-2.5492e+00, -2.1126e+00, -6.3183e-01,  ..., -3.6057e+00,
          -2.9284e-01,  2.3716e+00]]]), 'rvq_quantizer.layers.3._codebook.embed': tensor([[[ 1.0422e-06, -1.6289e-06,  5.1609e-07,  ...,  2.7245e-06,
           1.1520e-06,  1.7196e-06],
         [ 1.0336e-06, -1.5165e-06,  5.2694e-07,  ...,  2.7986e-06,
           1.1996e-06,  1.8327e-06],
         [-7.9125e-02,  9.5862e-02,  8.0750e-02,  ...,  1.0590e-01,
           4.5749e-02, -7.6775e-02],
         ...,
         [ 7.6986e-01, -9.9340e-01,  3.6251e-01,  ...,  2.1373e-02,
          -8.8688e-01,  3.9209e-01],
         [ 5.5432e-02,  2.3727e-01,  1.6117e-01,  ..., -3.1375e-01,
           2.6240e-01, -5.1495e-01],
         [-7.4849e-01, -6.2029e-01, -1.8552e-01,  ..., -1.0587e+00,
          -8.5982e-02,  6.9633e-01]]])})
Loss:  tensor(1.5818, grad_fn=<MeanBackward0>)
OrderedDict({'rvq_quantizer.project_in.weight': tensor([[-0.0413, -0.0308, -0.0457,  ..., -0.0054,  0.1202, -0.1159],
        [ 0.0671,  0.0330, -0.0402,  ..., -0.0271,  0.0020,  0.1032],
        [-0.0275,  0.0642, -0.0733,  ..., -0.0311,  0.0269,  0.0363],
        ...,
        [-0.1104, -0.0646,  0.0862,  ..., -0.0201,  0.0044,  0.0403],
        [-0.0280,  0.0473, -0.0244,  ..., -0.0301, -0.0984, -0.0943],
        [-0.0933, -0.0056,  0.1242,  ..., -0.0953,  0.0431,  0.0878]]), 'rvq_quantizer.project_in.bias': tensor([-6.1077e-03, -1.0639e-01,  5.7743e-02,  6.1203e-02, -9.2560e-02,
         7.2414e-02, -8.3908e-02, -1.2417e-01,  1.2006e-01, -1.7564e-02,
        -1.3723e-02,  7.0126e-02,  6.4868e-03,  7.0763e-02,  1.1920e-01,
         4.2498e-05,  4.7043e-02,  9.1601e-02,  6.0515e-02, -1.7811e-02,
         2.7558e-02, -6.4958e-02,  4.0020e-02, -7.0381e-02,  5.4873e-03,
        -3.8032e-02,  2.0210e-02,  6.6242e-02, -3.0837e-02,  1.1786e-01,
         1.2109e-01, -8.7243e-02]), 'rvq_quantizer.project_out.weight': tensor([[ 0.1391,  0.1389, -0.0638,  ...,  0.1497, -0.1518, -0.0982],
        [ 0.0400, -0.1660,  0.0335,  ...,  0.1551, -0.0025, -0.0239],
        [-0.0596, -0.0033,  0.1215,  ...,  0.0158,  0.0578,  0.0373],
        ...,
        [ 0.1155, -0.1740, -0.0604,  ..., -0.0189, -0.1290, -0.1407],
        [ 0.1166, -0.1520,  0.1097,  ..., -0.1163, -0.1759,  0.0724],
        [ 0.0715,  0.1611, -0.1024,  ...,  0.0083, -0.0714, -0.1503]]), 'rvq_quantizer.project_out.bias': tensor([ 1.5987e-01,  1.5615e-01, -1.5339e-01, -1.0336e-01, -6.1310e-02,
         1.3101e-01,  1.5501e-01, -1.5527e-01,  1.1952e-01, -1.5099e-01,
        -6.0957e-02,  1.4259e-01,  1.0313e-01,  1.3681e-01,  1.7227e-01,
        -8.1989e-02, -8.3912e-03, -1.7124e-01, -4.0239e-02,  1.4932e-01,
         1.4961e-01, -5.6660e-02,  9.9182e-02, -1.0434e-01, -7.8989e-02,
        -9.6498e-02,  1.5545e-01,  3.2009e-02,  3.9123e-02, -3.6162e-02,
         3.2309e-02, -1.1915e-01,  1.7072e-01, -1.2743e-01,  1.0117e-01,
        -1.7586e-01, -2.1377e-03, -9.6926e-02, -1.5145e-01, -9.3806e-03,
         9.3895e-02, -1.7972e-02, -9.2573e-02,  4.8761e-02,  3.3396e-02,
        -1.5251e-01,  9.7981e-03,  1.3211e-01, -2.1608e-02, -7.7352e-02,
        -1.3026e-01,  7.6535e-02, -7.3283e-03,  1.0275e-04,  6.7207e-02,
         7.6276e-02,  2.7185e-03, -1.2288e-01,  1.6985e-01, -1.5501e-01,
        -1.4429e-01, -1.2162e-01, -1.6839e-01,  1.5317e-01]), 'rvq_quantizer.layers.0._codebook.initted': tensor([1.]), 'rvq_quantizer.layers.0._codebook.cluster_size': tensor([[2.0000, 2.0000, 4.4597,  ..., 2.7092, 2.6676, 4.3579]]), 'rvq_quantizer.layers.0._codebook.embed_avg': tensor([[[  68.9373,  -80.7974,   24.1318,  ...,  140.4289,   72.6889,
           107.8071],
         [  41.9050,  -47.3695,   46.8960,  ...,   89.6695,   62.0309,
            47.8989],
         [  90.5456, -150.8892,   72.8532,  ...,  264.5646,  141.9753,
           160.8399],
         ...,
         [  72.7719, -130.7716,   37.5976,  ...,  203.7546,   86.8559,
           169.3252],
         [  85.8345, -117.0623,   35.2682,  ...,  190.9738,  103.9287,
           154.0766],
         [ 129.9535, -141.1394,   65.5925,  ...,  194.3581,  147.5904,
           114.2864]]]), 'rvq_quantizer.layers.0._codebook.embed': tensor([[[ 34.4686, -40.3987,  12.0659,  ...,  70.2143,  36.3444,  53.9035],
         [ 20.9525, -23.6847,  23.4480,  ...,  44.8347,  31.0155,  23.9495],
         [ 20.3032, -33.8341,  16.3360,  ...,  59.3237,  31.8353,  36.0653],
         ...,
         [ 26.8606, -48.2687,  13.8775,  ...,  75.2072,  32.0591,  62.4991],
         [ 32.1762, -43.8824,  13.2208,  ...,  71.5890,  38.9591,  57.7577],
         [ 29.8205, -32.3873,  15.0515,  ...,  44.5994,  33.8676,  26.2253]]]), 'rvq_quantizer.layers.1._codebook.initted': tensor([1.]), 'rvq_quantizer.layers.1._codebook.cluster_size': tensor([[350.6087,   2.1912,   4.1721,  ...,   2.9600,   2.7543,   2.0000]]), 'rvq_quantizer.layers.1._codebook.embed_avg': tensor([[[ 8.4126e-04, -1.2832e-03,  4.1610e-04,  ...,  2.2422e-03,
           9.6956e-04,  1.3595e-03],
         [ 6.8957e+00, -1.0613e+01, -4.6012e+00,  ...,  6.3469e+00,
          -5.3907e+00, -3.2370e+00],
         [ 3.9468e+00,  1.8339e+01,  1.1415e+01,  ..., -1.0736e+01,
          -2.2126e+00, -2.1944e+01],
         ...,
         [ 5.3205e+00, -4.2714e+00,  1.7492e+00,  ...,  3.1619e+00,
          -1.9918e+00,  5.8560e-01],
         [-9.9920e+00, -2.4497e+00,  1.9158e+00,  ...,  2.2210e-01,
          -1.5757e+00, -5.6997e+00],
         [ 2.3624e+00,  8.0684e-01, -5.0118e+00,  ...,  2.7818e+00,
           5.2612e-01,  3.9933e-01]]]), 'rvq_quantizer.layers.1._codebook.embed': tensor([[[ 2.3994e-06, -3.6599e-06,  1.1868e-06,  ...,  6.3951e-06,
           2.7654e-06,  3.8774e-06],
         [ 3.1470e+00, -4.8433e+00, -2.0998e+00,  ...,  2.8965e+00,
          -2.4601e+00, -1.4772e+00],
         [ 9.4599e-01,  4.3955e+00,  2.7360e+00,  ..., -2.5733e+00,
          -5.3032e-01, -5.2597e+00],
         ...,
         [ 1.7975e+00, -1.4430e+00,  5.9095e-01,  ...,  1.0682e+00,
          -6.7291e-01,  1.9784e-01],
         [-3.6278e+00, -8.8939e-01,  6.9557e-01,  ...,  8.0639e-02,
          -5.7210e-01, -2.0694e+00],
         [ 1.1812e+00,  4.0342e-01, -2.5059e+00,  ...,  1.3909e+00,
           2.6306e-01,  1.9967e-01]]]), 'rvq_quantizer.layers.2._codebook.initted': tensor([1.]), 'rvq_quantizer.layers.2._codebook.cluster_size': tensor([[384.6468,   2.3808,   3.2062,  ...,   2.0000,   2.0000,   2.0000]]), 'rvq_quantizer.layers.2._codebook.embed_avg': tensor([[[ 6.3405e-04, -9.8599e-04,  3.1309e-04,  ...,  1.6689e-03,
           7.1753e-04,  1.0705e-03],
         [-1.2999e-01, -1.4941e-01,  2.0150e-01,  ..., -1.2431e-01,
           6.7644e-02, -5.5622e-02],
         [ 3.1243e+00, -1.2358e+00, -1.1135e+00,  ..., -2.2957e-02,
           9.0168e-01,  1.5600e+00],
         ...,
         [-1.5925e-02,  4.1654e-02,  3.3776e-01,  ..., -2.6401e-01,
           1.0528e-02, -6.1925e-02],
         [ 3.9144e-01,  3.0217e+00, -1.3397e+00,  ...,  4.7411e-01,
           1.1497e+00,  2.4584e-01],
         [-6.2846e+00, -1.9334e+00,  3.7958e+00,  ...,  1.6488e+00,
           5.2253e+00,  3.3606e+00]]]), 'rvq_quantizer.layers.2._codebook.embed': tensor([[[ 1.6484e-06, -2.5634e-06,  8.1396e-07,  ...,  4.3387e-06,
           1.8654e-06,  2.7831e-06],
         [-5.4598e-02, -6.2757e-02,  8.4637e-02,  ..., -5.2214e-02,
           2.8412e-02, -2.3363e-02],
         [ 9.7447e-01, -3.8543e-01, -3.4730e-01,  ..., -7.1603e-03,
           2.8123e-01,  4.8655e-01],
         ...,
         [-7.9625e-03,  2.0827e-02,  1.6888e-01,  ..., -1.3200e-01,
           5.2641e-03, -3.0963e-02],
         [ 1.9572e-01,  1.5109e+00, -6.6983e-01,  ...,  2.3705e-01,
           5.7487e-01,  1.2292e-01],
         [-3.1423e+00, -9.6671e-01,  1.8979e+00,  ...,  8.2439e-01,
           2.6126e+00,  1.6803e+00]]]), 'rvq_quantizer.layers.3._codebook.initted': tensor([1.]), 'rvq_quantizer.layers.3._codebook.cluster_size': tensor([[335.3198,  46.4613,   2.0000,  ...,   2.4654,   2.7821,   3.1652]]), 'rvq_quantizer.layers.3._codebook.embed_avg': tensor([[[ 3.4979e-04, -5.5917e-04,  1.6588e-04,  ...,  9.2218e-04,
           3.8839e-04,  5.9076e-04],
         [ 4.8021e-05, -7.0457e-05,  2.4482e-05,  ...,  1.3003e-04,
           5.5736e-05,  8.5152e-05],
         [-1.5978e-07, -2.1599e-05,  1.1054e-06,  ...,  5.1037e-05,
           1.3667e-05,  2.6550e-05],
         ...,
         [ 1.9264e+00, -2.6411e+00,  8.7522e-01,  ...,  4.9657e-02,
          -2.1180e+00,  9.6507e-01],
         [ 1.7915e-01,  7.0587e-01,  5.6353e-01,  ..., -8.9205e-01,
           8.0684e-01, -1.5678e+00],
         [-2.4566e+00, -2.0536e+00, -7.2344e-01,  ..., -3.3699e+00,
          -3.3711e-01,  2.3011e+00]]]), 'rvq_quantizer.layers.3._codebook.embed': tensor([[[ 1.0431e-06, -1.6676e-06,  4.9469e-07,  ...,  2.7502e-06,
           1.1583e-06,  1.7618e-06],
         [ 1.0336e-06, -1.5165e-06,  5.2694e-07,  ...,  2.7986e-06,
           1.1996e-06,  1.8327e-06],
         [-7.9891e-08, -1.0800e-05,  5.5268e-07,  ...,  2.5518e-05,
           6.8334e-06,  1.3275e-05],
         ...,
         [ 7.8139e-01, -1.0713e+00,  3.5500e-01,  ...,  2.0141e-02,
          -8.5907e-01,  3.9144e-01],
         [ 6.4392e-02,  2.5372e-01,  2.0255e-01,  ..., -3.2064e-01,
           2.9001e-01, -5.6351e-01],
         [-7.7610e-01, -6.4880e-01, -2.2856e-01,  ..., -1.0647e+00,
          -1.0650e-01,  7.2700e-01]]])})
Loss:  tensor(1.5888, grad_fn=<MeanBackward0>)
OrderedDict({'rvq_quantizer.project_in.weight': tensor([[-0.0413, -0.0308, -0.0457,  ..., -0.0054,  0.1202, -0.1159],
        [ 0.0671,  0.0330, -0.0402,  ..., -0.0271,  0.0020,  0.1032],
        [-0.0275,  0.0642, -0.0733,  ..., -0.0311,  0.0269,  0.0363],
        ...,
        [-0.1104, -0.0646,  0.0862,  ..., -0.0201,  0.0044,  0.0403],
        [-0.0280,  0.0473, -0.0244,  ..., -0.0301, -0.0984, -0.0943],
        [-0.0933, -0.0056,  0.1242,  ..., -0.0953,  0.0431,  0.0878]]), 'rvq_quantizer.project_in.bias': tensor([-6.1077e-03, -1.0639e-01,  5.7743e-02,  6.1203e-02, -9.2560e-02,
         7.2414e-02, -8.3908e-02, -1.2417e-01,  1.2006e-01, -1.7564e-02,
        -1.3723e-02,  7.0126e-02,  6.4868e-03,  7.0763e-02,  1.1920e-01,
         4.2498e-05,  4.7043e-02,  9.1601e-02,  6.0515e-02, -1.7811e-02,
         2.7558e-02, -6.4958e-02,  4.0020e-02, -7.0381e-02,  5.4873e-03,
        -3.8032e-02,  2.0210e-02,  6.6242e-02, -3.0837e-02,  1.1786e-01,
         1.2109e-01, -8.7243e-02]), 'rvq_quantizer.project_out.weight': tensor([[ 0.1391,  0.1389, -0.0638,  ...,  0.1497, -0.1518, -0.0982],
        [ 0.0400, -0.1660,  0.0335,  ...,  0.1551, -0.0025, -0.0239],
        [-0.0596, -0.0033,  0.1215,  ...,  0.0158,  0.0578,  0.0373],
        ...,
        [ 0.1155, -0.1740, -0.0604,  ..., -0.0189, -0.1290, -0.1407],
        [ 0.1166, -0.1520,  0.1097,  ..., -0.1163, -0.1759,  0.0724],
        [ 0.0715,  0.1611, -0.1024,  ...,  0.0083, -0.0714, -0.1503]]), 'rvq_quantizer.project_out.bias': tensor([ 1.5987e-01,  1.5615e-01, -1.5339e-01, -1.0336e-01, -6.1310e-02,
         1.3101e-01,  1.5501e-01, -1.5527e-01,  1.1952e-01, -1.5099e-01,
        -6.0957e-02,  1.4259e-01,  1.0313e-01,  1.3681e-01,  1.7227e-01,
        -8.1989e-02, -8.3912e-03, -1.7124e-01, -4.0239e-02,  1.4932e-01,
         1.4961e-01, -5.6660e-02,  9.9182e-02, -1.0434e-01, -7.8989e-02,
        -9.6498e-02,  1.5545e-01,  3.2009e-02,  3.9123e-02, -3.6162e-02,
         3.2309e-02, -1.1915e-01,  1.7072e-01, -1.2743e-01,  1.0117e-01,
        -1.7586e-01, -2.1377e-03, -9.6926e-02, -1.5145e-01, -9.3806e-03,
         9.3895e-02, -1.7972e-02, -9.2573e-02,  4.8761e-02,  3.3396e-02,
        -1.5251e-01,  9.7981e-03,  1.3211e-01, -2.1608e-02, -7.7352e-02,
        -1.3026e-01,  7.6535e-02, -7.3283e-03,  1.0275e-04,  6.7207e-02,
         7.6276e-02,  2.7185e-03, -1.2288e-01,  1.6985e-01, -1.5501e-01,
        -1.4429e-01, -1.2162e-01, -1.6839e-01,  1.5317e-01]), 'rvq_quantizer.layers.0._codebook.initted': tensor([1.]), 'rvq_quantizer.layers.0._codebook.cluster_size': tensor([[2.0000, 2.0000, 4.4137,  ..., 2.5383, 2.7009, 4.3221]]), 'rvq_quantizer.layers.0._codebook.embed_avg': tensor([[[  68.9390,  -81.3944,   23.9727,  ...,  140.5294,   73.1281,
           107.6302],
         [  51.7703,  -83.8705,   24.8586,  ...,  125.7693,   39.7789,
            89.1242],
         [  89.4451, -149.5697,   72.3640,  ...,  262.0781,  140.0528,
           158.7133],
         ...,
         [  68.0439, -122.5363,   35.1774,  ...,  191.1703,   81.6734,
           158.6050],
         [  86.8960, -118.5138,   35.7096,  ...,  193.3427,  105.2223,
           155.9911],
         [ 129.0399, -140.4772,   64.8274,  ...,  192.8158,  146.1368,
           113.6254]]]), 'rvq_quantizer.layers.0._codebook.embed': tensor([[[ 34.4694, -40.6972,  11.9863,  ...,  70.2646,  36.5640,  53.8150],
         [ 25.8851, -41.9353,  12.4293,  ...,  62.8846,  19.8895,  44.5621],
         [ 20.2653, -33.8875,  16.3953,  ...,  59.3782,  31.7313,  35.9591],
         ...,
         [ 26.8067, -48.2746,  13.8586,  ...,  75.3138,  32.1762,  62.4843],
         [ 32.1733, -43.8798,  13.2215,  ...,  71.5852,  38.9586,  57.7557],
         [ 29.8560, -32.5023,  14.9991,  ...,  44.6118,  33.8117,  26.2895]]]), 'rvq_quantizer.layers.1._codebook.initted': tensor([1.]), 'rvq_quantizer.layers.1._codebook.cluster_size': tensor([[350.4478,   2.1721,   4.1549,  ...,   3.1640,   2.6789,   2.0000]]), 'rvq_quantizer.layers.1._codebook.embed_avg': tensor([[[ 8.4220e-04, -1.2892e-03,  4.1632e-04,  ...,  2.2472e-03,
           9.6997e-04,  1.3605e-03],
         [ 6.7868e+00, -1.0617e+01, -4.4378e+00,  ...,  6.1996e+00,
          -5.3925e+00, -3.2578e+00],
         [ 3.6780e+00,  1.8196e+01,  1.1112e+01,  ..., -1.0901e+01,
          -2.1519e+00, -2.1859e+01],
         ...,
         [ 5.9990e+00, -4.3679e+00,  2.0611e+00,  ...,  3.5422e+00,
          -2.1889e+00,  5.8352e-01],
         [-9.2792e+00, -2.7860e+00,  2.0938e+00,  ...,  3.2144e-01,
          -1.4601e+00, -5.4693e+00],
         [ 1.9293e+00,  7.0395e+00,  3.6718e+00,  ..., -8.0536e-01,
           3.2379e+00, -6.8877e+00]]]), 'rvq_quantizer.layers.1._codebook.embed': tensor([[[ 2.4032e-06, -3.6786e-06,  1.1880e-06,  ...,  6.4124e-06,
           2.7678e-06,  3.8821e-06],
         [ 3.1245e+00, -4.8879e+00, -2.0431e+00,  ...,  2.8542e+00,
          -2.4826e+00, -1.4998e+00],
         [ 8.8521e-01,  4.3794e+00,  2.6745e+00,  ..., -2.6237e+00,
          -5.1791e-01, -5.2609e+00],
         ...,
         [ 1.8960e+00, -1.3805e+00,  6.5144e-01,  ...,  1.1196e+00,
          -6.9182e-01,  1.8443e-01],
         [-3.4638e+00, -1.0400e+00,  7.8158e-01,  ...,  1.1999e-01,
          -5.4505e-01, -2.0416e+00],
         [ 9.6466e-01,  3.5197e+00,  1.8359e+00,  ..., -4.0268e-01,
           1.6189e+00, -3.4438e+00]]]), 'rvq_quantizer.layers.2._codebook.initted': tensor([1.]), 'rvq_quantizer.layers.2._codebook.cluster_size': tensor([[384.3821,   2.1427,   3.3856,  ...,   2.0000,   2.0000,   2.0000]]), 'rvq_quantizer.layers.2._codebook.embed_avg': tensor([[[ 6.3163e-04, -9.8797e-04,  3.1436e-04,  ...,  1.6758e-03,
           7.1372e-04,  1.0680e-03],
         [-1.1699e-01, -1.3447e-01,  1.8135e-01,  ..., -1.1188e-01,
           6.0880e-02, -5.0059e-02],
         [ 3.3317e+00, -1.2013e+00, -1.2601e+00,  ..., -5.7591e-03,
           6.8205e-01,  1.5446e+00],
         ...,
         [ 0.0000e+00,  0.0000e+00,  0.0000e+00,  ...,  0.0000e+00,
           0.0000e+00,  0.0000e+00],
         [ 3.2122e+00,  9.5467e-01,  1.5317e-01,  ...,  2.6466e+00,
           2.6260e+00,  2.1893e+00],
         [-3.5660e+00,  2.1650e+00,  2.2656e+00,  ..., -2.8191e+00,
           3.0772e+00,  3.0414e+00]]]), 'rvq_quantizer.layers.2._codebook.embed': tensor([[[ 1.6432e-06, -2.5703e-06,  8.1784e-07,  ...,  4.3599e-06,
           1.8568e-06,  2.7785e-06],
         [-5.4598e-02, -6.2757e-02,  8.4637e-02,  ..., -5.2214e-02,
           2.8412e-02, -2.3363e-02],
         [ 9.8410e-01, -3.5483e-01, -3.7221e-01,  ..., -1.7011e-03,
           2.0146e-01,  4.5623e-01],
         ...,
         [ 0.0000e+00,  0.0000e+00,  0.0000e+00,  ...,  0.0000e+00,
           0.0000e+00,  0.0000e+00],
         [ 1.6061e+00,  4.7733e-01,  7.6584e-02,  ...,  1.3233e+00,
           1.3130e+00,  1.0947e+00],
         [-1.7830e+00,  1.0825e+00,  1.1328e+00,  ..., -1.4096e+00,
           1.5386e+00,  1.5207e+00]]]), 'rvq_quantizer.layers.3._codebook.initted': tensor([1.]), 'rvq_quantizer.layers.3._codebook.cluster_size': tensor([[339.8878,  41.8152,   2.0000,  ...,   2.3189,   2.7039,   2.8487]]), 'rvq_quantizer.layers.3._codebook.embed_avg': tensor([[[ 3.5386e-04, -5.7023e-04,  1.7077e-04,  ...,  9.4537e-04,
           3.9290e-04,  5.9805e-04],
         [ 4.3219e-05, -6.3411e-05,  2.2034e-05,  ...,  1.1702e-04,
           5.0163e-05,  7.6636e-05],
         [-9.9763e-02,  2.3393e-01, -2.1020e-01,  ..., -1.9283e-01,
           1.3935e-01, -4.2703e-01],
         ...,
         [ 1.7882e+00, -2.6535e+00,  8.5602e-01,  ..., -1.4404e-01,
          -2.2252e+00,  9.5967e-01],
         [ 2.0473e-01,  5.5806e-01,  5.8143e-01,  ..., -9.0950e-01,
           8.2621e-01, -1.4746e+00],
         [-2.2109e+00, -1.8482e+00, -6.5110e-01,  ..., -3.0329e+00,
          -3.0340e-01,  2.0710e+00]]]), 'rvq_quantizer.layers.3._codebook.embed': tensor([[[ 1.0411e-06, -1.6777e-06,  5.0242e-07,  ...,  2.7814e-06,
           1.1560e-06,  1.7596e-06],
         [ 1.0336e-06, -1.5165e-06,  5.2694e-07,  ...,  2.7986e-06,
           1.1996e-06,  1.8327e-06],
         [-4.9881e-02,  1.1696e-01, -1.0510e-01,  ..., -9.6417e-02,
           6.9676e-02, -2.1352e-01],
         ...,
         [ 7.7117e-01, -1.1443e+00,  3.6915e-01,  ..., -6.2115e-02,
          -9.5960e-01,  4.1385e-01],
         [ 7.5716e-02,  2.0639e-01,  2.1504e-01,  ..., -3.3636e-01,
           3.0556e-01, -5.4537e-01],
         [-7.7610e-01, -6.4880e-01, -2.2856e-01,  ..., -1.0647e+00,
          -1.0650e-01,  7.2699e-01]]])})
Loss:  tensor(1.5779, grad_fn=<MeanBackward0>)
OrderedDict({'rvq_quantizer.project_in.weight': tensor([[-0.0413, -0.0308, -0.0457,  ..., -0.0054,  0.1202, -0.1159],
        [ 0.0671,  0.0330, -0.0402,  ..., -0.0271,  0.0020,  0.1032],
        [-0.0275,  0.0642, -0.0733,  ..., -0.0311,  0.0269,  0.0363],
        ...,
        [-0.1104, -0.0646,  0.0862,  ..., -0.0201,  0.0044,  0.0403],
        [-0.0280,  0.0473, -0.0244,  ..., -0.0301, -0.0984, -0.0943],
        [-0.0933, -0.0056,  0.1242,  ..., -0.0953,  0.0431,  0.0878]]), 'rvq_quantizer.project_in.bias': tensor([-6.1077e-03, -1.0639e-01,  5.7743e-02,  6.1203e-02, -9.2560e-02,
         7.2414e-02, -8.3908e-02, -1.2417e-01,  1.2006e-01, -1.7564e-02,
        -1.3723e-02,  7.0126e-02,  6.4868e-03,  7.0763e-02,  1.1920e-01,
         4.2498e-05,  4.7043e-02,  9.1601e-02,  6.0515e-02, -1.7811e-02,
         2.7558e-02, -6.4958e-02,  4.0020e-02, -7.0381e-02,  5.4873e-03,
        -3.8032e-02,  2.0210e-02,  6.6242e-02, -3.0837e-02,  1.1786e-01,
         1.2109e-01, -8.7243e-02]), 'rvq_quantizer.project_out.weight': tensor([[ 0.1391,  0.1389, -0.0638,  ...,  0.1497, -0.1518, -0.0982],
        [ 0.0400, -0.1660,  0.0335,  ...,  0.1551, -0.0025, -0.0239],
        [-0.0596, -0.0033,  0.1215,  ...,  0.0158,  0.0578,  0.0373],
        ...,
        [ 0.1155, -0.1740, -0.0604,  ..., -0.0189, -0.1290, -0.1407],
        [ 0.1166, -0.1520,  0.1097,  ..., -0.1163, -0.1759,  0.0724],
        [ 0.0715,  0.1611, -0.1024,  ...,  0.0083, -0.0714, -0.1503]]), 'rvq_quantizer.project_out.bias': tensor([ 1.5987e-01,  1.5615e-01, -1.5339e-01, -1.0336e-01, -6.1310e-02,
         1.3101e-01,  1.5501e-01, -1.5527e-01,  1.1952e-01, -1.5099e-01,
        -6.0957e-02,  1.4259e-01,  1.0313e-01,  1.3681e-01,  1.7227e-01,
        -8.1989e-02, -8.3912e-03, -1.7124e-01, -4.0239e-02,  1.4932e-01,
         1.4961e-01, -5.6660e-02,  9.9182e-02, -1.0434e-01, -7.8989e-02,
        -9.6498e-02,  1.5545e-01,  3.2009e-02,  3.9123e-02, -3.6162e-02,
         3.2309e-02, -1.1915e-01,  1.7072e-01, -1.2743e-01,  1.0117e-01,
        -1.7586e-01, -2.1377e-03, -9.6926e-02, -1.5145e-01, -9.3806e-03,
         9.3895e-02, -1.7972e-02, -9.2573e-02,  4.8761e-02,  3.3396e-02,
        -1.5251e-01,  9.7981e-03,  1.3211e-01, -2.1608e-02, -7.7352e-02,
        -1.3026e-01,  7.6535e-02, -7.3283e-03,  1.0275e-04,  6.7207e-02,
         7.6276e-02,  2.7185e-03, -1.2288e-01,  1.6985e-01, -1.5501e-01,
        -1.4429e-01, -1.2162e-01, -1.6839e-01,  1.5317e-01]), 'rvq_quantizer.layers.0._codebook.initted': tensor([1.]), 'rvq_quantizer.layers.0._codebook.cluster_size': tensor([[2.0000, 2.0000, 4.2723,  ..., 2.3845, 2.6308, 4.2899]]), 'rvq_quantizer.layers.0._codebook.embed_avg': tensor([[[  68.9405,  -81.9317,   23.8294,  ...,  140.6199,   73.5235,
           107.4709],
         [  59.2392,  -53.1837,   21.0938,  ...,   76.3482,   67.1345,
            52.3936],
         [  86.2464, -145.0607,   70.1827,  ...,  253.9132,  135.0505,
           153.2478],
         ...,
         [  63.8960, -115.0654,   32.9305,  ...,  179.2967,   76.5665,
           149.0095],
         [  84.8013, -115.7759,   34.7600,  ...,  188.4691,  102.4656,
           152.0547],
         [ 128.2274, -139.4074,   63.9587,  ...,  191.7028,  145.3006,
           112.7141]]]), 'rvq_quantizer.layers.0._codebook.embed': tensor([[[ 34.4702, -40.9658,  11.9147,  ...,  70.3098,  36.7617,  53.7354],
         [ 29.6196, -26.5919,  10.5469,  ...,  38.1741,  33.5673,  26.1968],
         [ 20.1872, -33.9535,  16.4272,  ...,  59.4319,  31.6104,  35.8697],
         ...,
         [ 26.7965, -48.2558,  13.8103,  ...,  75.1930,  32.1103,  62.4912],
         [ 32.2342, -44.0081,  13.2128,  ...,  71.6398,  38.9486,  57.7981],
         [ 29.8907, -32.4969,  14.9092,  ...,  44.6873,  33.8706,  26.2745]]]), 'rvq_quantizer.layers.1._codebook.initted': tensor([1.]), 'rvq_quantizer.layers.1._codebook.cluster_size': tensor([[349.3030,   2.1549,   3.9394,  ...,   3.2476,   2.9110,   2.0000]]), 'rvq_quantizer.layers.1._codebook.embed_avg': tensor([[[ 8.3828e-04, -1.2789e-03,  4.1777e-04,  ...,  2.2350e-03,
           9.6949e-04,  1.3465e-03],
         [ 6.6888e+00, -1.0612e+01, -4.2901e+00,  ...,  6.0654e+00,
          -5.3876e+00, -3.2767e+00],
         [ 3.5673e+00,  1.7125e+01,  1.0514e+01,  ..., -1.0079e+01,
          -2.1682e+00, -2.0778e+01],
         ...,
         [ 6.1513e+00, -4.6336e+00,  2.1264e+00,  ...,  3.6296e+00,
          -2.2327e+00,  6.2484e-01],
         [-1.0202e+01, -3.1974e+00,  2.4055e+00,  ..., -1.7731e-02,
          -1.4453e+00, -6.0726e+00],
         [-2.1715e+00,  1.7654e-01,  2.4107e+00,  ..., -2.3019e+00,
          -2.5064e+00,  9.3135e-01]]]), 'rvq_quantizer.layers.1._codebook.embed': tensor([[[ 2.3999e-06, -3.6612e-06,  1.1960e-06,  ...,  6.3984e-06,
           2.7755e-06,  3.8548e-06],
         [ 3.1040e+00, -4.9246e+00, -1.9909e+00,  ...,  2.8147e+00,
          -2.5002e+00, -1.5206e+00],
         [ 9.0553e-01,  4.3470e+00,  2.6688e+00,  ..., -2.5584e+00,
          -5.5037e-01, -5.2745e+00],
         ...,
         [ 1.8941e+00, -1.4268e+00,  6.5477e-01,  ...,  1.1176e+00,
          -6.8750e-01,  1.9240e-01],
         [-3.5048e+00, -1.0984e+00,  8.2637e-01,  ..., -6.0911e-03,
          -4.9650e-01, -2.0861e+00],
         [-1.0857e+00,  8.8272e-02,  1.2053e+00,  ..., -1.1509e+00,
          -1.2532e+00,  4.6568e-01]]]), 'rvq_quantizer.layers.2._codebook.initted': tensor([1.]), 'rvq_quantizer.layers.2._codebook.cluster_size': tensor([[384.4439,   2.0284,   3.7470,  ...,   2.0000,   2.0000,   2.0000]]), 'rvq_quantizer.layers.2._codebook.embed_avg': tensor([[[ 6.3294e-04, -9.8234e-04,  3.2029e-04,  ...,  1.6749e-03,
           7.1956e-04,  1.0660e-03],
         [-1.0015e-01, -1.2845e-01,  1.8105e-01,  ..., -8.9594e-02,
           5.1755e-02, -3.5952e-02],
         [ 3.6028e+00, -1.2050e+00, -1.4422e+00,  ..., -5.0642e-02,
           5.8217e-01,  1.7034e+00],
         ...,
         [ 2.3337e-02, -2.4128e-01,  1.3790e-01,  ...,  2.1772e-01,
           2.8355e-01, -1.4526e-01],
         [ 1.1179e-02,  6.1184e-02, -2.1221e-02,  ...,  8.2977e-02,
           4.4945e-02, -3.4757e-02],
         [-3.0356e-01,  1.5293e-01,  1.4921e+00,  ..., -8.6130e-01,
           2.3922e-01, -1.5292e+00]]]), 'rvq_quantizer.layers.2._codebook.embed': tensor([[[ 1.6464e-06, -2.5552e-06,  8.3313e-07,  ...,  4.3567e-06,
           1.8717e-06,  2.7729e-06],
         [-4.9374e-02, -6.3327e-02,  8.9258e-02,  ..., -4.4169e-02,
           2.5515e-02, -1.7724e-02],
         [ 9.6151e-01, -3.2159e-01, -3.8490e-01,  ..., -1.3515e-02,
           1.5537e-01,  4.5461e-01],
         ...,
         [ 1.1669e-02, -1.2064e-01,  6.8952e-02,  ...,  1.0886e-01,
           1.4177e-01, -7.2630e-02],
         [ 5.5895e-03,  3.0592e-02, -1.0610e-02,  ...,  4.1489e-02,
           2.2472e-02, -1.7379e-02],
         [-1.5178e-01,  7.6465e-02,  7.4605e-01,  ..., -4.3065e-01,
           1.1961e-01, -7.6460e-01]]]), 'rvq_quantizer.layers.3._codebook.initted': tensor([1.]), 'rvq_quantizer.layers.3._codebook.cluster_size': tensor([[344.3991,  37.6337,   2.1000,  ...,   2.1870,   2.8335,   2.6638]]), 'rvq_quantizer.layers.3._codebook.embed_avg': tensor([[[ 3.5975e-04, -5.7027e-04,  1.7904e-04,  ...,  9.5492e-04,
           4.0418e-04,  6.0283e-04],
         [ 3.8897e-05, -5.7070e-05,  1.9831e-05,  ...,  1.0532e-04,
           4.5147e-05,  6.8973e-05],
         [-6.8676e-02,  1.7757e-01, -1.2421e-01,  ..., -1.7664e-01,
           1.3402e-01, -5.0065e-01],
         ...,
         [ 1.7469e+00, -2.4983e+00,  8.0576e-01,  ...,  5.1812e-02,
          -1.9504e+00,  9.5464e-01],
         [ 2.4043e-01,  6.2786e-01,  7.5457e-01,  ..., -1.0818e+00,
           8.2665e-01, -1.4223e+00],
         [-2.0267e+00, -1.7743e+00, -6.0842e-01,  ..., -2.8168e+00,
          -1.9672e-01,  2.0324e+00]]]), 'rvq_quantizer.layers.3._codebook.embed': tensor([[[ 1.0446e-06, -1.6558e-06,  5.1986e-07,  ...,  2.7727e-06,
           1.1736e-06,  1.7504e-06],
         [ 1.0336e-06, -1.5165e-06,  5.2694e-07,  ...,  2.7986e-06,
           1.1996e-06,  1.8327e-06],
         [-3.2703e-02,  8.4556e-02, -5.9145e-02,  ..., -8.4116e-02,
           6.3819e-02, -2.3841e-01],
         ...,
         [ 7.9876e-01, -1.1424e+00,  3.6843e-01,  ...,  2.3691e-02,
          -8.9182e-01,  4.3651e-01],
         [ 8.4854e-02,  2.2158e-01,  2.6630e-01,  ..., -3.8179e-01,
           2.9174e-01, -5.0195e-01],
         [-7.6083e-01, -6.6605e-01, -2.2840e-01,  ..., -1.0574e+00,
          -7.3848e-02,  7.6297e-01]]])})
Loss:  tensor(1.5665, grad_fn=<MeanBackward0>)
OrderedDict({'rvq_quantizer.project_in.weight': tensor([[-0.0413, -0.0308, -0.0457,  ..., -0.0054,  0.1202, -0.1159],
        [ 0.0671,  0.0330, -0.0402,  ..., -0.0271,  0.0020,  0.1032],
        [-0.0275,  0.0642, -0.0733,  ..., -0.0311,  0.0269,  0.0363],
        ...,
        [-0.1104, -0.0646,  0.0862,  ..., -0.0201,  0.0044,  0.0403],
        [-0.0280,  0.0473, -0.0244,  ..., -0.0301, -0.0984, -0.0943],
        [-0.0933, -0.0056,  0.1242,  ..., -0.0953,  0.0431,  0.0878]]), 'rvq_quantizer.project_in.bias': tensor([-6.1077e-03, -1.0639e-01,  5.7743e-02,  6.1203e-02, -9.2560e-02,
         7.2414e-02, -8.3908e-02, -1.2417e-01,  1.2006e-01, -1.7564e-02,
        -1.3723e-02,  7.0126e-02,  6.4868e-03,  7.0763e-02,  1.1920e-01,
         4.2498e-05,  4.7043e-02,  9.1601e-02,  6.0515e-02, -1.7811e-02,
         2.7558e-02, -6.4958e-02,  4.0020e-02, -7.0381e-02,  5.4873e-03,
        -3.8032e-02,  2.0210e-02,  6.6242e-02, -3.0837e-02,  1.1786e-01,
         1.2109e-01, -8.7243e-02]), 'rvq_quantizer.project_out.weight': tensor([[ 0.1391,  0.1389, -0.0638,  ...,  0.1497, -0.1518, -0.0982],
        [ 0.0400, -0.1660,  0.0335,  ...,  0.1551, -0.0025, -0.0239],
        [-0.0596, -0.0033,  0.1215,  ...,  0.0158,  0.0578,  0.0373],
        ...,
        [ 0.1155, -0.1740, -0.0604,  ..., -0.0189, -0.1290, -0.1407],
        [ 0.1166, -0.1520,  0.1097,  ..., -0.1163, -0.1759,  0.0724],
        [ 0.0715,  0.1611, -0.1024,  ...,  0.0083, -0.0714, -0.1503]]), 'rvq_quantizer.project_out.bias': tensor([ 1.5987e-01,  1.5615e-01, -1.5339e-01, -1.0336e-01, -6.1310e-02,
         1.3101e-01,  1.5501e-01, -1.5527e-01,  1.1952e-01, -1.5099e-01,
        -6.0957e-02,  1.4259e-01,  1.0313e-01,  1.3681e-01,  1.7227e-01,
        -8.1989e-02, -8.3912e-03, -1.7124e-01, -4.0239e-02,  1.4932e-01,
         1.4961e-01, -5.6660e-02,  9.9182e-02, -1.0434e-01, -7.8989e-02,
        -9.6498e-02,  1.5545e-01,  3.2009e-02,  3.9123e-02, -3.6162e-02,
         3.2309e-02, -1.1915e-01,  1.7072e-01, -1.2743e-01,  1.0117e-01,
        -1.7586e-01, -2.1377e-03, -9.6926e-02, -1.5145e-01, -9.3806e-03,
         9.3895e-02, -1.7972e-02, -9.2573e-02,  4.8761e-02,  3.3396e-02,
        -1.5251e-01,  9.7981e-03,  1.3211e-01, -2.1608e-02, -7.7352e-02,
        -1.3026e-01,  7.6535e-02, -7.3283e-03,  1.0275e-04,  6.7207e-02,
         7.6276e-02,  2.7185e-03, -1.2288e-01,  1.6985e-01, -1.5501e-01,
        -1.4429e-01, -1.2162e-01, -1.6839e-01,  1.5317e-01]), 'rvq_quantizer.layers.0._codebook.initted': tensor([1.]), 'rvq_quantizer.layers.0._codebook.cluster_size': tensor([[2.0000, 2.0000, 4.2451,  ..., 2.4460, 2.6677, 4.2609]]), 'rvq_quantizer.layers.0._codebook.embed_avg': tensor([[[  52.8933,  -96.1073,   20.3306,  ...,  152.6318,   60.0021,
           118.4846],
         [  60.8476, -101.0616,   28.4728,  ...,  163.5565,   53.0245,
           132.2663],
         [  85.9782, -144.2190,   69.7772,  ...,  251.7745,  134.5201,
           152.3199],
         ...,
         [  65.5919, -118.0458,   33.8357,  ...,  183.9265,   78.4989,
           152.8607],
         [  85.9662, -117.3561,   35.2523,  ...,  191.0885,  103.9054,
           154.1713],
         [ 127.4961, -138.4445,   63.1769,  ...,  190.7011,  144.5479,
           111.8940]]]), 'rvq_quantizer.layers.0._codebook.embed': tensor([[[ 26.4466, -48.0537,  10.1653,  ...,  76.3159,  30.0010,  59.2423],
         [ 30.4238, -50.5308,  14.2364,  ...,  81.7783,  26.5123,  66.1331],
         [ 20.2535, -33.9730,  16.4371,  ...,  59.3094,  31.6883,  35.8813],
         ...,
         [ 26.8156, -48.2600,  13.8328,  ...,  75.1936,  32.0923,  62.4932],
         [ 32.2247, -43.9913,  13.2144,  ...,  71.6301,  38.9493,  57.7916],
         [ 29.9225, -32.4920,  14.8272,  ...,  44.7562,  33.9244,  26.2608]]]), 'rvq_quantizer.layers.1._codebook.initted': tensor([1.]), 'rvq_quantizer.layers.1._codebook.cluster_size': tensor([[348.7727,   2.1394,   3.8455,  ...,   3.2228,   2.9199,   2.0000]]), 'rvq_quantizer.layers.1._codebook.embed_avg': tensor([[[ 8.3837e-04, -1.2851e-03,  4.2151e-04,  ...,  2.2312e-03,
           9.7868e-04,  1.3463e-03],
         [ 6.6037e+00, -1.0617e+01, -4.1574e+00,  ...,  5.9353e+00,
          -5.3911e+00, -3.2847e+00],
         [ 3.7149e+00,  1.6501e+01,  1.0189e+01,  ..., -9.4519e+00,
          -1.9467e+00, -2.0435e+01],
         ...,
         [ 6.2952e+00, -4.0694e+00,  2.3181e+00,  ...,  3.9235e+00,
          -2.2621e+00,  3.9319e-01],
         [-1.0236e+01, -3.4574e+00,  2.6016e+00,  ..., -6.3995e-01,
          -1.2309e+00, -6.3486e+00],
         [ 3.3791e+00,  8.4650e-01, -8.6386e-01,  ...,  2.0495e+00,
          -7.2632e-01,  1.4975e-01]]]), 'rvq_quantizer.layers.1._codebook.embed': tensor([[[ 2.4038e-06, -3.6846e-06,  1.2086e-06,  ...,  6.3973e-06,
           2.8061e-06,  3.8601e-06],
         [ 3.0867e+00, -4.9624e+00, -1.9432e+00,  ...,  2.7743e+00,
          -2.5199e+00, -1.5353e+00],
         [ 9.6604e-01,  4.2910e+00,  2.6496e+00,  ..., -2.4579e+00,
          -5.0622e-01, -5.3141e+00],
         ...,
         [ 1.9533e+00, -1.2627e+00,  7.1928e-01,  ...,  1.2174e+00,
          -7.0192e-01,  1.2200e-01],
         [-3.5057e+00, -1.1841e+00,  8.9098e-01,  ..., -2.1917e-01,
          -4.2157e-01, -2.1743e+00],
         [ 1.6895e+00,  4.2325e-01, -4.3193e-01,  ...,  1.0247e+00,
          -3.6316e-01,  7.4875e-02]]]), 'rvq_quantizer.layers.2._codebook.initted': tensor([1.]), 'rvq_quantizer.layers.2._codebook.cluster_size': tensor([[384.0995,   2.0000,   3.8723,  ...,   2.0000,   2.0000,   2.0000]]), 'rvq_quantizer.layers.2._codebook.embed_avg': tensor([[[ 6.2800e-04, -9.8468e-04,  3.2111e-04,  ...,  1.6642e-03,
           7.3073e-04,  1.0572e-03],
         [ 1.0459e-05, -7.9363e-06,  1.4227e-06,  ...,  3.2980e-05,
           2.0784e-06,  7.5492e-06],
         [ 3.6123e+00, -1.3223e+00, -1.6064e+00,  ..., -1.1607e-01,
           5.1085e-01,  1.8117e+00],
         ...,
         [ 0.0000e+00,  0.0000e+00,  0.0000e+00,  ...,  0.0000e+00,
           0.0000e+00,  0.0000e+00],
         [ 1.0459e-05, -2.3195e-05,  5.2374e-06,  ...,  1.7721e-05,
           2.4967e-05,  2.2808e-05],
         [-5.6910e-01,  9.3578e-01,  8.2857e-01,  ..., -1.9508e+00,
          -4.3371e-01, -3.1387e-01]]]), 'rvq_quantizer.layers.2._codebook.embed': tensor([[[ 1.6350e-06, -2.5636e-06,  8.3601e-07,  ...,  4.3327e-06,
           1.9024e-06,  2.7524e-06],
         [ 5.2295e-06, -3.9682e-06,  7.1134e-07,  ...,  1.6490e-05,
           1.0392e-06,  3.7746e-06],
         [ 9.3285e-01, -3.4149e-01, -4.1485e-01,  ..., -2.9975e-02,
           1.3192e-01,  4.6785e-01],
         ...,
         [ 0.0000e+00,  0.0000e+00,  0.0000e+00,  ...,  0.0000e+00,
           0.0000e+00,  0.0000e+00],
         [ 5.2295e-06, -1.1598e-05,  2.6187e-06,  ...,  8.8604e-06,
           1.2483e-05,  1.1404e-05],
         [-2.8455e-01,  4.6789e-01,  4.1429e-01,  ..., -9.7542e-01,
          -2.1686e-01, -1.5694e-01]]]), 'rvq_quantizer.layers.3._codebook.initted': tensor([1.]), 'rvq_quantizer.layers.3._codebook.cluster_size': tensor([[347.9592,  33.8703,   2.0000,  ...,   2.2683,   2.9502,   2.5975]]), 'rvq_quantizer.layers.3._codebook.embed_avg': tensor([[[ 3.5856e-04, -5.7647e-04,  1.8144e-04,  ...,  9.5432e-04,
           4.1931e-04,  6.0085e-04],
         [ 3.5007e-05, -5.1363e-05,  1.7848e-05,  ...,  9.4790e-05,
           4.0632e-05,  6.2076e-05],
         [ 5.5197e-01, -8.1057e-01, -1.5487e-01,  ...,  6.9690e-01,
           2.2196e-01, -6.1710e-01],
         ...,
         [ 1.6268e+00, -2.3351e+00,  5.1259e-01,  ...,  1.4897e-01,
          -2.1463e+00,  1.3907e+00],
         [ 2.0232e-01,  7.2424e-01,  9.9232e-01,  ..., -1.1493e+00,
           9.1106e-01, -1.5773e+00],
         [-1.8709e+00, -1.6342e+00, -7.5028e-01,  ..., -2.6807e+00,
           6.9207e-02,  2.2318e+00]]]), 'rvq_quantizer.layers.3._codebook.embed': tensor([[[ 1.0305e-06, -1.6567e-06,  5.2144e-07,  ...,  2.7426e-06,
           1.2051e-06,  1.7268e-06],
         [ 1.0336e-06, -1.5165e-06,  5.2694e-07,  ...,  2.7986e-06,
           1.1996e-06,  1.8327e-06],
         [ 2.7598e-01, -4.0529e-01, -7.7433e-02,  ...,  3.4845e-01,
           1.1098e-01, -3.0855e-01],
         ...,
         [ 7.1718e-01, -1.0295e+00,  2.2598e-01,  ...,  6.5674e-02,
          -9.4622e-01,  6.1310e-01],
         [ 6.8580e-02,  2.4549e-01,  3.3636e-01,  ..., -3.8958e-01,
           3.0882e-01, -5.3464e-01],
         [-7.2026e-01, -6.2915e-01, -2.8885e-01,  ..., -1.0321e+00,
           2.6644e-02,  8.5922e-01]]])})
Loss:  tensor(1.5611, grad_fn=<MeanBackward0>)
OrderedDict({'rvq_quantizer.project_in.weight': tensor([[-0.0413, -0.0308, -0.0457,  ..., -0.0054,  0.1202, -0.1159],
        [ 0.0671,  0.0330, -0.0402,  ..., -0.0271,  0.0020,  0.1032],
        [-0.0275,  0.0642, -0.0733,  ..., -0.0311,  0.0269,  0.0363],
        ...,
        [-0.1104, -0.0646,  0.0862,  ..., -0.0201,  0.0044,  0.0403],
        [-0.0280,  0.0473, -0.0244,  ..., -0.0301, -0.0984, -0.0943],
        [-0.0933, -0.0056,  0.1242,  ..., -0.0953,  0.0431,  0.0878]]), 'rvq_quantizer.project_in.bias': tensor([-6.1077e-03, -1.0639e-01,  5.7743e-02,  6.1203e-02, -9.2560e-02,
         7.2414e-02, -8.3908e-02, -1.2417e-01,  1.2006e-01, -1.7564e-02,
        -1.3723e-02,  7.0126e-02,  6.4868e-03,  7.0763e-02,  1.1920e-01,
         4.2498e-05,  4.7043e-02,  9.1601e-02,  6.0515e-02, -1.7811e-02,
         2.7558e-02, -6.4958e-02,  4.0020e-02, -7.0381e-02,  5.4873e-03,
        -3.8032e-02,  2.0210e-02,  6.6242e-02, -3.0837e-02,  1.1786e-01,
         1.2109e-01, -8.7243e-02]), 'rvq_quantizer.project_out.weight': tensor([[ 0.1391,  0.1389, -0.0638,  ...,  0.1497, -0.1518, -0.0982],
        [ 0.0400, -0.1660,  0.0335,  ...,  0.1551, -0.0025, -0.0239],
        [-0.0596, -0.0033,  0.1215,  ...,  0.0158,  0.0578,  0.0373],
        ...,
        [ 0.1155, -0.1740, -0.0604,  ..., -0.0189, -0.1290, -0.1407],
        [ 0.1166, -0.1520,  0.1097,  ..., -0.1163, -0.1759,  0.0724],
        [ 0.0715,  0.1611, -0.1024,  ...,  0.0083, -0.0714, -0.1503]]), 'rvq_quantizer.project_out.bias': tensor([ 1.5987e-01,  1.5615e-01, -1.5339e-01, -1.0336e-01, -6.1310e-02,
         1.3101e-01,  1.5501e-01, -1.5527e-01,  1.1952e-01, -1.5099e-01,
        -6.0957e-02,  1.4259e-01,  1.0313e-01,  1.3681e-01,  1.7227e-01,
        -8.1989e-02, -8.3912e-03, -1.7124e-01, -4.0239e-02,  1.4932e-01,
         1.4961e-01, -5.6660e-02,  9.9182e-02, -1.0434e-01, -7.8989e-02,
        -9.6498e-02,  1.5545e-01,  3.2009e-02,  3.9123e-02, -3.6162e-02,
         3.2309e-02, -1.1915e-01,  1.7072e-01, -1.2743e-01,  1.0117e-01,
        -1.7586e-01, -2.1377e-03, -9.6926e-02, -1.5145e-01, -9.3806e-03,
         9.3895e-02, -1.7972e-02, -9.2573e-02,  4.8761e-02,  3.3396e-02,
        -1.5251e-01,  9.7981e-03,  1.3211e-01, -2.1608e-02, -7.7352e-02,
        -1.3026e-01,  7.6535e-02, -7.3283e-03,  1.0275e-04,  6.7207e-02,
         7.6276e-02,  2.7185e-03, -1.2288e-01,  1.6985e-01, -1.5501e-01,
        -1.4429e-01, -1.2162e-01, -1.6839e-01,  1.5317e-01]), 'rvq_quantizer.layers.0._codebook.initted': tensor([1.]), 'rvq_quantizer.layers.0._codebook.cluster_size': tensor([[2.0000, 2.0000, 4.3206,  ..., 2.4014, 2.5009, 4.3348]]), 'rvq_quantizer.layers.0._codebook.embed_avg': tensor([[[  53.9904,  -77.3373,    4.7856,  ...,  131.7432,   52.3309,
            75.1744],
         [  58.2610,  -95.7724,   35.8538,  ...,  160.9034,   46.5820,
           129.7197],
         [  87.5222, -146.7777,   71.0259,  ...,  256.2409,  136.9279,
           155.0567],
         ...,
         [  64.2384, -115.8658,   33.0625,  ...,  180.5684,   77.2126,
           150.0519],
         [  80.7715, -110.1044,   32.9956,  ...,  179.4084,   97.4599,
           144.6493],
         [ 129.6956, -140.9388,   64.3674,  ...,  193.8859,  147.0501,
           113.9809]]]), 'rvq_quantizer.layers.0._codebook.embed': tensor([[[ 26.9952, -38.6687,   2.3928,  ...,  65.8716,  26.1654,  37.5872],
         [ 29.1305, -47.8862,  17.9269,  ...,  80.4517,  23.2910,  64.8599],
         [ 20.2570, -33.9716,  16.4389,  ...,  59.3069,  31.6919,  35.8878],
         ...,
         [ 26.7500, -48.2486,  13.7678,  ...,  75.1919,  32.1527,  62.4843],
         [ 32.2965, -44.0252,  13.1933,  ...,  71.7364,  38.9693,  57.8380],
         [ 29.9197, -32.5134,  14.8490,  ...,  44.7278,  33.9232,  26.2944]]]), 'rvq_quantizer.layers.1._codebook.initted': tensor([1.]), 'rvq_quantizer.layers.1._codebook.cluster_size': tensor([[348.4955,   2.0255,   3.7609,  ...,   3.3005,   2.9279,   2.0000]]), 'rvq_quantizer.layers.1._codebook.embed_avg': tensor([[[ 8.4189e-04, -1.2790e-03,  4.1977e-04,  ...,  2.2270e-03,
           9.7637e-04,  1.3398e-03],
         [ 6.4273e+00, -1.0119e+01, -3.7588e+00,  ...,  5.6858e+00,
          -5.1412e+00, -3.2480e+00],
         [ 3.5672e+00,  1.6574e+01,  9.7312e+00,  ..., -9.1520e+00,
          -2.3496e+00, -2.0164e+01],
         ...,
         [ 6.3797e+00, -4.0605e+00,  2.5276e+00,  ...,  4.4012e+00,
          -2.4460e+00,  1.9679e-01],
         [-1.0069e+01, -3.7705e+00,  2.7094e+00,  ..., -1.0321e+00,
          -1.2603e+00, -6.3290e+00],
         [-2.9580e-01,  9.0817e-01, -4.7608e-01,  ...,  3.2475e-01,
          -1.9117e-01,  5.9271e-01]]]), 'rvq_quantizer.layers.1._codebook.embed': tensor([[[ 2.4158e-06, -3.6701e-06,  1.2045e-06,  ...,  6.3905e-06,
           2.8017e-06,  3.8447e-06],
         [ 3.1732e+00, -4.9961e+00, -1.8558e+00,  ...,  2.8071e+00,
          -2.5383e+00, -1.6036e+00],
         [ 9.4847e-01,  4.4068e+00,  2.5874e+00,  ..., -2.4334e+00,
          -6.2473e-01, -5.3614e+00],
         ...,
         [ 1.9329e+00, -1.2303e+00,  7.6582e-01,  ...,  1.3335e+00,
          -7.4110e-01,  5.9624e-02],
         [-3.4390e+00, -1.2878e+00,  9.2538e-01,  ..., -3.5251e-01,
          -4.3046e-01, -2.1616e+00],
         [-1.4790e-01,  4.5409e-01, -2.3804e-01,  ...,  1.6238e-01,
          -9.5585e-02,  2.9636e-01]]]), 'rvq_quantizer.layers.2._codebook.initted': tensor([1.]), 'rvq_quantizer.layers.2._codebook.cluster_size': tensor([[384.1896,   2.0000,   3.7851,  ...,   2.0000,   2.0000,   2.0000]]), 'rvq_quantizer.layers.2._codebook.embed_avg': tensor([[[ 6.3134e-04, -9.7191e-04,  3.2351e-04,  ...,  1.6539e-03,
           7.3304e-04,  1.0447e-03],
         [-3.0385e+00,  6.3561e-01, -2.1403e+00,  ...,  3.3245e-01,
          -1.0279e+00,  2.4859e+00],
         [ 3.4068e+00, -1.3662e+00, -1.5758e+00,  ...,  3.3975e-02,
           4.5399e-01,  1.7728e+00],
         ...,
         [-2.9593e+00,  9.6182e-01,  1.2277e+00,  ..., -1.1771e+00,
          -1.0867e+00,  8.8008e-01],
         [ 5.1258e-02, -2.0426e+00,  1.1382e+00,  ...,  9.5874e-01,
          -1.1714e+00,  4.3246e-01],
         [ 9.2664e-01, -1.1441e+00, -1.1364e+00,  ...,  4.3306e-01,
           6.8472e-01, -1.9955e+00]]]), 'rvq_quantizer.layers.2._codebook.embed': tensor([[[ 1.6433e-06, -2.5298e-06,  8.4205e-07,  ...,  4.3049e-06,
           1.9080e-06,  2.7192e-06],
         [-1.5192e+00,  3.1780e-01, -1.0701e+00,  ...,  1.6622e-01,
          -5.1396e-01,  1.2430e+00],
         [ 9.0006e-01, -3.6095e-01, -4.1631e-01,  ...,  8.9760e-03,
           1.1994e-01,  4.6836e-01],
         ...,
         [-1.4797e+00,  4.8091e-01,  6.1383e-01,  ..., -5.8856e-01,
          -5.4334e-01,  4.4004e-01],
         [ 2.5629e-02, -1.0213e+00,  5.6908e-01,  ...,  4.7937e-01,
          -5.8571e-01,  2.1623e-01],
         [ 4.6332e-01, -5.7206e-01, -5.6821e-01,  ...,  2.1653e-01,
           3.4236e-01, -9.9773e-01]]]), 'rvq_quantizer.layers.3._codebook.initted': tensor([1.]), 'rvq_quantizer.layers.3._codebook.cluster_size': tensor([[351.5633,  30.4833,   2.0000,  ...,   2.3415,   3.0551,   2.5377]]), 'rvq_quantizer.layers.3._codebook.embed_avg': tensor([[[ 3.6470e-04, -5.6682e-04,  1.8536e-04,  ...,  9.5157e-04,
           4.2461e-04,  5.9497e-04],
         [ 3.1506e-05, -4.6227e-05,  1.6063e-05,  ...,  8.5311e-05,
           3.6569e-05,  5.5868e-05],
         [ 6.2089e-01, -7.6525e-01, -1.9043e-01,  ...,  7.7198e-01,
           4.3630e-01, -7.4787e-01],
         ...,
         [ 1.5486e+00, -2.0671e+00,  3.2718e-01,  ...,  3.6549e-01,
          -2.1125e+00,  1.6970e+00],
         [ 1.8523e-01,  8.2667e-01,  1.0712e+00,  ..., -1.3559e+00,
           8.9981e-01, -1.6830e+00],
         [-1.7065e+00, -1.7139e+00, -6.2700e-01,  ..., -2.5567e+00,
           2.2711e-01,  2.1513e+00]]]), 'rvq_quantizer.layers.3._codebook.embed': tensor([[[ 1.0374e-06, -1.6123e-06,  5.2724e-07,  ...,  2.7067e-06,
           1.2078e-06,  1.6924e-06],
         [ 1.0336e-06, -1.5165e-06,  5.2694e-07,  ...,  2.7986e-06,
           1.1996e-06,  1.8327e-06],
         [ 3.1045e-01, -3.8262e-01, -9.5213e-02,  ...,  3.8599e-01,
           2.1815e-01, -3.7394e-01],
         ...,
         [ 6.6137e-01, -8.8281e-01,  1.3973e-01,  ...,  1.5609e-01,
          -9.0223e-01,  7.2477e-01],
         [ 6.0628e-02,  2.7058e-01,  3.5063e-01,  ..., -4.4380e-01,
           2.9452e-01, -5.5087e-01],
         [-6.7245e-01, -6.7539e-01, -2.4707e-01,  ..., -1.0075e+00,
           8.9495e-02,  8.4773e-01]]])})
Loss:  tensor(1.5814, grad_fn=<MeanBackward0>)
OrderedDict({'rvq_quantizer.project_in.weight': tensor([[-0.0413, -0.0308, -0.0457,  ..., -0.0054,  0.1202, -0.1159],
        [ 0.0671,  0.0330, -0.0402,  ..., -0.0271,  0.0020,  0.1032],
        [-0.0275,  0.0642, -0.0733,  ..., -0.0311,  0.0269,  0.0363],
        ...,
        [-0.1104, -0.0646,  0.0862,  ..., -0.0201,  0.0044,  0.0403],
        [-0.0280,  0.0473, -0.0244,  ..., -0.0301, -0.0984, -0.0943],
        [-0.0933, -0.0056,  0.1242,  ..., -0.0953,  0.0431,  0.0878]]), 'rvq_quantizer.project_in.bias': tensor([-6.1077e-03, -1.0639e-01,  5.7743e-02,  6.1203e-02, -9.2560e-02,
         7.2414e-02, -8.3908e-02, -1.2417e-01,  1.2006e-01, -1.7564e-02,
        -1.3723e-02,  7.0126e-02,  6.4868e-03,  7.0763e-02,  1.1920e-01,
         4.2498e-05,  4.7043e-02,  9.1601e-02,  6.0515e-02, -1.7811e-02,
         2.7558e-02, -6.4958e-02,  4.0020e-02, -7.0381e-02,  5.4873e-03,
        -3.8032e-02,  2.0210e-02,  6.6242e-02, -3.0837e-02,  1.1786e-01,
         1.2109e-01, -8.7243e-02]), 'rvq_quantizer.project_out.weight': tensor([[ 0.1391,  0.1389, -0.0638,  ...,  0.1497, -0.1518, -0.0982],
        [ 0.0400, -0.1660,  0.0335,  ...,  0.1551, -0.0025, -0.0239],
        [-0.0596, -0.0033,  0.1215,  ...,  0.0158,  0.0578,  0.0373],
        ...,
        [ 0.1155, -0.1740, -0.0604,  ..., -0.0189, -0.1290, -0.1407],
        [ 0.1166, -0.1520,  0.1097,  ..., -0.1163, -0.1759,  0.0724],
        [ 0.0715,  0.1611, -0.1024,  ...,  0.0083, -0.0714, -0.1503]]), 'rvq_quantizer.project_out.bias': tensor([ 1.5987e-01,  1.5615e-01, -1.5339e-01, -1.0336e-01, -6.1310e-02,
         1.3101e-01,  1.5501e-01, -1.5527e-01,  1.1952e-01, -1.5099e-01,
        -6.0957e-02,  1.4259e-01,  1.0313e-01,  1.3681e-01,  1.7227e-01,
        -8.1989e-02, -8.3912e-03, -1.7124e-01, -4.0239e-02,  1.4932e-01,
         1.4961e-01, -5.6660e-02,  9.9182e-02, -1.0434e-01, -7.8989e-02,
        -9.6498e-02,  1.5545e-01,  3.2009e-02,  3.9123e-02, -3.6162e-02,
         3.2309e-02, -1.1915e-01,  1.7072e-01, -1.2743e-01,  1.0117e-01,
        -1.7586e-01, -2.1377e-03, -9.6926e-02, -1.5145e-01, -9.3806e-03,
         9.3895e-02, -1.7972e-02, -9.2573e-02,  4.8761e-02,  3.3396e-02,
        -1.5251e-01,  9.7981e-03,  1.3211e-01, -2.1608e-02, -7.7352e-02,
        -1.3026e-01,  7.6535e-02, -7.3283e-03,  1.0275e-04,  6.7207e-02,
         7.6276e-02,  2.7185e-03, -1.2288e-01,  1.6985e-01, -1.5501e-01,
        -1.4429e-01, -1.2162e-01, -1.6839e-01,  1.5317e-01]), 'rvq_quantizer.layers.0._codebook.initted': tensor([1.]), 'rvq_quantizer.layers.0._codebook.cluster_size': tensor([[2.0000, 2.0000, 4.4497,  ..., 2.3152, 2.4958, 4.4612]]), 'rvq_quantizer.layers.0._codebook.embed_avg': tensor([[[  51.9497,  -58.1315,   29.0937,  ...,  128.9737,   89.3287,
            88.9548],
         [  53.1282,  -71.4693,   -6.2979,  ...,  132.6244,   26.0256,
           101.1959],
         [  90.1625, -151.1531,   73.1612,  ...,  263.8783,  141.0453,
           159.7365],
         ...,
         [  62.1899, -111.7519,   32.1469,  ...,  174.0888,   74.1979,
           144.6937],
         [  80.7003, -110.1400,   32.9192,  ...,  179.1012,   97.2258,
           144.4185],
         [ 133.4569, -145.2040,   66.4033,  ...,  199.3321,  151.3289,
           117.5497]]]), 'rvq_quantizer.layers.0._codebook.embed': tensor([[[ 25.9748, -29.0658,  14.5469,  ...,  64.4868,  44.6643,  44.4774],
         [ 26.5641, -35.7347,  -3.1489,  ...,  66.3122,  13.0128,  50.5979],
         [ 20.2627, -33.9694,  16.4419,  ...,  59.3028,  31.6978,  35.8984],
         ...,
         [ 26.8620, -48.2696,  13.8854,  ...,  75.1951,  32.0487,  62.4983],
         [ 32.3349, -44.1308,  13.1900,  ...,  71.7621,  38.9564,  57.8655],
         [ 29.9151, -32.5483,  14.8847,  ...,  44.6815,  33.9213,  26.3495]]]), 'rvq_quantizer.layers.1._codebook.initted': tensor([1.]), 'rvq_quantizer.layers.1._codebook.cluster_size': tensor([[347.7013,   2.0206,   3.7164,  ...,   3.8134,   3.1316,   2.0000]]), 'rvq_quantizer.layers.1._codebook.embed_avg': tensor([[[ 8.4337e-04, -1.2765e-03,  4.2545e-04,  ...,  2.2262e-03,
           9.7687e-04,  1.3417e-03],
         [ 6.3064e+00, -1.0182e+01, -3.6050e+00,  ...,  5.5077e+00,
          -5.1720e+00, -3.2985e+00],
         [ 3.6846e+00,  1.6361e+01,  9.1717e+00,  ..., -8.7601e+00,
          -2.2124e+00, -1.9981e+01],
         ...,
         [ 6.8285e+00, -5.2365e+00,  2.8672e+00,  ...,  4.9241e+00,
          -3.0863e+00,  1.7531e-01],
         [-1.0712e+01, -3.8535e+00,  2.5108e+00,  ..., -1.3899e+00,
          -1.6019e+00, -6.5861e+00],
         [ 1.0252e+00,  7.8905e-01, -1.6346e+00,  ...,  3.1103e+00,
          -2.4933e-02, -2.0401e-02]]]), 'rvq_quantizer.layers.1._codebook.embed': tensor([[[ 2.4256e-06, -3.6712e-06,  1.2236e-06,  ...,  6.4027e-06,
           2.8095e-06,  3.8588e-06],
         [ 3.1210e+00, -5.0389e+00, -1.7841e+00,  ...,  2.7257e+00,
          -2.5596e+00, -1.6324e+00],
         [ 9.9146e-01,  4.4023e+00,  2.4679e+00,  ..., -2.3572e+00,
          -5.9531e-01, -5.3764e+00],
         ...,
         [ 1.7906e+00, -1.3732e+00,  7.5186e-01,  ...,  1.2912e+00,
          -8.0933e-01,  4.5972e-02],
         [-3.4208e+00, -1.2305e+00,  8.0176e-01,  ..., -4.4382e-01,
          -5.1152e-01, -2.1031e+00],
         [ 5.1260e-01,  3.9453e-01, -8.1732e-01,  ...,  1.5552e+00,
          -1.2466e-02, -1.0201e-02]]]), 'rvq_quantizer.layers.2._codebook.initted': tensor([1.]), 'rvq_quantizer.layers.2._codebook.cluster_size': tensor([[384.1736,   2.0000,   4.2159,  ...,   2.0000,   2.0000,   2.0000]]), 'rvq_quantizer.layers.2._codebook.embed_avg': tensor([[[ 6.2281e-04, -9.5726e-04,  3.2422e-04,  ...,  1.6311e-03,
           7.2808e-04,  1.0061e-03],
         [ 1.8751e-01, -4.9377e-01,  2.6495e-01,  ..., -1.4965e+00,
          -4.3176e-01,  3.2774e+00],
         [ 3.8360e+00, -1.3667e+00, -1.4627e+00,  ...,  1.7346e-01,
           7.7143e-01,  2.1518e+00],
         ...,
         [ 4.5958e+00, -7.9864e-01,  5.1643e+00,  ..., -4.5260e-01,
           2.0371e-01,  7.4284e-02],
         [ 4.4655e+00, -6.8024e+00,  3.9687e+00,  ...,  3.6333e+00,
           4.8106e+00,  6.7325e+00],
         [ 1.3412e+00,  7.6274e-01, -5.8916e-01,  ...,  1.4662e-01,
           5.8597e-01, -2.2123e-01]]]), 'rvq_quantizer.layers.2._codebook.embed': tensor([[[ 1.6212e-06, -2.4917e-06,  8.4395e-07,  ...,  4.2457e-06,
           1.8952e-06,  2.6188e-06],
         [ 9.3757e-02, -2.4689e-01,  1.3247e-01,  ..., -7.4824e-01,
          -2.1588e-01,  1.6387e+00],
         [ 9.0989e-01, -3.2418e-01, -3.4695e-01,  ...,  4.1143e-02,
           1.8298e-01,  5.1040e-01],
         ...,
         [ 2.2979e+00, -3.9932e-01,  2.5821e+00,  ..., -2.2630e-01,
           1.0185e-01,  3.7142e-02],
         [ 2.2328e+00, -3.4012e+00,  1.9843e+00,  ...,  1.8166e+00,
           2.4053e+00,  3.3663e+00],
         [ 6.7061e-01,  3.8137e-01, -2.9458e-01,  ...,  7.3308e-02,
           2.9298e-01, -1.1061e-01]]]), 'rvq_quantizer.layers.3._codebook.initted': tensor([1.]), 'rvq_quantizer.layers.3._codebook.cluster_size': tensor([[357.5663,  24.6915,   2.0000,  ...,   2.5766,   3.4347,   2.3456]]), 'rvq_quantizer.layers.3._codebook.embed_avg': tensor([[[ 3.6239e-04, -5.5712e-04,  1.8921e-04,  ...,  9.4510e-04,
           4.2647e-04,  5.6763e-04],
         [ 2.5520e-05, -3.7444e-05,  1.3011e-05,  ...,  6.9102e-05,
           2.9621e-05,  4.5253e-05],
         [ 3.7916e-01,  2.0792e+00,  1.8693e+00,  ...,  9.4394e-01,
           4.0181e-01, -1.7360e-01],
         ...,
         [ 1.9981e+00, -2.0711e+00, -2.5772e-02,  ...,  9.8965e-01,
          -2.1058e+00,  2.1975e+00],
         [ 1.3844e-01,  1.1636e+00,  1.7356e+00,  ..., -1.7777e+00,
           9.1203e-01, -1.9413e+00],
         [-1.5656e+00, -1.7059e+00, -4.4792e-01,  ..., -2.3358e+00,
           3.7055e-01,  2.0289e+00]]]), 'rvq_quantizer.layers.3._codebook.embed': tensor([[[ 1.0135e-06, -1.5581e-06,  5.2916e-07,  ...,  2.6432e-06,
           1.1927e-06,  1.5875e-06],
         [ 1.0336e-06, -1.5165e-06,  5.2694e-07,  ...,  2.7986e-06,
           1.1996e-06,  1.8327e-06],
         [ 1.8958e-01,  1.0396e+00,  9.3465e-01,  ...,  4.7197e-01,
           2.0090e-01, -8.6799e-02],
         ...,
         [ 7.7547e-01, -8.0381e-01, -1.0002e-02,  ...,  3.8409e-01,
          -8.1727e-01,  8.5287e-01],
         [ 4.0308e-02,  3.3877e-01,  5.0533e-01,  ..., -5.1757e-01,
           2.6554e-01, -5.6520e-01],
         [-6.6747e-01, -7.2728e-01, -1.9097e-01,  ..., -9.9582e-01,
           1.5798e-01,  8.6501e-01]]])})
Loss:  tensor(1.5837, grad_fn=<MeanBackward0>)
OrderedDict({'rvq_quantizer.project_in.weight': tensor([[-0.0413, -0.0308, -0.0457,  ..., -0.0054,  0.1202, -0.1159],
        [ 0.0671,  0.0330, -0.0402,  ..., -0.0271,  0.0020,  0.1032],
        [-0.0275,  0.0642, -0.0733,  ..., -0.0311,  0.0269,  0.0363],
        ...,
        [-0.1104, -0.0646,  0.0862,  ..., -0.0201,  0.0044,  0.0403],
        [-0.0280,  0.0473, -0.0244,  ..., -0.0301, -0.0984, -0.0943],
        [-0.0933, -0.0056,  0.1242,  ..., -0.0953,  0.0431,  0.0878]]), 'rvq_quantizer.project_in.bias': tensor([-6.1077e-03, -1.0639e-01,  5.7743e-02,  6.1203e-02, -9.2560e-02,
         7.2414e-02, -8.3908e-02, -1.2417e-01,  1.2006e-01, -1.7564e-02,
        -1.3723e-02,  7.0126e-02,  6.4868e-03,  7.0763e-02,  1.1920e-01,
         4.2498e-05,  4.7043e-02,  9.1601e-02,  6.0515e-02, -1.7811e-02,
         2.7558e-02, -6.4958e-02,  4.0020e-02, -7.0381e-02,  5.4873e-03,
        -3.8032e-02,  2.0210e-02,  6.6242e-02, -3.0837e-02,  1.1786e-01,
         1.2109e-01, -8.7243e-02]), 'rvq_quantizer.project_out.weight': tensor([[ 0.1391,  0.1389, -0.0638,  ...,  0.1497, -0.1518, -0.0982],
        [ 0.0400, -0.1660,  0.0335,  ...,  0.1551, -0.0025, -0.0239],
        [-0.0596, -0.0033,  0.1215,  ...,  0.0158,  0.0578,  0.0373],
        ...,
        [ 0.1155, -0.1740, -0.0604,  ..., -0.0189, -0.1290, -0.1407],
        [ 0.1166, -0.1520,  0.1097,  ..., -0.1163, -0.1759,  0.0724],
        [ 0.0715,  0.1611, -0.1024,  ...,  0.0083, -0.0714, -0.1503]]), 'rvq_quantizer.project_out.bias': tensor([ 1.5987e-01,  1.5615e-01, -1.5339e-01, -1.0336e-01, -6.1310e-02,
         1.3101e-01,  1.5501e-01, -1.5527e-01,  1.1952e-01, -1.5099e-01,
        -6.0957e-02,  1.4259e-01,  1.0313e-01,  1.3681e-01,  1.7227e-01,
        -8.1989e-02, -8.3912e-03, -1.7124e-01, -4.0239e-02,  1.4932e-01,
         1.4961e-01, -5.6660e-02,  9.9182e-02, -1.0434e-01, -7.8989e-02,
        -9.6498e-02,  1.5545e-01,  3.2009e-02,  3.9123e-02, -3.6162e-02,
         3.2309e-02, -1.1915e-01,  1.7072e-01, -1.2743e-01,  1.0117e-01,
        -1.7586e-01, -2.1377e-03, -9.6926e-02, -1.5145e-01, -9.3806e-03,
         9.3895e-02, -1.7972e-02, -9.2573e-02,  4.8761e-02,  3.3396e-02,
        -1.5251e-01,  9.7981e-03,  1.3211e-01, -2.1608e-02, -7.7352e-02,
        -1.3026e-01,  7.6535e-02, -7.3283e-03,  1.0275e-04,  6.7207e-02,
         7.6276e-02,  2.7185e-03, -1.2288e-01,  1.6985e-01, -1.5501e-01,
        -1.4429e-01, -1.2162e-01, -1.6839e-01,  1.5317e-01]), 'rvq_quantizer.layers.0._codebook.initted': tensor([1.]), 'rvq_quantizer.layers.0._codebook.cluster_size': tensor([[2.0000, 2.0000, 4.4047,  ..., 2.3836, 2.4462, 4.4151]]), 'rvq_quantizer.layers.0._codebook.embed_avg': tensor([[[  43.8503,  -83.6173,   37.1430,  ...,  134.9207,   70.7851,
           104.7852],
         [  57.0688, -101.3393,   32.5796,  ...,  158.8294,   49.1630,
           131.1853],
         [  89.1003, -149.8072,   72.6412,  ...,  261.4604,  139.2158,
           157.7203],
         ...,
         [  64.0564, -115.0636,   33.1305,  ...,  179.2394,   76.3671,
           148.9764],
         [  79.0823, -107.6542,   32.2427,  ...,  175.6254,   95.3690,
           141.5312],
         [ 132.1929, -144.1354,   65.5571,  ...,  197.2924,  149.5014,
           116.5624]]]), 'rvq_quantizer.layers.0._codebook.embed': tensor([[[ 21.9251, -41.8087,  18.5715,  ...,  67.4604,  35.3926,  52.3926],
         [ 28.5344, -50.6696,  16.2898,  ...,  79.4147,  24.5815,  65.5927],
         [ 20.2284, -34.0107,  16.4917,  ...,  59.3592,  31.6061,  35.8072],
         ...,
         [ 26.8733, -48.2721,  13.8991,  ...,  75.1955,  32.0379,  62.4994],
         [ 32.3288, -44.0090,  13.1808,  ...,  71.7956,  38.9868,  57.8579],
         [ 29.9413, -32.6463,  14.8485,  ...,  44.6862,  33.8617,  26.4011]]]), 'rvq_quantizer.layers.1._codebook.initted': tensor([1.]), 'rvq_quantizer.layers.1._codebook.cluster_size': tensor([[347.6312,   2.1186,   3.6447,  ...,   3.9321,   3.2184,   2.0000]]), 'rvq_quantizer.layers.1._codebook.embed_avg': tensor([[[ 8.4868e-04, -1.2820e-03,  4.2640e-04,  ...,  2.2447e-03,
           9.8733e-04,  1.3544e-03],
         [ 6.4925e+00, -1.0635e+01, -4.0663e+00,  ...,  6.0769e+00,
          -5.3864e+00, -3.6746e+00],
         [ 3.3718e+00,  1.6206e+01,  9.0574e+00,  ..., -8.7327e+00,
          -2.4369e+00, -1.9863e+01],
         ...,
         [ 6.7919e+00, -5.9263e+00,  3.0885e+00,  ...,  4.9538e+00,
          -3.2846e+00,  1.8345e-01],
         [-1.1468e+01, -3.8690e+00,  2.6264e+00,  ..., -1.4866e+00,
          -1.6002e+00, -6.8476e+00],
         [-3.0401e+00, -1.6804e+00, -2.2717e+00,  ...,  3.3813e+00,
           5.3109e-01, -1.7216e+00]]]), 'rvq_quantizer.layers.1._codebook.embed': tensor([[[ 2.4413e-06, -3.6877e-06,  1.2266e-06,  ...,  6.4571e-06,
           2.8402e-06,  3.8961e-06],
         [ 3.0646e+00, -5.0199e+00, -1.9194e+00,  ...,  2.8684e+00,
          -2.5425e+00, -1.7345e+00],
         [ 9.2513e-01,  4.4463e+00,  2.4851e+00,  ..., -2.3960e+00,
          -6.6862e-01, -5.4497e+00],
         ...,
         [ 1.7273e+00, -1.5072e+00,  7.8546e-01,  ...,  1.2598e+00,
          -8.3533e-01,  4.6654e-02],
         [-3.5631e+00, -1.2021e+00,  8.1606e-01,  ..., -4.6191e-01,
          -4.9720e-01, -2.1276e+00],
         [-1.5201e+00, -8.4022e-01, -1.1358e+00,  ...,  1.6907e+00,
           2.6554e-01, -8.6082e-01]]]), 'rvq_quantizer.layers.2._codebook.initted': tensor([1.]), 'rvq_quantizer.layers.2._codebook.cluster_size': tensor([[383.7562,   2.0000,   4.0943,  ...,   2.0000,   2.0000,   2.0000]]), 'rvq_quantizer.layers.2._codebook.embed_avg': tensor([[[ 6.2651e-04, -9.5776e-04,  3.2271e-04,  ...,  1.6460e-03,
           7.3134e-04,  1.0219e-03],
         [ 2.5491e-02,  5.3828e-02,  3.6280e-02,  ...,  8.3387e-03,
           6.3628e-03,  3.3414e-03],
         [ 3.7722e+00, -1.3353e+00, -1.3852e+00,  ...,  9.9412e-02,
           6.9999e-01,  2.1870e+00],
         ...,
         [-6.4581e-03,  2.9609e-02,  4.7026e-03,  ...,  1.7074e-02,
           1.4114e-03, -6.1946e-03],
         [ 3.2639e+00, -5.0970e-01,  2.6485e+00,  ...,  8.6414e-01,
          -1.5393e+00, -3.3709e+00],
         [-3.2828e+00,  2.5536e+00,  3.5278e-01,  ..., -5.3929e-01,
          -2.3816e-01,  5.1093e-01]]]), 'rvq_quantizer.layers.2._codebook.embed': tensor([[[ 1.6326e-06, -2.4958e-06,  8.4094e-07,  ...,  4.2891e-06,
           1.9058e-06,  2.6630e-06],
         [ 1.2746e-02,  2.6914e-02,  1.8140e-02,  ...,  4.1693e-03,
           3.1814e-03,  1.6707e-03],
         [ 9.2132e-01, -3.2613e-01, -3.3833e-01,  ...,  2.4280e-02,
           1.7097e-01,  5.3415e-01],
         ...,
         [-3.2291e-03,  1.4805e-02,  2.3513e-03,  ...,  8.5368e-03,
           7.0572e-04, -3.0973e-03],
         [ 1.6320e+00, -2.5485e-01,  1.3243e+00,  ...,  4.3207e-01,
          -7.6963e-01, -1.6855e+00],
         [-1.6414e+00,  1.2768e+00,  1.7639e-01,  ..., -2.6965e-01,
          -1.1908e-01,  2.5546e-01]]]), 'rvq_quantizer.layers.3._codebook.initted': tensor([1.]), 'rvq_quantizer.layers.3._codebook.cluster_size': tensor([[360.2096,  22.2223,   2.0000,  ...,   2.7189,   3.3912,   2.3110]]), 'rvq_quantizer.layers.3._codebook.embed_avg': tensor([[[ 3.6591e-04, -5.5822e-04,  1.8746e-04,  ...,  9.6067e-04,
           4.2944e-04,  5.8288e-04],
         [ 2.2968e-05, -3.3699e-05,  1.1710e-05,  ...,  6.2192e-05,
           2.6659e-05,  4.0728e-05],
         [ 2.0158e-01, -6.3400e-01,  2.4686e+00,  ..., -9.9385e-01,
          -2.9047e+00,  2.3760e+00],
         ...,
         [ 2.0201e+00, -2.1099e+00, -2.1284e-01,  ...,  1.1052e+00,
          -2.1665e+00,  2.3763e+00],
         [ 9.6849e-02,  1.2549e+00,  2.0037e+00,  ..., -1.8289e+00,
           9.5521e-01, -2.1090e+00],
         [-1.6119e+00, -1.5478e+00, -5.5360e-01,  ..., -2.2710e+00,
           5.0902e-01,  2.2001e+00]]]), 'rvq_quantizer.layers.3._codebook.embed': tensor([[[ 1.0158e-06, -1.5497e-06,  5.2041e-07,  ...,  2.6670e-06,
           1.1922e-06,  1.6182e-06],
         [ 1.0336e-06, -1.5165e-06,  5.2694e-07,  ...,  2.7986e-06,
           1.1996e-06,  1.8327e-06],
         [ 1.0079e-01, -3.1700e-01,  1.2343e+00,  ..., -4.9692e-01,
          -1.4524e+00,  1.1880e+00],
         ...,
         [ 7.4299e-01, -7.7600e-01, -7.8279e-02,  ...,  4.0649e-01,
          -7.9682e-01,  8.7400e-01],
         [ 2.8559e-02,  3.7005e-01,  5.9084e-01,  ..., -5.3931e-01,
           2.8167e-01, -6.2190e-01],
         [-6.9748e-01, -6.6975e-01, -2.3955e-01,  ..., -9.8268e-01,
           2.2026e-01,  9.5199e-01]]])})
Loss:  tensor(1.5966, grad_fn=<MeanBackward0>)
OrderedDict({'rvq_quantizer.project_in.weight': tensor([[-0.0413, -0.0308, -0.0457,  ..., -0.0054,  0.1202, -0.1159],
        [ 0.0671,  0.0330, -0.0402,  ..., -0.0271,  0.0020,  0.1032],
        [-0.0275,  0.0642, -0.0733,  ..., -0.0311,  0.0269,  0.0363],
        ...,
        [-0.1104, -0.0646,  0.0862,  ..., -0.0201,  0.0044,  0.0403],
        [-0.0280,  0.0473, -0.0244,  ..., -0.0301, -0.0984, -0.0943],
        [-0.0933, -0.0056,  0.1242,  ..., -0.0953,  0.0431,  0.0878]]), 'rvq_quantizer.project_in.bias': tensor([-6.1077e-03, -1.0639e-01,  5.7743e-02,  6.1203e-02, -9.2560e-02,
         7.2414e-02, -8.3908e-02, -1.2417e-01,  1.2006e-01, -1.7564e-02,
        -1.3723e-02,  7.0126e-02,  6.4868e-03,  7.0763e-02,  1.1920e-01,
         4.2498e-05,  4.7043e-02,  9.1601e-02,  6.0515e-02, -1.7811e-02,
         2.7558e-02, -6.4958e-02,  4.0020e-02, -7.0381e-02,  5.4873e-03,
        -3.8032e-02,  2.0210e-02,  6.6242e-02, -3.0837e-02,  1.1786e-01,
         1.2109e-01, -8.7243e-02]), 'rvq_quantizer.project_out.weight': tensor([[ 0.1391,  0.1389, -0.0638,  ...,  0.1497, -0.1518, -0.0982],
        [ 0.0400, -0.1660,  0.0335,  ...,  0.1551, -0.0025, -0.0239],
        [-0.0596, -0.0033,  0.1215,  ...,  0.0158,  0.0578,  0.0373],
        ...,
        [ 0.1155, -0.1740, -0.0604,  ..., -0.0189, -0.1290, -0.1407],
        [ 0.1166, -0.1520,  0.1097,  ..., -0.1163, -0.1759,  0.0724],
        [ 0.0715,  0.1611, -0.1024,  ...,  0.0083, -0.0714, -0.1503]]), 'rvq_quantizer.project_out.bias': tensor([ 1.5987e-01,  1.5615e-01, -1.5339e-01, -1.0336e-01, -6.1310e-02,
         1.3101e-01,  1.5501e-01, -1.5527e-01,  1.1952e-01, -1.5099e-01,
        -6.0957e-02,  1.4259e-01,  1.0313e-01,  1.3681e-01,  1.7227e-01,
        -8.1989e-02, -8.3912e-03, -1.7124e-01, -4.0239e-02,  1.4932e-01,
         1.4961e-01, -5.6660e-02,  9.9182e-02, -1.0434e-01, -7.8989e-02,
        -9.6498e-02,  1.5545e-01,  3.2009e-02,  3.9123e-02, -3.6162e-02,
         3.2309e-02, -1.1915e-01,  1.7072e-01, -1.2743e-01,  1.0117e-01,
        -1.7586e-01, -2.1377e-03, -9.6926e-02, -1.5145e-01, -9.3806e-03,
         9.3895e-02, -1.7972e-02, -9.2573e-02,  4.8761e-02,  3.3396e-02,
        -1.5251e-01,  9.7981e-03,  1.3211e-01, -2.1608e-02, -7.7352e-02,
        -1.3026e-01,  7.6535e-02, -7.3283e-03,  1.0275e-04,  6.7207e-02,
         7.6276e-02,  2.7185e-03, -1.2288e-01,  1.6985e-01, -1.5501e-01,
        -1.4429e-01, -1.2162e-01, -1.6839e-01,  1.5317e-01]), 'rvq_quantizer.layers.0._codebook.initted': tensor([1.]), 'rvq_quantizer.layers.0._codebook.cluster_size': tensor([[2.0000, 2.0000, 4.2642,  ..., 2.4453, 2.4016, 4.4736]]), 'rvq_quantizer.layers.0._codebook.embed_avg': tensor([[[  64.9817,  -80.2214,   33.4931,  ...,  126.7728,   58.7493,
            82.2037],
         [  52.8052,  -82.2781,  -27.1960,  ...,  131.2735,   29.9137,
           104.7128],
         [  86.3385, -145.1694,   70.2488,  ...,  252.6400,  134.9968,
           152.7936],
         ...,
         [  65.7362, -118.0442,   34.0157,  ...,  183.8749,   78.3195,
           152.8309],
         [  77.4171, -105.5626,   31.7181,  ...,  172.1003,   93.5736,
           138.8051],
         [ 133.9228, -146.0605,   66.5096,  ...,  199.8181,  151.5083,
           118.1825]]]), 'rvq_quantizer.layers.0._codebook.embed': tensor([[[ 32.4908, -40.1107,  16.7466,  ...,  63.3864,  29.3746,  41.1019],
         [ 26.4026, -41.1391, -13.5980,  ...,  65.6368,  14.9569,  52.3564],
         [ 20.2471, -34.0434,  16.4739,  ...,  59.2462,  31.6579,  35.8314],
         ...,
         [ 26.8829, -48.2743,  13.9107,  ...,  75.1958,  32.0288,  62.5003],
         [ 32.2361, -43.9557,  13.2073,  ...,  71.6617,  38.9636,  57.7977],
         [ 29.9365, -32.6498,  14.8673,  ...,  44.6665,  33.8675,  26.4180]]]), 'rvq_quantizer.layers.1._codebook.initted': tensor([1.]), 'rvq_quantizer.layers.1._codebook.cluster_size': tensor([[347.6681,   2.2067,   3.5803,  ...,   3.9389,   3.2966,   2.0000]]), 'rvq_quantizer.layers.1._codebook.embed_avg': tensor([[[ 8.4831e-04, -1.2810e-03,  4.3198e-04,  ...,  2.2483e-03,
           9.8530e-04,  1.3481e-03],
         [ 6.6585e+00, -1.1038e+01, -4.4759e+00,  ...,  6.5854e+00,
          -5.5796e+00, -4.0065e+00],
         [ 3.5299e+00,  1.5676e+01,  8.8742e+00,  ..., -8.2389e+00,
          -2.1829e+00, -1.9622e+01],
         ...,
         [ 6.5890e+00, -6.4874e+00,  3.0636e+00,  ...,  4.6650e+00,
          -3.3604e+00,  3.0024e-01],
         [-1.1572e+01, -4.3261e+00,  2.9961e+00,  ..., -1.7639e+00,
          -1.4146e+00, -7.1065e+00],
         [-2.9792e+00, -9.6501e+00, -8.9981e+00,  ...,  6.7018e+00,
          -1.2307e+00,  4.1319e+00]]]), 'rvq_quantizer.layers.1._codebook.embed': tensor([[[ 2.4400e-06, -3.6845e-06,  1.2425e-06,  ...,  6.4669e-06,
           2.8340e-06,  3.8775e-06],
         [ 3.0174e+00, -5.0022e+00, -2.0283e+00,  ...,  2.9843e+00,
          -2.5285e+00, -1.8156e+00],
         [ 9.8594e-01,  4.3786e+00,  2.4786e+00,  ..., -2.3012e+00,
          -6.0971e-01, -5.4805e+00],
         ...,
         [ 1.6728e+00, -1.6470e+00,  7.7778e-01,  ...,  1.1844e+00,
          -8.5314e-01,  7.6225e-02],
         [-3.5102e+00, -1.3123e+00,  9.0885e-01,  ..., -5.3508e-01,
          -4.2911e-01, -2.1557e+00],
         [-1.4896e+00, -4.8251e+00, -4.4990e+00,  ...,  3.3509e+00,
          -6.1533e-01,  2.0659e+00]]]), 'rvq_quantizer.layers.2._codebook.initted': tensor([1.]), 'rvq_quantizer.layers.2._codebook.cluster_size': tensor([[383.9806,   2.0000,   4.0849,  ...,   2.0000,   2.0000,   2.0000]]), 'rvq_quantizer.layers.2._codebook.embed_avg': tensor([[[ 6.1883e-04, -9.4459e-04,  3.2649e-04,  ...,  1.6455e-03,
           7.1977e-04,  9.9670e-04],
         [ 1.2059e-02, -3.0427e-02, -3.2806e-04,  ...,  8.6384e-03,
           3.0782e-02,  4.3846e-02],
         [ 3.8246e+00, -1.2930e+00, -1.3492e+00,  ..., -8.1199e-03,
           6.5261e-01,  2.2859e+00],
         ...,
         [ 6.0017e-03,  2.7602e+00,  2.3888e+00,  ...,  1.3239e+00,
           3.5632e+00, -1.3616e+00],
         [ 7.7169e-01, -2.4296e+00,  4.1377e-01,  ...,  3.2618e+00,
           3.0772e-02, -1.5386e-01],
         [-7.9542e-01,  6.6614e-01,  3.3711e-01,  ...,  8.7310e-01,
          -4.6860e-01, -1.1537e+00]]]), 'rvq_quantizer.layers.2._codebook.embed': tensor([[[ 1.6116e-06, -2.4600e-06,  8.5029e-07,  ...,  4.2853e-06,
           1.8745e-06,  2.5957e-06],
         [ 6.0296e-03, -1.5213e-02, -1.6403e-04,  ...,  4.3192e-03,
           1.5391e-02,  2.1923e-02],
         [ 9.3629e-01, -3.1654e-01, -3.3028e-01,  ..., -1.9878e-03,
           1.5976e-01,  5.5961e-01],
         ...,
         [ 3.0009e-03,  1.3801e+00,  1.1944e+00,  ...,  6.6194e-01,
           1.7816e+00, -6.8081e-01],
         [ 3.8585e-01, -1.2148e+00,  2.0688e-01,  ...,  1.6309e+00,
           1.5386e-02, -7.6931e-02],
         [-3.9771e-01,  3.3307e-01,  1.6855e-01,  ...,  4.3655e-01,
          -2.3430e-01, -5.7684e-01]]]), 'rvq_quantizer.layers.3._codebook.initted': tensor([1.]), 'rvq_quantizer.layers.3._codebook.cluster_size': tensor([[362.9887,  20.0001,   2.0000,  ...,   2.8470,   3.3521,   2.3799]]), 'rvq_quantizer.layers.3._codebook.embed_avg': tensor([[[ 3.5909e-04, -5.4557e-04,  1.9157e-04,  ...,  9.6019e-04,
           4.1880e-04,  5.5948e-04],
         [ 2.0671e-05, -3.0329e-05,  1.0539e-05,  ...,  5.5973e-05,
           2.3993e-05,  3.6655e-05],
         [-2.2025e-01, -4.2288e-02, -2.0971e-02,  ...,  5.8468e-02,
           9.7624e-02,  7.1258e-02],
         ...,
         [ 2.0412e+00, -2.4151e+00, -3.6310e-01,  ...,  1.0635e+00,
          -2.2484e+00,  2.5408e+00],
         [ 3.0500e-02,  1.3456e+00,  2.1246e+00,  ..., -1.8398e+00,
           9.8335e-01, -2.0365e+00],
         [-1.4864e+00, -1.5562e+00, -6.0739e-01,  ..., -2.2318e+00,
           7.9553e-01,  2.3631e+00]]]), 'rvq_quantizer.layers.3._codebook.embed': tensor([[[ 9.8927e-07, -1.5030e-06,  5.2776e-07,  ...,  2.6452e-06,
           1.1538e-06,  1.5413e-06],
         [ 1.0336e-06, -1.5165e-06,  5.2694e-07,  ...,  2.7986e-06,
           1.1996e-06,  1.8327e-06],
         [-1.1012e-01, -2.1144e-02, -1.0486e-02,  ...,  2.9234e-02,
           4.8812e-02,  3.5629e-02],
         ...,
         [ 7.1697e-01, -8.4827e-01, -1.2754e-01,  ...,  3.7354e-01,
          -7.8972e-01,  8.9242e-01],
         [ 9.0988e-03,  4.0143e-01,  6.3383e-01,  ..., -5.4884e-01,
           2.9335e-01, -6.0754e-01],
         [-6.2457e-01, -6.5389e-01, -2.5522e-01,  ..., -9.3778e-01,
           3.3427e-01,  9.9296e-01]]])})
Loss:  tensor(1.6074, grad_fn=<MeanBackward0>)
OrderedDict({'rvq_quantizer.project_in.weight': tensor([[-0.0413, -0.0308, -0.0457,  ..., -0.0054,  0.1202, -0.1159],
        [ 0.0671,  0.0330, -0.0402,  ..., -0.0271,  0.0020,  0.1032],
        [-0.0275,  0.0642, -0.0733,  ..., -0.0311,  0.0269,  0.0363],
        ...,
        [-0.1104, -0.0646,  0.0862,  ..., -0.0201,  0.0044,  0.0403],
        [-0.0280,  0.0473, -0.0244,  ..., -0.0301, -0.0984, -0.0943],
        [-0.0933, -0.0056,  0.1242,  ..., -0.0953,  0.0431,  0.0878]]), 'rvq_quantizer.project_in.bias': tensor([-6.1077e-03, -1.0639e-01,  5.7743e-02,  6.1203e-02, -9.2560e-02,
         7.2414e-02, -8.3908e-02, -1.2417e-01,  1.2006e-01, -1.7564e-02,
        -1.3723e-02,  7.0126e-02,  6.4868e-03,  7.0763e-02,  1.1920e-01,
         4.2498e-05,  4.7043e-02,  9.1601e-02,  6.0515e-02, -1.7811e-02,
         2.7558e-02, -6.4958e-02,  4.0020e-02, -7.0381e-02,  5.4873e-03,
        -3.8032e-02,  2.0210e-02,  6.6242e-02, -3.0837e-02,  1.1786e-01,
         1.2109e-01, -8.7243e-02]), 'rvq_quantizer.project_out.weight': tensor([[ 0.1391,  0.1389, -0.0638,  ...,  0.1497, -0.1518, -0.0982],
        [ 0.0400, -0.1660,  0.0335,  ...,  0.1551, -0.0025, -0.0239],
        [-0.0596, -0.0033,  0.1215,  ...,  0.0158,  0.0578,  0.0373],
        ...,
        [ 0.1155, -0.1740, -0.0604,  ..., -0.0189, -0.1290, -0.1407],
        [ 0.1166, -0.1520,  0.1097,  ..., -0.1163, -0.1759,  0.0724],
        [ 0.0715,  0.1611, -0.1024,  ...,  0.0083, -0.0714, -0.1503]]), 'rvq_quantizer.project_out.bias': tensor([ 1.5987e-01,  1.5615e-01, -1.5339e-01, -1.0336e-01, -6.1310e-02,
         1.3101e-01,  1.5501e-01, -1.5527e-01,  1.1952e-01, -1.5099e-01,
        -6.0957e-02,  1.4259e-01,  1.0313e-01,  1.3681e-01,  1.7227e-01,
        -8.1989e-02, -8.3912e-03, -1.7124e-01, -4.0239e-02,  1.4932e-01,
         1.4961e-01, -5.6660e-02,  9.9182e-02, -1.0434e-01, -7.8989e-02,
        -9.6498e-02,  1.5545e-01,  3.2009e-02,  3.9123e-02, -3.6162e-02,
         3.2309e-02, -1.1915e-01,  1.7072e-01, -1.2743e-01,  1.0117e-01,
        -1.7586e-01, -2.1377e-03, -9.6926e-02, -1.5145e-01, -9.3806e-03,
         9.3895e-02, -1.7972e-02, -9.2573e-02,  4.8761e-02,  3.3396e-02,
        -1.5251e-01,  9.7981e-03,  1.3211e-01, -2.1608e-02, -7.7352e-02,
        -1.3026e-01,  7.6535e-02, -7.3283e-03,  1.0275e-04,  6.7207e-02,
         7.6276e-02,  2.7185e-03, -1.2288e-01,  1.6985e-01, -1.5501e-01,
        -1.4429e-01, -1.2162e-01, -1.6839e-01,  1.5317e-01]), 'rvq_quantizer.layers.0._codebook.initted': tensor([1.]), 'rvq_quantizer.layers.0._codebook.cluster_size': tensor([[2.0000, 2.0000, 4.3378,  ..., 2.5008, 2.4614, 4.5262]]), 'rvq_quantizer.layers.0._codebook.embed_avg': tensor([[[  38.8407,  -90.8297,   27.2841,  ...,  143.2940,   72.1122,
           122.5769],
         [  61.0022,  -80.8852,   26.9376,  ...,  140.1103,   78.4174,
           113.1889],
         [  87.8465, -147.6331,   71.4503,  ...,  257.0198,  137.3570,
           155.4830],
         ...,
         [  67.2481, -120.7267,   34.8124,  ...,  188.0469,   80.0766,
           156.2999],
         [  79.3204, -108.1641,   32.5146,  ...,  176.3565,   95.9026,
           142.2467],
         [ 135.4796, -147.7932,   67.3668,  ...,  202.0913,  153.3145,
           119.6407]]]), 'rvq_quantizer.layers.0._codebook.embed': tensor([[[ 19.4204, -45.4149,  13.6420,  ...,  71.6470,  36.0561,  61.2884],
         [ 30.5011, -40.4426,  13.4688,  ...,  70.0552,  39.2087,  56.5944],
         [ 20.2513, -34.0340,  16.4715,  ...,  59.2510,  31.6650,  35.8436],
         ...,
         [ 26.8911, -48.2761,  13.9207,  ...,  75.1961,  32.0210,  62.5011],
         [ 32.2256, -43.9439,  13.2097,  ...,  71.6486,  38.9625,  57.7907],
         [ 29.9323, -32.6528,  14.8838,  ...,  44.6492,  33.8727,  26.4329]]]), 'rvq_quantizer.layers.1._codebook.initted': tensor([1.]), 'rvq_quantizer.layers.1._codebook.cluster_size': tensor([[348.2013,   2.0860,   3.4222,  ...,   3.8450,   3.1669,   2.0000]]), 'rvq_quantizer.layers.1._codebook.embed_avg': tensor([[[ 8.4530e-04, -1.2811e-03,  4.3547e-04,  ...,  2.2387e-03,
           9.8976e-04,  1.3464e-03],
         [ 6.4758e+00, -1.0508e+01, -4.0376e+00,  ...,  6.2675e+00,
          -5.3081e+00, -3.9011e+00],
         [ 2.9591e+00,  1.5093e+01,  8.5734e+00,  ..., -8.3927e+00,
          -2.2143e+00, -1.8887e+01],
         ...,
         [ 6.2590e+00, -6.5963e+00,  2.9537e+00,  ...,  4.5805e+00,
          -3.4716e+00,  2.4748e-01],
         [-1.0612e+01, -4.3894e+00,  2.9955e+00,  ..., -1.4832e+00,
          -1.3021e+00, -6.6957e+00],
         [ 3.3424e+00, -1.6464e+00,  3.8802e+00,  ...,  2.5059e+00,
           9.3923e+00, -3.3105e+00]]]), 'rvq_quantizer.layers.1._codebook.embed': tensor([[[ 2.4276e-06, -3.6791e-06,  1.2506e-06,  ...,  6.4292e-06,
           2.8425e-06,  3.8668e-06],
         [ 3.1043e+00, -5.0374e+00, -1.9356e+00,  ...,  3.0045e+00,
          -2.5446e+00, -1.8701e+00],
         [ 8.6468e-01,  4.4104e+00,  2.5052e+00,  ..., -2.4524e+00,
          -6.4702e-01, -5.5191e+00],
         ...,
         [ 1.6278e+00, -1.7155e+00,  7.6820e-01,  ...,  1.1913e+00,
          -9.0290e-01,  6.4365e-02],
         [-3.3509e+00, -1.3860e+00,  9.4586e-01,  ..., -4.6835e-01,
          -4.1117e-01, -2.1142e+00],
         [ 1.6712e+00, -8.2320e-01,  1.9401e+00,  ...,  1.2529e+00,
           4.6962e+00, -1.6553e+00]]]), 'rvq_quantizer.layers.2._codebook.initted': tensor([1.]), 'rvq_quantizer.layers.2._codebook.cluster_size': tensor([[384.2825,   2.0000,   4.3764,  ...,   2.0000,   2.0000,   2.0000]]), 'rvq_quantizer.layers.2._codebook.embed_avg': tensor([[[ 6.1754e-04, -9.4297e-04,  3.2668e-04,  ...,  1.6248e-03,
           7.2554e-04,  9.9005e-04],
         [-3.2912e+00, -3.5616e+00,  3.6636e+00,  ...,  9.7955e-01,
           1.8830e+00,  5.3037e+00],
         [ 4.3565e+00, -1.3876e+00, -1.3243e+00,  ..., -6.1455e-02,
           6.9477e-01,  2.3621e+00],
         ...,
         [-2.1872e-02, -1.7358e-02,  2.1621e-02,  ...,  5.9982e-02,
          -6.3221e-03,  2.4779e-02],
         [ 6.7411e-01, -1.9045e+00, -3.4329e-01,  ...,  2.2630e+00,
          -2.4407e+00, -2.8063e+00],
         [-6.0927e-02,  4.2359e+00, -1.5969e+00,  ...,  5.3067e+00,
           2.0013e-01,  1.5195e+00]]]), 'rvq_quantizer.layers.2._codebook.embed': tensor([[[ 1.6070e-06, -2.4538e-06,  8.5011e-07,  ...,  4.2281e-06,
           1.8880e-06,  2.5764e-06],
         [-1.6456e+00, -1.7808e+00,  1.8318e+00,  ...,  4.8978e-01,
           9.4149e-01,  2.6518e+00],
         [ 9.9545e-01, -3.1706e-01, -3.0260e-01,  ..., -1.4042e-02,
           1.5875e-01,  5.3973e-01],
         ...,
         [-1.0936e-02, -8.6792e-03,  1.0811e-02,  ...,  2.9991e-02,
          -3.1611e-03,  1.2389e-02],
         [ 3.3706e-01, -9.5223e-01, -1.7165e-01,  ...,  1.1315e+00,
          -1.2203e+00, -1.4031e+00],
         [-3.0463e-02,  2.1180e+00, -7.9847e-01,  ...,  2.6534e+00,
           1.0007e-01,  7.5973e-01]]]), 'rvq_quantizer.layers.3._codebook.initted': tensor([1.]), 'rvq_quantizer.layers.3._codebook.cluster_size': tensor([[365.5898,  18.0001,   2.0000,  ...,   2.8623,   3.3169,   2.4419]]), 'rvq_quantizer.layers.3._codebook.embed_avg': tensor([[[ 3.5907e-04, -5.4511e-04,  1.9185e-04,  ...,  9.4124e-04,
           4.2613e-04,  5.5645e-04],
         [ 1.8604e-05, -2.7296e-05,  9.4849e-06,  ...,  5.0375e-05,
           2.1593e-05,  3.2989e-05],
         [ 4.4510e+00,  5.6259e-01,  3.8277e-01,  ..., -6.2718e-01,
          -6.4963e-01,  2.0102e+00],
         ...,
         [ 2.3001e+00, -2.3532e+00, -3.4495e-01,  ...,  1.2326e+00,
          -2.3191e+00,  2.6706e+00],
         [-1.0797e-02,  1.4149e+00,  2.2135e+00,  ..., -1.8340e+00,
           9.9958e-01, -1.9560e+00],
         [-1.2492e+00, -1.6127e+00, -8.8311e-01,  ..., -2.2568e+00,
           1.0006e+00,  2.5637e+00]]]), 'rvq_quantizer.layers.3._codebook.embed': tensor([[[ 9.8216e-07, -1.4910e-06,  5.2477e-07,  ...,  2.5746e-06,
           1.1656e-06,  1.5221e-06],
         [ 1.0336e-06, -1.5165e-06,  5.2694e-07,  ...,  2.7986e-06,
           1.1996e-06,  1.8327e-06],
         [ 2.2255e+00,  2.8129e-01,  1.9138e-01,  ..., -3.1359e-01,
          -3.2482e-01,  1.0051e+00],
         ...,
         [ 8.0358e-01, -8.2214e-01, -1.2051e-01,  ...,  4.3063e-01,
          -8.1023e-01,  9.3300e-01],
         [-3.2552e-03,  4.2657e-01,  6.6735e-01,  ..., -5.5294e-01,
           3.0136e-01, -5.8972e-01],
         [-5.1157e-01, -6.6041e-01, -3.6165e-01,  ..., -9.2421e-01,
           4.0975e-01,  1.0499e+00]]])})
Loss:  tensor(1.5715, grad_fn=<MeanBackward0>)
OrderedDict({'rvq_quantizer.project_in.weight': tensor([[-0.0413, -0.0308, -0.0457,  ..., -0.0054,  0.1202, -0.1159],
        [ 0.0671,  0.0330, -0.0402,  ..., -0.0271,  0.0020,  0.1032],
        [-0.0275,  0.0642, -0.0733,  ..., -0.0311,  0.0269,  0.0363],
        ...,
        [-0.1104, -0.0646,  0.0862,  ..., -0.0201,  0.0044,  0.0403],
        [-0.0280,  0.0473, -0.0244,  ..., -0.0301, -0.0984, -0.0943],
        [-0.0933, -0.0056,  0.1242,  ..., -0.0953,  0.0431,  0.0878]]), 'rvq_quantizer.project_in.bias': tensor([-6.1077e-03, -1.0639e-01,  5.7743e-02,  6.1203e-02, -9.2560e-02,
         7.2414e-02, -8.3908e-02, -1.2417e-01,  1.2006e-01, -1.7564e-02,
        -1.3723e-02,  7.0126e-02,  6.4868e-03,  7.0763e-02,  1.1920e-01,
         4.2498e-05,  4.7043e-02,  9.1601e-02,  6.0515e-02, -1.7811e-02,
         2.7558e-02, -6.4958e-02,  4.0020e-02, -7.0381e-02,  5.4873e-03,
        -3.8032e-02,  2.0210e-02,  6.6242e-02, -3.0837e-02,  1.1786e-01,
         1.2109e-01, -8.7243e-02]), 'rvq_quantizer.project_out.weight': tensor([[ 0.1391,  0.1389, -0.0638,  ...,  0.1497, -0.1518, -0.0982],
        [ 0.0400, -0.1660,  0.0335,  ...,  0.1551, -0.0025, -0.0239],
        [-0.0596, -0.0033,  0.1215,  ...,  0.0158,  0.0578,  0.0373],
        ...,
        [ 0.1155, -0.1740, -0.0604,  ..., -0.0189, -0.1290, -0.1407],
        [ 0.1166, -0.1520,  0.1097,  ..., -0.1163, -0.1759,  0.0724],
        [ 0.0715,  0.1611, -0.1024,  ...,  0.0083, -0.0714, -0.1503]]), 'rvq_quantizer.project_out.bias': tensor([ 1.5987e-01,  1.5615e-01, -1.5339e-01, -1.0336e-01, -6.1310e-02,
         1.3101e-01,  1.5501e-01, -1.5527e-01,  1.1952e-01, -1.5099e-01,
        -6.0957e-02,  1.4259e-01,  1.0313e-01,  1.3681e-01,  1.7227e-01,
        -8.1989e-02, -8.3912e-03, -1.7124e-01, -4.0239e-02,  1.4932e-01,
         1.4961e-01, -5.6660e-02,  9.9182e-02, -1.0434e-01, -7.8989e-02,
        -9.6498e-02,  1.5545e-01,  3.2009e-02,  3.9123e-02, -3.6162e-02,
         3.2309e-02, -1.1915e-01,  1.7072e-01, -1.2743e-01,  1.0117e-01,
        -1.7586e-01, -2.1377e-03, -9.6926e-02, -1.5145e-01, -9.3806e-03,
         9.3895e-02, -1.7972e-02, -9.2573e-02,  4.8761e-02,  3.3396e-02,
        -1.5251e-01,  9.7981e-03,  1.3211e-01, -2.1608e-02, -7.7352e-02,
        -1.3026e-01,  7.6535e-02, -7.3283e-03,  1.0275e-04,  6.7207e-02,
         7.6276e-02,  2.7185e-03, -1.2288e-01,  1.6985e-01, -1.5501e-01,
        -1.4429e-01, -1.2162e-01, -1.6839e-01,  1.5317e-01]), 'rvq_quantizer.layers.0._codebook.initted': tensor([1.]), 'rvq_quantizer.layers.0._codebook.cluster_size': tensor([[2.0000, 2.0000, 4.4040,  ..., 2.5507, 2.4153, 4.3736]]), 'rvq_quantizer.layers.0._codebook.embed_avg': tensor([[[  57.3605, -100.8171,   34.3540,  ...,  163.8631,   46.3475,
           129.5780],
         [  65.8377,  -97.0356,   31.1719,  ...,  166.7915,   43.5386,
           135.5096],
         [  89.2037, -149.8504,   72.5317,  ...,  260.9616,  139.4811,
           157.9034],
         ...,
         [  68.6088, -123.1409,   35.5294,  ...,  191.8017,   81.6580,
           159.4220],
         [  77.9833, -106.4611,   31.8845,  ...,  173.1816,   94.0779,
           139.6847],
         [ 131.0172, -142.7703,   64.8836,  ...,  194.6936,  148.0867,
           115.7865]]]), 'rvq_quantizer.layers.0._codebook.embed': tensor([[[ 28.6802, -50.4085,  17.1770,  ...,  81.9315,  23.1738,  64.7890],
         [ 32.9188, -48.5178,  15.5860,  ...,  83.3958,  21.7693,  67.7548],
         [ 20.2550, -34.0257,  16.4694,  ...,  59.2551,  31.6712,  35.8543],
         ...,
         [ 26.8983, -48.2777,  13.9294,  ...,  75.1963,  32.0142,  62.5018],
         [ 32.2876, -44.0784,  13.2012,  ...,  71.7028,  38.9513,  57.8340],
         [ 29.9565, -32.6438,  14.8354,  ...,  44.5159,  33.8594,  26.4741]]]), 'rvq_quantizer.layers.1._codebook.initted': tensor([1.]), 'rvq_quantizer.layers.1._codebook.cluster_size': tensor([[347.9811,   2.0774,   3.2800,  ...,   3.9605,   3.0502,   2.0000]]), 'rvq_quantizer.layers.1._codebook.embed_avg': tensor([[[ 8.4603e-04, -1.2788e-03,  4.3419e-04,  ...,  2.2463e-03,
           9.8997e-04,  1.3468e-03],
         [ 6.4095e+00, -1.0520e+01, -3.9248e+00,  ...,  6.1118e+00,
          -5.3135e+00, -3.8783e+00],
         [ 2.9176e+00,  1.4324e+01,  8.2302e+00,  ..., -7.8056e+00,
          -2.2245e+00, -1.8097e+01],
         ...,
         [ 6.8314e+00, -6.5323e+00,  3.3786e+00,  ...,  5.0385e+00,
          -3.5789e+00,  1.7648e-01],
         [-1.0035e+01, -3.9388e+00,  2.5832e+00,  ..., -1.1947e+00,
          -1.3048e+00, -6.3808e+00],
         [-1.0225e+01,  3.6712e+00, -8.9297e-01,  ..., -4.6923e+00,
           3.9424e+00, -3.8243e+00]]]), 'rvq_quantizer.layers.1._codebook.embed': tensor([[[ 2.4313e-06, -3.6751e-06,  1.2478e-06,  ...,  6.4554e-06,
           2.8449e-06,  3.8704e-06],
         [ 3.0853e+00, -5.0637e+00, -1.8893e+00,  ...,  2.9420e+00,
          -2.5577e+00, -1.8668e+00],
         [ 8.8952e-01,  4.3672e+00,  2.5092e+00,  ..., -2.3798e+00,
          -6.7821e-01, -5.5174e+00],
         ...,
         [ 1.7249e+00, -1.6494e+00,  8.5307e-01,  ...,  1.2722e+00,
          -9.0365e-01,  4.4559e-02],
         [-3.2898e+00, -1.2913e+00,  8.4688e-01,  ..., -3.9169e-01,
          -4.2778e-01, -2.0919e+00],
         [-5.1126e+00,  1.8356e+00, -4.4649e-01,  ..., -2.3461e+00,
           1.9712e+00, -1.9122e+00]]]), 'rvq_quantizer.layers.2._codebook.initted': tensor([1.]), 'rvq_quantizer.layers.2._codebook.cluster_size': tensor([[384.0543,   2.0000,   4.5388,  ...,   2.0000,   2.0000,   2.0000]]), 'rvq_quantizer.layers.2._codebook.embed_avg': tensor([[[ 6.1371e-04, -9.3542e-04,  3.2718e-04,  ...,  1.6313e-03,
           7.2366e-04,  9.8915e-04],
         [-3.0173e+00, -7.9192e-01,  9.7537e-01,  ...,  4.8880e-01,
           4.3399e-01,  5.0879e-01],
         [ 4.7406e+00, -1.3894e+00, -1.1920e+00,  ..., -1.3224e-01,
           6.9244e-01,  2.4350e+00],
         ...,
         [-2.1594e-02, -1.7135e-02,  2.1343e-02,  ...,  5.9213e-02,
          -6.2427e-03,  2.4459e-02],
         [ 1.7311e-02, -1.3486e-01,  7.9303e-02,  ...,  1.2140e-01,
           1.5012e-01, -7.6664e-02],
         [-4.3923e+00,  2.2712e+00, -6.6506e+00,  ..., -3.4129e+00,
           2.6191e+00,  7.2073e+00]]]), 'rvq_quantizer.layers.2._codebook.embed': tensor([[[ 1.5980e-06, -2.4356e-06,  8.5192e-07,  ...,  4.2476e-06,
           1.8843e-06,  2.5756e-06],
         [-1.5087e+00, -3.9596e-01,  4.8769e-01,  ...,  2.4440e-01,
           2.1700e-01,  2.5440e-01],
         [ 1.0445e+00, -3.0611e-01, -2.6263e-01,  ..., -2.9135e-02,
           1.5256e-01,  5.3650e-01],
         ...,
         [-1.0797e-02, -8.5677e-03,  1.0672e-02,  ...,  2.9606e-02,
          -3.1213e-03,  1.2230e-02],
         [ 8.6557e-03, -6.7428e-02,  3.9651e-02,  ...,  6.0699e-02,
           7.5058e-02, -3.8332e-02],
         [-2.1961e+00,  1.1356e+00, -3.3253e+00,  ..., -1.7064e+00,
           1.3095e+00,  3.6036e+00]]]), 'rvq_quantizer.layers.3._codebook.initted': tensor([1.]), 'rvq_quantizer.layers.3._codebook.cluster_size': tensor([[367.4308,  16.2001,   2.0000,  ...,   2.7761,   3.2852,   2.5977]]), 'rvq_quantizer.layers.3._codebook.embed_avg': tensor([[[ 3.5608e-04, -5.4092e-04,  1.9268e-04,  ...,  9.5261e-04,
           4.2559e-04,  5.6085e-04],
         [ 1.6744e-05, -2.4567e-05,  8.5364e-06,  ...,  4.5338e-05,
           1.9434e-05,  2.9691e-05],
         [-3.8567e-01, -1.5407e+00, -7.1231e-01,  ..., -2.3692e+00,
           2.3479e+00,  3.5542e+00],
         ...,
         [ 2.0224e+00, -2.3525e+00, -3.9817e-01,  ...,  1.1794e+00,
          -2.1363e+00,  2.6055e+00],
         [-3.5408e-02,  1.4046e+00,  2.2978e+00,  ..., -1.7262e+00,
           9.7734e-01, -2.0996e+00],
         [-1.2974e+00, -1.7041e+00, -8.7364e-01,  ..., -2.2836e+00,
           1.2467e+00,  2.8079e+00]]]), 'rvq_quantizer.layers.3._codebook.embed': tensor([[[ 9.6911e-07, -1.4722e-06,  5.2441e-07,  ...,  2.5926e-06,
           1.1583e-06,  1.5264e-06],
         [ 1.0336e-06, -1.5165e-06,  5.2694e-07,  ...,  2.7986e-06,
           1.1996e-06,  1.8327e-06],
         [-1.9284e-01, -7.7034e-01, -3.5616e-01,  ..., -1.1846e+00,
           1.1740e+00,  1.7771e+00],
         ...,
         [ 7.2849e-01, -8.4742e-01, -1.4343e-01,  ...,  4.2485e-01,
          -7.6952e-01,  9.3853e-01],
         [-1.0778e-02,  4.2754e-01,  6.9946e-01,  ..., -5.2545e-01,
           2.9750e-01, -6.3910e-01],
         [-4.9944e-01, -6.5599e-01, -3.3631e-01,  ..., -8.7909e-01,
           4.7993e-01,  1.0809e+00]]])})
Loss:  tensor(1.5699, grad_fn=<MeanBackward0>)
